id,DMS_score
0,0.37497622
1,0.4524056
2,0.5016918
3,0.6335429
4,0.42831272
5,0.59512436
6,0.48408955
7,0.39726853
8,0.4026777
9,0.36824605
10,0.4166735
11,0.3476059
12,0.56477076
13,0.40831575
14,0.79680955
15,0.39753017
16,0.35620922
17,0.34310764
18,0.51143396
19,0.3663016
20,0.47949123
21,0.60365015
22,0.341554
23,0.4054903
24,0.5135956
25,0.42308912
26,0.41890755
27,0.26009846
28,0.51374114
29,0.44112387
30,0.5428981
31,0.44822472
32,0.2952423
33,0.35990942
34,0.45463863
35,0.444343
36,0.3601728
37,0.3878273
38,0.49027428
39,0.4388028
40,0.7072121
41,0.30183885
42,0.31018323
43,0.51550597
44,0.355635
45,0.4028135
46,0.3446752
47,0.46478477
48,0.3154994
49,0.48807937
50,0.36791283
51,0.37798992
52,0.3872668
53,0.44174427
54,0.49957347
55,0.518161
56,0.37430453
57,0.17946902
58,0.304387
59,0.73496175
60,0.28223392
61,0.33578974
62,0.22325273
63,0.3134424
64,0.64133286
65,0.25706226
66,0.4099411
67,0.23379505
68,0.48385024
69,0.4612879
70,0.3346609
71,0.48122025
72,0.5638143
73,0.40042424
74,0.28150117
75,0.5895856
76,0.4015519
77,0.43421888
78,0.24512486
79,0.34843484
80,0.49864274
81,0.2601953
82,0.3082728
83,0.4887252
84,0.4054451
85,0.36781734
86,0.35596785
87,0.34365106
88,0.40418845
89,0.31758618
90,0.5417768
91,0.3825255
92,0.3713576
93,0.3188798
94,0.6691754
95,0.2569084
96,0.2938739
97,0.38007528
98,0.46341175
99,0.42703763
100,0.33167177
101,0.4012812
102,0.4218182
103,0.45451173
104,0.4645934
105,0.4415072
106,0.31187764
107,0.39720944
108,0.3603209
109,0.23795538
110,0.31244895
111,0.51764274
112,0.36372295
113,0.3269269
114,0.51374114
115,0.60365015
116,0.341554
117,0.4054903
118,0.5135956
119,0.3663016
120,0.42308912
121,0.44112387
122,0.26009846
123,0.47949123
124,0.444343
125,0.35990942
126,0.5428981
127,0.44822472
128,0.3601728
129,0.3878273
130,0.45463863
131,0.41890755
132,0.2952423
133,0.5421842
134,0.457234
135,0.33724055
136,0.64710283
137,0.3823955
138,0.4250245
139,0.43912753
140,0.41057196
141,0.5680552
142,0.47346583
143,0.31249452
144,0.41127762
145,0.6175517
146,0.33428195
147,0.3828368
148,0.41641134
149,0.23220447
150,0.44432664
151,0.6472869
152,0.31249452
153,0.5421842
154,0.457234
155,0.33724055
156,0.64710283
157,0.3823955
158,0.4250245
159,0.43912753
160,0.41057196
161,0.23220447
162,0.5680552
163,0.47346583
164,0.44432664
165,0.41127762
166,0.6175517
167,0.33428195
168,0.6472869
169,0.3828368
170,0.41641134
171,0.43674222
172,0.4699726
173,0.34028712
174,0.41483155
175,0.37507388
176,0.4438044
177,0.42160338
178,0.38467613
179,0.44594234
180,0.4716494
181,0.451051
182,0.51629
183,0.42214188
184,0.31818667
185,0.27868983
186,0.4198647
187,0.60183173
188,0.44210586
189,0.72991884
190,0.47949123
191,0.35990942
192,0.5428981
193,0.44822472
194,0.2952423
195,0.3878273
196,0.45463863
197,0.51374114
198,0.41890755
199,0.3601728
200,0.26009846
201,0.44112387
202,0.42308912
203,0.3663016
204,0.5135956
205,0.444343
206,0.60365015
207,0.341554
208,0.4054903
209,0.6231915
210,0.6174277
211,0.43499574
212,0.46584702
213,0.31457648
214,0.23759106
215,0.3336931
216,0.33758187
217,0.33679548
218,0.37322944
219,0.35428056
220,0.44298762
221,0.44273406
222,0.28729126
223,0.29484135
224,0.21145716
225,0.35346124
226,0.49007168
227,0.3336967
228,0.5417451
229,0.4010086
230,0.54074305
231,0.4498218
232,0.37171707
233,0.4085308
234,0.5274705
235,0.3950187
236,0.38017294
237,0.43783632
238,0.45328203
239,0.40273708
240,0.6000277
241,0.44698995
242,0.52914417
243,0.6927902
244,0.41479078
245,0.48210782
246,0.5635444
247,0.44594234
248,0.41483155
249,0.37507388
250,0.4438044
251,0.42160338
252,0.38467613
253,0.72991884
254,0.4716494
255,0.34028712
256,0.51629
257,0.42214188
258,0.31818667
259,0.27868983
260,0.4198647
261,0.43674222
262,0.60183173
263,0.44210586
264,0.451051
265,0.4699726
266,0.4388028
267,0.37798992
268,0.3446752
269,0.3872668
270,0.48807937
271,0.36791283
272,0.7072121
273,0.30183885
274,0.31018323
275,0.51550597
276,0.37430453
277,0.49027428
278,0.4028135
279,0.3154994
280,0.46478477
281,0.518161
282,0.49957347
283,0.44174427
284,0.355635
285,0.3603209
286,0.39720944
287,0.31187764
288,0.4218182
289,0.4415072
290,0.4645934
291,0.45451173
292,0.46341175
293,0.33167177
294,0.42703763
295,0.38007528
296,0.2938739
297,0.2569084
298,0.23795538
299,0.36372295
300,0.4012812
301,0.3269269
302,0.31244895
303,0.51764274
304,0.6472869
305,0.41641134
306,0.5421842
307,0.33428195
308,0.6175517
309,0.41127762
310,0.44432664
311,0.47346583
312,0.5680552
313,0.3828368
314,0.23220447
315,0.457234
316,0.33724055
317,0.64710283
318,0.31249452
319,0.4250245
320,0.43912753
321,0.41057196
322,0.3823955
323,0.40042424
324,0.23379505
325,0.304387
326,0.73496175
327,0.28150117
328,0.28223392
329,0.33578974
330,0.17946902
331,0.3134424
332,0.4612879
333,0.25706226
334,0.4099411
335,0.64133286
336,0.48385024
337,0.22325273
338,0.5638143
339,0.5895856
340,0.48122025
341,0.3346609
342,0.41127762
343,0.44432664
344,0.47346583
345,0.5680552
346,0.23220447
347,0.41057196
348,0.3828368
349,0.4250245
350,0.64710283
351,0.33724055
352,0.457234
353,0.5421842
354,0.31249452
355,0.6472869
356,0.41641134
357,0.3823955
358,0.43912753
359,0.33428195
360,0.6175517
361,0.41127762
362,0.6472869
363,0.31249452
364,0.5421842
365,0.457234
366,0.33724055
367,0.64710283
368,0.3823955
369,0.4250245
370,0.41641134
371,0.43912753
372,0.41057196
373,0.23220447
374,0.5680552
375,0.47346583
376,0.44432664
377,0.6175517
378,0.33428195
379,0.3828368
380,0.51764274
381,0.3269269
382,0.4012812
383,0.36372295
384,0.2569084
385,0.2938739
386,0.38007528
387,0.46341175
388,0.33167177
389,0.31244895
390,0.45451173
391,0.42703763
392,0.4415072
393,0.4218182
394,0.31187764
395,0.39720944
396,0.3603209
397,0.23795538
398,0.4645934
399,0.4250245
400,0.31249452
401,0.6472869
402,0.5421842
403,0.457234
404,0.33724055
405,0.64710283
406,0.3823955
407,0.3828368
408,0.43912753
409,0.23220447
410,0.41057196
411,0.33428195
412,0.6175517
413,0.41641134
414,0.44432664
415,0.47346583
416,0.5680552
417,0.41127762
418,0.3446752
419,0.355635
420,0.4388028
421,0.7072121
422,0.30183885
423,0.31018323
424,0.51550597
425,0.49027428
426,0.49957347
427,0.3154994
428,0.46478477
429,0.518161
430,0.44174427
431,0.37430453
432,0.37798992
433,0.36791283
434,0.48807937
435,0.4028135
436,0.3872668
437,0.41641134
438,0.3823955
439,0.5421842
440,0.457234
441,0.33724055
442,0.64710283
443,0.4250245
444,0.43912753
445,0.6472869
446,0.41057196
447,0.5680552
448,0.47346583
449,0.44432664
450,0.41127762
451,0.6175517
452,0.33428195
453,0.23220447
454,0.3828368
455,0.31249452
456,0.457234
457,0.6472869
458,0.31249452
459,0.41641134
460,0.3828368
461,0.33428195
462,0.6175517
463,0.33724055
464,0.44432664
465,0.47346583
466,0.41127762
467,0.23220447
468,0.41057196
469,0.43912753
470,0.4250245
471,0.3823955
472,0.5421842
473,0.64710283
474,0.5680552
475,0.41489953
476,0.40050173
477,0.36363804
478,0.43462247
479,0.38205543
480,0.42859283
481,0.48008785
482,0.39208025
483,0.28025165
484,0.48902598
485,0.482107
486,0.43715486
487,0.403668
488,0.3586685
489,0.31047007
490,0.45015734
491,0.4635613
492,0.4230546
493,0.4066278
494,0.49495465
495,0.43394786
496,0.343723
497,0.6617342
498,0.31624386
499,0.3435541
500,0.3316936
501,0.36970133
502,0.39468127
503,0.28138715
504,0.4362463
505,0.559266
506,0.41996837
507,0.36648315
508,0.3957941
509,0.29256174
510,0.34171703
511,0.7205799
512,0.36062178
513,0.3823955
514,0.64710283
515,0.33724055
516,0.6472869
517,0.5421842
518,0.31249452
519,0.4250245
520,0.457234
521,0.43912753
522,0.41057196
523,0.23220447
524,0.3828368
525,0.33428195
526,0.6175517
527,0.41641134
528,0.44432664
529,0.47346583
530,0.5680552
531,0.41127762
532,0.23220447
533,0.33428195
534,0.6175517
535,0.41127762
536,0.44432664
537,0.47346583
538,0.5680552
539,0.41057196
540,0.33724055
541,0.4250245
542,0.3823955
543,0.64710283
544,0.3828368
545,0.457234
546,0.5421842
547,0.31249452
548,0.6472869
549,0.43912753
550,0.41641134
551,0.34843484
552,0.4015519
553,0.36781734
554,0.24512486
555,0.49864274
556,0.2601953
557,0.3082728
558,0.4054451
559,0.6691754
560,0.35596785
561,0.4887252
562,0.40418845
563,0.43421888
564,0.31758618
565,0.5417768
566,0.3825255
567,0.3713576
568,0.3188798
569,0.34365106
570,0.45328203
571,0.6000277
572,0.44698995
573,0.52914417
574,0.5635444
575,0.41479078
576,0.48210782
577,0.40273708
578,0.54074305
579,0.3950187
580,0.5274705
581,0.43783632
582,0.4085308
583,0.37171707
584,0.4498218
585,0.4010086
586,0.5417451
587,0.38017294
588,0.6927902
589,0.3828368
590,0.41641134
591,0.4250245
592,0.41127762
593,0.44432664
594,0.47346583
595,0.5680552
596,0.23220447
597,0.41057196
598,0.43912753
599,0.6175517
600,0.3823955
601,0.33724055
602,0.457234
603,0.5421842
604,0.31249452
605,0.6472869
606,0.64710283
607,0.33428195
608,0.4814121
609,0.6048848
610,0.4074749
611,0.39830452
612,0.3976825
613,0.44793445
614,0.51964027
615,0.2739105
616,0.41638294
617,0.42392436
618,0.56991976
619,0.41703334
620,0.3931186
621,0.38051072
622,0.29877895
623,0.42140532
624,0.4944613
625,0.607179
626,0.79973483
627,0.33758187
628,0.6174277
629,0.43499574
630,0.46584702
631,0.31457648
632,0.23759106
633,0.3336931
634,0.28729126
635,0.21145716
636,0.37322944
637,0.35428056
638,0.44298762
639,0.44273406
640,0.49007168
641,0.6231915
642,0.29484135
643,0.3336967
644,0.33679548
645,0.35346124
646,0.4645934
647,0.23795538
648,0.36372295
649,0.51764274
650,0.3269269
651,0.2569084
652,0.2938739
653,0.38007528
654,0.42703763
655,0.33167177
656,0.46341175
657,0.31244895
658,0.45451173
659,0.4415072
660,0.4218182
661,0.31187764
662,0.39720944
663,0.3603209
664,0.4012812
665,0.44594234
666,0.27868983
667,0.31818667
668,0.42214188
669,0.51629
670,0.451051
671,0.4716494
672,0.72991884
673,0.60183173
674,0.42160338
675,0.4438044
676,0.37507388
677,0.41483155
678,0.34028712
679,0.4699726
680,0.44210586
681,0.4198647
682,0.38467613
683,0.43674222
684,0.28138715
685,0.343723
686,0.49495465
687,0.43394786
688,0.7205799
689,0.34171703
690,0.29256174
691,0.36648315
692,0.41996837
693,0.559266
694,0.3957941
695,0.39468127
696,0.36970133
697,0.3316936
698,0.4362463
699,0.3435541
700,0.31624386
701,0.6617342
702,0.36062178
703,0.37322944
704,0.6231915
705,0.29484135
706,0.28729126
707,0.44273406
708,0.44298762
709,0.35428056
710,0.21145716
711,0.3336967
712,0.33758187
713,0.3336931
714,0.23759106
715,0.31457648
716,0.46584702
717,0.43499574
718,0.6174277
719,0.33679548
720,0.49007168
721,0.35346124
722,0.31018323
723,0.49957347
724,0.36791283
725,0.37798992
726,0.3446752
727,0.4388028
728,0.7072121
729,0.30183885
730,0.37430453
731,0.51550597
732,0.355635
733,0.49027428
734,0.4028135
735,0.3154994
736,0.46478477
737,0.518161
738,0.48807937
739,0.3872668
740,0.44174427
741,0.36781734
742,0.34365106
743,0.35596785
744,0.6691754
745,0.4054451
746,0.4887252
747,0.3082728
748,0.5417768
749,0.40418845
750,0.3825255
751,0.49864274
752,0.34843484
753,0.24512486
754,0.4015519
755,0.43421888
756,0.3713576
757,0.3188798
758,0.2601953
759,0.31758618
760,0.35261187
761,0.20019421
762,0.41165572
763,0.2993961
764,0.4375338
765,0.45808125
766,0.6406887
767,0.47410235
768,0.23993278
769,0.26433542
770,0.30728143
771,0.32990956
772,0.24318151
773,0.39698187
774,0.31786153
775,0.32446036
776,0.23160298
777,0.37397945
778,0.20877178
779,0.51550597
780,0.3872668
781,0.3446752
782,0.4388028
783,0.7072121
784,0.30183885
785,0.355635
786,0.49027428
787,0.4028135
788,0.3154994
789,0.31018323
790,0.518161
791,0.49957347
792,0.44174427
793,0.37430453
794,0.37798992
795,0.36791283
796,0.48807937
797,0.46478477
798,0.34365106
799,0.40418845
800,0.31758618
801,0.3188798
802,0.3825255
803,0.3713576
804,0.35596785
805,0.5417768
806,0.6691754
807,0.43421888
808,0.4887252
809,0.3082728
810,0.2601953
811,0.49864274
812,0.34843484
813,0.24512486
814,0.4015519
815,0.4054451
816,0.36781734
817,0.4699726
818,0.37507388
819,0.43674222
820,0.42160338
821,0.38467613
822,0.72991884
823,0.44594234
824,0.4716494
825,0.451051
826,0.51629
827,0.41483155
828,0.42214188
829,0.27868983
830,0.4198647
831,0.60183173
832,0.44210586
833,0.34028712
834,0.31818667
835,0.4438044
836,0.36781734
837,0.4015519
838,0.3188798
839,0.43421888
840,0.5417768
841,0.3825255
842,0.31758618
843,0.40418845
844,0.34365106
845,0.35596785
846,0.6691754
847,0.3713576
848,0.4887252
849,0.3082728
850,0.2601953
851,0.49864274
852,0.34843484
853,0.24512486
854,0.4054451
855,0.44174427
856,0.3446752
857,0.3872668
858,0.48807937
859,0.36791283
860,0.37798992
861,0.37430453
862,0.49957347
863,0.3154994
864,0.46478477
865,0.518161
866,0.30183885
867,0.31018323
868,0.51550597
869,0.7072121
870,0.49027428
871,0.4028135
872,0.4388028
873,0.355635
874,0.4635613
875,0.40050173
876,0.45015734
877,0.43715486
878,0.482107
879,0.48902598
880,0.4230546
881,0.39208025
882,0.48008785
883,0.3586685
884,0.38205543
885,0.41489953
886,0.36363804
887,0.43462247
888,0.31047007
889,0.28025165
890,0.4066278
891,0.403668
892,0.42859283
893,0.57434565
894,0.39849108
895,0.4072554
896,0.35248062
897,0.44042292
898,0.3185119
899,0.38439316
900,0.4228468
901,0.4533836
902,0.41160178
903,0.7277125
904,0.3157128
905,0.3150421
906,0.52410376
907,0.34600818
908,0.26272982
909,0.45494628
910,0.38892484
911,0.5403024
912,0.45494628
913,0.4072554
914,0.26272982
915,0.34600818
916,0.52410376
917,0.3157128
918,0.5403024
919,0.4533836
920,0.7277125
921,0.3150421
922,0.38892484
923,0.35248062
924,0.41160178
925,0.38439316
926,0.39849108
927,0.44042292
928,0.57434565
929,0.3185119
930,0.4228468
931,0.45494628
932,0.26272982
933,0.52410376
934,0.3150421
935,0.3157128
936,0.5403024
937,0.4533836
938,0.7277125
939,0.38892484
940,0.34600818
941,0.41160178
942,0.57434565
943,0.3185119
944,0.4072554
945,0.44042292
946,0.4228468
947,0.38439316
948,0.39849108
949,0.35248062
950,0.41540337
951,0.29029477
952,0.33463603
953,0.29964012
954,0.44559908
955,0.33972144
956,0.29732138
957,0.37299195
958,0.43260962
959,0.400284
960,0.24274795
961,0.17878088
962,0.34803253
963,0.42659974
964,0.5494342
965,0.39714944
966,0.3632223
967,0.347447
968,0.6977503
969,0.4658297
970,0.41958976
971,0.51496613
972,0.41319197
973,0.40631586
974,0.35927027
975,0.47199553
976,0.740219
977,0.35516518
978,0.424865
979,0.5526045
980,0.55293024
981,0.4096662
982,0.5238813
983,0.3151972
984,0.4600439
985,0.3595093
986,0.54980713
987,0.49236378
988,0.47217137
989,0.30027086
990,0.5018419
991,0.4726879
992,0.4930678
993,0.40916997
994,0.6272875
995,0.4819073
996,0.5867405
997,0.6802478
998,0.397707
999,0.49526328
1000,0.40363517
1001,0.43807727
1002,0.6921565
1003,0.7503084
1004,0.37755796
1005,0.40602446
1006,0.3949143
1007,0.28737494
1008,0.60302055
1009,0.38940567
1010,0.4189619
1011,0.37950796
1012,0.42630854
1013,0.50499165
1014,0.46721902
1015,0.5208248
1016,0.35891694
1017,0.44446716
1018,0.34523684
1019,0.445095
1020,0.4598817
1021,0.43306392
1022,0.32675922
1023,0.31876025
1024,0.3511715
1025,0.38651648
1026,0.39317352
1027,0.4575591
1028,0.3710911
1029,0.453443
1030,0.6041973
1031,0.4054652
1032,0.3192285
1033,0.45161802
1034,0.3841943
1035,0.44533485
1036,0.35870856
1037,0.36798945
1038,0.719366
1039,0.38794246
1040,0.5280918
1041,0.3849048
1042,0.34383756
1043,0.4582619
1044,0.75142837
1045,0.49368253
1046,0.5081302
1047,0.39871076
1048,0.4243146
1049,0.4674409
1050,0.52149266
1051,0.44019803
1052,0.4071354
1053,0.44887382
1054,0.5477354
1055,0.47723785
1056,0.53745973
1057,0.30004323
1058,0.3110951
1059,0.4578998
1060,0.42915338
1061,0.42389512
1062,0.41618243
1063,0.4244203
1064,0.42423978
1065,0.34471792
1066,0.7765585
1067,0.37281233
1068,0.3156949
1069,0.3241563
1070,0.37210697
1071,0.36240786
1072,0.43167144
1073,0.37201962
1074,0.3977378
1075,0.3908233
1076,0.3636443
1077,0.35914236
1078,0.32936817
1079,0.6878419
1080,0.3624818
1081,0.4634336
1082,0.29816934
1083,0.67394096
1084,0.31117836
1085,0.24609876
1086,0.27988464
1087,0.31378713
1088,0.24817419
1089,0.31340924
1090,0.29016548
1091,0.3616086
1092,0.4937306
1093,0.37751952
1094,0.4410494
1095,0.46940595
1096,0.24263978
1097,0.334608
1098,0.2977868
1099,0.26403528
1100,0.6659329
1101,0.3062877
1102,0.3949143
1103,0.43807727
1104,0.37755796
1105,0.49526328
1106,0.397707
1107,0.6802478
1108,0.40602446
1109,0.4819073
1110,0.4726879
1111,0.47217137
1112,0.30027086
1113,0.6272875
1114,0.5018419
1115,0.4930678
1116,0.40916997
1117,0.6921565
1118,0.40363517
1119,0.7503084
1120,0.5867405
1121,0.44559908
1122,0.29029477
1123,0.29964012
1124,0.33972144
1125,0.29732138
1126,0.6977503
1127,0.41540337
1128,0.43260962
1129,0.3632223
1130,0.37299195
1131,0.347447
1132,0.33463603
1133,0.24274795
1134,0.17878088
1135,0.34803253
1136,0.42659974
1137,0.5494342
1138,0.39714944
1139,0.400284
1140,0.49236378
1141,0.55293024
1142,0.4096662
1143,0.5238813
1144,0.4600439
1145,0.3595093
1146,0.47199553
1147,0.740219
1148,0.4658297
1149,0.40631586
1150,0.41319197
1151,0.424865
1152,0.51496613
1153,0.3151972
1154,0.5526045
1155,0.35927027
1156,0.54980713
1157,0.35516518
1158,0.41958976
1159,0.3062877
1160,0.37751952
1161,0.4937306
1162,0.3616086
1163,0.29016548
1164,0.31340924
1165,0.24817419
1166,0.31378713
1167,0.46940595
1168,0.24263978
1169,0.334608
1170,0.2977868
1171,0.26403528
1172,0.31117836
1173,0.24609876
1174,0.6659329
1175,0.67394096
1176,0.27988464
1177,0.4410494
1178,0.4937306
1179,0.27988464
1180,0.24817419
1181,0.3616086
1182,0.31340924
1183,0.24609876
1184,0.31117836
1185,0.3062877
1186,0.26403528
1187,0.2977868
1188,0.334608
1189,0.31378713
1190,0.24263978
1191,0.4410494
1192,0.29016548
1193,0.37751952
1194,0.67394096
1195,0.46940595
1196,0.6659329
1197,0.46719855
1198,0.65021205
1199,0.5344286
1200,0.24104397
1201,0.38672128
1202,0.35763717
1203,0.4000358
1204,0.25382107
1205,0.40015405
1206,0.38212556
1207,0.45851016
1208,0.47189403
1209,0.33151764
1210,0.65306413
1211,0.37767503
1212,0.31475025
1213,0.3541562
1214,0.39089248
1215,0.5316831
1216,0.39089248
1217,0.37767503
1218,0.65306413
1219,0.3541562
1220,0.33151764
1221,0.45851016
1222,0.38212556
1223,0.40015405
1224,0.47189403
1225,0.4000358
1226,0.65021205
1227,0.25382107
1228,0.46719855
1229,0.5344286
1230,0.5316831
1231,0.24104397
1232,0.38672128
1233,0.35763717
1234,0.31475025
1235,0.7277125
1236,0.45494628
1237,0.52410376
1238,0.3150421
1239,0.3157128
1240,0.5403024
1241,0.4533836
1242,0.34600818
1243,0.41160178
1244,0.4228468
1245,0.38892484
1246,0.4072554
1247,0.44042292
1248,0.35248062
1249,0.26272982
1250,0.39849108
1251,0.57434565
1252,0.3185119
1253,0.38439316
1254,0.4865604
1255,0.46074438
1256,0.528129
1257,0.45230213
1258,0.36972058
1259,0.35919708
1260,0.39899102
1261,0.44279248
1262,0.47893244
1263,0.33084375
1264,0.61404324
1265,0.5486357
1266,0.40540665
1267,0.8496251
1268,0.7117718
1269,0.5045139
1270,0.43372303
1271,0.49165863
1272,0.66126716
1273,0.2519436
1274,0.42156476
1275,0.501589
1276,0.35462657
1277,0.56594026
1278,0.706655
1279,0.4116025
1280,0.28024495
1281,0.5931879
1282,0.32971913
1283,0.22021504
1284,0.30393475
1285,0.3476123
1286,0.35858563
1287,0.2853445
1288,0.76720417
1289,0.3579948
1290,0.5343957
1291,0.6594717
1292,0.40631586
1293,0.4658297
1294,0.51496613
1295,0.35927027
1296,0.41958976
1297,0.740219
1298,0.35516518
1299,0.3151972
1300,0.55293024
1301,0.47199553
1302,0.5238813
1303,0.4600439
1304,0.3595093
1305,0.49236378
1306,0.54980713
1307,0.5526045
1308,0.424865
1309,0.4096662
1310,0.41319197
1311,0.445095
1312,0.4598817
1313,0.43306392
1314,0.38651648
1315,0.31876025
1316,0.3511715
1317,0.34523684
1318,0.32675922
1319,0.44446716
1320,0.37950796
1321,0.5208248
1322,0.46721902
1323,0.50499165
1324,0.42630854
1325,0.4189619
1326,0.38940567
1327,0.28737494
1328,0.60302055
1329,0.35891694
1330,0.28024495
1331,0.4116025
1332,0.706655
1333,0.5931879
1334,0.56594026
1335,0.35462657
1336,0.501589
1337,0.5343957
1338,0.32971913
1339,0.6594717
1340,0.30393475
1341,0.3476123
1342,0.35858563
1343,0.2853445
1344,0.76720417
1345,0.3579948
1346,0.2519436
1347,0.42156476
1348,0.22021504
1349,0.33773875
1350,0.41997728
1351,0.3465171
1352,0.34159794
1353,0.5778709
1354,0.33912688
1355,0.32401812
1356,0.31632218
1357,0.27095625
1358,0.320091
1359,0.36359152
1360,0.31085452
1361,0.461939
1362,0.58681166
1363,0.79690725
1364,0.27465338
1365,0.41458368
1366,0.5361068
1367,0.45024544
1368,0.49029356
1369,0.58631885
1370,0.5177675
1371,0.3905561
1372,0.4722156
1373,0.47463888
1374,0.29687694
1375,0.41511726
1376,0.4718527
1377,0.4890794
1378,0.545251
1379,0.4232121
1380,0.3625105
1381,0.49208862
1382,0.58886725
1383,0.47733197
1384,0.41099834
1385,0.6312353
1386,0.39517063
1387,0.33463603
1388,0.29964012
1389,0.44559908
1390,0.33972144
1391,0.29732138
1392,0.6977503
1393,0.37299195
1394,0.43260962
1395,0.3632223
1396,0.400284
1397,0.347447
1398,0.24274795
1399,0.17878088
1400,0.34803253
1401,0.42659974
1402,0.41540337
1403,0.5494342
1404,0.29029477
1405,0.39714944
1406,0.3238906
1407,0.42163825
1408,0.48145288
1409,0.78567356
1410,0.36305314
1411,0.42825255
1412,0.30263036
1413,0.3633737
1414,0.3730131
1415,0.20168717
1416,0.3942853
1417,0.33740115
1418,0.31644267
1419,0.29114062
1420,0.30129215
1421,0.32200524
1422,0.33287096
1423,0.5431321
1424,0.2763227
1425,0.43807727
1426,0.40363517
1427,0.3949143
1428,0.6921565
1429,0.40916997
1430,0.4930678
1431,0.5018419
1432,0.6272875
1433,0.30027086
1434,0.4726879
1435,0.4819073
1436,0.40602446
1437,0.6802478
1438,0.397707
1439,0.49526328
1440,0.5867405
1441,0.37755796
1442,0.7503084
1443,0.47217137
1444,0.45494628
1445,0.26272982
1446,0.34600818
1447,0.52410376
1448,0.3150421
1449,0.3157128
1450,0.4072554
1451,0.4533836
1452,0.35248062
1453,0.5403024
1454,0.38439316
1455,0.39849108
1456,0.44042292
1457,0.7277125
1458,0.3185119
1459,0.4228468
1460,0.38892484
1461,0.41160178
1462,0.57434565
1463,0.24817419
1464,0.31340924
1465,0.29016548
1466,0.3616086
1467,0.4937306
1468,0.37751952
1469,0.4410494
1470,0.24263978
1471,0.334608
1472,0.2977868
1473,0.3062877
1474,0.31117836
1475,0.24609876
1476,0.6659329
1477,0.46940595
1478,0.26403528
1479,0.31378713
1480,0.27988464
1481,0.67394096
1482,0.4582619
1483,0.38794246
1484,0.719366
1485,0.36798945
1486,0.35870856
1487,0.44533485
1488,0.3849048
1489,0.3841943
1490,0.45161802
1491,0.4054652
1492,0.6041973
1493,0.453443
1494,0.3710911
1495,0.4575591
1496,0.34383756
1497,0.39317352
1498,0.75142837
1499,0.3192285
1500,0.5280918
1501,0.4533836
1502,0.44042292
1503,0.45494628
1504,0.26272982
1505,0.34600818
1506,0.52410376
1507,0.3150421
1508,0.3157128
1509,0.5403024
1510,0.7277125
1511,0.4072554
1512,0.38892484
1513,0.4228468
1514,0.3185119
1515,0.57434565
1516,0.39849108
1517,0.38439316
1518,0.35248062
1519,0.41160178
1520,0.25991938
1521,0.3311985
1522,0.27057827
1523,0.2743147
1524,0.23519151
1525,0.29281497
1526,0.51417905
1527,0.32406694
1528,0.3797145
1529,0.19730309
1530,0.3854543
1531,0.26172742
1532,0.19800909
1533,0.40006566
1534,0.21173148
1535,0.35092032
1536,0.23089454
1537,0.37483606
1538,0.63712466
1539,0.501589
1540,0.28024495
1541,0.35462657
1542,0.56594026
1543,0.5343957
1544,0.706655
1545,0.4116025
1546,0.5931879
1547,0.22021504
1548,0.32971913
1549,0.6594717
1550,0.42156476
1551,0.3579948
1552,0.2519436
1553,0.2853445
1554,0.35858563
1555,0.3476123
1556,0.30393475
1557,0.76720417
1558,0.6594717
1559,0.42156476
1560,0.2519436
1561,0.3579948
1562,0.76720417
1563,0.2853445
1564,0.35858563
1565,0.3476123
1566,0.30393475
1567,0.32971913
1568,0.501589
1569,0.35462657
1570,0.56594026
1571,0.5343957
1572,0.22021504
1573,0.4116025
1574,0.28024495
1575,0.5931879
1576,0.706655
1577,0.44446716
1578,0.38651648
1579,0.3511715
1580,0.31876025
1581,0.32675922
1582,0.43306392
1583,0.4598817
1584,0.34523684
1585,0.35891694
1586,0.445095
1587,0.46721902
1588,0.50499165
1589,0.42630854
1590,0.37950796
1591,0.4189619
1592,0.38940567
1593,0.28737494
1594,0.5208248
1595,0.60302055
1596,0.42464572
1597,0.38653448
1598,0.41975933
1599,0.5105943
1600,0.47343296
1601,0.5238335
1602,0.46073785
1603,0.4453734
1604,0.448009
1605,0.46459103
1606,0.33201724
1607,0.32135838
1608,0.36173314
1609,0.3897944
1610,0.40513697
1611,0.3523551
1612,0.29369235
1613,0.36202827
1614,0.621417
1615,0.4238073
1616,0.30373704
1617,0.3353585
1618,0.44348392
1619,0.2925881
1620,0.30328655
1621,0.2775284
1622,0.31209412
1623,0.47760025
1624,0.3230385
1625,0.34626895
1626,0.39545372
1627,0.36198524
1628,0.28449243
1629,0.22208814
1630,0.3756427
1631,0.78935516
1632,0.4323016
1633,0.301604
1634,0.40369096
1635,0.32107648
1636,0.38882858
1637,0.42731577
1638,0.3501162
1639,0.45579273
1640,0.60232204
1641,0.37009367
1642,0.2973443
1643,0.37067217
1644,0.35972732
1645,0.4494772
1646,0.37938225
1647,0.3028944
1648,0.7265713
1649,0.3332938
1650,0.5234609
1651,0.67822313
1652,0.39305034
1653,0.46100682
1654,0.3834133
1655,0.2838584
1656,0.3029589
1657,0.3260848
1658,0.42832693
1659,0.44074655
1660,0.3122364
1661,0.5494946
1662,0.33597696
1663,0.35196286
1664,0.27764598
1665,0.288585
1666,0.29955006
1667,0.33052266
1668,0.31414396
1669,0.4592502
1670,0.608555
1671,0.786332
1672,0.59163725
1673,0.5274178
1674,0.5092076
1675,0.4759181
1676,0.855662
1677,0.7153871
1678,0.31883615
1679,0.38638425
1680,0.47567573
1681,0.413405
1682,0.47590095
1683,0.6679394
1684,0.41364783
1685,0.5040511
1686,0.4408021
1687,0.3227902
1688,0.4116463
1689,0.39712733
1690,0.45825276
1691,0.38503432
1692,0.53048223
1693,0.40706855
1694,0.67484105
1695,0.37109914
1696,0.4020881
1697,0.3965637
1698,0.4275879
1699,0.30956334
1700,0.49261585
1701,0.366
1702,0.4103411
1703,0.41052407
1704,0.3717594
1705,0.35909677
1706,0.4417638
1707,0.482443
1708,0.8136374
1709,0.39973885
1710,0.38049433
1711,0.35583356
1712,0.452243
1713,0.47549707
1714,0.6998032
1715,0.49662143
1716,0.28312388
1717,0.31255072
1718,0.32295054
1719,0.35086244
1720,0.50692123
1721,0.23503491
1722,0.2848308
1723,0.3879928
1724,0.21514781
1725,0.32072854
1726,0.366891
1727,0.26809105
1728,0.4151956
1729,0.35992497
1730,0.5242865
1731,0.59260786
1732,0.4749493
1733,0.45949402
1734,0.36207986
1735,0.2408345
1736,0.37092125
1737,0.35328943
1738,0.2402113
1739,0.40527457
1740,0.40583643
1741,0.48417577
1742,0.3424608
1743,0.3596517
1744,0.59781724
1745,0.35004854
1746,0.43293387
1747,0.38667676
1748,0.3410123
1749,0.5537032
1750,0.57077163
1751,0.6601281
1752,0.36336738
1753,0.265817
1754,0.63578916
1755,0.18553543
1756,0.25365192
1757,0.30442584
1758,0.31119287
1759,0.22982557
1760,0.8039381
1761,0.2967035
1762,0.23474696
1763,0.4325618
1764,0.31823197
1765,0.47717506
1766,0.65889347
1767,0.26726928
1768,0.31807202
1769,0.36996537
1770,0.44696116
1771,0.41704804
1772,0.44610506
1773,0.2926156
1774,0.38108093
1775,0.45194823
1776,0.4023207
1777,0.4102202
1778,0.45979157
1779,0.3098919
1780,0.27740508
1781,0.3157219
1782,0.3595795
1783,0.38714597
1784,0.60166043
1785,0.34564695
1786,0.7265713
1787,0.3028944
1788,0.37938225
1789,0.4494772
1790,0.35972732
1791,0.37067217
1792,0.40369096
1793,0.67822313
1794,0.5234609
1795,0.37009367
1796,0.60232204
1797,0.45579273
1798,0.3501162
1799,0.42731577
1800,0.32107648
1801,0.38882858
1802,0.2973443
1803,0.3332938
1804,0.39305034
1805,0.35328943
1806,0.59260786
1807,0.4749493
1808,0.45949402
1809,0.36207986
1810,0.2408345
1811,0.37092125
1812,0.35992497
1813,0.38667676
1814,0.2402113
1815,0.40527457
1816,0.40583643
1817,0.43293387
1818,0.48417577
1819,0.3424608
1820,0.3596517
1821,0.35004854
1822,0.5242865
1823,0.59781724
1824,0.60166043
1825,0.26726928
1826,0.38714597
1827,0.38108093
1828,0.31807202
1829,0.36996537
1830,0.41704804
1831,0.44610506
1832,0.2926156
1833,0.44696116
1834,0.3595795
1835,0.45194823
1836,0.3157219
1837,0.27740508
1838,0.3098919
1839,0.34564695
1840,0.4102202
1841,0.4023207
1842,0.45979157
1843,0.25891203
1844,0.50223124
1845,0.33111972
1846,0.7080795
1847,0.3831169
1848,0.44251674
1849,0.44655648
1850,0.42708406
1851,0.7037031
1852,0.36501405
1853,0.5263968
1854,0.50178736
1855,0.3656411
1856,0.699509
1857,0.39220887
1858,0.3724648
1859,0.40640783
1860,0.59804595
1861,0.62039244
1862,0.3332938
1863,0.5234609
1864,0.67822313
1865,0.7265713
1866,0.3028944
1867,0.37938225
1868,0.4494772
1869,0.35972732
1870,0.37067217
1871,0.40369096
1872,0.39305034
1873,0.37009367
1874,0.60232204
1875,0.45579273
1876,0.3501162
1877,0.42731577
1878,0.32107648
1879,0.38882858
1880,0.2973443
1881,0.4586692
1882,0.37345594
1883,0.4186452
1884,0.46722254
1885,0.5409895
1886,0.48240846
1887,0.47479376
1888,0.41234833
1889,0.38067237
1890,0.47325248
1891,0.41886044
1892,0.42623815
1893,0.39275476
1894,0.4256568
1895,0.31876048
1896,0.4792653
1897,0.41554493
1898,0.37374502
1899,0.29261714
1900,0.49485797
1901,0.5661805
1902,0.32190844
1903,0.31984144
1904,0.55780154
1905,0.40419984
1906,0.52966774
1907,0.44714913
1908,0.75079906
1909,0.34615442
1910,0.48437208
1911,0.4219574
1912,0.39565796
1913,0.39707798
1914,0.44531855
1915,0.38882458
1916,0.5345848
1917,0.446243
1918,0.3764852
1919,0.413405
1920,0.41364783
1921,0.3227902
1922,0.4116463
1923,0.39712733
1924,0.47590095
1925,0.4408021
1926,0.47567573
1927,0.31883615
1928,0.6679394
1929,0.59163725
1930,0.5040511
1931,0.4759181
1932,0.7153871
1933,0.45825276
1934,0.38638425
1935,0.5092076
1936,0.5274178
1937,0.855662
1938,0.699509
1939,0.3656411
1940,0.50178736
1941,0.5263968
1942,0.62039244
1943,0.25891203
1944,0.42708406
1945,0.44251674
1946,0.3831169
1947,0.7080795
1948,0.50223124
1949,0.59804595
1950,0.36501405
1951,0.7037031
1952,0.40640783
1953,0.44655648
1954,0.33111972
1955,0.3724648
1956,0.39220887
1957,0.59804595
1958,0.50223124
1959,0.33111972
1960,0.7080795
1961,0.3831169
1962,0.44251674
1963,0.44655648
1964,0.36501405
1965,0.7037031
1966,0.62039244
1967,0.5263968
1968,0.50178736
1969,0.3656411
1970,0.699509
1971,0.39220887
1972,0.3724648
1973,0.25891203
1974,0.42708406
1975,0.40640783
1976,0.35684505
1977,0.42401037
1978,0.4143408
1979,0.3887168
1980,0.3173547
1981,0.22419679
1982,0.34771696
1983,0.30835065
1984,0.246893
1985,0.26411897
1986,0.3288456
1987,0.31178728
1988,0.63309443
1989,0.29691
1990,0.3911589
1991,0.3087092
1992,0.26239842
1993,0.49604422
1994,0.29569712
1995,0.63309443
1996,0.4143408
1997,0.3173547
1998,0.26411897
1999,0.22419679
2000,0.34771696
2001,0.30835065
2002,0.246893
2003,0.3887168
2004,0.3288456
2005,0.26239842
2006,0.29569712
2007,0.3911589
2008,0.29691
2009,0.31178728
2010,0.35684505
2011,0.3087092
2012,0.42401037
2013,0.49604422
2014,0.39545372
2015,0.36198524
2016,0.78935516
2017,0.22208814
2018,0.3756427
2019,0.34626895
2020,0.28449243
2021,0.3230385
2022,0.301604
2023,0.31209412
2024,0.2775284
2025,0.30328655
2026,0.2925881
2027,0.44348392
2028,0.3353585
2029,0.30373704
2030,0.4238073
2031,0.47760025
2032,0.4323016
2033,0.3032581
2034,0.19208504
2035,0.5390594
2036,0.44524136
2037,0.2027651
2038,0.6617524
2039,0.34113818
2040,0.3582332
2041,0.2959065
2042,0.3981948
2043,0.6440199
2044,0.5595751
2045,0.4953168
2046,0.43840545
2047,0.31581515
2048,0.62775713
2049,0.32469493
2050,0.30793017
2051,0.27955455
2052,0.45636135
2053,0.6411004
2054,0.8196912
2055,0.35017854
2056,0.46097183
2057,0.49156934
2058,0.5381179
2059,0.35981598
2060,0.2580225
2061,0.4026397
2062,0.40730625
2063,0.360194
2064,0.38794875
2065,0.21368802
2066,0.41631523
2067,0.36839187
2068,0.64279854
2069,0.39045018
2070,0.34170696
2071,0.4015128
2072,0.23022708
2073,0.4792778
2074,0.51520956
2075,0.5945406
2076,0.30949676
2077,0.226616
2078,0.6176441
2079,0.31329435
2080,0.15949419
2081,0.26438934
2082,0.23755689
2083,0.17622261
2084,0.7882153
2085,0.18570971
2086,0.19679752
2087,0.12120126
2088,0.41164795
2089,0.5954042
2090,0.43773437
2091,0.6101028
2092,0.35099274
2093,0.38614386
2094,0.4365732
2095,0.28381303
2096,0.2746742
2097,0.30340296
2098,0.4336577
2099,0.30350333
2100,0.29001582
2101,0.50777596
2102,0.31063175
2103,0.7648123
2104,0.26065558
2105,0.28287736
2106,0.22791442
2107,0.30510116
2108,0.34560525
2109,0.41610852
2110,0.4278937
2111,0.3426643
2112,0.5439482
2113,0.42012492
2114,0.22209355
2115,0.3450957
2116,0.2976715
2117,0.4281663
2118,0.39725643
2119,0.40391
2120,0.19244665
2121,0.43872374
2122,0.46255866
2123,0.31731057
2124,0.47306934
2125,0.4196648
2126,0.5246211
2127,0.41475812
2128,0.36324486
2129,0.5908854
2130,0.39679894
2131,0.47728005
2132,0.3966325
2133,0.83631927
2134,0.33630747
2135,0.5676512
2136,0.31102508
2137,0.30769807
2138,0.34984004
2139,0.45612058
2140,0.3276079
2141,0.36146244
2142,0.3792886
2143,0.39200264
2144,0.42882746
2145,0.2561813
2146,0.45472652
2147,0.47143817
2148,0.3464372
2149,0.38720167
2150,0.3765683
2151,0.475249
2152,0.49197927
2153,0.23473677
2154,0.35108885
2155,0.3441479
2156,0.26930612
2157,0.3555702
2158,0.24976201
2159,0.29782018
2160,0.24011537
2161,0.45050478
2162,0.48082438
2163,0.2896914
2164,0.28724766
2165,0.2623333
2166,0.19469051
2167,0.52549857
2168,0.33380255
2169,0.32151645
2170,0.19501224
2171,0.3003165
2172,0.3490786
2173,0.2984754
2174,0.20043449
2175,0.3306255
2176,0.31598762
2177,0.3246718
2178,0.34485248
2179,0.38537243
2180,0.23874505
2181,0.16779318
2182,0.23064823
2183,0.39098638
2184,0.26097822
2185,0.4235866
2186,0.32257017
2187,0.20662217
2188,0.3901841
2189,0.36590856
2190,0.37851208
2191,0.18804744
2192,0.3585412
2193,0.3963587
2194,0.2370331
2195,0.38532415
2196,0.37401277
2197,0.27106014
2198,0.37045813
2199,0.273803
2200,0.45606136
2201,0.5895197
2202,0.37381265
2203,0.3557601
2204,0.41178578
2205,0.34255615
2206,0.35019526
2207,0.36658493
2208,0.3535284
2209,0.4054532
2210,0.4495111
2211,0.49173874
2212,0.5629317
2213,0.38199115
2214,0.47321016
2215,0.305945
2216,0.3669728
2217,0.48958778
2218,0.35375223
2219,0.5243893
2220,0.30412072
2221,0.23590294
2222,0.70861703
2223,0.5381179
2224,0.49156934
2225,0.46097183
2226,0.35017854
2227,0.34170696
2228,0.6411004
2229,0.39045018
2230,0.2580225
2231,0.8196912
2232,0.36839187
2233,0.4026397
2234,0.40730625
2235,0.360194
2236,0.38794875
2237,0.21368802
2238,0.41631523
2239,0.45636135
2240,0.35981598
2241,0.64279854
2242,0.2170063
2243,0.27257764
2244,0.35239702
2245,0.39430523
2246,0.34224
2247,0.3155472
2248,0.4451972
2249,0.3044014
2250,0.28358936
2251,0.31646296
2252,0.25206628
2253,0.37145993
2254,0.44080448
2255,0.31272742
2256,0.2922283
2257,0.7994187
2258,0.40732336
2259,0.2763074
2260,0.3774281
2261,0.37381265
2262,0.37851208
2263,0.18804744
2264,0.20662217
2265,0.32257017
2266,0.4235866
2267,0.3557601
2268,0.3585412
2269,0.5895197
2270,0.2370331
2271,0.38532415
2272,0.37401277
2273,0.27106014
2274,0.37045813
2275,0.273803
2276,0.45606136
2277,0.36590856
2278,0.3901841
2279,0.3963587
2280,0.28376448
2281,0.29524922
2282,0.26885086
2283,0.3292291
2284,0.5670085
2285,0.24866223
2286,0.31316715
2287,0.31770158
2288,0.23310947
2289,0.25684682
2290,0.3144904
2291,0.31997865
2292,0.34486073
2293,0.35198843
2294,0.3782974
2295,0.27352825
2296,0.27351338
2297,0.42736965
2298,0.26141483
2299,0.36569625
2300,0.39238274
2301,0.36119828
2302,0.1993876
2303,0.34640583
2304,0.34463987
2305,0.382943
2306,0.39627096
2307,0.3303471
2308,0.3210103
2309,0.2647905
2310,0.44672227
2311,0.41555363
2312,0.34503996
2313,0.75386417
2314,0.5299536
2315,0.32959282
2316,0.4491083
2317,0.55896294
2318,0.35974336
2319,0.24178162
2320,0.3323794
2321,0.32062837
2322,0.27623707
2323,0.26355988
2324,0.24645877
2325,0.4630031
2326,0.37234527
2327,0.25282654
2328,0.28260717
2329,0.20723358
2330,0.44866794
2331,0.26583496
2332,0.4259085
2333,0.3268476
2334,0.43995315
2335,0.34858835
2336,0.43065256
2337,0.34858835
2338,0.4259085
2339,0.26583496
2340,0.44866794
2341,0.20723358
2342,0.28260717
2343,0.25282654
2344,0.43995315
2345,0.3268476
2346,0.24645877
2347,0.26355988
2348,0.27623707
2349,0.32062837
2350,0.3323794
2351,0.24178162
2352,0.4630031
2353,0.43065256
2354,0.37234527
2355,0.35974336
2356,0.2300163
2357,0.24643295
2358,0.24402568
2359,0.25485042
2360,0.4160781
2361,0.21416211
2362,0.28269857
2363,0.1736197
2364,0.14245878
2365,0.59882176
2366,0.25140375
2367,0.18992428
2368,0.17020607
2369,0.08274436
2370,0.36862737
2371,0.24477056
2372,0.112756684
2373,0.29445478
2374,0.3675369
2375,0.32509014
2376,0.34985632
2377,0.37203315
2378,0.50990945
2379,0.34459963
2380,0.23560981
2381,0.2913504
2382,0.3051835
2383,0.31671396
2384,0.17993718
2385,0.29989627
2386,0.5896493
2387,0.2952536
2388,0.37906995
2389,0.29404196
2390,0.25905514
2391,0.5003558
2392,0.4519937
2393,0.31560907
2394,0.28269857
2395,0.2300163
2396,0.24643295
2397,0.18992428
2398,0.25485042
2399,0.4160781
2400,0.21416211
2401,0.1736197
2402,0.25140375
2403,0.59882176
2404,0.29445478
2405,0.112756684
2406,0.24477056
2407,0.36862737
2408,0.14245878
2409,0.08274436
2410,0.17020607
2411,0.3675369
2412,0.24402568
2413,0.24613614
2414,0.30555463
2415,0.3759391
2416,0.23123884
2417,0.56605524
2418,0.38927007
2419,0.39890188
2420,0.34426382
2421,0.30236012
2422,0.35728315
2423,0.20327982
2424,0.36824447
2425,0.34794712
2426,0.3629106
2427,0.42108423
2428,0.24948327
2429,0.35201627
2430,0.40587196
2431,0.17426465
2432,0.34999484
2433,0.318942
2434,0.38473988
2435,0.6800286
2436,0.32731774
2437,0.2770627
2438,0.32265052
2439,0.43927184
2440,0.3298337
2441,0.21504864
2442,0.3275675
2443,0.28794414
2444,0.35718217
2445,0.34088254
2446,0.44660607
2447,0.45291537
2448,0.5429429
2449,0.39750773
2450,0.3828389
2451,0.3298337
2452,0.38473988
2453,0.6800286
2454,0.21504864
2455,0.2770627
2456,0.44660607
2457,0.32265052
2458,0.43927184
2459,0.3275675
2460,0.28794414
2461,0.5429429
2462,0.45291537
2463,0.3828389
2464,0.34088254
2465,0.35718217
2466,0.318942
2467,0.34999484
2468,0.32731774
2469,0.39750773
2470,0.30607486
2471,0.1850801
2472,0.26651803
2473,0.4124139
2474,0.28311515
2475,0.27487573
2476,0.26542982
2477,0.3205157
2478,0.33895144
2479,0.33671904
2480,0.378982
2481,0.27207705
2482,0.204723
2483,0.36537173
2484,0.7905313
2485,0.35820565
2486,0.3919713
2487,0.42139348
2488,0.3210756
2489,0.55896294
2490,0.3210103
2491,0.382943
2492,0.36119828
2493,0.1993876
2494,0.34640583
2495,0.34463987
2496,0.39627096
2497,0.3303471
2498,0.2647905
2499,0.39238274
2500,0.44672227
2501,0.41555363
2502,0.34503996
2503,0.75386417
2504,0.5299536
2505,0.36569625
2506,0.32959282
2507,0.4491083
2508,0.2934758
2509,0.23714857
2510,0.14499922
2511,0.22261491
2512,0.2831211
2513,0.33631524
2514,0.30554855
2515,0.29748693
2516,0.17749222
2517,0.19742802
2518,0.26260525
2519,0.33899075
2520,0.3046409
2521,0.2943129
2522,0.17705853
2523,0.32014132
2524,0.41312733
2525,0.26027313
2526,0.29777297
2527,0.28494537
2528,0.26167536
2529,0.09085205
2530,0.3785169
2531,0.28854528
2532,0.35067183
2533,0.3274606
2534,0.68215096
2535,0.17182325
2536,0.18927523
2537,0.19058117
2538,0.4073802
2539,0.18605049
2540,0.1310335
2541,0.377714
2542,0.29305044
2543,0.16023172
2544,0.25664207
2545,0.15145095
2546,0.40545526
2547,0.33465052
2548,0.2499362
2549,0.4476359
2550,0.3594171
2551,0.39252287
2552,0.46542773
2553,0.31936604
2554,0.32657185
2555,0.3816395
2556,0.2720273
2557,0.2644536
2558,0.28303456
2559,0.26909092
2560,0.68123275
2561,0.30196995
2562,0.4202179
2563,0.29826123
2564,0.39323252
2565,0.38280424
2566,0.40089446
2567,0.33832043
2568,0.3812599
2569,0.37530118
2570,0.52704346
2571,0.4331501
2572,0.313213
2573,0.35325098
2574,0.3860139
2575,0.36943662
2576,0.387978
2577,0.27572322
2578,0.24859324
2579,0.3449828
2580,0.36945158
2581,0.3730713
2582,0.3672953
2583,0.31874934
2584,0.26825196
2585,0.38547537
2586,0.2619835
2587,0.44149238
2588,0.4264946
2589,0.5664225
2590,0.3920657
2591,0.53514767
2592,0.69409496
2593,0.18172488
2594,0.57639796
2595,0.33129722
2596,0.26888508
2597,0.20949116
2598,0.39081132
2599,0.22835477
2600,0.27632824
2601,0.32707533
2602,0.18629903
2603,0.36945158
2604,0.27572322
2605,0.24859324
2606,0.3449828
2607,0.31874934
2608,0.3730713
2609,0.3672953
2610,0.36943662
2611,0.40089446
2612,0.387978
2613,0.33832043
2614,0.3812599
2615,0.37530118
2616,0.38280424
2617,0.3860139
2618,0.4331501
2619,0.313213
2620,0.35325098
2621,0.52704346
2622,0.41736585
2623,0.3101147
2624,0.5551063
2625,0.46461987
2626,0.5454677
2627,0.30366093
2628,0.3565423
2629,0.34850344
2630,0.66684586
2631,0.354269
2632,0.2542261
2633,0.39380813
2634,0.40598804
2635,0.3834018
2636,0.34225288
2637,0.3488371
2638,0.37033656
2639,0.3559134
2640,0.37881255
2641,0.3860816
2642,0.30985975
2643,0.31101227
2644,0.38161075
2645,0.42379516
2646,0.3906298
2647,0.37064043
2648,0.2167739
2649,0.23395534
2650,0.41024226
2651,0.32299995
2652,0.37766686
2653,0.45572287
2654,0.41441965
2655,0.612745
2656,0.26322722
2657,0.34885776
2658,0.4124729
2659,0.38157496
2660,0.30217165
2661,0.3014054
2662,0.34159893
2663,0.32380503
2664,0.15600197
2665,0.14760216
2666,0.24398229
2667,0.31276593
2668,0.43157607
2669,0.32114515
2670,0.5833377
2671,0.19558422
2672,0.28051952
2673,0.23312981
2674,0.32496423
2675,0.3158495
2676,0.252811
2677,0.30564404
2678,0.30543786
2679,0.23132607
2680,0.26612005
2681,0.28348094
2682,0.48750886
2683,0.33705968
2684,0.30469945
2685,0.30408207
2686,0.29115304
2687,0.18727574
2688,0.33863398
2689,0.18309021
2690,0.19530603
2691,0.31084013
2692,0.2535442
2693,0.26946968
2694,0.27283058
2695,0.2580163
2696,0.29557568
2697,0.2822228
2698,0.2154893
2699,0.1857526
2700,0.18806937
2701,0.18577428
2702,0.2342886
2703,0.18010081
2704,0.2940903
2705,0.21589181
2706,0.14974168
2707,0.16661394
2708,0.31651488
2709,0.2515051
2710,0.4477478
2711,0.16367416
2712,0.15863153
2713,0.2553435
2714,0.16053878
2715,0.19967368
2716,0.24687202
2717,0.32641488
2718,0.44007435
2719,0.24206272
2720,0.14400834
2721,0.09184168
2722,0.15493453
2723,0.2833489
2724,0.29562673
2725,0.15416476
2726,0.10680868
2727,0.06972183
2728,0.22722337
2729,0.10638001
2730,0.5131761
2731,0.06457274
2732,0.13600495
2733,0.124843165
2734,0.45766822
2735,0.17287984
2736,0.101475045
2737,0.06094371
2738,0.15687066
2739,0.2085028
2740,0.22850843
2741,0.37771815
2742,0.27757466
2743,0.44811863
2744,0.19638966
2745,0.23660557
2746,0.23813824
2747,0.21257123
2748,0.12779489
2749,0.20909241
2750,0.25576594
2751,0.22570606
2752,0.1999979
2753,0.14612976
2754,0.14622182
2755,0.05319339
2756,0.17403474
2757,0.27862486
2758,0.16659084
2759,0.0
2760,0.3682565
2761,0.109735414
2762,0.11437178
2763,0.22785449
2764,0.21154645
2765,0.42904848
2766,0.10371919
2767,0.28456435
2768,0.06257447
2769,0.64948714
2770,0.17898978
2771,0.32105175
2772,0.09512605
2773,0.10805055
2774,0.113718964
2775,0.1541234
2776,0.32988086
2777,0.23072514
2778,0.20916471
2779,0.108114675
2780,0.22401671
2781,0.13214791
2782,0.19114164
2783,0.110990405
2784,0.10432434
2785,0.20869282
2786,0.22422054
2787,0.23559391
2788,0.25997934
2789,0.16787422
2790,0.20302376
2791,0.09822528
2792,0.10175009
2793,0.17021064
2794,0.16152161
2795,0.12741926
2796,0.39708588
2797,0.10208993
2798,0.13462086
2799,0.3068803
2800,0.29674804
2801,0.17089772
2802,0.17643307
2803,0.13628939
2804,0.11040167
2805,0.69703263
2806,0.26278916
2807,0.19294426
2808,0.22792451
2809,0.15929025
2810,0.16863348
2811,0.2329556
2812,0.24033332
2813,0.12845547
2814,0.08414445
2815,0.0069197416
2816,0.14376898
2817,0.21306328
2818,0.1677144
2819,0.12199281
2820,0.20499802
2821,0.20294483
2822,0.08487676
2823,0.15839568
2824,0.05476805
2825,0.14988568
2826,0.13355508
2827,0.13283555
2828,0.067772195
2829,0.10417433
2830,0.108704284
2831,0.37155515
2832,0.13525698
2833,0.16419789
2834,0.17995882
2835,0.19312
2836,0.39169103
2837,0.13726658
2838,0.13610421
2839,0.1058596
2840,0.2174178
2841,0.118955955
2842,0.3571531
2843,0.2641481
2844,0.036486436
2845,0.46779004
2846,0.084469214
2847,0.096953526
2848,0.34999818
2849,0.097534716
2850,0.17928152
2851,0.071241915
2852,0.24787393
2853,0.19031116
2854,0.34870726
2855,0.27412778
2856,0.420189
2857,0.1093059
2858,0.1088325
2859,0.083011545
2860,0.20624118
2861,0.17264554
2862,0.054418225
2863,0.31472182
2864,0.53618634
2865,0.13969573
2866,0.23825398
2867,0.18052185
2868,0.14489952
2869,0.15901689
2870,0.14173064
2871,0.17875445
2872,0.17606097
2873,0.24688494
2874,0.23927888
2875,0.19421883
2876,0.6499189
2877,0.24138454
2878,0.22240272
2879,0.25367457
2880,0.14580446
2881,0.23352769
2882,0.16069397
2883,0.5042117
2884,0.22863069
2885,0.18713328
2886,0.1688989
2887,0.21526802
2888,0.6513976
2889,0.06469007
2890,0.15960738
2891,0.34006572
2892,0.12118242
2893,0.26925224
2894,0.11997922
2895,0.15893999
2896,0.34861773
2897,0.3506274
2898,0.25477052
2899,0.18507937
2900,0.22459945
2901,0.15534097
2902,0.13065885
2903,0.14835398
2904,0.282207
2905,0.21925251
2906,0.19275129
2907,0.11997922
2908,0.15893999
2909,0.15534097
2910,0.22459945
2911,0.18507937
2912,0.25477052
2913,0.3506274
2914,0.34861773
2915,0.19275129
2916,0.26925224
2917,0.12118242
2918,0.34006572
2919,0.15960738
2920,0.06469007
2921,0.6513976
2922,0.21925251
2923,0.14835398
2924,0.13065885
2925,0.282207
2926,0.13065885
2927,0.19275129
2928,0.6513976
2929,0.06469007
2930,0.15960738
2931,0.34006572
2932,0.12118242
2933,0.26925224
2934,0.14835398
2935,0.11997922
2936,0.282207
2937,0.34861773
2938,0.3506274
2939,0.25477052
2940,0.18507937
2941,0.22459945
2942,0.15534097
2943,0.15893999
2944,0.21925251
2945,0.19275129
2946,0.21925251
2947,0.6513976
2948,0.34006572
2949,0.12118242
2950,0.26925224
2951,0.14835398
2952,0.13065885
2953,0.282207
2954,0.15960738
2955,0.34861773
2956,0.25477052
2957,0.18507937
2958,0.22459945
2959,0.15534097
2960,0.15893999
2961,0.11997922
2962,0.3506274
2963,0.06469007
2964,0.14988568
2965,0.24033332
2966,0.05476805
2967,0.15839568
2968,0.08487676
2969,0.20294483
2970,0.067772195
2971,0.108704284
2972,0.13283555
2973,0.20499802
2974,0.12199281
2975,0.1677144
2976,0.21306328
2977,0.14376898
2978,0.10417433
2979,0.0069197416
2980,0.08414445
2981,0.13355508
2982,0.12845547
2983,0.0069197416
2984,0.20294483
2985,0.13283555
2986,0.13355508
2987,0.14988568
2988,0.05476805
2989,0.15839568
2990,0.08487676
2991,0.12845547
2992,0.24033332
2993,0.067772195
2994,0.20499802
2995,0.12199281
2996,0.1677144
2997,0.21306328
2998,0.14376898
2999,0.10417433
3000,0.108704284
3001,0.08414445
3002,0.54772586
3003,0.14929315
3004,0.19574113
3005,0.42304596
3006,0.122955844
3007,0.19723222
3008,0.117127016
3009,0.27772602
3010,0.26342732
3011,0.21551621
3012,0.3541705
3013,0.2976006
3014,0.19638737
3015,0.15769175
3016,0.097690426
3017,0.16618305
3018,0.19143742
3019,0.11014731
3020,0.13602853
3021,0.31933457
3022,0.25192672
3023,0.16731037
3024,0.3460855
3025,0.2754903
3026,0.017846553
3027,0.21344852
3028,0.1903368
3029,0.17234603
3030,0.11038147
3031,0.10133928
3032,0.19617584
3033,0.19378042
3034,0.18191405
3035,0.3178308
3036,0.16894239
3037,0.113777325
3038,0.26397532
3039,0.19554171
3040,0.17418778
3041,0.18202141
3042,0.31922156
3043,0.16924147
3044,0.20517664
3045,0.14165875
3046,0.2747043
3047,0.18023331
3048,0.1788202
3049,0.25443265
3050,0.26324102
3051,0.14286053
3052,0.51216966
3053,0.1427942
3054,0.7135978
3055,0.2036119
3056,0.20723577
3057,0.16286445
3058,0.2883595
3059,0.11163185
3060,0.47325364
3061,0.3023302
3062,0.25237805
3063,0.48020038
3064,0.1276048
3065,0.35445175
3066,0.15861139
3067,0.16827877
3068,0.25741136
3069,0.18344304
3070,0.14501366
3071,0.30644464
3072,0.52362907
3073,0.13211688
3074,0.081392206
3075,0.083725154
3076,0.119971596
3077,0.1627545
3078,0.18309891
3079,0.18868831
3080,0.15861517
3081,0.2820317
3082,0.18557715
3083,0.1313741
3084,0.14437102
3085,0.22972159
3086,0.1676692
3087,0.3495826
3088,0.11340246
3089,0.626336
3090,0.12501818
3091,0.09967067
3092,0.14849587
3093,0.11825566
3094,0.38723323
3095,0.4401005
3096,0.15417643
3097,0.13610421
3098,0.37155515
3099,0.19312
3100,0.13525698
3101,0.16419789
3102,0.17995882
3103,0.39169103
3104,0.036486436
3105,0.1058596
3106,0.084469214
3107,0.2174178
3108,0.118955955
3109,0.3571531
3110,0.2641481
3111,0.097534716
3112,0.13726658
3113,0.34999818
3114,0.096953526
3115,0.46779004
3116,0.16524285
3117,0.2079517
3118,0.1304028
3119,0.23804645
3120,0.20100427
3121,0.16800657
3122,0.507671
3123,0.22390112
3124,0.47619924
3125,0.20436823
3126,0.16209435
3127,0.069943674
3128,0.10785146
3129,0.27847582
3130,0.26010147
3131,0.23883684
3132,0.2261633
3133,0.24429563
3134,0.25732943
3135,0.2820317
3136,0.18557715
3137,0.4401005
3138,0.38723323
3139,0.11825566
3140,0.14849587
3141,0.09967067
3142,0.12501818
3143,0.11340246
3144,0.15417643
3145,0.15861517
3146,0.3495826
3147,0.18309891
3148,0.1676692
3149,0.22972159
3150,0.14437102
3151,0.1313741
3152,0.18868831
3153,0.626336
3154,0.5264927
3155,0.18692908
3156,0.18399402
3157,0.22895093
3158,0.10478848
3159,0.11978725
3160,0.2548249
3161,0.062062144
3162,0.19709179
3163,0.16827217
3164,0.14230016
3165,0.103055716
3166,0.08008866
3167,0.1411061
3168,0.031557452
3169,0.28519303
3170,0.11689353
3171,0.08307935
3172,0.15202565
3173,0.2806465
3174,0.11375377
3175,0.037743278
3176,0.17857558
3177,0.16164917
3178,0.19972329
3179,0.11167316
3180,0.12185913
3181,0.13535997
3182,0.1757448
3183,0.25087503
3184,0.0870617
3185,0.13303094
3186,0.3452952
3187,0.4111236
3188,0.31108052
3189,0.256824
3190,0.19698505
3191,0.14126435
3192,0.26278916
3193,0.15929025
3194,0.22792451
3195,0.69703263
3196,0.29674804
3197,0.11040167
3198,0.13628939
3199,0.17643307
3200,0.17089772
3201,0.2329556
3202,0.19294426
3203,0.39708588
3204,0.17021064
3205,0.16152161
3206,0.13462086
3207,0.10208993
3208,0.12741926
3209,0.3068803
3210,0.16863348
3211,0.27517062
3212,0.2323277
3213,0.13156879
3214,0.4952529
3215,0.21351886
3216,0.29171085
3217,0.32434544
3218,0.49037495
3219,0.5251223
3220,0.16789529
3221,0.1948516
3222,0.2606616
3223,0.45661464
3224,0.086741254
3225,0.3432448
3226,0.3695591
3227,0.1361638
3228,0.12987074
3229,0.14615436
3230,0.14203885
3231,0.1702712
3232,0.24164517
3233,0.23590426
3234,0.27873033
3235,0.46748176
3236,0.3712943
3237,0.349963
3238,0.14607623
3239,0.17505547
3240,0.33988965
3241,0.13712922
3242,0.39479548
3243,0.16774914
3244,0.078611
3245,0.75761646
3246,0.2000649
3247,0.22618504
3248,0.1655339
3249,0.121848166
3250,0.21945497
3251,0.2025748
3252,0.1993869
3253,0.18495658
3254,0.24967146
3255,0.0920294
3256,0.10842049
3257,0.2201159
3258,0.28285307
3259,0.18781176
3260,0.2412662
3261,0.25467804
3262,0.16703747
3263,0.053099275
3264,0.35479388
3265,0.15689091
3266,0.13508901
3267,0.17050138
3268,0.19619429
3269,0.38658524
3270,0.17798345
3271,0.3748404
3272,0.14692788
3273,0.26767004
3274,0.29295844
3275,0.4648489
3276,0.25759032
3277,0.20451438
3278,0.12444799
3279,0.15347454
3280,0.62645113
3281,0.07704799
3282,0.29265437
3283,0.15080586
3284,0.16111438
3285,0.26579988
3286,0.38654253
3287,0.22723801
3288,0.44662198
3289,0.19269066
3290,0.24669835
3291,0.17941351
3292,0.21906757
3293,0.31334013
3294,0.29679018
3295,0.20667544
3296,0.19481507
3297,0.30772144
3298,0.17565115
3299,0.6305997
3300,0.16322216
3301,0.8469302
3302,0.23694722
3303,0.23567343
3304,0.22402117
3305,0.327617
3306,0.08948187
3307,0.084699996
3308,0.12098869
3309,0.13056718
3310,0.17800692
3311,0.13293083
3312,0.22321689
3313,0.39117053
3314,0.29601485
3315,0.09946241
3316,0.20417309
3317,0.2846982
3318,0.31330967
3319,0.22407806
3320,0.02454308
3321,0.51418495
3322,0.06290181
3323,0.10553861
3324,0.15726691
3325,0.13509052
3326,0.29483855
3327,0.27661943
3328,0.32376274
3329,0.0754908
3330,0.16624781
3331,0.11065763
3332,0.11892096
3333,0.10811214
3334,0.13893212
3335,0.18070222
3336,0.20314698
3337,0.2425226
3338,0.09932302
3339,0.11406511
3340,0.0656575
3341,0.2777944
3342,0.21341114
3343,0.37555087
3344,0.15270036
3345,0.14398089
3346,0.119568706
3347,0.39780498
3348,0.30114755
3349,0.5376465
3350,0.32365885
3351,0.16945699
3352,0.31272215
3353,0.18421963
3354,0.17107636
3355,0.13609555
3356,0.24156913
3357,0.2054606
3358,0.13909271
3359,0.57733774
3360,0.10235898
3361,0.12129829
3362,0.59953266
3363,0.19087388
3364,0.17598778
3365,0.24837169
3366,0.22711258
3367,0.11334629
3368,0.292979
3369,0.14252973
3370,0.14470266
3371,0.13987279
3372,0.18030776
3373,0.28231287
3374,0.26460078
3375,0.2207096
3376,0.29984045
3377,0.22475493
3378,0.12944683
3379,0.1168314
3380,0.23565026
3381,0.3935755
3382,0.16447943
3383,0.1291174
3384,0.11634412
3385,0.2699557
3386,0.028065845
3387,0.18118736
3388,0.2575846
3389,0.072270915
3390,0.09927228
3391,0.15524289
3392,0.15298598
3393,0.20410547
3394,0.23080197
3395,0.40377384
3396,0.21533053
3397,0.19859412
3398,0.044399597
3399,0.13169268
3400,0.15781562
3401,0.2740473
3402,0.17487685
3403,0.19971359
3404,0.21368425
3405,0.25535682
3406,0.17488214
3407,0.24271488
3408,0.066412956
3409,0.08507257
3410,0.061284415
3411,0.207219
3412,0.1960239
3413,0.14523515
3414,0.27126256
3415,0.34694543
3416,0.016470952
3417,0.2168541
3418,0.12761779
3419,0.17039771
3420,0.22268553
3421,0.16967303
3422,0.04413205
3423,0.31084105
3424,0.2247076
3425,0.25965518
3426,0.40069327
3427,0.45350677
3428,0.16389376
3429,0.395662
3430,0.26042432
3431,0.1888205
3432,0.14175574
3433,0.18814185
3434,0.10980163
3435,0.28674832
3436,0.19667244
3437,0.18322715
3438,0.09639358
3439,0.1168314
3440,0.23565026
3441,0.13987279
3442,0.17598778
3443,0.12944683
3444,0.22475493
3445,0.2207096
3446,0.26460078
3447,0.28231287
3448,0.19087388
3449,0.29984045
3450,0.18030776
3451,0.24837169
3452,0.22711258
3453,0.11334629
3454,0.3935755
3455,0.14252973
3456,0.14470266
3457,0.292979
3458,0.3362005
3459,0.15979521
3460,0.15027478
3461,0.2462558
3462,0.23691523
3463,0.23456168
3464,0.34672537
3465,0.36088914
3466,0.17273526
3467,0.15133533
3468,0.28301805
3469,0.10893945
3470,0.3612129
3471,0.1796629
3472,0.062164724
3473,0.6653271
3474,0.20465045
3475,0.19724663
3476,0.13957343
3477,0.21610811
3478,0.33678105
3479,0.14590207
3480,0.346528
3481,0.3684767
3482,0.3261896
3483,0.6062927
3484,0.1635901
3485,0.18942754
3486,0.21274407
3487,0.11794045
3488,0.257202
3489,0.1780351
3490,0.61229694
3491,0.1239173
3492,0.16823038
3493,0.21433572
3494,0.24949607
3495,0.6543253
3496,0.34694543
3497,0.016470952
3498,0.12761779
3499,0.19971359
3500,0.25535682
3501,0.21368425
3502,0.24271488
3503,0.17487685
3504,0.2740473
3505,0.17488214
3506,0.17039771
3507,0.2168541
3508,0.061284415
3509,0.207219
3510,0.08507257
3511,0.1960239
3512,0.14523515
3513,0.27126256
3514,0.066412956
3515,0.3734287
3516,0.12801014
3517,0.122107506
3518,0.5134896
3519,0.29852328
3520,0.3192737
3521,0.515317
3522,0.19559518
3523,0.26382214
3524,0.2477647
3525,0.17800693
3526,0.47931838
3527,0.111214
3528,0.34393993
3529,0.16883
3530,0.1311392
3531,0.18309355
3532,0.5497202
3533,0.32076257
3534,0.1389892
3535,0.45799437
3536,0.46085906
3537,0.12380626
3538,0.20618498
3539,0.19763426
3540,0.117914245
3541,0.15785475
3542,0.18506867
3543,0.15317681
3544,0.25878432
3545,0.2441792
3546,0.18460622
3547,0.32539397
3548,0.28934047
3549,0.14889865
3550,0.19910344
3551,0.31576172
3552,0.43958235
3553,0.15133533
3554,0.19724663
3555,0.15979521
3556,0.17273526
3557,0.15027478
3558,0.2462558
3559,0.23456168
3560,0.34672537
3561,0.36088914
3562,0.3362005
3563,0.23691523
3564,0.28301805
3565,0.10893945
3566,0.3612129
3567,0.1796629
3568,0.062164724
3569,0.6653271
3570,0.20465045
3571,0.13957343
3572,0.18942754
3573,0.1780351
3574,0.61229694
3575,0.6543253
3576,0.16823038
3577,0.1635901
3578,0.257202
3579,0.1239173
3580,0.11794045
3581,0.14590207
3582,0.24949607
3583,0.21274407
3584,0.3684767
3585,0.346528
3586,0.21433572
3587,0.33678105
3588,0.21610811
3589,0.3261896
3590,0.6062927
3591,0.22347489
3592,0.34782442
3593,0.14325617
3594,0.47277078
3595,0.031463526
3596,0.31501612
3597,0.10501021
3598,0.06310068
3599,0.2648087
3600,0.19791035
3601,0.11690031
3602,0.11819676
3603,0.11027487
3604,0.15908898
3605,0.3016607
3606,0.16667685
3607,0.24111891
3608,0.43059835
3609,0.23346551
3610,0.20013794
3611,0.5172424
3612,0.15561955
3613,0.31526768
3614,0.2222112
3615,0.20542142
3616,0.23803392
3617,0.22358647
3618,0.25018144
3619,0.20072892
3620,0.307755
3621,0.08186012
3622,0.17938046
3623,0.32917893
3624,0.3269073
3625,0.56346864
3626,0.29131287
3627,0.1972269
3628,0.28965315
3629,0.15524289
3630,0.16447943
3631,0.13169268
3632,0.044399597
3633,0.19859412
3634,0.40377384
3635,0.23080197
3636,0.20410547
3637,0.15298598
3638,0.15781562
3639,0.09927228
3640,0.072270915
3641,0.2575846
3642,0.18118736
3643,0.028065845
3644,0.2699557
3645,0.11634412
3646,0.1291174
3647,0.21533053
3648,0.395662
3649,0.16389376
3650,0.26042432
3651,0.04413205
3652,0.31084105
3653,0.2247076
3654,0.25965518
3655,0.40069327
3656,0.45350677
3657,0.18322715
3658,0.16967303
3659,0.1888205
3660,0.14175574
3661,0.18814185
3662,0.10980163
3663,0.28674832
3664,0.19667244
3665,0.22268553
3666,0.09639358
3667,0.20013794
3668,0.307755
3669,0.32917893
3670,0.17938046
3671,0.08186012
3672,0.22358647
3673,0.20072892
3674,0.25018144
3675,0.20542142
3676,0.23803392
3677,0.5172424
3678,0.2222112
3679,0.31526768
3680,0.15561955
3681,0.1972269
3682,0.56346864
3683,0.28965315
3684,0.29131287
3685,0.3269073
3686,0.13169268
3687,0.16447943
3688,0.044399597
3689,0.19859412
3690,0.21533053
3691,0.40377384
3692,0.20410547
3693,0.15298598
3694,0.15781562
3695,0.23080197
3696,0.072270915
3697,0.2575846
3698,0.18118736
3699,0.028065845
3700,0.2699557
3701,0.11634412
3702,0.1291174
3703,0.15524289
3704,0.09927228
3705,0.23456168
3706,0.15979521
3707,0.17273526
3708,0.15027478
3709,0.2462558
3710,0.23691523
3711,0.34672537
3712,0.6653271
3713,0.3362005
3714,0.13957343
3715,0.28301805
3716,0.10893945
3717,0.3612129
3718,0.1796629
3719,0.062164724
3720,0.20465045
3721,0.36088914
3722,0.19724663
3723,0.15133533
3724,0.06809007
3725,0.16330814
3726,0.12320094
3727,0.29120785
3728,0.07696588
3729,0.13639922
3730,0.19185019
3731,0.14273898
3732,0.20818932
3733,0.40370417
3734,0.09630816
3735,0.15919776
3736,0.10230199
3737,0.086734906
3738,0.12675878
3739,0.08509094
3740,0.40294093
3741,0.4192315
3742,0.6160979
3743,0.25418574
3744,0.0580297
3745,0.3822859
3746,0.18187863
3747,0.14817058
3748,0.18418957
3749,0.09946735
3750,0.107947156
3751,0.40937084
3752,0.11671692
3753,0.21058312
3754,0.4082356
3755,0.09453591
3756,0.07004084
3757,0.054770224
3758,0.20323452
3759,0.4516081
3760,0.22924916
3761,0.29130575
3762,0.54167277
3763,0.08448004
3764,0.49274006
3765,0.10425384
3766,0.22268796
3767,0.29279456
3768,0.13597682
3769,0.24889234
3770,0.15087152
3771,0.10076809
3772,0.06347215
3773,0.073481016
3774,0.15422215
3775,0.10567337
3776,0.50594014
3777,0.06185133
3778,0.09968831
3779,0.21077457
3780,0.33379775
3781,0.09408648
3782,0.23466167
3783,0.051868368
3784,0.27706608
3785,0.19781967
3786,0.07428302
3787,0.4808066
3788,0.00819624
3789,0.09941932
3790,0.25535104
3791,0.091124244
3792,0.18095699
3793,0.060947575
3794,0.18267901
3795,0.3881109
3796,0.21881004
3797,0.078346126
3798,0.18764
3799,0.038628478
3800,0.11172907
3801,0.07567266
3802,0.11957228
3803,0.10815795
3804,0.4279138
3805,0.46537513
3806,0.1257672
3807,0.087058425
3808,0.10692439
3809,0.27884907
3810,0.40975723
3811,0.09734459
3812,0.068237245
3813,0.13462219
3814,0.1979559
3815,0.25628185
3816,0.35491988
3817,0.1955795
3818,0.07824897
3819,0.14335139
3820,0.2377536
3821,0.12124145
3822,0.73707706
3823,0.117014945
3824,0.06334849
3825,0.095726624
3826,0.10713742
3827,0.268485
3828,0.3683745
3829,0.45519122
3830,0.13673799
3831,0.1588048
3832,0.09433286
3833,0.15772018
3834,0.104371406
3835,0.20712014
3836,0.25620663
3837,0.13625929
3838,0.39693528
3839,0.31176734
3840,0.13549162
3841,0.15325597
3842,0.72630566
3843,0.19761388
3844,0.22348087
3845,0.20322534
3846,0.16847792
3847,0.24682459
3848,0.18479261
3849,0.082719535
3850,0.22096463
3851,0.2470357
3852,0.33037394
3853,0.46391672
3854,0.11703809
3855,0.23066816
3856,0.42471004
3857,0.6100229
3858,0.12763724
3859,0.12894173
3860,0.13457397
3861,0.11167606
3862,0.5447308
3863,0.17707436
3864,0.09183291
3865,0.1760455
3866,0.107855424
3867,0.10631807
3868,0.35865763
3869,0.2875649
3870,0.3134188
3871,0.44378537
3872,0.12918952
3873,0.1644119
3874,0.17214516
3875,0.3497781
3876,0.12894173
3877,0.1644119
3878,0.12918952
3879,0.5447308
3880,0.11167606
3881,0.6100229
3882,0.12763724
3883,0.13457397
3884,0.44378537
3885,0.17214516
3886,0.2875649
3887,0.35865763
3888,0.3497781
3889,0.107855424
3890,0.1760455
3891,0.09183291
3892,0.17707436
3893,0.10631807
3894,0.3134188
3895,0.12542322
3896,0.44156185
3897,0.10032599
3898,0.18559118
3899,0.7861331
3900,0.1469694
3901,0.12873363
3902,0.07988669
3903,0.4333399
3904,0.14957891
3905,0.15639345
3906,0.25128797
3907,0.24802685
3908,0.3451048
3909,0.5397326
3910,0.40039667
3911,0.39392462
3912,0.16069153
3913,0.15983638
3914,0.22265895
3915,0.15563552
3916,0.12679769
3917,0.13497925
3918,0.62929374
3919,0.116184555
3920,0.22112325
3921,0.2809447
3922,0.40299067
3923,0.22404885
3924,0.16660282
3925,0.39627123
3926,0.22146897
3927,0.16458257
3928,0.5608343
3929,0.38273758
3930,0.54074025
3931,0.41594046
3932,0.63715035
3933,0.051520724
3934,0.24676915
3935,0.105821475
3936,0.36383247
3937,0.1149025
3938,0.3086376
3939,0.14240564
3940,0.26407453
3941,0.32724077
3942,0.2914937
3943,0.12862438
3944,0.49498206
3945,0.3329358
3946,0.19271566
3947,0.11160789
3948,0.074137084
3949,0.123922504
3950,0.31153026
3951,0.68225473
3952,0.7670102
3953,0.48983198
3954,0.36260626
3955,0.3057828
3956,0.3081917
3957,0.11951326
3958,0.18593678
3959,0.24010932
3960,0.30191368
3961,0.28103924
3962,0.2835539
3963,0.5085956
3964,0.41322643
3965,0.3385908
3966,0.29799485
3967,0.35754874
3968,0.1630731
3969,0.18517044
3970,0.5017892
3971,0.12894173
3972,0.5447308
3973,0.11167606
3974,0.13457397
3975,0.6100229
3976,0.12918952
3977,0.1644119
3978,0.17214516
3979,0.12763724
3980,0.44378537
3981,0.2875649
3982,0.35865763
3983,0.3497781
3984,0.107855424
3985,0.1760455
3986,0.09183291
3987,0.17707436
3988,0.10631807
3989,0.3134188
3990,0.13457397
3991,0.12918952
3992,0.11167606
3993,0.12894173
3994,0.6100229
3995,0.1644119
3996,0.5447308
3997,0.17214516
3998,0.2875649
3999,0.12763724
4000,0.10631807
4001,0.09183291
4002,0.1760455
4003,0.107855424
4004,0.17707436
4005,0.35865763
4006,0.3134188
4007,0.44378537
4008,0.3497781
4009,0.2188904
4010,0.013976486
4011,0.07355076
4012,0.38372913
4013,0.20326138
4014,0.7288118
4015,0.06761736
4016,0.3097661
4017,0.095101155
4018,0.4906202
4019,0.14675227
4020,0.19959493
4021,0.44756246
4022,0.13229111
4023,0.11867698
4024,0.0008067971
4025,0.06459716
4026,0.123499356
4027,0.2164197
4028,0.12763724
4029,0.5447308
4030,0.11167606
4031,0.13457397
4032,0.12918952
4033,0.1644119
4034,0.17214516
4035,0.12894173
4036,0.44378537
4037,0.3134188
4038,0.2875649
4039,0.35865763
4040,0.3497781
4041,0.107855424
4042,0.1760455
4043,0.09183291
4044,0.17707436
4045,0.10631807
4046,0.6100229
4047,0.47347403
4048,0.29559427
4049,0.5253018
4050,0.16243967
4051,0.20783325
4052,0.08362286
4053,0.17025523
4054,0.75130767
4055,0.13694587
4056,0.3540638
4057,0.4108774
4058,0.18514049
4059,0.17573436
4060,0.11667404
4061,0.1859068
4062,0.39438632
4063,0.17438808
4064,0.24626318
4065,0.1063921
4066,0.09494026
4067,0.096727856
4068,0.328551
4069,0.12569633
4070,0.035101406
4071,0.10194792
4072,0.24857393
4073,0.09176077
4074,0.112159416
4075,0.16720095
4076,0.17133251
4077,0.16995363
4078,0.04550008
4079,0.5728941
4080,0.16302882
4081,0.1670712
4082,0.016090026
4083,0.091883615
4084,0.28830448
4085,0.116184555
4086,0.41594046
4087,0.38273758
4088,0.63715035
4089,0.54074025
4090,0.2809447
4091,0.40299067
4092,0.16660282
4093,0.22404885
4094,0.39627123
4095,0.22146897
4096,0.16458257
4097,0.5608343
4098,0.12679769
4099,0.15563552
4100,0.22112325
4101,0.62929374
4102,0.13497925
4103,0.22265895
4104,0.33376202
4105,0.1433647
4106,0.48681244
4107,0.757425
4108,0.22665307
4109,0.2858139
4110,0.37226003
4111,0.48844713
4112,0.45035225
4113,0.28225958
4114,0.2860869
4115,0.1941895
4116,0.17839335
4117,0.087089084
4118,0.25183025
4119,0.27423003
4120,0.24190938
4121,0.12724061
4122,0.26273984
4123,0.23159294
4124,0.05814604
4125,0.30134577
4126,0.08732355
4127,0.63942486
4128,0.23681745
4129,0.30151662
4130,0.09172838
4131,0.260581
4132,0.00905463
4133,0.068911955
4134,0.051789362
4135,0.15693367
4136,0.24202073
4137,0.09348885
4138,0.10798824
4139,0.45917654
4140,0.2884044
4141,0.28527802
4142,0.1465521
4143,0.2089802
4144,0.36497346
4145,0.25609893
4146,0.18573728
4147,0.21201889
4148,0.37389097
4149,0.122452185
4150,0.2501712
4151,0.6682381
4152,0.44819275
4153,0.19988622
4154,0.0986504
4155,0.34459454
4156,0.14668392
4157,0.13464575
4158,0.28183475
4159,0.21151283
4160,0.30146974
4161,0.110309444
4162,0.054273754
4163,0.10956444
4164,0.09041511
4165,0.08384325
4166,0.114407144
4167,0.04740863
4168,0.03907254
4169,0.07057625
4170,0.10540731
4171,0.086535655
4172,0.11719073
4173,0.23182586
4174,0.08458577
4175,0.0024041361
4176,0.038899317
4177,0.078038014
4178,0.25574803
4179,0.32220054
4180,0.46444076
4181,0.31714952
4182,0.12131141
4183,0.1374355
4184,0.46919495
4185,0.72784966
4186,0.21456818
4187,0.35423166
4188,0.43625244
4189,0.23210363
4190,0.2740239
4191,0.2646237
4192,0.27523777
4193,0.18652597
4194,0.17009374
4195,0.084615335
4196,0.24395242
4197,0.26828623
4198,0.24789397
4199,0.21402998
4200,0.28383595
4201,0.032117374
4202,0.10626092
4203,0.08108753
4204,0.25452548
4205,0.17879316
4206,0.124498844
4207,0.21912701
4208,0.15550165
4209,0.067472555
4210,0.37404877
4211,0.30693558
4212,0.33295736
4213,0.053781934
4214,0.08435173
4215,0.14021012
4216,0.09874846
4217,0.42598534
4218,0.45868295
4219,0.12018801
4220,0.38930905
4221,0.08827328
4222,0.089362994
4223,0.08908099
4224,0.110413626
4225,0.08488599
4226,0.08733488
4227,0.32754946
4228,0.11407429
4229,0.0735577
4230,0.23775077
4231,0.19644216
4232,0.31018883
4233,0.23928344
4234,0.052856904
4235,0.13746013
4236,0.07101373
4237,0.072283275
4238,0.06349216
4239,0.13700253
4240,0.08927174
4241,0.09892664
4242,0.11515033
4243,0.11088212
4244,0.16582938
4245,0.1870242
4246,0.08660637
4247,0.16519824
4248,0.050397992
4249,0.02953465
4250,0.3163769
4251,0.07716237
4252,0.1646559
4253,0.16546915
4254,0.037215415
4255,0.08132082
4256,0.18231863
4257,0.07760757
4258,0.24483773
4259,0.32051754
4260,0.5664772
4261,0.30284452
4262,0.6058847
4263,0.3239525
4264,0.4946835
4265,0.09422591
4266,0.44397077
4267,0.12399387
4268,0.5659815
4269,0.7119576
4270,0.13204506
4271,0.23112917
4272,0.15415955
4273,0.15683262
4274,0.13195476
4275,0.21865241
4276,0.49405652
4277,0.16576974
4278,0.06179782
4279,0.20957883
4280,0.4482482
4281,0.23443647
4282,0.26848012
4283,0.2096351
4284,0.51496124
4285,0.18992814
4286,0.12052989
4287,0.24130793
4288,0.10310672
4289,0.23289332
4290,0.1345902
4291,0.25223532
4292,0.19388402
4293,0.2687626
4294,0.2313884
4295,0.14391418
4296,0.18160513
4297,0.8363994
4298,0.16620947
4299,0.69201124
4300,0.12589452
4301,0.211678
4302,0.5399715
4303,0.17280579
4304,0.22885564
4305,0.17882657
4306,0.2980153
4307,0.15660012
4308,0.13852778
4309,0.18998827
4310,0.21151343
4311,0.17652574
4312,0.23809609
4313,0.53925765
4314,0.20308387
4315,0.20124474
4316,0.48330888
4317,0.6600629
4318,0.3653049
4319,0.5588901
4320,0.21304195
4321,0.14409028
4322,0.2455442
4323,0.14594468
4324,0.2901591
4325,0.10203402
4326,0.16043219
4327,0.05825039
4328,0.53849393
4329,0.2256579
4330,0.10308874
4331,0.2616423
4332,0.15853556
4333,0.6915946
4334,0.25253072
4335,0.49137297
4336,0.39708596
4337,0.71827185
4338,0.24857521
4339,0.43543926
4340,0.21430743
4341,0.35373098
4342,0.16031526
4343,0.57833785
4344,0.61193866
4345,0.31342196
4346,0.7140339
4347,0.18609416
4348,0.58079356
4349,0.19044515
4350,0.16932209
4351,0.30536494
4352,0.21624425
4353,0.22046456
4354,0.24482794
4355,0.7949395
4356,0.2575656
4357,0.72539747
4358,0.25153807
4359,0.12129374
4360,0.21907715
4361,0.17879432
4362,0.27289048
4363,0.23089814
4364,0.26961064
4365,0.3824854
4366,0.2610271
4367,0.4386906
4368,0.56446886
4369,0.10748541
4370,0.2906888
4371,0.034595676
4372,0.24164839
4373,0.2205729
4374,0.18109326
4375,0.59494007
4376,0.06808595
4377,0.1339806
4378,0.2426025
4379,0.88829565
4380,0.14194138
4381,0.56291
4382,0.47423816
4383,0.1288317
4384,0.63310486
4385,0.20916343
4386,0.25587207
4387,0.109925844
4388,0.29834685
4389,0.7478213
4390,0.51671684
4391,0.5921861
4392,0.12679233
4393,0.1605004
4394,0.4801058
4395,0.09754514
4396,0.15734337
4397,0.26178348
4398,0.6418942
4399,0.33874282
4400,0.58829314
4401,0.3523572
4402,0.2797991
4403,0.08615993
4404,0.20134608
4405,0.19039445
4406,0.3446682
4407,0.1511811
4408,0.25153807
4409,0.3824854
4410,0.23089814
4411,0.27289048
4412,0.17879432
4413,0.56446886
4414,0.21907715
4415,0.72539747
4416,0.26961064
4417,0.2575656
4418,0.24482794
4419,0.22046456
4420,0.21624425
4421,0.10748541
4422,0.12129374
4423,0.30536494
4424,0.7949395
4425,0.2610271
4426,0.4386906
4427,0.21455021
4428,0.4032584
4429,0.16402428
4430,0.24792412
4431,0.26097393
4432,0.1363637
4433,0.20440617
4434,0.7477148
4435,0.22381036
4436,0.6360403
4437,0.4886256
4438,0.22825141
4439,0.2886327
4440,0.2620337
4441,0.18817015
4442,0.38567314
4443,0.5388818
4444,0.29866275
4445,0.62255096
4446,0.07496423
4447,0.04273668
4448,0.21807094
4449,0.32695028
4450,0.6994254
4451,0.45020714
4452,0.23148568
4453,0.20265129
4454,0.3357113
4455,0.18056908
4456,0.1239074
4457,0.32448462
4458,0.1656256
4459,0.10409109
4460,0.47947997
4461,0.25019795
4462,0.17401044
4463,0.16795467
4464,0.22726305
4465,0.4386906
4466,0.30536494
4467,0.26961064
4468,0.23089814
4469,0.27289048
4470,0.17879432
4471,0.56446886
4472,0.21907715
4473,0.25153807
4474,0.72539747
4475,0.2575656
4476,0.7949395
4477,0.24482794
4478,0.22046456
4479,0.21624425
4480,0.10748541
4481,0.3824854
4482,0.12129374
4483,0.2610271
4484,0.7140339
4485,0.35373098
4486,0.57833785
4487,0.61193866
4488,0.31342196
4489,0.21430743
4490,0.58079356
4491,0.19044515
4492,0.16932209
4493,0.15853556
4494,0.16031526
4495,0.25253072
4496,0.49137297
4497,0.39708596
4498,0.71827185
4499,0.24857521
4500,0.18609416
4501,0.43543926
4502,0.6915946
4503,0.18056908
4504,0.1239074
4505,0.32448462
4506,0.16795467
4507,0.10409109
4508,0.47947997
4509,0.07496423
4510,0.1656256
4511,0.25019795
4512,0.17401044
4513,0.45020714
4514,0.3357113
4515,0.22726305
4516,0.20265129
4517,0.23148568
4518,0.21807094
4519,0.32695028
4520,0.6994254
4521,0.04273668
4522,0.26961064
4523,0.23089814
4524,0.27289048
4525,0.17879432
4526,0.56446886
4527,0.21907715
4528,0.72539747
4529,0.7949395
4530,0.22046456
4531,0.21624425
4532,0.10748541
4533,0.12129374
4534,0.25153807
4535,0.24482794
4536,0.2575656
4537,0.30536494
4538,0.4386906
4539,0.2610271
4540,0.3824854
4541,0.17275438
4542,0.56626654
4543,0.15307298
4544,0.57600665
4545,0.21056776
4546,0.19291438
4547,0.5264188
4548,0.41821557
4549,0.862624
4550,0.4906838
4551,0.37518972
4552,0.28455868
4553,0.17831226
4554,0.22328933
4555,0.2122482
4556,0.6586685
4557,0.15395746
4558,0.12024514
4559,0.23859616
4560,0.5388818
4561,0.16402428
4562,0.24792412
4563,0.26097393
4564,0.1363637
4565,0.20440617
4566,0.7477148
4567,0.22381036
4568,0.4032584
4569,0.6360403
4570,0.22825141
4571,0.2886327
4572,0.2620337
4573,0.18817015
4574,0.21455021
4575,0.29866275
4576,0.38567314
4577,0.4886256
4578,0.62255096
4579,0.5952062
4580,0.14525136
4581,0.119909324
4582,0.41110754
4583,0.03057147
4584,0.113689564
4585,0.31407493
4586,0.3543523
4587,0.10411875
4588,0.19143488
4589,0.047183305
4590,0.28264296
4591,0.40547362
4592,0.2072305
4593,0.22347899
4594,0.050866283
4595,0.10493978
4596,0.15743706
4597,0.4898665
4598,0.07762276
4599,0.4044516
4600,0.10429909
4601,0.19418523
4602,0.73373103
4603,0.12956302
4604,0.39936072
4605,0.03958141
4606,0.1281204
4607,0.38529938
4608,0.36248383
4609,0.51139313
4610,0.29926452
4611,0.23442712
4612,0.23586912
4613,0.13878736
4614,0.12574486
4615,0.11436089
4616,0.13163064
4617,0.1586382
4618,0.30586326
4619,0.09960854
4620,0.17331517
4621,0.25045666
4622,0.16927874
4623,0.20625858
4624,0.1607048
4625,0.5751134
4626,0.25972742
4627,0.26401863
4628,0.26538798
4629,0.18142107
4630,0.30909178
4631,0.40809375
4632,0.16804585
4633,0.36607265
4634,0.20855825
4635,0.7267498
4636,0.029630417
4637,0.17683414
4638,0.18264644
4639,0.5416807
4640,0.31124708
4641,0.19020733
4642,0.19157562
4643,0.17677076
4644,0.0920945
4645,0.25849846
4646,0.13372461
4647,0.034609426
4648,0.33849436
4649,0.12576804
4650,0.04830649
4651,0.145403
4652,0.06360546
4653,0.117612794
4654,0.1412415
4655,0.33761898
4656,0.24319887
4657,0.08086761
4658,0.1486321
4659,0.26257962
4660,0.09365563
4661,0.29941624
4662,0.07444052
4663,0.47545758
4664,0.08329235
4665,0.04438106
4666,0.26147947
4667,0.06948682
4668,0.287345
4669,0.23848358
4670,0.29471666
4671,0.091505304
4672,0.6562843
4673,0.00966761
4674,0.2642963
4675,0.2002646
4676,0.15355584
4677,0.09752269
4678,0.16411968
4679,0.67574584
4680,0.15168157
4681,0.46941233
4682,0.29244408
4683,0.259739
4684,0.20361125
4685,0.12730464
4686,0.19947097
4687,0.40622085
4688,0.18136784
4689,0.2128756
4690,0.14786103
4691,0.37466127
4692,0.49280787
4693,0.30586326
4694,0.09960854
4695,0.17331517
4696,0.25045666
4697,0.16927874
4698,0.20625858
4699,0.40809375
4700,0.5751134
4701,0.25972742
4702,0.26401863
4703,0.1607048
4704,0.26538798
4705,0.18142107
4706,0.30909178
4707,0.1586382
4708,0.7267498
4709,0.36607265
4710,0.20855825
4711,0.16804585
4712,0.19418523
4713,0.11436089
4714,0.12574486
4715,0.13878736
4716,0.23586912
4717,0.23442712
4718,0.29926452
4719,0.51139313
4720,0.36248383
4721,0.38529938
4722,0.1281204
4723,0.39936072
4724,0.07762276
4725,0.4044516
4726,0.10429909
4727,0.03958141
4728,0.73373103
4729,0.12956302
4730,0.13163064
4731,0.3660819
4732,0.057213537
4733,0.0988564
4734,0.08878742
4735,0.18374994
4736,0.2621696
4737,0.21676731
4738,0.17139223
4739,0.09454731
4740,0.121696666
4741,0.15816891
4742,0.080164135
4743,0.24380565
4744,0.23087089
4745,0.050880432
4746,0.1032065
4747,0.071661845
4748,0.08398804
4749,0.19622888
4750,0.20625858
4751,0.36607265
4752,0.7267498
4753,0.30586326
4754,0.09960854
4755,0.17331517
4756,0.25045666
4757,0.16927874
4758,0.40809375
4759,0.20855825
4760,0.25972742
4761,0.26401863
4762,0.1607048
4763,0.26538798
4764,0.18142107
4765,0.30909178
4766,0.1586382
4767,0.16804585
4768,0.5751134
4769,0.0920945
4770,0.029630417
4771,0.17683414
4772,0.18264644
4773,0.5416807
4774,0.31124708
4775,0.06360546
4776,0.19157562
4777,0.17677076
4778,0.117612794
4779,0.25849846
4780,0.13372461
4781,0.034609426
4782,0.19020733
4783,0.1412415
4784,0.12576804
4785,0.33849436
4786,0.04830649
4787,0.145403
4788,0.23848358
4789,0.07444052
4790,0.24319887
4791,0.08086761
4792,0.1486321
4793,0.26257962
4794,0.09365563
4795,0.29941624
4796,0.47545758
4797,0.29471666
4798,0.08329235
4799,0.04438106
4800,0.06948682
4801,0.6562843
4802,0.00966761
4803,0.287345
4804,0.26147947
4805,0.33761898
4806,0.091505304
4807,0.47191668
4808,0.10723343
4809,0.13847852
4810,0.06083569
4811,0.4053915
4812,0.10327977
4813,0.11952861
4814,0.22987573
4815,0.053374577
4816,0.12462278
4817,0.16452943
4818,0.28759247
4819,0.16742148
4820,0.3058321
4821,0.48215085
4822,0.21790767
4823,0.25904936
4824,0.08922214
4825,0.08519242
4826,0.32794783
4827,0.28055507
4828,0.12710504
4829,0.13874885
4830,0.17835751
4831,0.25686163
4832,0.0644371
4833,0.16174015
4834,0.23158522
4835,0.65692973
4836,0.17464568
4837,0.14047778
4838,0.15007411
4839,0.13258949
4840,0.25252086
4841,0.14847927
4842,0.25700244
4843,0.4591073
4844,0.31103545
4845,0.07673784
4846,0.20603165
4847,0.15801099
4848,0.46438774
4849,0.09360764
4850,0.28812423
4851,0.23550367
4852,0.092175215
4853,0.14154896
4854,0.14368714
4855,0.3363451
4856,0.20598629
4857,0.29260892
4858,0.0
4859,0.661938
4860,0.3855541
4861,0.0
4862,0.11288562
4863,0.13583858
4864,0.29598352
4865,0.34699306
4866,0.4582912
4867,0.42123818
4868,0.40522495
4869,0.23197325
4870,0.20100641
4871,0.4261783
4872,0.21044214
4873,0.6869532
4874,0.21911314
4875,0.3260546
4876,0.233728
4877,0.22081752
4878,0.19202551
4879,0.14201465
4880,0.4408663
4881,0.23370568
4882,0.3118802
4883,0.26547465
4884,0.3378343
4885,0.12316756
4886,0.11503346
4887,0.22155285
4888,0.21515004
4889,0.25188953
4890,0.16545318
4891,0.29428715
4892,0.4014317
4893,0.24589238
4894,0.245634
4895,0.27267388
4896,0.19549827
4897,0.35193256
4898,0.21443796
4899,0.2880501
4900,0.5041573
4901,0.30234107
4902,0.32023945
4903,0.2187508
4904,0.10999866
4905,0.5011889
4906,0.17103176
4907,0.16834016
4908,0.10181187
4909,0.16401981
4910,0.21974888
4911,0.33173543
4912,0.2438045
4913,0.39331448
4914,0.48969966
4915,0.27556074
4916,0.3045871
4917,0.113721356
4918,0.19424243
4919,0.4623991
4920,0.15491144
4921,0.39385638
4922,0.14716598
4923,0.4893002
4924,0.1802958
4925,0.33646277
4926,0.33759147
4927,0.5820402
4928,0.5442321
4929,0.21570604
4930,0.14714107
4931,0.2752463
4932,0.21553679
4933,0.28827682
4934,0.4670617
4935,0.11669703
4936,0.4202977
4937,0.11421802
4938,0.12751068
4939,0.24098177
4940,0.51583976
4941,0.11316985
4942,0.2043351
4943,0.32170948
4944,0.13986915
4945,0.38115644
4946,0.14921053
4947,0.23691241
4948,0.17429543
4949,0.3284871
4950,0.42946035
4951,0.28076196
4952,0.2930109
4953,0.12423996
4954,0.19408919
4955,0.2300971
4956,0.26346165
4957,0.40066996
4958,0.6164183
4959,0.20291755
4960,0.22593638
4961,0.6181221
4962,0.30872887
4963,0.21901336
4964,0.22462924
4965,0.2999863
4966,0.35326758
4967,0.3634627
4968,0.4079245
4969,0.2967376
4970,0.22413006
4971,0.19540806
4972,0.43417352
4973,0.19584177
4974,0.42422003
4975,0.19862719
4976,0.1455277
4977,0.4044376
4978,0.19862774
4979,0.14329663
4980,0.11235794
4981,0.27210748
4982,0.22386524
4983,0.418324
4984,0.35594386
4985,0.2629532
4986,0.16006035
4987,0.1347368
4988,0.06164342
4989,0.2819267
4990,0.13257062
4991,0.14221407
4992,0.42784318
4993,0.082605064
4994,0.40770203
4995,0.17877711
4996,0.13717552
4997,0.14944562
4998,0.07457039
4999,0.24699047
5000,0.08328512
5001,0.10471313
5002,0.14050102
5003,0.063308746
5004,0.16045216
5005,0.08358505
5006,0.19463518
5007,0.0037396052
5008,0.10768098
5009,0.2350482
5010,0.1298833
5011,0.16790883
5012,0.18095917
5013,0.15580162
5014,0.118479624
5015,0.049697354
5016,0.25037625
5017,0.22460458
5018,0.15606059
5019,0.2344788
5020,0.17589787
5021,0.2770372
5022,0.14180934
5023,0.19412449
5024,0.3224382
5025,0.09160215
5026,0.20778482
5027,0.2110682
5028,0.105242446
5029,0.23680365
5030,0.18269035
5031,0.16472945
5032,0.19038633
5033,0.23198843
5034,0.24662893
5035,0.21666098
5036,0.15537187
5037,0.16022067
5038,0.11940298
5039,0.21466947
5040,0.15634778
5041,0.1408616
5042,0.204742
5043,0.23714438
5044,0.25935367
5045,0.15739246
5046,0.20893016
5047,0.18694589
5048,0.18763004
5049,0.1198682
5050,0.09612642
5051,0.21643908
5052,0.1306645
5053,0.23176174
5054,0.1903173
5055,0.514224
5056,0.21603711
5057,0.22136173
5058,0.27251154
5059,0.32869953
5060,0.19685936
5061,0.24571387
5062,0.19094801
5063,0.19998284
5064,0.15809096
5065,0.11924477
5066,0.18337037
5067,0.19967133
5068,0.20653947
5069,0.3791566
5070,0.40608525
5071,0.24715285
5072,0.15873677
5073,0.21085517
5074,0.16344748
5075,0.14784862
5076,0.12645695
5077,0.16464452
5078,0.15885782
5079,0.18315685
5080,0.33176368
5081,0.22697923
5082,0.24622266
5083,0.21223977
5084,0.16209762
5085,0.17077638
5086,0.096469186
5087,0.086862646
5088,0.21756634
5089,0.17863557
5090,0.1958829
5091,0.14470008
5092,0.17113249
5093,0.35569674
5094,0.3093186
5095,0.0817823
5096,0.203216
5097,0.28204936
5098,0.2524017
5099,0.164274
5100,0.15886955
5101,0.23491192
5102,0.2619748
5103,0.24819057
5104,0.35049576
5105,0.15655896
5106,0.21780305
5107,0.3401002
5108,0.24715361
5109,0.22016898
5110,0.31077904
5111,0.48318523
5112,0.18565327
5113,0.056683548
5114,0.16524799
5115,0.28370205
5116,0.2908494
5117,0.5907754
5118,0.28563854
5119,0.37408412
5120,0.1215989
5121,0.53057253
5122,0.31632274
5123,0.1652512
5124,0.23183389
5125,0.2789895
5126,0.04210704
5127,0.25445676
5128,0.15564162
5129,0.17056072
5130,0.16230008
5131,0.18794505
5132,0.13376492
5133,0.34144908
5134,0.18259291
5135,0.36029774
5136,0.18494818
5137,0.21291518
5138,0.2885732
5139,0.22364593
5140,0.29671013
5141,0.21197847
5142,0.1991397
5143,0.20420432
5144,0.20273069
5145,0.4372925
5146,0.18687943
5147,0.29855686
5148,0.13201264
5149,0.18754722
5150,0.17011121
5151,0.14978473
5152,0.18331513
5153,0.1580775
5154,0.10334887
5155,0.18684895
5156,0.32596436
5157,0.27608448
5158,0.32038864
5159,0.16624586
5160,0.1287028
5161,0.16860579
5162,0.18273085
5163,0.13749006
5164,0.1851857
5165,0.22840638
5166,0.19122598
5167,0.27797246
5168,0.107546225
5169,0.39810634
5170,0.13070457
5171,0.28608567
5172,0.19846168
5173,0.3608744
5174,0.362518
5175,0.18413624
5176,0.24776538
5177,0.16451904
5178,0.15271226
5179,0.27061278
5180,0.1435732
5181,0.1371092
5182,0.39924186
5183,0.084293
5184,0.14729412
5185,0.12233202
5186,0.0592316
5187,0.71297514
5188,0.3668717
5189,0.36793453
5190,0.44698662
5191,0.44947416
5192,0.41707402
5193,0.49632058
5194,0.21021602
5195,0.28564268
5196,0.30111334
5197,0.3093316
5198,0.3172598
5199,0.36660567
5200,0.62472534
5201,0.7293616
5202,0.53736746
5203,0.27176154
5204,0.3053661
5205,0.39727682
5206,0.3093316
5207,0.21021602
5208,0.30111334
5209,0.28564268
5210,0.53736746
5211,0.39727682
5212,0.49632058
5213,0.3172598
5214,0.41707402
5215,0.44698662
5216,0.36793453
5217,0.3668717
5218,0.71297514
5219,0.7293616
5220,0.3053661
5221,0.62472534
5222,0.44947416
5223,0.27176154
5224,0.36660567
5225,0.4870531
5226,0.27648795
5227,0.2801995
5228,0.5174242
5229,0.35587278
5230,0.5363559
5231,0.3654462
5232,0.34131518
5233,0.50358856
5234,0.43745327
5235,0.4802811
5236,0.43887132
5237,0.4166143
5238,0.40420985
5239,0.31945866
5240,0.31729302
5241,0.55771697
5242,0.32089075
5243,0.44139442
5244,0.1671281
5245,0.2829951
5246,0.17446117
5247,0.24838836
5248,0.2317249
5249,0.22499247
5250,0.6336149
5251,0.26016608
5252,0.2875186
5253,0.32512268
5254,0.24941397
5255,0.23238964
5256,0.2988406
5257,0.1372769
5258,0.36272755
5259,0.18955739
5260,0.21052258
5261,0.21704075
5262,0.13728888
5263,0.30390128
5264,0.31157637
5265,0.17992072
5266,0.29461902
5267,0.48227072
5268,0.15052882
5269,0.2511298
5270,0.2711742
5271,0.38148135
5272,0.32806122
5273,0.3199343
5274,0.29907224
5275,0.46516615
5276,0.2921657
5277,0.31257337
5278,0.19998914
5279,0.2523567
5280,0.2600898
5281,0.25824392
5282,0.28946942
5283,0.559314
5284,0.27823788
5285,0.3242553
5286,0.30813628
5287,0.20091012
5288,0.22606352
5289,0.33820897
5290,0.46855602
5291,0.20991161
5292,0.2812794
5293,0.36247283
5294,0.6135297
5295,0.22593951
5296,0.20923953
5297,0.37584567
5298,0.23810434
5299,0.28101936
5300,0.2563729
5301,0.25491855
5302,0.24262479
5303,0.22356859
5304,0.26177663
5305,0.22191355
5306,0.27073798
5307,0.27618983
5308,0.24534822
5309,0.29946092
5310,0.25960946
5311,0.2534479
5312,0.24269667
5313,0.24299271
5314,0.57405245
5315,0.20420225
5316,0.32917
5317,0.28631288
5318,0.5109718
5319,0.26200676
5320,0.6409358
5321,0.67993045
5322,0.34727165
5323,0.34318683
5324,0.40315837
5325,0.44051248
5326,0.37737796
5327,0.4598906
5328,0.38110065
5329,0.44886136
5330,0.26005954
5331,0.27220994
5332,0.21527223
5333,0.29406324
5334,0.29635748
5335,0.34163582
5336,0.5915557
5337,0.24032602
5338,0.26896286
5339,0.4701744
5340,0.29472896
5341,0.3875559
5342,0.2943791
5343,0.5497372
5344,0.27272943
5345,0.503332
5346,0.29181403
5347,0.51999676
5348,0.26323375
5349,0.29126257
5350,0.36942
5351,0.3384758
5352,0.38750106
5353,0.41365987
5354,0.31306186
5355,0.4249052
5356,0.4688004
5357,0.45753664
5358,0.32269168
5359,0.5619571
5360,0.2346688
5361,0.38893706
5362,0.4333726
5363,0.30068022
5364,0.4420484
5365,0.24342057
5366,0.4370138
5367,0.5439072
5368,0.37727976
5369,0.25865182
5370,0.39213577
5371,0.2978159
5372,0.2758793
5373,0.40291935
5374,0.27125052
5375,0.4260984
5376,0.32380706
5377,0.21922724
5378,0.25559598
5379,0.2830999
5380,0.31901884
5381,0.27544543
5382,0.22087702
5383,0.1696564
5384,0.2131336
5385,0.27719805
5386,0.26094046
5387,0.15741253
5388,0.2598645
5389,0.24417949
5390,0.26489216
5391,0.17070465
5392,0.39535424
5393,0.28071713
5394,0.258249
5395,0.21391878
5396,0.43913713
5397,0.336641
5398,0.22471714
5399,0.36245626
5400,0.23433514
5401,0.6296431
5402,0.22863407
5403,0.5087871
5404,0.3769497
5405,0.10028766
5406,0.22103897
5407,0.6635558
5408,0.33167228
5409,0.40089765
5410,0.2666739
5411,0.119161464
5412,0.59039783
5413,0.24656188
5414,0.2836261
5415,0.2836261
5416,0.22103897
5417,0.43913713
5418,0.59039783
5419,0.119161464
5420,0.2666739
5421,0.40089765
5422,0.33167228
5423,0.6635558
5424,0.24656188
5425,0.3769497
5426,0.22863407
5427,0.6296431
5428,0.23433514
5429,0.36245626
5430,0.22471714
5431,0.336641
5432,0.5087871
5433,0.10028766
5434,0.24417949
5435,0.39535424
5436,0.2598645
5437,0.258249
5438,0.15741253
5439,0.26094046
5440,0.27719805
5441,0.28071713
5442,0.17070465
5443,0.22087702
5444,0.27544543
5445,0.31901884
5446,0.2830999
5447,0.25559598
5448,0.21922724
5449,0.21391878
5450,0.1696564
5451,0.26489216
5452,0.2131336
5453,0.29234132
5454,0.24857402
5455,0.32456118
5456,0.28730053
5457,0.18433985
5458,0.3542588
5459,0.30458447
5460,0.13808891
5461,0.20641938
5462,0.23045555
5463,0.1564116
5464,0.2576067
5465,0.58808255
5466,0.24221924
5467,0.2705571
5468,0.2654377
5469,0.18713269
5470,0.24294753
5471,0.23818398
5472,0.5563365
5473,0.44895053
5474,0.41515613
5475,0.74389875
5476,0.3730269
5477,0.37358096
5478,0.36805502
5479,0.4455893
5480,0.65585816
5481,0.492558
5482,0.44004983
5483,0.40387702
5484,0.61585224
5485,0.379319
5486,0.38843077
5487,0.36399817
5488,0.41445604
5489,0.3953304
5490,0.3883767
5491,0.6168742
5492,0.49936643
5493,0.73881704
5494,0.46857017
5495,0.5021578
5496,0.6593305
5497,0.61752844
5498,0.56814635
5499,0.68814504
5500,0.653437
5501,0.5406894
5502,0.54014885
5503,0.62873214
5504,0.5641138
5505,0.79452217
5506,0.58983505
5507,0.4588676
5508,0.55989283
5509,0.61685836
5510,0.4995641
5511,0.4960023
5512,0.51024497
5513,0.4099844
5514,0.4767229
5515,0.41971946
5516,0.6410501
5517,0.48945838
5518,0.5472489
5519,0.4861861
5520,0.5311195
5521,0.5114079
5522,0.5103548
5523,0.4073947
5524,0.51793385
5525,0.50701255
5526,0.62949723
5527,0.5060218
5528,0.48970205
5529,0.6427671
5530,0.66671854
5531,0.6194955
5532,0.5532732
5533,0.58482176
5534,0.5829231
5535,0.43036088
5536,0.61504626
5537,0.6606342
5538,0.58303416
5539,0.5260696
5540,0.5146935
5541,0.6935954
5542,0.61048055
5543,0.4323867
5544,0.5015377
5545,0.50260484
5546,0.57605207
5547,0.70239335
5548,0.73881704
5549,0.46857017
5550,0.5021578
5551,0.6593305
5552,0.61752844
5553,0.56814635
5554,0.68814504
5555,0.55989283
5556,0.653437
5557,0.54014885
5558,0.5406894
5559,0.6168742
5560,0.61685836
5561,0.4588676
5562,0.49936643
5563,0.79452217
5564,0.5641138
5565,0.62873214
5566,0.58983505
5567,0.6152024
5568,0.42226672
5569,0.37529364
5570,0.54035443
5571,0.7068014
5572,0.53119135
5573,0.3862268
5574,0.46323496
5575,0.44067946
5576,0.3834075
5577,0.29391545
5578,0.63415194
5579,0.47671208
5580,0.38456193
5581,0.32184282
5582,0.4207211
5583,0.45164376
5584,0.5431696
5585,0.3350832
5586,0.5235723
5587,0.50978893
5588,0.30037618
5589,0.43674907
5590,0.42369857
5591,0.68762606
5592,0.36366028
5593,0.2654139
5594,0.40510288
5595,0.48917645
5596,0.45183474
5597,0.34029573
5598,0.47216216
5599,0.49748406
5600,0.8186102
5601,0.41790158
5602,0.40539342
5603,0.4147276
5604,0.31454834
5605,0.41098243
5606,0.45184398
5607,0.59567463
5608,0.5851279
5609,0.42374015
5610,0.51041013
5611,0.44853276
5612,0.36282834
5613,0.360946
5614,0.49480852
5615,0.3396429
5616,0.38754195
5617,0.6329998
5618,0.42427364
5619,0.32391614
5620,0.3856967
5621,0.37724215
5622,0.49036127
5623,0.561498
5624,0.5277314
5625,0.6629103
5626,0.5698795
5627,0.3872468
5628,0.51548064
5629,0.85775393
5630,0.5569404
5631,0.449792
5632,0.7938176
5633,0.6119633
5634,0.8900712
5635,0.78664166
5636,0.6987947
5637,0.4831904
5638,0.8859434
5639,0.37108567
5640,0.53022003
5641,0.6131176
5642,0.60933036
5643,0.6131176
5644,0.6629103
5645,0.5277314
5646,0.37108567
5647,0.8859434
5648,0.4831904
5649,0.6987947
5650,0.78664166
5651,0.53022003
5652,0.60933036
5653,0.6119633
5654,0.7938176
5655,0.449792
5656,0.5569404
5657,0.85775393
5658,0.51548064
5659,0.8900712
5660,0.3872468
5661,0.5698795
5662,0.70781034
5663,0.8698103
5664,0.6422109
5665,0.47468653
5666,0.82377493
5667,0.6090487
5668,0.7966134
5669,0.71741045
5670,0.6493975
5671,0.6616867
5672,0.75331193
5673,0.74126226
5674,0.77740777
5675,0.65014595
5676,0.68092453
5677,0.6865981
5678,0.61925656
5679,0.7567279
5680,0.6414937
5681,0.6414937
5682,0.8698103
5683,0.6493975
5684,0.70781034
5685,0.6865981
5686,0.68092453
5687,0.65014595
5688,0.77740777
5689,0.74126226
5690,0.75331193
5691,0.61925656
5692,0.6616867
5693,0.71741045
5694,0.7966134
5695,0.6090487
5696,0.82377493
5697,0.47468653
5698,0.6422109
5699,0.7567279
5700,0.6328242
5701,0.62198335
5702,0.68727386
5703,0.7201553
5704,0.6855074
5705,0.8411972
5706,0.6666669
5707,0.63752854
5708,0.7491047
5709,0.7793884
5710,0.63066524
5711,0.6304611
5712,0.6370503
5713,0.8752139
5714,0.6131183
5715,0.6409038
5716,0.75023234
5717,0.67475545
5718,0.7870161
5719,0.78207177
5720,0.79919255
5721,0.6962098
5722,0.6734713
5723,0.6930645
5724,0.8551881
5725,0.6886649
5726,0.65016717
5727,0.7936311
5728,0.72115123
5729,0.5193067
5730,0.6064421
5731,0.6881522
5732,0.6423819
5733,0.7429863
5734,0.818384
5735,0.6652266
5736,0.7467534
5737,0.61334497
5738,0.53022003
5739,0.8859434
5740,0.4831904
5741,0.6987947
5742,0.78664166
5743,0.60933036
5744,0.8900712
5745,0.6119633
5746,0.7938176
5747,0.449792
5748,0.5569404
5749,0.85775393
5750,0.51548064
5751,0.3872468
5752,0.5698795
5753,0.6629103
5754,0.5277314
5755,0.37108567
5756,0.6131176
5757,0.56309235
5758,0.6316142
5759,0.64587796
5760,0.8384377
5761,0.66112566
5762,0.64305866
5763,0.5872556
5764,0.67036533
5765,0.64096504
5766,0.6187879
5767,0.55636704
5768,0.5442292
5769,0.73543125
5770,0.5489749
5771,0.6647459
5772,0.66844165
5773,0.5768387
5774,0.61210024
5775,0.7136754
5776,0.8010513
5777,0.81570756
5778,0.48437467
5779,0.5178549
5780,0.62833756
5781,0.669263
5782,0.559946
5783,0.7442274
5784,0.70499784
5785,0.63272464
5786,0.7225707
5787,0.8016614
5788,0.7355626
5789,0.52513427
5790,0.70792186
5791,0.80765724
5792,0.74845564
5793,0.66526306
5794,0.6986137
5795,0.5787011
5796,0.8638361
5797,0.8173669
5798,0.5756013
5799,0.6521908
5800,0.60532045
5801,0.75026196
5802,0.72081363
5803,0.5698813
5804,0.78712785
5805,0.78338957
5806,0.49724644
5807,0.82774734
5808,0.5391587
5809,0.69894326
5810,0.49299684
5811,0.7679623
5812,0.7793845
5813,0.60999835
5814,0.4884758
5815,0.6410081
5816,0.5424279
5817,0.48981562
5818,0.80916846
5819,0.4669047
5820,0.5293748
5821,0.5092613
5822,0.5851549
5823,0.4905269
5824,0.54652274
5825,0.82762396
5826,0.48080492
5827,0.5063294
5828,0.54239184
5829,0.74149895
5830,0.4964223
5831,0.56830645
5832,0.485289
5833,0.7681139
5834,0.70048827
5835,0.7854468
5836,0.68788755
5837,0.8266777
5838,0.9113383
5839,0.66817117
5840,0.6698587
5841,0.8576225
5842,0.7086062
5843,0.69116384
5844,0.7518592
5845,0.67106616
5846,0.66870624
5847,0.70084137
5848,0.8702208
5849,0.7348807
5850,0.66913044
5851,0.851344
5852,0.7242629
5853,0.5989471
5854,0.70497936
5855,0.77828515
5856,0.64069194
5857,0.6446844
5858,0.6791972
5859,0.741583
5860,0.68503076
5861,0.7779224
5862,0.722721
5863,0.8078774
5864,0.6627369
5865,0.6665291
5866,0.69200265
5867,0.7418582
5868,0.66118366
5869,0.66997993
5870,0.85233533
5871,0.5202054
5872,0.36039025
5873,0.47203788
5874,0.5630568
5875,0.3801518
5876,0.5062652
5877,0.83056706
5878,0.55109745
5879,0.43524367
5880,0.77443945
5881,0.6036218
5882,0.87207234
5883,0.7814153
5884,0.6735662
5885,0.8631269
5886,0.600113
5887,0.60041016
5888,0.648515
5889,0.5184134
5890,0.6609327
5891,0.5404409
5892,0.6601971
5893,0.63657993
5894,0.7265054
5895,0.5306351
5896,0.5559384
5897,0.60876465
5898,0.6603421
5899,0.70589674
5900,0.6359086
5901,0.65674055
5902,0.8099257
5903,0.64241415
5904,0.6289117
5905,0.5532788
5906,0.6045913
5907,0.5757358
5908,0.57759935
5909,0.75088435
5910,0.5139324
5911,0.4584067
5912,0.45005593
5913,0.71019995
5914,0.5529998
5915,0.7136315
5916,0.709856
5917,0.48932114
5918,0.61557806
5919,0.7348975
5920,0.76261544
5921,0.48289156
5922,0.5756475
5923,0.5132325
5924,0.6534454
5925,0.59656286
5926,0.55144
5927,0.60776365
5928,0.7418582
5929,0.6446844
5930,0.85233533
5931,0.6627369
5932,0.66118366
5933,0.6665291
5934,0.64069194
5935,0.77828515
5936,0.7242629
5937,0.5989471
5938,0.69200265
5939,0.7779224
5940,0.6791972
5941,0.741583
5942,0.68503076
5943,0.722721
5944,0.66997993
5945,0.8078774
5946,0.70497936
5947,0.49546227
5948,0.657524
5949,0.48661613
5950,0.49018806
5951,0.5686679
5952,0.7888937
5953,0.48858595
5954,0.6911173
5955,0.61349034
5956,0.6091592
5957,0.65076226
5958,0.5973393
5959,0.5002503
5960,0.49728996
5961,0.648789
5962,0.7243961
5963,0.42793536
5964,0.6689968
5965,0.46923223
5966,0.6733392
5967,0.7675502
5968,0.66719204
5969,0.71314883
5970,0.6376772
5971,0.7135827
5972,0.82563335
5973,0.6689135
5974,0.49456844
5975,0.7161986
5976,0.64422286
5977,0.63991135
5978,0.60172
5979,0.5427329
5980,0.47530103
5981,0.70256567
5982,0.5236987
5983,0.834071
5984,0.76481944
5985,0.6828908
5986,0.51505446
5987,0.5988101
5988,0.8499155
5989,0.5619883
5990,0.7192086
5991,0.70467347
5992,0.7825675
5993,0.5587049
5994,0.66038597
5995,0.55825084
5996,0.6741121
5997,0.74514043
5998,0.4777028
5999,0.5490278
6000,0.70609283
6001,0.6829483
6002,0.5390994
6003,0.5633982
6004,0.57974887
6005,0.66742146
6006,0.6053864
6007,0.51502734
6008,0.8203643
6009,0.5816156
6010,0.47436318
6011,0.8004333
6012,0.65013885
6013,0.86864835
6014,0.42278498
6015,0.7746117
6016,0.6631561
6017,0.51844496
6018,0.8458716
6019,0.36328092
6020,0.52811635
6021,0.5715997
6022,0.65049255
6023,0.75501263
6024,0.9049969
6025,0.91752785
6026,0.7675522
6027,0.6769601
6028,0.8055757
6029,0.73744214
6030,0.7244512
6031,0.6526303
6032,0.74015355
6033,0.8140813
6034,0.60447323
6035,0.71369636
6036,0.6844691
6037,0.68981797
6038,0.69518197
6039,0.8487986
6040,0.75981265
6041,0.85674983
6042,0.76156884
6043,0.9263175
6044,0.6343768
6045,0.66622496
6046,0.5360514
6047,0.71794987
6048,0.6631229
6049,0.71511006
6050,0.7908319
6051,0.7000147
6052,0.66079724
6053,0.75868833
6054,0.8273339
6055,0.6535406
6056,0.71109694
6057,0.68166393
6058,0.7118303
6059,0.6753863
6060,0.8114066
6061,0.8708822
6062,0.8799592
6063,0.82558995
6064,0.774542
6065,0.8386777
6066,0.79571855
6067,0.8711055
6068,0.85659677
6069,0.8207191
6070,0.908169
6071,0.7942098
6072,0.90278864
6073,0.79062384
6074,0.8324194
6075,0.8994093
6076,0.8178562
6077,0.83687705
6078,0.75062644
6079,0.8269974
6080,0.8272955
6081,0.919809
6082,0.64982873
6083,0.79575413
6084,0.72288287
6085,0.6705047
6086,0.9306097
6087,0.63133514
6088,0.7620934
6089,0.63894284
6090,0.7629461
6091,0.84085226
6092,0.7616469
6093,0.7186744
6094,0.81614244
6095,0.68388623
6096,0.7583845
6097,0.7753842
6098,0.76279336
6099,0.7979208
6100,0.93866575
6101,0.82766104
6102,0.75733167
6103,0.7923244
6104,0.81203854
6105,0.75304854
6106,0.84756565
6107,0.7225727
6108,0.8016349
6109,0.8289577
6110,0.8111268
6111,0.86913633
6112,0.7801196
6113,0.9447157
6114,0.9212801
6115,0.7996709
6116,0.8993722
6117,0.802591
6118,0.8711055
6119,0.90278864
6120,0.7942098
6121,0.85659677
6122,0.908169
6123,0.8207191
6124,0.8178562
6125,0.75062644
6126,0.79571855
6127,0.8386777
6128,0.774542
6129,0.82558995
6130,0.8799592
6131,0.8708822
6132,0.83687705
6133,0.8994093
6134,0.8269974
6135,0.79062384
6136,0.8324194
6137,0.7425105
6138,0.7281045
6139,0.8292143
6140,0.80451524
6141,0.9032669
6142,0.799664
6143,0.7512222
6144,0.668154
6145,0.7402557
6146,0.80262196
6147,0.9005647
6148,0.9107466
6149,0.8097828
6150,0.7413222
6151,0.7471806
6152,0.788098
6153,0.7861184
6154,0.8934414
6155,0.6852432
6156,0.7974652
6157,0.7036363
6158,0.85963076
6159,0.7689417
6160,0.8814784
6161,0.8304168
6162,0.76064396
6163,0.72977066
6164,0.79060066
6165,0.8118826
6166,0.62766236
6167,0.8280462
6168,0.72802866
6169,0.81418455
6170,0.8784631
6171,0.69236577
6172,0.7220426
6173,0.7711934
6174,0.873006
6175,0.8706602
6176,0.7975613
6177,0.8698716
6178,0.8956602
6179,0.8307686
6180,0.81512797
6181,0.8911066
6182,0.80839777
6183,0.84089005
6184,0.8504844
6185,0.9072069
6186,0.81616277
6187,0.87090933
6188,0.8950772
6189,0.79037225
6190,0.8049275
6191,0.8045332
6192,0.7648542
6193,0.7748793
6194,0.8588499
6195,0.69569755
6196,0.73015887
6197,0.7882101
6198,0.75298244
6199,0.82001925
6200,0.78513366
6201,0.7833786
6202,0.8279936
6203,0.7119975
6204,0.78198826
6205,0.8983635
6206,0.84930676
6207,0.79180205
6208,0.7912113
6209,0.724469
6210,0.8279972
6211,0.8039495
6212,0.6361823
6213,0.6336684
6214,0.7581256
6215,0.6729371
6216,0.7890781
6217,0.6311823
6218,0.7235052
6219,0.8785899
6220,0.6979105
6221,0.8788352
6222,0.7510202
6223,0.91212577
6224,0.85934556
6225,0.81655085
6226,0.7673718
6227,0.897999
6228,0.8141074
6229,0.7645002
6230,0.7492733
6231,0.7390392
6232,0.75782716
6233,0.68554157
6234,0.7784355
6235,0.64163876
6236,0.8297373
6237,0.8168362
6238,0.76279557
6239,0.83966196
6240,0.76513034
6241,0.76223594
6242,0.7166436
6243,0.6343618
6244,0.9300235
6245,0.6718046
6246,0.72116643
6247,0.79698217
6248,0.65262
6249,0.9196413
6250,0.76571465
6251,0.7834489
6252,0.79765916
6253,0.79273653
6254,0.8471894
6255,0.6322239
6256,0.791871
6257,0.88631964
6258,0.7256096
6259,0.8281854
6260,0.82664376
6261,0.78841424
6262,0.85989857
6263,0.7854083
6264,0.7270137
6265,0.7906852
6266,0.6900842
6267,0.7519554
6268,0.82410824
6269,0.7106448
6270,0.8744869
6271,0.8725815
6272,0.8917084
6273,0.82859343
6274,0.84055454
6275,0.89215994
6276,0.7732307
6277,0.76166195
6278,0.8976768
6279,0.81259215
6280,0.8186504
6281,0.7947952
6282,0.86959475
6283,0.80198956
6284,0.80665064
6285,0.7878608
6286,0.8016165
6287,0.8483218
6288,0.9057822
6289,0.8399186
6290,0.5646827
6291,0.7119163
6292,0.6859582
6293,0.83241165
6294,0.8070246
6295,0.7902993
6296,0.8629629
6297,0.7607616
6298,0.89588755
6299,0.8908141
6300,0.6959795
6301,0.908146
6302,0.8161537
6303,0.67500055
6304,0.7303001
6305,0.78075284
6306,0.9598937
6307,0.6647221
6308,0.6959795
6309,0.908146
6310,0.8161537
6311,0.8908141
6312,0.7303001
6313,0.78075284
6314,0.9598937
6315,0.67500055
6316,0.6647221
6317,0.89588755
6318,0.7607616
6319,0.8070246
6320,0.83241165
6321,0.8629629
6322,0.7902993
6323,0.5646827
6324,0.8399186
6325,0.6859582
6326,0.7119163
6327,0.75560105
6328,0.79114944
6329,0.8090566
6330,0.8332952
6331,0.8645298
6332,0.71290195
6333,0.55846363
6334,0.84125435
6335,0.89505804
6336,0.6969414
6337,0.66699314
6338,0.8904983
6339,0.7040945
6340,0.9102004
6341,0.8192663
6342,0.6816689
6343,0.7401687
6344,0.782342
6345,0.96059716
6346,0.72836214
6347,0.69804823
6348,0.868746
6349,0.81883156
6350,0.74479616
6351,0.8287231
6352,0.70547056
6353,0.8789171
6354,0.8151882
6355,0.73841447
6356,0.7981622
6357,0.86716443
6358,0.77146167
6359,0.6270772
6360,0.87335664
6361,0.7909363
6362,0.8282428
6363,0.76242465
6364,0.7682694
6365,0.77020395
6366,0.8618306
6367,0.84116775
6368,0.9166198
6369,0.8995522
6370,0.806756
6371,0.65022916
6372,0.87916327
6373,0.7512243
6374,0.74455905
6375,0.7105483
6376,0.7775623
6377,0.75292903
6378,0.92174673
6379,0.87791216
6380,0.66384983
6381,0.72567636
6382,1.0
6383,0.77433884
6384,0.79861194
6385,0.9058796
6386,0.74283034
6387,0.84097564
6388,0.821774
6389,0.80311143
6390,0.7542139
6391,0.8170128
6392,0.69414437
6393,0.9126199
6394,0.90537775
6395,0.9005023
6396,0.81285983
6397,0.75227785
6398,0.67962235
6399,0.7492279
6400,0.7543708
6401,0.81917924
6402,0.73800653
6403,0.7869736
6404,0.79149604
6405,0.63667214
6406,0.7311013
6407,0.8279926
6408,0.8026495
6409,0.7927828
6410,0.7865091
6411,0.8462898
6412,0.8862092
6413,0.6929396
6414,0.7941266
6415,0.71332324
6416,0.8264502
6417,0.7558435
6418,0.78912824
6419,0.7244778
6420,0.8302492
6421,0.86095333
6422,0.7607657
6423,0.88781613
6424,0.8315638
6425,0.9139967
6426,0.841296
6427,0.80676955
6428,0.90670264
6429,0.7989551
6430,0.86928016
6431,0.91378546
6432,0.832071
6433,0.82949734
6434,0.87249774
6435,0.8047992
6436,0.85895264
6437,0.78698915
6438,0.83418006
6439,0.8777587
6440,0.8505365
6441,0.77737486
6442,0.8180679
6443,0.72693706
6444,0.7469765
6445,0.7509424
6446,0.7912785
6447,0.7657774
6448,0.79612833
6449,0.63674146
6450,0.86892796
6451,0.7805172
6452,0.82314384
6453,0.752809
6454,0.59192497
6455,0.7005049
6456,0.74528414
6457,0.74370277
6458,0.8094406
6459,0.7981025
6460,0.6981584
6461,0.69088423
6462,0.7995645
6463,0.7419114
6464,0.84661895
6465,0.7960812
6466,0.81384754
6467,0.8485445
6468,0.7454702
6469,0.8294244
6470,0.91506445
6471,0.71759903
6472,0.81178534
6473,0.8439905
6474,0.7943965
6475,0.8037702
6476,0.749869
6477,0.730178
6478,0.80277395
6479,0.91123044
6480,0.8054115
6481,0.9437766
6482,0.8348533
6483,0.76403964
6484,0.83879375
6485,0.76680547
6486,0.94477385
6487,0.73345995
6488,0.80126876
6489,0.85109025
6490,0.81569356
6491,0.93263495
6492,0.80752355
6493,0.79203475
6494,0.8070315
6495,0.8171612
6496,0.8417349
6497,0.87947893
6498,0.8114851
6499,0.8200121
6500,0.73271257
6501,0.7587303
6502,0.93447435
6503,0.8482994
6504,0.80630076
6505,0.8224161
6506,0.83020526
6507,0.88603556
6508,0.75689393
6509,0.7902833
6510,0.7346073
6511,0.8656249
6512,0.76325023
6513,0.8149937
6514,0.8467199
6515,0.7936913
6516,0.7699558
6517,0.75689393
6518,0.7902833
6519,0.7346073
6520,0.8467199
6521,0.76325023
6522,0.8149937
6523,0.7699558
6524,0.8656249
6525,0.88603556
6526,0.8482994
6527,0.8224161
6528,0.80630076
6529,0.93447435
6530,0.7587303
6531,0.73271257
6532,0.8200121
6533,0.83020526
6534,0.8114851
6535,0.7936913
6536,0.63674146
6537,0.82314384
6538,0.7469765
6539,0.72693706
6540,0.77737486
6541,0.7981025
6542,0.8094406
6543,0.74528414
6544,0.59192497
6545,0.752809
6546,0.7005049
6547,0.8180679
6548,0.74370277
6549,0.86892796
6550,0.79612833
6551,0.7657774
6552,0.7912785
6553,0.7509424
6554,0.7805172
6555,0.78014314
6556,0.9214388
6557,0.84205735
6558,0.82808816
6559,0.9074718
6560,0.84872454
6561,0.91193455
6562,0.7373573
6563,0.8535023
6564,0.7863146
6565,0.8272916
6566,0.827575
6567,0.83871496
6568,0.7486721
6569,0.92222327
6570,0.71399766
6571,0.76635396
6572,0.76368153
6573,0.75498796
6574,0.8200121
6575,0.7587303
6576,0.93447435
6577,0.8482994
6578,0.80630076
6579,0.8224161
6580,0.8114851
6581,0.88603556
6582,0.7699558
6583,0.83020526
6584,0.75689393
6585,0.7902833
6586,0.7346073
6587,0.8656249
6588,0.76325023
6589,0.8149937
6590,0.8467199
6591,0.7936913
6592,0.73271257
6593,0.77794474
6594,0.63607967
6595,0.75076056
6596,0.7975139
6597,0.8102441
6598,0.74756634
6599,0.7040839
6600,0.5742515
6601,0.7522184
6602,0.74897105
6603,0.8231325
6604,0.8188714
6605,0.7400342
6606,0.86892796
6607,0.7951636
6608,0.78267455
6609,0.7912785
6610,0.7823075
6611,0.7276047
6612,0.8018759
6613,0.6912783
6614,0.74667513
6615,0.8434509
6616,0.79511917
6617,0.8160378
6618,0.74648046
6619,0.8273624
6620,0.9150437
6621,0.7175249
6622,0.81178534
6623,0.86202466
6624,0.7935985
6625,0.8033765
6626,0.700193
6627,0.74994004
6628,0.7301584
6629,0.80102605
6630,0.8475874
6631,0.81988364
6632,0.7947759
6633,0.8438703
6634,0.87733555
6635,0.7427418
6636,0.62967366
6637,0.85018075
6638,0.7523645
6639,0.7742391
6640,0.90472925
6641,0.7054135
6642,0.89990103
6643,0.72741127
6644,0.92272806
6645,0.8246228
6646,0.7360424
6647,0.78241235
6648,0.80250055
6649,0.969813
6650,0.8018759
6651,0.7301584
6652,0.8033765
6653,0.7935985
6654,0.86202466
6655,0.81178534
6656,0.7175249
6657,0.9150437
6658,0.700193
6659,0.74648046
6660,0.79511917
6661,0.8434509
6662,0.74667513
6663,0.80102605
6664,0.6912783
6665,0.8475874
6666,0.8160378
6667,0.74994004
6668,0.8273624
6669,0.969813
6670,0.78241235
6671,0.7360424
6672,0.8246228
6673,0.92272806
6674,0.72741127
6675,0.89990103
6676,0.7054135
6677,0.80250055
6678,0.90472925
6679,0.7523645
6680,0.85018075
6681,0.62967366
6682,0.7427418
6683,0.87733555
6684,0.8438703
6685,0.81988364
6686,0.7742391
6687,0.7947759
6688,0.8846052
6689,0.83460045
6690,0.7997889
6691,0.7794794
6692,0.81014204
6693,0.8872506
6694,0.73639923
6695,0.76547325
6696,0.8326458
6697,0.89185226
6698,0.77376276
6699,0.66906106
6700,0.8409877
6701,0.7517074
6702,0.8403541
6703,0.8796695
6704,0.7258476
6705,0.7532058
6706,0.7789834
6707,0.8475874
6708,0.74994004
6709,0.700193
6710,0.8033765
6711,0.7935985
6712,0.86202466
6713,0.81178534
6714,0.74648046
6715,0.9150437
6716,0.8273624
6717,0.8160378
6718,0.79511917
6719,0.8434509
6720,0.74667513
6721,0.8018759
6722,0.7175249
6723,0.7301584
6724,0.6912783
6725,0.80102605
6726,0.8311474
6727,0.8865744
6728,0.833518
6729,0.7894566
6730,0.8405244
6731,0.80349904
6732,0.872166
6733,0.8278653
6734,0.8314912
6735,0.8538065
6736,0.79759234
6737,0.8982215
6738,0.8115443
6739,0.8404544
6740,0.91432685
6741,0.7601997
6742,0.9120081
6743,0.85016316
6744,0.8769172
6745,0.7601997
6746,0.85016316
6747,0.8769172
6748,0.8865744
6749,0.833518
6750,0.7894566
6751,0.8405244
6752,0.80349904
6753,0.872166
6754,0.8278653
6755,0.9120081
6756,0.8538065
6757,0.79759234
6758,0.8982215
6759,0.8115443
6760,0.8404544
6761,0.91432685
6762,0.8311474
6763,0.8314912
6764,0.74897105
6765,0.63607967
6766,0.5742515
6767,0.7975139
6768,0.8102441
6769,0.74756634
6770,0.7040839
6771,0.77794474
6772,0.7522184
6773,0.8231325
6774,0.7823075
6775,0.8188714
6776,0.7400342
6777,0.86892796
6778,0.7951636
6779,0.78267455
6780,0.7912785
6781,0.75076056
6782,0.7276047
6783,0.7522184
6784,0.8231325
6785,0.5742515
6786,0.7823075
6787,0.74756634
6788,0.8102441
6789,0.7040839
6790,0.8188714
6791,0.63607967
6792,0.86892796
6793,0.7951636
6794,0.78267455
6795,0.7912785
6796,0.75076056
6797,0.74897105
6798,0.7276047
6799,0.7975139
6800,0.7400342
6801,0.77794474
6802,0.8475874
6803,0.8018759
6804,0.6912783
6805,0.80102605
6806,0.74667513
6807,0.8434509
6808,0.79511917
6809,0.8160378
6810,0.74648046
6811,0.9150437
6812,0.7175249
6813,0.81178534
6814,0.86202466
6815,0.7935985
6816,0.8033765
6817,0.700193
6818,0.74994004
6819,0.7301584
6820,0.8273624
6821,0.82391626
6822,0.7796799
6823,0.82217294
6824,0.79562706
6825,0.85609406
6826,0.7745166
6827,0.7534183
6828,0.8232385
6829,0.80916387
6830,0.79337686
6831,0.77422535
6832,0.81067455
6833,0.9040615
6834,0.8218306
6835,0.80492294
6836,0.85002553
6837,0.8170236
6838,0.79980606
6839,0.9620838
6840,0.86030847
6841,0.9378222
6842,0.78033745
6843,0.82593423
6844,0.6666809
6845,0.86319226
6846,0.7557039
6847,0.79275835
6848,0.7776085
6849,0.83327293
6850,0.81236076
6851,0.77154386
6852,0.80252284
6853,0.6475482
6854,0.94381446
6855,0.74354726
6856,0.79591095
6857,0.6648954
6858,0.8430069
6859,0.75245774
6860,0.8533166
6861,0.86458397
6862,0.8056186
6863,0.73552
6864,0.8061841
6865,0.77259094
6866,0.74594223
6867,0.76963216
6868,0.81989324
6869,0.802015
6870,0.8199609
6871,0.83058006
6872,0.67920196
6873,0.80291176
6874,0.85673445
6875,0.8902357
6876,0.79696286
6877,0.8353113
6878,0.82905614
6879,0.83796155
6880,0.81071633
6881,0.89479053
6882,0.7976739
6883,0.85095465
6884,0.90926534
6885,0.8288406
6886,0.91065013
6887,0.824633
6888,0.7997013
6889,0.83767253
6890,0.78622425
6891,0.82970655
6892,0.8852354
6893,0.8746767
6894,0.8479227
6895,0.86893356
6896,0.75753534
6897,0.82905614
6898,0.83796155
6899,0.8479227
6900,0.8746767
6901,0.8852354
6902,0.82970655
6903,0.78622425
6904,0.83767253
6905,0.75753534
6906,0.7997013
6907,0.824633
6908,0.8288406
6909,0.90926534
6910,0.85095465
6911,0.7976739
6912,0.89479053
6913,0.81071633
6914,0.86893356
6915,0.91065013
6916,0.7998939
6917,0.7799532
6918,0.6363114
6919,0.8127128
6920,0.7492363
6921,0.7063886
6922,0.57558453
6923,0.82800424
6924,0.7846356
6925,0.81867707
6926,0.7536262
6927,0.8712839
6928,0.7977434
6929,0.7987828
6930,0.7916172
6931,0.7516062
6932,0.7571454
6933,0.7261637
6934,0.7413673
6935,0.7986507
6936,0.9389626
6937,0.7918665
6938,0.9550255
6939,0.84342825
6940,0.7499474
6941,0.95128614
6942,0.83848256
6943,0.8336295
6944,0.8231844
6945,0.8845917
6946,0.7398504
6947,0.80662566
6948,1.0
6949,1.0
6950,0.8935968
6951,0.8634577
6952,0.8058901
6953,0.76092094
6954,0.7953326
6955,0.97175664
6956,0.6322399
6957,0.8185976
6958,0.8466333
6959,0.8795088
6960,0.7456991
6961,0.85178566
6962,0.7530553
6963,0.8015667
6964,0.77603495
6965,0.70749485
6966,0.90975225
6967,0.72939396
6968,0.9249121
6969,0.82317793
6970,0.7370974
6971,0.7815163
6972,0.90540564
6973,0.89494765
6974,0.81136304
6975,0.8399998
6976,0.8466352
6977,0.82688266
6978,0.75819474
6979,0.79970276
6980,0.9094183
6981,0.8511117
6982,0.8872644
6983,0.8303448
6984,0.8238193
6985,0.8690907
6986,0.79888755
6987,0.8378296
6988,0.7863813
6989,0.82986367
6990,0.8720644
6991,0.9115531
6992,0.75819474
6993,0.82688266
6994,0.8378296
6995,0.8720644
6996,0.8466352
6997,0.8872644
6998,0.82986367
6999,0.7863813
7000,0.79888755
7001,0.8690907
7002,0.8238193
7003,0.9115531
7004,0.8511117
7005,0.79970276
7006,0.89494765
7007,0.81136304
7008,0.8399998
7009,0.9094183
7010,0.8303448
7011,0.82317793
7012,0.9249121
7013,0.7370974
7014,0.8185976
7015,0.7953326
7016,0.97175664
7017,0.72939396
7018,0.7815163
7019,0.90975225
7020,0.85178566
7021,0.90540564
7022,0.70749485
7023,0.8466333
7024,0.8795088
7025,0.7456991
7026,0.8015667
7027,0.7530553
7028,0.77603495
7029,0.6322399
7030,0.731818
7031,0.8247299
7032,0.8119438
7033,0.8269345
7034,0.7758673
7035,0.62358475
7036,0.72281075
7037,0.9088973
7038,0.7378031
7039,0.8553672
7040,0.57406867
7041,0.90087795
7042,0.6986887
7043,0.72950727
7044,0.8700036
7045,0.65860665
7046,0.7124734
7047,0.7878717
7048,0.7351677
7049,0.8418806
7050,0.9230369
7051,0.8414276
7052,0.80740404
7053,0.7863725
7054,0.77967024
7055,0.7393853
7056,0.91260064
7057,0.8574107
7058,0.90718424
7059,0.82529896
7060,0.78314245
7061,0.71747404
7062,0.7648519
7063,0.85801333
7064,0.925491
7065,0.8369258
7066,0.7508756
7067,0.7624219
7068,0.7485945
7069,0.8427849
7070,0.87056845
7071,0.8839248
7072,0.8217813
7073,0.7793517
7074,0.8328945
7075,0.7919184
7076,0.85129607
7077,0.8261083
7078,0.82767546
7079,0.9086112
7080,0.838466
7081,0.8066805
7082,0.81649494
7083,0.7984165
7084,0.8478457
7085,0.91026676
7086,0.88526535
7087,0.7889079
7088,0.85459596
7089,0.6986887
7090,0.72950727
7091,0.7340145
7092,0.65860665
7093,0.7115509
7094,0.87051237
7095,0.57097995
7096,0.7378031
7097,0.9033356
7098,0.82356244
7099,0.8119438
7100,0.8269345
7101,0.72281075
7102,0.6223396
7103,0.9093835
7104,0.731818
7105,0.7758673
7106,0.91260064
7107,0.7648519
7108,0.71747404
7109,0.78314245
7110,0.8574107
7111,0.82529896
7112,0.90718424
7113,0.8369258
7114,0.7624219
7115,0.9230369
7116,0.77967024
7117,0.7863725
7118,0.80740404
7119,0.8414276
7120,0.8418806
7121,0.7508756
7122,0.925491
7123,0.85801333
7124,0.7393853
7125,0.6986887
7126,0.82356244
7127,0.8119438
7128,0.8269345
7129,0.7758673
7130,0.6223396
7131,0.72281075
7132,0.9033356
7133,0.731818
7134,0.7378031
7135,0.85459596
7136,0.57097995
7137,0.7889079
7138,0.7115509
7139,0.65860665
7140,0.9093835
7141,0.87051237
7142,0.72950727
7143,0.7340145
7144,0.79957676
7145,0.72521275
7146,0.7555326
7147,0.7504872
7148,0.7921356
7149,0.7985589
7150,0.79758054
7151,0.7790557
7152,0.87110996
7153,0.81874675
7154,0.7835166
7155,0.82925
7156,0.7522414
7157,0.5726892
7158,0.74882394
7159,0.8127577
7160,0.7380673
7161,0.7062405
7162,0.6362856
7163,0.7908664
7164,0.73383915
7165,0.758555
7166,0.9308696
7167,0.8649681
7168,0.79836506
7169,0.8213776
7170,0.79138076
7171,0.88015395
7172,0.765961
7173,0.75613636
7174,0.79082143
7175,0.7309733
7176,0.83327043
7177,0.77575064
7178,0.8185331
7179,0.8299772
7180,0.848519
7181,0.84019375
7182,0.7782861
7183,0.74831283
7184,0.7890709
7185,0.7966219
7186,0.7962414
7187,0.86729735
7188,0.7374053
7189,0.8165723
7190,0.78134215
7191,0.827911
7192,0.7500669
7193,0.57202715
7194,0.7049653
7195,0.7466495
7196,0.8083442
7197,0.79929316
7198,0.63192844
7199,0.7533582
7200,0.7225328
7201,0.80265963
7202,0.87853366
7203,0.74135816
7204,0.6323639
7205,0.8473215
7206,0.7526705
7207,0.77219105
7208,0.90384996
7209,0.84538746
7210,0.7040126
7211,0.723871
7212,0.9245065
7213,0.82193184
7214,0.73671263
7215,0.7811316
7216,0.79305446
7217,0.9718884
7218,0.9100196
7219,0.8182085
7220,0.8007272
7221,0.85921526
7222,0.80261946
7223,0.7720416
7224,0.8478197
7225,0.74734986
7226,0.8057095
7227,0.74325067
7228,0.7264858
7229,0.85197175
7230,0.86466485
7231,0.8123272
7232,0.7851583
7233,0.81539124
7234,0.82261264
7235,0.7658491
7236,0.8283494
7237,0.79452413
7238,0.67485684
7239,0.8709178
7240,0.8210743
7241,0.7807565
7242,0.8328945
7243,0.7919184
7244,0.8532289
7245,0.8170231
7246,0.8269764
7247,0.84418964
7248,0.90990305
7249,0.7984165
7250,0.8866701
7251,0.80544835
7252,0.8381497
7253,0.9086112
7254,0.8261083
7255,0.7485945
7256,0.8478457
7257,0.88356096
7258,0.83922404
7259,0.77363276
7260,0.82953703
7261,0.7967692
7262,0.7720749
7263,0.8036917
7264,0.88112545
7265,0.7314451
7266,0.87743473
7267,0.76064366
7268,0.8855723
7269,0.7473607
7270,0.8355547
7271,0.8681587
7272,0.7191804
7273,0.74474394
7274,0.82871133
7275,0.77069485
7276,0.6590013
7277,0.8186801
7278,0.86913556
7279,0.8041113
7280,0.8244386
7281,0.8362484
7282,0.89245015
7283,0.7729495
7284,0.8755916
7285,0.7659961
7286,0.8468744
7287,0.9003965
7288,0.794133
7289,0.8654993
7290,0.79873335
7291,0.8129651
7292,0.8672863
7293,0.77232134
7294,0.89382917
7295,0.8015381
7296,0.7212485
7297,0.86873686
7298,0.6806881
7299,0.7713466
7300,0.855274
7301,0.725922
7302,0.8052713
7303,0.6482513
7304,0.83470774
7305,0.8144417
7306,0.7605253
7307,0.8860463
7308,0.6563884
7309,0.7511123
7310,0.7099617
7311,0.90517604
7312,0.80155647
7313,0.7483088
7314,0.61552453
7315,0.7659961
7316,0.8672863
7317,0.8186801
7318,0.9003965
7319,0.794133
7320,0.8654993
7321,0.79873335
7322,0.8129651
7323,0.77232134
7324,0.8468744
7325,0.8041113
7326,0.89382917
7327,0.8362484
7328,0.8244386
7329,0.8755916
7330,0.86913556
7331,0.8015381
7332,0.7729495
7333,0.89245015
7334,0.84103405
7335,0.8126667
7336,0.7622101
7337,0.80872375
7338,0.66599834
7339,0.81932145
7340,0.7356525
7341,0.7966018
7342,0.7377463
7343,0.84495705
7344,0.7662065
7345,0.7957195
7346,0.7088855
7347,0.79025
7348,0.854084
7349,0.7897379
7350,0.8425091
7351,0.75629693
7352,0.8112119
7353,0.812225
7354,0.73097515
7355,0.83017004
7356,0.7643428
7357,0.74972016
7358,0.8551971
7359,0.73408973
7360,0.8191185
7361,0.72203374
7362,0.78618926
7363,0.7605837
7364,0.82141685
7365,0.81748617
7366,0.7688607
7367,0.92814445
7368,0.8005749
7369,0.7928209
7370,0.78446555
7371,0.7252393
7372,0.7748761
7373,0.7843358
7374,0.7328695
7375,0.7156087
7376,0.8307001
7377,0.6691621
7378,0.78162944
7379,0.73471296
7380,0.82938546
7381,0.77857363
7382,0.7868346
7383,0.7319584
7384,0.8028803
7385,0.8933526
7386,0.69766
7387,0.78987324
7388,0.8453786
7389,0.6825348
7390,0.7997287
7391,0.7209066
7392,0.8931178
7393,0.813937
7394,0.6829519
7395,0.8417966
7396,0.8551377
7397,0.7621938
7398,0.61155534
7399,0.7096318
7400,0.8003429
7401,0.81550896
7402,0.72890365
7403,0.7143235
7404,0.8808303
7405,0.5611075
7406,0.7710244
7407,0.7002463
7408,0.63773113
7409,0.7158578
7410,0.73936784
7411,0.88165057
7412,0.7495042
7413,1.0
7414,0.79492533
7415,0.73130906
7416,0.8731041
7417,0.7985293
7418,0.8200588
7419,0.7864317
7420,0.9256476
7421,0.78615844
7422,0.8272673
7423,0.82994384
7424,0.9872114
7425,0.93486565
7426,0.81145394
7427,0.84911597
7428,0.94697714
7429,0.7809726
7430,0.78227466
7431,0.7701745
7432,0.8466942
7433,0.8585949
7434,0.8107646
7435,0.77908957
7436,0.7918165
7437,0.7939454
7438,0.8066327
7439,0.76158035
7440,0.88023347
7441,0.83680594
7442,0.84709424
7443,0.83441484
7444,0.79957885
7445,0.8875677
7446,0.8309015
7447,0.9164299
7448,0.6185156
7449,0.71239823
7450,0.7326745
7451,0.7786581
7452,0.7888538
7453,0.7822527
7454,0.8504187
7455,0.7260188
7456,0.8073878
7457,0.7433292
7458,0.7649521
7459,0.80990237
7460,0.7330825
7461,0.56179464
7462,0.69266784
7463,0.7330052
7464,0.7666336
7465,0.7879576
7466,0.79517317
7467,0.7565784
7468,0.8673191
7469,0.7101188
7470,0.75927895
7471,0.8160187
7472,0.7834727
7473,0.76073617
7474,0.7919324
7475,0.87561035
7476,0.721562
7477,0.7474267
7478,0.8163039
7479,0.8690467
7480,0.65667564
7481,0.8275653
7482,0.7416201
7483,0.82192266
7484,0.85250807
7485,0.73429406
7486,0.9370985
7487,0.8264492
7488,0.8193687
7489,0.7886885
7490,0.73418176
7491,0.93669975
7492,0.63499063
7493,0.7952503
7494,0.75905526
7495,0.76632583
7496,0.7985662
7497,0.6531481
7498,0.786396
7499,0.85554236
7500,0.74772036
7501,0.8487318
7502,0.6591996
7503,0.81893384
7504,0.7692264
7505,0.87120754
7506,0.80646646
7507,0.8189168
7508,0.8378905
7509,0.84171706
7510,0.895827
7511,0.7740936
7512,0.7694239
7513,0.8527217
7514,0.87306386
7515,0.9161868
7516,0.7965199
7517,0.8809698
7518,0.8016647
7519,0.816919
7520,0.78263986
7521,0.8778502
7522,0.8287571
7523,0.89907515
7524,0.7219757
7525,0.7961567
7526,0.92121905
7527,0.83695316
7528,0.788996
7529,0.8100449
7530,0.7554696
7531,0.9223285
7532,0.81551325
7533,0.75271744
7534,0.8163927
7535,0.821342
7536,0.85563546
7537,0.7763494
7538,0.808105
7539,0.92398643
7540,0.8088341
7541,0.8977946
7542,0.84683293
7543,0.90433776
7544,0.84545624
7545,0.8050453
7546,0.8853815
7547,0.8047348
7548,0.84779704
7549,0.8516269
7550,0.8321552
7551,0.8166149
7552,0.82029164
7553,0.78397036
7554,0.82919616
7555,0.79595304
7556,0.9160488
7557,0.7474648
7558,0.832846
7559,0.86929846
7560,0.8443719
7561,0.89157504
7562,0.76685584
7563,0.871446
7564,0.76837045
7565,0.7391661
7566,0.7141417
7567,0.86295956
7568,0.8303479
7569,0.79949075
7570,0.74539745
7571,0.8231963
7572,0.82663995
7573,0.7552329
7574,0.7258398
7575,0.87814486
7576,0.7962657
7577,0.848129
7578,0.6575143
7579,0.88894784
7580,0.7669531
7581,0.78957695
7582,0.8014283
7583,0.734887
7584,0.6951817
7585,0.56461483
7586,0.7379796
7587,0.81185293
7588,0.7698493
7589,0.7697582
7590,0.6185358
7591,0.7288389
7592,0.8614434
7593,0.7857582
7594,0.7915657
7595,0.78427494
7596,0.73757166
7597,0.74756485
7598,0.7139676
7599,0.8128912
7600,0.733424
7601,0.77229655
7602,0.77120084
7603,0.69183713
7604,0.7443079
7605,0.92651576
7606,0.7824292
7607,0.91272604
7608,0.822924
7609,0.6896927
7610,0.87864095
7611,0.8615769
7612,0.76013184
7613,1.0
7614,0.7639073
7615,0.86538726
7616,0.93393594
7617,0.7637119
7618,0.8350072
7619,0.7443079
7620,0.8615769
7621,0.8350072
7622,0.77120084
7623,0.69183713
7624,0.6896927
7625,1.0
7626,0.822924
7627,0.7824292
7628,0.92651576
7629,0.87864095
7630,0.91272604
7631,0.7639073
7632,0.733424
7633,0.77229655
7634,0.7637119
7635,0.93393594
7636,0.86538726
7637,0.76013184
7638,0.7976019
7639,0.8344949
7640,0.7848866
7641,0.747848
7642,0.83116454
7643,0.90656245
7644,0.8473271
7645,0.8896619
7646,0.8058728
7647,0.8501345
7648,0.9165848
7649,0.8338685
7650,0.8182638
7651,0.8550905
7652,0.84608525
7653,0.87101173
7654,0.89320946
7655,0.8066862
7656,0.8212078
7657,0.92718726
7658,0.78822625
7659,0.7531758
7660,0.7430395
7661,0.786397
7662,0.8257247
7663,0.9319836
7664,0.8345311
7665,0.8029456
7666,0.8123207
7667,0.82012826
7668,0.88158005
7669,0.8527176
7670,0.99075395
7671,1.0
7672,0.79300374
7673,0.8740395
7674,0.7330855
7675,0.9467905
7676,0.96564484
7677,0.7884027
7678,0.77952844
7679,0.73492855
7680,0.812848
7681,0.9157506
7682,0.71924466
7683,0.90103847
7684,0.88812846
7685,0.7600148
7686,0.75253916
7687,0.63045496
7688,0.7375
7689,0.8745263
7690,0.83298624
7691,0.79482764
7692,0.80805576
7693,0.6986935
7694,0.8411897
7695,0.6123938
7696,0.78070426
7697,0.7885307
7698,0.73474336
7699,0.7456339
7700,0.70790666
7701,0.78374493
7702,0.7266592
7703,0.8115405
7704,0.7638215
7705,0.8610654
7706,0.7345124
7707,0.56243515
7708,0.76258934
7709,0.7852011
7710,0.6884864
7711,0.80023515
7712,0.7224349
7713,0.805892
7714,0.79941887
7715,0.78524345
7716,0.7448176
7717,0.7339271
7718,0.78024375
7719,0.8606049
7720,0.78292865
7721,0.7266592
7722,0.81072426
7723,0.76300514
7724,0.80507565
7725,0.56243515
7726,0.6876701
7727,0.72161865
7728,0.78771436
7729,0.7336961
7730,0.7621287
7731,0.6112677
7732,0.7070903
7733,0.7392448
7734,0.7942401
7735,0.8411692
7736,0.69358504
7737,0.78624713
7738,0.83842576
7739,0.7844673
7740,0.8059268
7741,0.7376302
7742,0.812888
7743,0.91193163
7744,0.71780705
7745,0.7963635
7746,0.8531167
7747,0.79134214
7748,0.79248583
7749,0.6877368
7750,0.7428182
7751,0.7230967
7752,0.9073518
7753,0.8469833
7754,0.805724
7755,0.846944
7756,0.87101173
7757,0.8928658
7758,0.8212078
7759,0.7848866
7760,0.8190533
7761,0.79874706
7762,0.85587996
7763,0.8335247
7764,0.916241
7765,0.8512796
7766,0.89080703
7767,0.8063173
7768,0.747848
7769,0.83563995
7770,0.83082074
7771,0.8063173
7772,0.747848
7773,0.8928658
7774,0.8212078
7775,0.7848866
7776,0.79874706
7777,0.85587996
7778,0.8190533
7779,0.87101173
7780,0.8335247
7781,0.8512796
7782,0.89080703
7783,0.805724
7784,0.8469833
7785,0.9073518
7786,0.83082074
7787,0.916241
7788,0.846944
7789,0.83563995
7790,0.7339271
7791,0.6112677
7792,0.7070903
7793,0.7621287
7794,0.78524345
7795,0.7448176
7796,0.72161865
7797,0.6876701
7798,0.56243515
7799,0.7336961
7800,0.79941887
7801,0.76300514
7802,0.78024375
7803,0.80507565
7804,0.78292865
7805,0.78771436
7806,0.7266592
7807,0.81072426
7808,0.8606049
7809,0.80507565
7810,0.7070903
7811,0.7621287
7812,0.78524345
7813,0.79941887
7814,0.72161865
7815,0.6876701
7816,0.56243515
7817,0.7336961
7818,0.76300514
7819,0.6112677
7820,0.7266592
7821,0.8606049
7822,0.78292865
7823,0.78771436
7824,0.78024375
7825,0.7339271
7826,0.7448176
7827,0.81072426
7828,0.7608821
7829,0.815547
7830,0.6720473
7831,0.75337565
7832,0.89261216
7833,0.7689807
7834,0.8203915
7835,0.84330446
7836,0.65904003
7837,0.91583234
7838,0.7373696
7839,0.8027342
7840,0.72923505
7841,0.87600356
7842,0.6253538
7843,0.7774266
7844,0.8621289
7845,0.7530041
7846,0.69940317
7847,0.8358942
7848,0.77800184
7849,0.6220184
7850,0.7244746
7851,0.9041842
7852,0.7330301
7853,0.7587854
7854,0.7125311
7855,0.57078135
7856,0.7824754
7857,0.64693224
7858,0.73784935
7859,0.7330561
7860,0.7012943
7861,0.8155985
7862,0.8954937
7863,0.8409411
7864,0.8573516
7865,0.87872875
7866,0.9003565
7867,0.87498903
7868,0.8820545
7869,0.8391918
7870,0.84457624
7871,0.89818305
7872,0.7750233
7873,0.8778788
7874,0.83172387
7875,0.9183482
7876,0.80506134
7877,0.881878
7878,0.8077655
7879,0.8200653
7880,0.78517485
7881,0.8121279
7882,0.85816276
7883,0.8230003
7884,0.78356427
7885,0.8377589
7886,0.75706524
7887,0.62532324
7888,0.73104537
7889,0.8739983
7890,0.6975819
7891,0.7763786
7892,0.85761344
7893,0.7496659
7894,0.901723
7895,0.73429215
7896,0.819399
7897,0.76831335
7898,0.89060676
7899,0.65738
7900,0.7507881
7901,0.6705702
7902,0.79996574
7903,0.81232864
7904,0.79292977
7905,0.91416514
7906,0.9927007
7907,0.8159336
7908,0.8156273
7909,0.8534912
7910,0.8034032
7911,0.79501855
7912,0.7747332
7913,0.8015192
7914,0.7722111
7915,0.877734
7916,0.8437087
7917,0.8870077
7918,0.82071
7919,0.8117887
7920,0.82707995
7921,0.844316
7922,0.7700835
7923,0.8516207
7924,0.79267085
7925,0.802505
7926,0.8489889
7927,0.7432958
7928,0.80275583
7929,0.7630578
7930,0.8244445
7931,0.83600396
7932,0.8111249
7933,0.7774197
7934,0.856717
7935,0.760111
7936,0.81912327
7937,0.815296
7938,0.76574117
7939,0.6907655
7940,0.7996777
7941,0.7119267
7942,0.8917602
7943,0.69004923
7944,0.9257847
7945,0.8020034
7946,0.71721804
7947,0.6525523
7948,0.73193717
7949,0.8315404
7950,0.74567294
7951,0.83069
7952,0.6584414
7953,0.7907189
7954,0.7432192
7955,0.74339885
7956,0.72254205
7957,0.7524519
7958,0.6224788
7959,0.9227599
7960,0.8766856
7961,0.76367605
7962,0.6266173
7963,0.79825133
7964,0.8042285
7965,0.7947208
7966,0.87348557
7967,0.73696834
7968,0.82995176
7969,0.72465134
7970,0.7827991
7971,0.7511025
7972,0.572554
7973,0.7075455
7974,0.75346583
7975,0.8177439
7976,0.8040984
7977,0.7918327
7978,0.81683224
7979,0.75343066
7980,1.0
7981,0.946307
7982,0.81789196
7983,0.760754
7984,0.87688845
7985,0.83028793
7986,0.82134706
7987,0.9270531
7988,0.81565464
7989,0.8080885
7990,0.7955383
7991,0.8290343
7992,0.8333963
7993,0.77033025
7994,0.77945477
7995,0.8506627
7996,0.92219096
7997,0.8805746
7998,0.98644626
7999,0.92557794
8000,0.6518346
8001,0.7325764
8002,0.83218795
8003,0.74631214
8004,0.83150655
8005,0.9238036
8006,0.6581561
8007,0.71785724
8008,0.79047406
8009,0.7429136
8010,0.72318125
8011,0.75309116
8012,0.69068843
8013,0.6229059
8014,0.87530434
8015,0.8894264
8016,0.74364626
8017,0.8026425
8018,0.8116425
8019,0.87338006
8020,0.7848136
8021,0.8204978
8022,0.8077655
8023,0.8829476
8024,0.80506134
8025,0.91805756
8026,0.8589792
8027,0.83172387
8028,0.7750233
8029,0.78242046
8030,0.89861554
8031,0.8456253
8032,0.8376502
8033,0.87922776
8034,0.87923896
8035,0.8238169
8036,0.90078896
8037,0.7638677
8038,0.7873568
8039,0.80730546
8040,0.8313158
8041,0.87833464
8042,0.7604941
8043,0.66282105
8044,0.8432077
8045,0.78251326
8046,0.96654546
8047,0.88434774
8048,0.7223001
8049,0.8974269
8050,0.7493892
8051,0.91726893
8052,0.8084341
8053,0.7641823
8054,0.80902827
8055,0.79257804
8056,0.8484012
8057,0.80544007
8058,0.82574236
8059,0.9975874
8060,0.8233938
8061,0.8650872
8062,0.81549466
8063,0.806059
8064,0.7807609
8065,0.7827784
8066,0.92299855
8067,0.88586015
8068,0.85485524
8069,0.8933964
8070,0.83294344
8071,0.82414037
8072,0.836681
8073,0.7796847
8074,0.81124115
8075,0.82365656
8076,0.8134943
8077,0.77884024
8078,0.7842966
8079,0.8137994
8080,0.8935381
8081,0.88406724
8082,0.76993567
8083,0.8401041
8084,0.9047872
8085,0.7461373
8086,0.8612372
8087,0.6954486
8088,0.7814301
8089,0.7592829
8090,0.8485381
8091,0.870361
8092,0.7649075
8093,0.73333585
8094,0.8140175
8095,0.9105462
8096,0.86503315
8097,0.8188364
8098,0.7923932
8099,0.83239424
8100,0.81825626
8101,0.89328194
8102,0.8331896
8103,0.9266571
8104,0.8893727
8105,0.78399414
8106,0.7907553
8107,0.90894043
8108,0.8565772
8109,0.84593374
8110,0.87626946
8111,0.88146126
8112,0.84148055
8113,0.75701725
8114,0.7271333
8115,0.75079256
8116,0.79701763
8117,0.6620587
8118,0.93009365
8119,0.8424548
8120,0.65501416
8121,0.8389738
8122,0.73804426
8123,0.70166045
8124,0.72665066
8125,0.81310874
8126,0.9304166
8127,0.8941828
8128,0.7509325
8129,0.63611746
8130,0.75092924
8131,0.88335973
8132,0.9105462
8133,0.8331896
8134,0.88146126
8135,0.86503315
8136,0.8188364
8137,0.7923932
8138,0.83239424
8139,0.81825626
8140,0.89328194
8141,0.87626946
8142,0.9266571
8143,0.84148055
8144,0.8893727
8145,0.78399414
8146,0.7907553
8147,0.84593374
8148,0.8565772
8149,0.90894043
8150,0.8140175
8151,0.86446685
8152,0.81097496
8153,0.70316446
8154,0.772803
8155,0.81284535
8156,0.8168793
8157,0.75317585
8158,0.77523583
8159,0.82834995
8160,0.8211888
8161,0.8140877
8162,0.74913347
8163,0.8470737
8164,0.790895
8165,0.718788
8166,0.79161334
8167,0.85434043
8168,0.8083623
8169,0.8123061
8170,0.72518206
8171,0.7349124
8172,0.7333187
8173,0.7971255
8174,0.7515383
8175,0.8360238
8176,0.77909726
8177,0.8166814
8178,0.8204222
8179,0.9191135
8180,0.85303533
8181,0.76013196
8182,0.86405355
8183,0.80384064
8184,0.7885327
8185,0.6879589
8186,0.7560682
8187,0.80028427
8188,0.80794704
8189,0.7837302
8190,0.813233
8191,0.88970506
8192,0.73798245
8193,0.78084743
8194,0.8138487
8195,0.8239279
8196,0.88406724
8197,0.75993544
8198,0.8401923
8199,0.90541285
8200,0.69043
8201,0.86186296
8202,0.7626242
8203,0.8485381
8204,0.87044907
8205,0.7227527
8206,0.748254
8207,0.77827394
8208,0.84135944
8209,0.889078
8210,0.76647043
8211,0.6764842
8212,0.8556309
8213,0.79138076
8214,0.89381695
8215,0.92882454
8216,0.90617055
8217,0.7636363
8218,0.80742407
8219,0.80967295
8220,0.7728676
8221,0.8134116
8222,0.7964208
8223,0.9753094
8224,0.73115313
8225,0.7940172
8226,0.77266484
8227,0.7964208
8228,0.9753094
8229,0.80742407
8230,0.84135944
8231,0.889078
8232,0.76647043
8233,0.6764842
8234,0.8556309
8235,0.79138076
8236,0.77266484
8237,0.7940172
8238,0.73115313
8239,0.90617055
8240,0.7636363
8241,0.92882454
8242,0.80967295
8243,0.7728676
8244,0.8134116
8245,0.89381695
8246,0.81830055
8247,0.9109934
8248,0.82177746
8249,0.7943694
8250,0.87078226
8251,0.8363531
8252,0.8289342
8253,0.8587593
8254,0.7628016
8255,0.72657365
8256,0.9418537
8257,0.81740505
8258,0.8043283
8259,0.7684427
8260,0.84760845
8261,0.80573624
8262,0.9228705
8263,0.830108
8264,0.92483616
8265,0.88406724
8266,0.78084743
8267,0.7764352
8268,0.7219542
8269,0.866275
8270,0.8485381
8271,0.7626242
8272,0.86186296
8273,0.69043
8274,0.74745554
8275,0.9037403
8276,0.7596329
8277,0.73718405
8278,0.88970506
8279,0.8124345
8280,0.78293175
8281,0.8138487
8282,0.8398897
8283,0.8225249
8284,0.7493663
8285,0.70037043
8286,0.7487569
8287,0.7494094
8288,0.7961502
8289,0.6589772
8290,0.93044806
8291,0.8424548
8292,0.63603413
8293,0.7446965
8294,0.73226726
8295,0.65210927
8296,0.72665066
8297,0.81310874
8298,0.9301692
8299,0.8941828
8300,0.8388089
8301,0.7190367
8302,0.88335973
8303,0.7489062
8304,0.7338482
8305,0.88957393
8306,0.86510265
8307,0.69899184
8308,0.8476386
8309,0.82098025
8310,0.78779304
8311,0.62587523
8312,0.8470996
8313,0.9089015
8314,0.7330233
8315,0.7728969
8316,0.899913
8317,0.5732313
8318,0.78251004
8319,0.72150004
8320,0.6579485
8321,0.7277113
8322,0.8214601
8323,0.8181327
8324,0.74867576
8325,0.80758315
8326,0.8208259
8327,0.7727865
8328,0.79188454
8329,0.74802285
8330,0.8462944
8331,0.790895
8332,0.81257737
8333,0.7163592
8334,0.8134999
8335,0.8546117
8336,0.8147453
8337,0.7693251
8338,0.8629879
8339,0.8107606
8340,0.69968647
8341,0.9444736
8342,0.77307093
8343,0.65726566
8344,0.8321723
8345,0.79384434
8346,0.7440402
8347,0.9435235
8348,0.64166003
8349,0.815213
8350,0.8082096
8351,0.82307196
8352,0.78113985
8353,0.86369264
8354,0.761371
8355,0.85605335
8356,0.6715227
8357,0.8342608
8358,0.7673081
8359,0.7914832
8360,0.8629879
8361,0.8107606
8362,0.79188454
8363,0.7163592
8364,0.81257737
8365,0.790895
8366,0.8462944
8367,0.74802285
8368,0.8147453
8369,0.8546117
8370,0.7727865
8371,0.8208259
8372,0.80758315
8373,0.74867576
8374,0.8181327
8375,0.8134999
8376,0.7693251
8377,0.69968647
8378,0.8214601
8379,0.8912813
8380,0.78181523
8381,0.74228144
8382,0.78556484
8383,0.830781
8384,0.81841594
8385,0.788468
8386,0.8174869
8387,0.8937694
8388,0.76521415
8389,0.84420186
8390,0.9085841
8391,0.69714946
8392,0.8688132
8393,0.8538144
8394,0.8734581
8395,0.72661173
8396,0.752113
8397,0.76934373
8398,0.8154705
8399,0.98205745
8400,0.8011591
8401,0.8170552
8402,0.7771185
8403,0.8158364
8404,0.9362503
8405,0.80374324
8406,0.91222316
8407,0.73689663
8408,0.7706873
8409,0.89814395
8410,0.77878183
8411,0.79868066
8412,0.86234486
8413,0.68590254
8414,0.7712482
8415,0.89668065
8416,0.8471214
8417,0.8702413
8418,0.8199552
8419,0.82569885
8420,0.75950193
8421,0.8132054
8422,0.8353464
8423,0.7730291
8424,0.7754208
8425,0.83092964
8426,0.7501339
8427,0.85062236
8428,0.79913646
8429,0.81791437
8430,0.7247597
8431,0.7992724
8432,0.8601407
8433,0.70339054
8434,0.8211277
8435,0.8172162
8436,0.8702413
8437,0.8601407
8438,0.7992724
8439,0.7247597
8440,0.81791437
8441,0.79913646
8442,0.7501339
8443,0.8211277
8444,0.7754208
8445,0.83092964
8446,0.85062236
8447,0.8132054
8448,0.75950193
8449,0.82569885
8450,0.8199552
8451,0.7730291
8452,0.70339054
8453,0.8172162
8454,0.8353464
8455,0.80224764
8456,0.8332263
8457,0.8194873
8458,0.737203
8459,0.9355887
8460,0.7608798
8461,0.8845339
8462,0.8895112
8463,0.7685684
8464,0.83989155
8465,0.8105766
8466,0.75598866
8467,0.8343547
8468,0.7950844
8469,0.830914
8470,0.86367023
8471,0.8070569
8472,0.862061
8473,0.7651571
8474,0.70336884
8475,0.7366506
8476,0.73745424
8477,0.85524225
8478,0.7964525
8479,0.6300831
8480,0.73152936
8481,0.9169958
8482,0.7819722
8483,0.90787077
8484,0.5785835
8485,0.78666776
8486,0.7274147
8487,0.66840327
8488,0.75474036
8489,0.87296134
8490,0.8975666
8491,0.831776
8492,0.8537728
8493,0.8535525
8494,0.89047515
8495,0.9554981
8496,0.7214341
8497,0.7600244
8498,0.85548127
8499,0.8626758
8500,0.8068921
8501,0.79112846
8502,0.8012589
8503,0.7499455
8504,0.936574
8505,0.7759712
8506,0.78312415
8507,0.9183582
8508,0.9170135
8509,0.88144904
8510,0.7830296
8511,0.8378603
8512,0.8088487
8513,0.83859235
8514,0.88872224
8515,0.860401
8516,0.8800396
8517,0.7805297
8518,0.92849576
8519,0.7736864
8520,0.8115166
8521,0.8116228
8522,0.8317214
8523,0.80385226
8524,0.98515356
8525,0.81449974
8526,0.7901939
8527,0.8557293
8528,0.8743874
8529,0.8426199
8530,0.8297682
8531,0.75907207
8532,0.72962785
8533,0.6889553
8534,0.78760785
8535,0.80430496
8536,0.8697673
8537,0.80216104
8538,0.9221331
8539,0.81914693
8540,0.7634389
8541,0.8209077
8542,0.777372
8543,0.8378582
8544,0.7537295
8545,0.7982152
8546,0.73751795
8547,0.8561886
8548,0.8065955
8549,0.7347193
8550,0.722356
8551,0.7563138
8552,1.0
8553,0.78791946
8554,0.79388255
8555,0.76579666
8556,0.79437196
8557,0.8563131
8558,0.7852987
8559,0.9175793
8560,0.726637
8561,0.9582895
8562,0.8270664
8563,0.9554229
8564,0.85219586
8565,0.78864586
8566,0.86991996
8567,0.98106825
8568,0.87447345
8569,0.80361766
8570,0.86324203
8571,0.85607225
8572,0.83670396
8573,0.73344934
8574,0.7585002
8575,0.933859
8576,0.8188044
8577,0.832798
8578,0.80056083
8579,0.88128185
8580,0.7681402
8581,0.7625723
8582,0.8072263
8583,0.7543337
8584,0.832668
8585,0.7903003
8586,0.8279849
8587,0.8841057
8588,0.75069493
8589,0.5728971
8590,0.72445023
8591,0.8103019
8592,0.830887
8593,0.7995254
8594,0.8254899
8595,0.76985896
8596,0.78033555
8597,0.64807636
8598,0.7400063
8599,0.8795301
8600,0.80385035
8601,0.829068
8602,0.8095988
8603,0.74865234
8604,0.7620686
8605,0.7382422
8606,0.8417166
8607,0.9085866
8608,0.8827462
8609,0.8635275
8610,0.822717
8611,0.86131877
8612,0.8997389
8613,0.8963825
8614,0.855059
8615,0.93050784
8616,0.8472618
8617,0.8237244
8618,0.8740401
8619,0.7994065
8620,0.84274495
8621,0.8051996
8622,0.84050685
8623,0.8459894
8624,0.7637147
8625,0.8275588
8626,0.9524871
8627,0.78700095
8628,0.80038196
8629,0.74511063
8630,0.936574
8631,0.9170135
8632,0.8330655
8633,0.9183582
8634,0.84997195
8635,0.87879515
8636,0.77819467
8637,0.71659917
8638,0.7746017
8639,0.8020973
8640,0.7600244
8641,0.8536329
8642,0.860967
8643,0.88746417
8644,0.78297573
8645,0.78297573
8646,0.7746017
8647,0.71659917
8648,0.77819467
8649,0.87879515
8650,0.84997195
8651,0.9183582
8652,0.8330655
8653,0.9170135
8654,0.936574
8655,0.74511063
8656,0.80038196
8657,0.7600244
8658,0.8020973
8659,0.860967
8660,0.8536329
8661,0.78700095
8662,0.9524871
8663,0.88746417
8664,0.9444295
8665,0.8316871
8666,0.88765305
8667,1.0
8668,1.0
8669,0.8243686
8670,0.773159
8671,0.89491737
8672,0.9629626
8673,0.7791236
8674,0.77197975
8675,0.8480921
8676,0.84690076
8677,0.8397301
8678,0.9378169
8679,0.81598055
8680,0.83666307
8681,0.81520593
8682,0.86304677
8683,0.7819179
8684,0.7739886
8685,0.93923014
8686,0.77894336
8687,0.79310423
8688,0.8244406
8689,0.8411993
8690,0.7354683
8691,0.64892507
8692,0.8210518
8693,0.75422066
8694,0.75121367
8695,0.87966806
8696,0.69595695
8697,0.892821
8698,0.73959047
8699,0.8862324
8700,0.7995564
8701,0.74428093
8702,0.7998248
8703,0.8167976
8704,0.7569865
8705,0.71862954
8706,0.7550138
8707,0.6629833
8708,0.8537483
8709,0.7706416
8710,0.7960712
8711,0.8344285
8712,0.79195875
8713,0.8368832
8714,0.7908777
8715,0.8270423
8716,0.7848224
8717,0.7058101
8718,0.84360343
8719,0.71427214
8720,0.640425
8721,0.83762044
8722,0.8598913
8723,0.7342597
8724,0.8479474
8725,0.82217854
8726,0.8396183
8727,0.7988098
8728,0.809363
8729,0.81623536
8730,0.90809137
8731,0.8567976
8732,0.7796353
8733,0.8381737
8734,0.748496
8735,0.80862606
8736,0.76928866
8737,0.8068466
8738,0.8817773
8739,0.8221623
8740,0.91186076
8741,0.92554724
8742,0.83679646
8743,0.74734443
8744,0.7402438
8745,0.82679117
8746,0.8093885
8747,0.78306913
8748,0.7808615
8749,0.8073513
8750,0.80165464
8751,0.8528633
8752,0.7392303
8753,0.79466075
8754,0.9707447
8755,0.86644477
8756,0.7970567
8757,0.9193963
8758,0.9696676
8759,0.8559701
8760,0.837784
8761,0.9399554
8762,0.7451886
8763,0.76734155
8764,0.7224104
8765,0.7645396
8766,0.74998915
8767,0.99715805
8768,0.87637675
8769,0.6873763
8770,0.82327855
8771,0.9180211
8772,0.79652214
8773,0.92401236
8774,0.826301
8775,0.68614703
8776,0.713936
8777,0.7414504
8778,0.8817773
8779,0.90809137
8780,0.8068466
8781,0.76928866
8782,0.748496
8783,0.8381737
8784,0.7796353
8785,0.8221623
8786,0.8598913
8787,0.81623536
8788,0.8567976
8789,0.7988098
8790,0.8396183
8791,0.8479474
8792,0.82217854
8793,0.7342597
8794,0.809363
8795,0.83762044
8796,0.80862606
8797,0.79652214
8798,0.837784
8799,0.826301
8800,0.99715805
8801,0.713936
8802,0.68614703
8803,0.8559701
8804,0.92401236
8805,0.7451886
8806,0.76734155
8807,0.9399554
8808,0.7645396
8809,0.74998915
8810,0.7414504
8811,0.87637675
8812,0.6873763
8813,0.82327855
8814,0.9180211
8815,0.7224104
8816,0.72880244
8817,0.7761196
8818,0.702103
8819,0.75305164
8820,0.78798026
8821,0.74820983
8822,0.8059923
8823,0.7339083
8824,0.68736935
8825,0.69850445
8826,0.529539
8827,0.66980445
8828,0.723864
8829,0.7406092
8830,0.74657935
8831,0.7487055
8832,0.6895058
8833,0.76971877
8834,0.59586865
8835,0.7487055
8836,0.74657935
8837,0.7406092
8838,0.723864
8839,0.66980445
8840,0.529539
8841,0.69850445
8842,0.7339083
8843,0.7761196
8844,0.68736935
8845,0.76971877
8846,0.74820983
8847,0.78798026
8848,0.75305164
8849,0.702103
8850,0.72880244
8851,0.6895058
8852,0.59586865
8853,0.8059923
8854,0.7481731
8855,0.83401144
8856,0.82547605
8857,0.7955404
8858,0.82881147
8859,0.8111566
8860,0.9025053
8861,0.776347
8862,0.7292717
8863,0.84947175
8864,0.7649914
8865,0.8479287
8866,0.8059777
8867,0.75357234
8868,0.94584686
8869,0.7911379
8870,0.76652193
8871,0.80887496
8872,0.79070497
8873,0.6497604
8874,0.68421966
8875,0.837093
8876,0.60790825
8877,0.69829947
8878,0.79076517
8879,0.7489756
8880,0.7970124
8881,0.7308094
8882,0.5786269
8883,0.67181695
8884,0.8416114
8885,0.67790633
8886,0.6656427
8887,0.85250294
8888,0.7006144
8889,0.526399
8890,0.7214573
8891,0.81929386
8892,0.72880244
8893,0.74657935
8894,0.7406092
8895,0.723864
8896,0.66980445
8897,0.69850445
8898,0.6895058
8899,0.76971877
8900,0.7761196
8901,0.59586865
8902,0.8059923
8903,0.74820983
8904,0.78798026
8905,0.75305164
8906,0.702103
8907,0.7339083
8908,0.68736935
8909,0.529539
8910,0.7487055
8911,0.7474686
8912,0.71232945
8913,0.6592395
8914,0.7463702
8915,0.7875713
8916,0.85240304
8917,0.74781215
8918,0.8996199
8919,0.801764
8920,0.7665999
8921,0.796754
8922,0.7320584
8923,0.78968173
8924,0.73236436
8925,0.78217304
8926,0.72278595
8927,0.8321899
8928,0.7853055
8929,0.70192534
8930,0.810651
8931,0.8005042
8932,0.8425976
8933,0.7420123
8934,0.80191916
8935,0.7470702
8936,0.7648109
8937,0.7250076
8938,0.7294345
8939,0.8211888
8940,0.9152061
8941,0.76703846
8942,0.7879917
8943,0.8619453
8944,0.8028631
8945,0.69345367
8946,0.8150759
8947,0.78585154
8948,0.7612833
8949,0.85669744
8950,0.7709511
8951,0.84088945
8952,0.8268531
8953,0.7184862
8954,0.7473783
8955,0.89769614
8956,0.8671524
8957,0.79176193
8958,0.8207315
8959,0.7794591
8960,0.8716403
8961,0.7565302
8962,0.73791665
8963,0.77999604
8964,0.7355632
8965,0.8044407
8966,0.7693288
8967,0.8043664
8968,0.8480085
8969,0.86893845
8970,0.8358377
8971,0.8247697
8972,0.89583236
8973,0.8684038
8974,0.8488208
8975,0.80982465
8976,0.8755981
8977,0.83009607
8978,0.8194229
8979,0.835019
8980,0.800012
8981,0.85663366
8982,0.7856756
8983,0.76989126
8984,0.8203074
8985,0.9187542
8986,0.75208616
8987,0.7145844
8988,0.7612692
8989,0.7895824
8990,0.7700386
8991,0.7487297
8992,0.68988943
8993,0.5451135
8994,0.7205427
8995,0.61989003
8996,0.7559924
8997,0.801369
8998,0.78906393
8999,0.8455189
9000,0.76848805
9001,0.80602694
9002,0.7783699
9003,0.72722214
9004,0.7502977
9005,0.7056408
9006,0.7906268
9007,0.7799765
9008,0.83528054
9009,0.7401143
9010,0.7802072
9011,0.68682253
9012,0.88763845
9013,0.82728654
9014,0.8752235
9015,0.8180782
9016,0.86032736
9017,0.8207966
9018,0.7413391
9019,0.72841036
9020,0.65976804
9021,0.8517448
9022,0.81147254
9023,0.86630136
9024,0.80382776
9025,0.8604449
9026,0.68335617
9027,0.7964186
9028,0.75170374
9029,0.8130081
9030,0.74462336
9031,0.5860628
9032,0.86883795
9033,0.72362155
9034,0.7391067
9035,0.8593418
9036,0.53967816
9037,0.6821927
9038,0.61932623
9039,0.7111994
9040,0.7009886
9041,0.8408209
9042,0.69185007
9043,0.6673457
9044,0.87014705
9045,0.7549098
9046,0.89500254
9047,0.89852506
9048,0.82185113
9049,0.78022015
9050,0.7827498
9051,0.820542
9052,0.7903527
9053,0.7881832
9054,0.91880465
9055,0.83110934
9056,0.8725529
9057,0.7668951
9058,0.8883522
9059,0.8392569
9060,0.83773947
9061,0.87907696
9062,0.8261789
9063,0.83477306
9064,0.82219374
9065,0.79836506
9066,0.7626368
9067,0.8030453
9068,0.72862715
9069,0.7733958
9070,0.73167914
9071,0.76734954
9072,0.8495469
9073,0.8664185
9074,0.777716
9075,0.81447554
9076,0.78920865
9077,0.86103594
9078,0.89426374
9079,0.74237263
9080,0.75081074
9081,0.7134805
9082,0.8329476
9083,0.7456261
9084,0.7763697
9085,0.8187274
9086,0.74555993
9087,0.9375779
9088,0.7705699
9089,0.84138966
9090,0.7493852
9091,0.80398405
9092,0.8347553
9093,0.71914387
9094,0.772023
9095,0.8354721
9096,0.80428517
9097,0.73861307
9098,0.73346967
9099,0.81072176
9100,0.80744493
9101,0.6156298
9102,0.7562228
9103,0.7676756
9104,0.7115802
9105,0.74628437
9106,0.7232087
9107,0.76304716
9108,0.7746406
9109,0.803199
9110,0.7450435
9111,0.788272
9112,0.704118
9113,0.7992594
9114,0.75197905
9115,0.78400826
9116,0.7144281
9117,0.544906
9118,0.6848432
9119,0.84295243
9120,0.7009886
9121,0.7111994
9122,0.61932623
9123,0.72362155
9124,0.53967816
9125,0.8593418
9126,0.7391067
9127,0.69185007
9128,0.86883795
9129,0.68335617
9130,0.5860628
9131,0.74462336
9132,0.8130081
9133,0.75170374
9134,0.7964186
9135,0.8604449
9136,0.8408209
9137,0.6821927
9138,0.6673457
9139,0.8168093
9140,0.81014764
9141,0.75776565
9142,0.7642426
9143,0.866045
9144,0.74550927
9145,0.72337186
9146,0.8515773
9147,0.8027735
9148,0.88744533
9149,0.8747959
9150,0.7666614
9151,0.74912363
9152,0.75049436
9153,0.80452955
9154,0.8005595
9155,0.8579081
9156,0.8288773
9157,0.87600726
9158,0.6525675
9159,0.72513807
9160,0.610035
9161,0.7691053
9162,0.69781816
9163,0.5351221
9164,0.6262172
9165,0.6214706
9166,0.67601067
9167,0.8201555
9168,0.72123116
9169,0.8277527
9170,0.48489398
9171,0.6922616
9172,0.62965333
9173,0.5708335
9174,0.83755046
9175,0.6396461
9176,0.8154718
9177,0.77912533
9178,0.6814741
9179,0.826029
9180,0.7633049
9181,0.7566734
9182,0.89334583
9183,0.80224115
9184,0.68005985
9185,0.6486964
9186,0.73962295
9187,0.79149026
9188,0.7010853
9189,0.7702174
9190,0.7257904
9191,0.8125926
9192,0.77394134
9193,0.710769
9194,0.7605933
9195,0.766175
9196,0.7656226
9197,0.8004931
9198,0.6610993
9199,0.73173356
9200,0.8033124
9201,0.7514659
9202,0.7193707
9203,0.63540673
9204,0.75471056
9205,0.7791754
9206,0.69538313
9207,0.74857664
9208,0.72254294
9209,0.76136076
9210,0.7777532
9211,0.6926082
9212,0.6384388
9213,0.8025023
9214,0.7958088
9215,0.7631034
9216,0.8571011
9217,0.82071483
9218,0.82759297
9219,0.8104307
9220,0.72115296
9221,0.80359066
9222,0.8320667
9223,0.8930395
9224,0.80904406
9225,0.7722384
9226,0.83426267
9227,0.747198
9228,0.7992314
9229,0.7505926
9230,0.8018584
9231,0.87225217
9232,0.8186887
9233,0.80925864
9234,0.87460124
9235,0.7883886
9236,0.832485
9237,0.8452636
9238,0.74737823
9239,0.81500566
9240,0.76024854
9241,0.7944408
9242,0.7114233
9243,0.86446875
9244,0.73419565
9245,0.72067994
9246,0.7392021
9247,0.7887779
9248,0.7895249
9249,0.85428077
9250,0.79106176
9251,0.7507633
9252,0.8404622
9253,0.6276022
9254,0.80024874
9255,0.74260455
9256,0.7321186
9257,0.6470617
9258,0.7424465
9259,0.67202795
9260,0.8199239
9261,0.8930296
9262,0.5873416
9263,0.7167985
9264,0.7210604
9265,0.5849928
9266,0.6497772
9267,0.6815978
9268,0.6666322
9269,0.61114025
9270,0.88743865
9271,0.7043868
9272,0.76293576
9273,0.77676296
9274,0.8877228
9275,0.7843409
9276,0.89597607
9277,0.7487133
9278,0.7936803
9279,0.84272367
9280,0.9584082
9281,0.79939306
9282,0.9448055
9283,0.839402
9284,0.7636311
9285,0.73574305
9286,0.79746014
9287,0.82290936
9288,0.8993498
9289,0.7348732
9290,0.7834145
9291,0.7895249
9292,0.8452636
9293,0.7887779
9294,0.73419565
9295,0.7392021
9296,0.72067994
9297,0.7507633
9298,0.86446875
9299,0.76024854
9300,0.87460124
9301,0.7883886
9302,0.832485
9303,0.7114233
9304,0.74737823
9305,0.8404622
9306,0.79106176
9307,0.7944408
9308,0.81500566
9309,0.85428077
9310,0.6545481
9311,0.9326776
9312,0.696274
9313,0.8295099
9314,0.7338918
9315,0.6595088
9316,0.73526955
9317,0.67068225
9318,0.8555501
9319,0.6238166
9320,0.7219089
9321,0.77159345
9322,0.63375217
9323,0.8044468
9324,0.7952284
9325,0.9805862
9326,0.7823633
9327,0.9122057
9328,0.886174
9329,0.85712785
9330,0.70287126
9331,0.67419255
9332,0.8345774
9333,0.7955166
9334,0.7142728
9335,0.8157755
9336,0.6665145
9337,0.79748964
9338,0.7400204
9339,0.6904775
9340,0.84404343
9341,0.76125526
9342,0.7335529
9343,0.77012795
9344,0.7929846
9345,0.707786
9346,0.7095719
9347,0.83618546
9348,0.69596094
9349,0.8265686
9350,0.8137517
9351,0.7892066
9352,0.8531758
9353,0.77725714
9354,0.72248805
9355,0.8149971
9356,0.7434834
9357,0.81362534
9358,0.7680908
9359,0.8795325
9360,0.8227602
9361,0.79382116
9362,0.84388924
9363,0.7330811
9364,0.8048512
9365,0.7938296
9366,0.8052004
9367,0.6854569
9368,0.68707377
9369,0.728994
9370,0.7013487
9371,0.75355875
9372,0.8131344
9373,0.7243859
9374,0.83601457
9375,0.5983743
9376,0.6779844
9377,0.7242635
9378,0.6958504
9379,0.6858462
9380,0.51884186
9381,0.64668703
9382,0.77079886
9383,0.79704463
9384,0.6899576
9385,0.7210245
9386,0.7832838
9387,0.7445974
9388,0.7795937
9389,0.76360536
9390,0.73735726
9391,0.8594491
9392,0.7905874
9393,0.7219961
9394,0.8673949
9395,0.73398304
9396,0.81826764
9397,0.7469038
9398,0.7729003
9399,0.77597713
9400,0.75598705
9401,0.9397696
9402,0.7636467
9403,0.68927395
9404,0.7708865
9405,0.6945553
9406,0.8363949
9407,0.7293849
9408,0.70295465
9409,0.83540535
9410,0.79458684
9411,0.81460255
9412,0.8560215
9413,0.71893793
9414,0.73509306
9415,0.7169322
9416,0.8659612
9417,0.7636822
9418,0.71106184
9419,0.7437371
9420,0.79215467
9421,0.8004902
9422,0.7703861
9423,0.73509073
9424,0.755208
9425,0.8129946
9426,0.8142036
9427,0.76470953
9428,0.73778963
9429,0.712618
9430,0.7897057
9431,0.86179256
9432,0.8427491
9433,0.85052615
9434,0.7882044
9435,0.7846225
9436,0.8298419
9437,0.73237646
9438,0.77190065
9439,0.83728075
9440,0.7885619
9441,0.7906747
9442,0.8714439
9443,0.6569086
9444,0.7919178
9445,0.67940515
9446,0.7967807
9447,0.8628747
9448,0.8943404
9449,0.9241287
9450,0.9935554
9451,0.67250234
9452,0.7329997
9453,0.74340165
9454,0.6873174
9455,0.7432757
9456,0.70427996
9457,0.9402095
9458,0.83335435
9459,0.7957269
9460,0.8073665
9461,0.6934773
9462,0.72105044
9463,0.7034247
9464,0.8601001
9465,0.5844923
9466,0.5498835
9467,0.64112484
9468,0.81297463
9469,0.65036505
9470,0.74202853
9471,0.7847608
9472,0.84666157
9473,0.73334324
9474,0.5755962
9475,0.6899065
9476,0.66998035
9477,0.63254064
9478,0.8348072
9479,0.5024401
9480,0.6281837
9481,0.89569634
9482,0.84380186
9483,0.7896433
9484,0.7652594
9485,0.7961682
9486,0.77558327
9487,0.7869585
9488,0.8188251
9489,0.90998113
9490,0.904741
9491,0.8297273
9492,0.8545399
9493,0.7693205
9494,0.82935536
9495,0.9670024
9496,0.9541103
9497,0.7643
9498,0.7900437
9499,0.8344118
9500,0.60910213
9501,0.7879194
9502,0.5936003
9503,0.72212875
9504,0.7948879
9505,0.9057077
9506,0.6926777
9507,0.7575756
9508,0.75281656
9509,0.7218343
9510,0.775878
9511,0.8286583
9512,0.76393425
9513,0.80319196
9514,0.6140379
9515,0.77294457
9516,0.70649344
9517,0.88574946
9518,0.721018
9519,0.66222185
9520,0.81217325
9521,0.8507269
9522,0.7020926
9523,0.76308334
9524,0.76213473
9525,0.7822888
9526,0.72454894
9527,0.80688554
9528,0.7903997
9529,0.7808426
9530,0.76024663
9531,0.70631856
9532,0.7714602
9533,0.7985759
9534,0.735894
9535,0.7571944
9536,0.81156176
9537,0.73330694
9538,0.8881558
9539,0.7275455
9540,0.616126
9541,0.59462446
9542,0.65429795
9543,0.73601747
9544,0.6841657
9545,0.82730883
9546,0.61121166
9547,0.72893703
9548,0.5984365
9549,0.71449906
9550,0.7031156
9551,0.71057415
9552,0.7965601
9553,0.6607008
9554,0.6926428
9555,0.67149293
9556,0.89474374
9557,0.7381388
9558,0.86068964
9559,0.870594
9560,0.7768666
9561,0.78081906
9562,0.78528565
9563,0.8153774
9564,0.93158877
9565,0.89599216
9566,0.8195432
9567,0.8389022
9568,0.8900095
9569,0.76225245
9570,0.7546203
9571,0.8999611
9572,0.9481451
9573,0.78754073
9574,0.88062507
9575,0.7789323
9576,0.8039111
9577,0.83622056
9578,0.82929075
9579,0.80514944
9580,0.8268363
9581,0.891726
9582,0.80331314
9583,0.80870026
9584,0.87654674
9585,0.91956645
9586,0.75194097
9587,0.87527627
9588,0.777973
9589,0.85348606
9590,0.8927542
9591,0.7820283
9592,0.79342717
9593,0.80793685
9594,0.89005196
9595,0.7968692
9596,0.8925522
9597,0.81082547
9598,0.7264984
9599,0.83579314
9600,0.86034596
9601,0.7950001
9602,0.8248885
9603,0.8386297
9604,0.8532993
9605,0.8413987
9606,0.7694906
9607,0.84945774
9608,0.8337849
9609,0.85770625
9610,0.78594744
9611,0.8472036
9612,0.85846984
9613,0.858446
9614,0.8273797
9615,0.8839054
9616,0.79374015
9617,0.801309
9618,0.71698153
9619,0.9237646
9620,0.8126203
9621,0.8581499
9622,0.91301286
9623,0.8965601
9624,0.89588153
9625,0.78765404
9626,0.87284815
9627,0.88011885
9628,0.6952666
9629,0.84633255
9630,0.84174424
9631,0.89924556
9632,0.7783228
9633,0.74130523
9634,0.8357031
9635,0.8533082
9636,0.86259156
9637,0.8979314
9638,0.82023257
9639,0.7698466
9640,0.78494453
9641,0.8560871
9642,0.8392974
9643,0.81150293
9644,0.84503716
9645,0.8432132
9646,0.87745535
9647,0.80182904
9648,0.8496202
9649,0.84351575
9650,0.8182949
9651,0.92531663
9652,0.7722753
9653,0.6534259
9654,0.74629563
9655,0.75436115
9656,0.779453
9657,0.7440267
9658,0.67931163
9659,0.9297501
9660,0.7913966
9661,0.8836495
9662,0.8095649
9663,0.8109951
9664,0.72701615
9665,0.6220618
9666,0.7118709
9667,0.8847936
9668,0.9177618
9669,0.83466375
9670,0.7764182
9671,0.6534259
9672,0.779453
9673,0.74629563
9674,0.7440267
9675,0.75436115
9676,0.7913966
9677,0.9297501
9678,0.7722753
9679,0.8836495
9680,0.7764182
9681,0.8109951
9682,0.72701615
9683,0.6220618
9684,0.7118709
9685,0.8095649
9686,0.9177618
9687,0.83466375
9688,0.8847936
9689,0.67931163
9690,0.8331431
9691,0.81060684
9692,0.804279
9693,0.87619746
9694,0.83826894
9695,0.87783897
9696,0.7639248
9697,0.92163277
9698,0.8439272
9699,0.8273199
9700,0.79735196
9701,0.84544003
9702,0.7677946
9703,0.8347411
9704,0.8123148
9705,0.76009107
9706,0.8334135
9707,1.0
9708,0.80051315
9709,0.7992498
9710,0.8085128
9711,0.89320767
9712,0.81690824
9713,0.85649574
9714,0.77933437
9715,0.8838191
9716,0.7881885
9717,0.7520224
9718,0.8109605
9719,0.8394688
9720,0.8984049
9721,0.83179015
9722,0.9232446
9723,0.812414
9724,0.83410084
9725,0.8892214
9726,0.87842065
9727,0.8135622
9728,0.93029565
9729,0.9014751
9730,1.0
9731,0.8376629
9732,0.8268553
9733,0.8959788
9734,0.8835565
9735,0.83810556
9736,0.9404222
9737,0.8496237
9738,0.8444626
9739,0.8239001
9740,0.8630122
9741,0.847891
9742,0.8536849
9743,0.8918953
9744,0.9399985
9745,0.98799765
9746,0.8399309
9747,0.7737194
9748,0.7047676
9749,0.73194104
9750,0.8848497
9751,0.7445834
9752,0.81134987
9753,0.89684
9754,0.56632465
9755,0.7796396
9756,0.7006296
9757,0.6520068
9758,0.74109447
9759,0.7701068
9760,0.7317313
9761,0.8975941
9762,0.91292256
9763,0.8176247
9764,0.58163774
9765,0.8448151
9766,0.8532635
9767,0.5851526
9768,0.91996765
9769,0.9044973
9770,0.73414344
9771,0.7729443
9772,0.7480434
9773,0.65929127
9774,0.7059804
9775,0.7863755
9776,0.5698396
9777,0.9045889
9778,0.82156813
9779,0.7476913
9780,0.8914358
9781,0.73804265
9782,0.7135812
9783,0.78116035
9784,0.8254754
9785,0.8206536
9786,0.8101053
9787,0.93213
9788,0.78898484
9789,0.8267988
9790,0.77691686
9791,0.9388863
9792,0.91108465
9793,0.7280888
9794,0.86398304
9795,0.84544355
9796,0.87640667
9797,0.8552049
9798,0.7830324
9799,0.82600725
9800,0.91850775
9801,0.8339445
9802,0.7633806
9803,0.85724986
9804,0.80283564
9805,0.83696306
9806,0.89355886
9807,0.8185121
9808,0.88811225
9809,0.93271464
9810,0.7544321
9811,0.8412301
9812,0.8878907
9813,0.86403924
9814,0.90419465
9815,0.79218614
9816,0.8127793
9817,0.82211304
9818,0.8987428
9819,0.78398067
9820,0.84588975
9821,0.8158016
9822,0.8185252
9823,0.5851526
9824,0.7135812
9825,0.8532635
9826,0.78116035
9827,0.91996765
9828,0.9044973
9829,0.8254754
9830,0.73414344
9831,0.7729443
9832,0.7480434
9833,0.65929127
9834,0.7863755
9835,0.5698396
9836,0.9045889
9837,0.82156813
9838,0.7476913
9839,0.8914358
9840,0.73804265
9841,0.7059804
9842,0.7598995
9843,0.78235835
9844,0.9062411
9845,0.8423772
9846,0.84223986
9847,0.83901995
9848,0.8691643
9849,0.8631589
9850,0.8640901
9851,0.79878914
9852,0.92285556
9853,0.7720285
9854,0.9340987
9855,0.9751914
9856,0.8187951
9857,0.9250499
9858,0.88211
9859,0.9019028
9860,0.85331345
9861,0.7764115
9862,0.79363143
9863,0.849501
9864,0.9087866
9865,0.82681644
9866,0.90481776
9867,0.93928987
9868,0.78122187
9869,0.7920445
9870,0.79044116
9871,0.82986486
9872,0.8837862
9873,0.8740915
9874,0.7474209
9875,0.9570616
9876,0.88397825
9877,0.8021388
9878,0.76593286
9879,0.9032056
9880,0.83458424
9881,0.8802025
9882,0.856802
9883,0.8720371
9884,0.8454462
9885,0.847281
9886,0.8431231
9887,0.8355278
9888,0.8208502
9889,0.7726971
9890,0.8239273
9891,0.7846867
9892,0.9579334
9893,0.9044741
9894,0.800639
9895,0.85249853
9896,0.8274666
9897,0.82315046
9898,0.79239744
9899,0.7920445
9900,0.9570616
9901,0.8837862
9902,0.78122187
9903,0.79044116
9904,0.7474209
9905,0.76593286
9906,0.93928987
9907,0.90481776
9908,0.82681644
9909,0.88397825
9910,0.9087866
9911,0.9032056
9912,0.82986486
9913,0.7764115
9914,0.79363143
9915,0.8021388
9916,0.8740915
9917,0.849501
9918,0.80731773
9919,0.94470805
9920,0.8190708
9921,0.80497324
9922,0.95169747
9923,0.88634187
9924,0.86308014
9925,0.8789396
9926,0.8285395
9927,0.85186017
9928,0.683053
9929,0.8536498
9930,0.69281065
9931,0.8218191
9932,0.82934153
9933,0.7098053
9934,0.8679143
9935,0.7878135
9936,0.8352475
9937,0.8113273
9938,0.8381832
9939,0.77750075
9940,0.8263481
9941,0.8211204
9942,0.8438872
9943,0.876125
9944,0.97275245
9945,0.84330976
9946,0.90245104
9947,0.8593254
9948,0.84462583
9949,0.7524505
9950,0.7759108
9951,0.84244025
9952,0.76434386
9953,0.8000761
9954,0.856349
9955,0.89569485
9956,0.85667264
9957,0.9319047
9958,0.8098801
9959,0.82112426
9960,0.9122019
9961,0.9193624
9962,0.78320616
9963,0.8545766
9964,0.8761814
9965,0.825782
9966,0.8637578
9967,0.76355433
9968,0.84153557
9969,0.8204519
9970,0.7753205
9971,0.7891586
9972,0.72894347
9973,0.83371925
9974,0.9390599
9975,0.778197
9976,0.85920924
9977,0.8693427
9978,0.9079815
9979,0.82476836
9980,0.7734082
9981,0.8223626
9982,0.85396063
9983,0.83705026
9984,0.84617007
9985,0.93482655
9986,0.83478624
9987,0.85521
9988,0.8716682
9989,0.80968016
9990,0.8571218
9991,0.74781644
9992,0.80851537
9993,0.8272438
9994,0.77913934
9995,1.0
9996,0.92086184
9997,0.9912809
9998,0.8796312
9999,0.9433174
10000,0.8628632
10001,0.98377055
10002,0.8213731
10003,0.7383877
10004,0.89686775
10005,0.789974
10006,0.9090911
10007,0.7612962
10008,0.79917
10009,0.76183856
10010,0.79891163
10011,0.8078005
10012,0.7510227
10013,0.9466133
10014,0.7477174
10015,0.86036825
10016,0.77428275
10017,0.7842661
10018,0.7788711
10019,0.75933063
10020,0.9337001
10021,0.90426254
10022,0.90959966
10023,0.87907857
10024,0.82418776
10025,0.7703073
10026,0.87353003
10027,0.79047954
10028,0.78920853
10029,0.81987745
10030,0.8412464
10031,0.85998595
10032,0.92086184
10033,0.7383877
10034,0.9433174
10035,0.8213731
10036,0.98377055
10037,0.8628632
10038,0.8078005
10039,0.79891163
10040,0.7510227
10041,0.79917
10042,0.7612962
10043,0.9912809
10044,0.76183856
10045,0.77913934
10046,1.0
10047,0.8796312
10048,0.89686775
10049,0.9090911
10050,0.789974
10051,0.7895486
10052,0.7700559
10053,0.6758938
10054,0.80803597
10055,0.7633961
10056,0.7801804
10057,0.82427776
10058,0.78660566
10059,0.8840067
10060,0.730729
10061,0.8523855
10062,0.7149087
10063,0.75802433
10064,0.76193106
10065,0.5358747
10066,0.7934872
10067,0.7829725
10068,0.82072514
10069,0.8077623
10070,0.8500512
10071,0.6963202
10072,0.8213581
10073,0.8080244
10074,0.8538681
10075,0.79881155
10076,0.8012139
10077,0.8522646
10078,0.67186356
10079,0.7889226
10080,0.83500594
10081,0.95148814
10082,0.8110148
10083,0.8446907
10084,0.686527
10085,0.80075324
10086,0.93658274
10087,0.81502503
10088,0.8767854
10089,0.83252084
10090,0.77661437
10091,0.71015716
10092,0.6170495
10093,0.73354644
10094,0.8005422
10095,0.78141916
10096,0.88371336
10097,0.8121422
10098,0.93280286
10099,0.7329744
10100,0.77568686
10101,0.75828475
10102,0.7939662
10103,0.7498579
10104,0.67640036
10105,0.6517662
10106,0.9171079
10107,0.88474417
10108,0.85652465
10109,0.7485267
10110,0.8791547
10111,0.8687669
10112,0.904551
10113,0.8240932
10114,0.7747177
10115,0.83064204
10116,0.7926055
10117,0.8286046
10118,0.8564038
10119,0.8107227
10120,0.8767022
10121,0.852273
10122,0.8586334
10123,0.9342294
10124,0.8455728
10125,0.81890047
10126,0.8449165
10127,0.8982422
10128,0.8217694
10129,0.81889075
10130,0.73431087
10131,0.9479728
10132,0.877491
10133,0.91667306
10134,0.92363816
10135,0.89738303
10136,0.8963973
10137,0.8462075
10138,0.798941
10139,0.93444794
10140,0.80837375
10141,0.7213663
10142,0.8617734
10143,0.92629063
10144,0.85274
10145,0.8259389
10146,0.6741262
10147,0.82297534
10148,0.6999897
10149,0.85394067
10150,0.8140321
10151,0.80058926
10152,0.8519723
10153,0.81647193
10154,0.786689
10155,0.83907616
10156,0.85688496
10157,0.9598076
10158,0.820974
10159,0.85451204
10160,0.8797253
10161,0.68654364
10162,0.94731057
10163,0.7994281
10164,0.8167342
10165,0.85871583
10166,0.86144334
10167,0.8454231
10168,0.80136585
10169,0.8565637
10170,0.78356075
10171,0.8166059
10172,0.90263015
10173,0.85269654
10174,0.7951826
10175,0.8223465
10176,0.73651695
10177,0.86299
10178,0.8515836
10179,0.8537113
10180,0.77929425
10181,0.84795797
10182,0.8514182
10183,0.836314
10184,0.7666937
10185,0.8055215
10186,0.7587907
10187,0.8563074
10188,0.8622998
10189,0.8946811
10190,0.8452228
10191,0.844038
10192,0.84023064
10193,0.8781597
10194,0.7830601
10195,0.8314166
10196,0.83024234
10197,0.7774021
10198,0.8164051
10199,0.89547646
10200,0.85618323
10201,0.9757269
10202,0.84222806
10203,0.77156174
10204,0.77218163
10205,0.6695874
10206,0.75370204
10207,0.8146453
10208,0.77617043
10209,0.70527744
10210,0.7600713
10211,0.74749446
10212,0.8109366
10213,0.5345905
10214,0.7289535
10215,0.87359107
10216,0.7800463
10217,0.8180463
10218,0.8164973
10219,0.7926304
10220,0.79368144
10221,0.8496005
10222,0.8053465
10223,0.7886223
10224,0.81072474
10225,0.9351373
10226,0.8510677
10227,0.80078477
10228,0.7952275
10229,0.7736145
10230,0.75788194
10231,0.78773177
10232,0.7767457
10233,0.7729128
10234,0.79005826
10235,0.81881773
10236,0.8696896
10237,0.85985404
10238,0.83374584
10239,0.7790168
10240,0.8318446
10241,0.8656538
10242,0.87821645
10243,0.82748926
10244,0.85449135
10245,0.80595
10246,0.87123567
10247,0.84993804
10248,0.84142953
10249,0.84353954
10250,0.8155138
10251,0.7888344
10252,0.827155
10253,0.768937
10254,0.8220522
10255,0.9009613
10256,0.8555204
10257,0.85207003
10258,0.9318945
10259,0.745859
10260,0.9009613
10261,0.8220522
10262,0.768937
10263,0.827155
10264,0.7888344
10265,0.85207003
10266,0.8155138
10267,0.8656538
10268,0.9318945
10269,0.84993804
10270,0.87123567
10271,0.80595
10272,0.85449135
10273,0.87821645
10274,0.82748926
10275,0.745859
10276,0.84142953
10277,0.8555204
10278,0.84353954
10279,0.87821645
10280,0.87123567
10281,0.84993804
10282,0.84142953
10283,0.9318945
10284,0.84353954
10285,0.8155138
10286,0.85207003
10287,0.80595
10288,0.7888344
10289,0.768937
10290,0.8220522
10291,0.9009613
10292,0.8656538
10293,0.745859
10294,0.82748926
10295,0.8555204
10296,0.827155
10297,0.85449135
10298,0.835219
10299,0.7525004
10300,0.857282
10301,0.9660424
10302,0.8426838
10303,0.90032005
10304,0.87471265
10305,0.8478373
10306,0.8300473
10307,0.8995611
10308,0.8075036
10309,0.9298204
10310,0.75896084
10311,0.91950357
10312,0.7926425
10313,0.85679185
10314,0.8546346
10315,0.9190539
10316,0.77003896
10317,0.809079
10318,0.8383802
10319,0.85911626
10320,0.8243078
10321,0.8924874
10322,0.81005526
10323,0.7863256
10324,0.9036789
10325,0.76800895
10326,0.88082665
10327,0.74522364
10328,0.88192207
10329,0.8177892
10330,0.795724
10331,0.87406427
10332,0.832908
10333,0.8128176
10334,0.8360799
10335,0.92769945
10336,0.84813136
10337,0.9190111
10338,0.8728107
10339,0.7585773
10340,0.8426119
10341,0.8060052
10342,0.89735234
10343,0.93011445
10344,0.83269006
10345,0.7922589
10346,0.85502416
10347,0.85361737
10348,0.751002
10349,0.7696554
10350,0.898544
10351,0.857576
10352,0.9197977
10353,0.96565884
10354,0.8290302
10355,0.8576883
10356,0.84044474
10357,0.88967305
10358,0.816712
10359,0.81436014
10360,0.7289598
10361,0.9436911
10362,0.8202426
10363,0.8718378
10364,0.91299057
10365,0.7173945
10366,0.9227346
10367,0.8931855
10368,0.8938445
10369,0.84595907
10370,0.79456913
10371,0.929224
10372,0.80240536
10373,0.9177411
10374,0.88619775
10375,0.8213991
10376,0.8277758
10377,0.9052437
10378,0.98849314
10379,0.8842594
10380,0.84212196
10381,1.0
10382,0.838291
10383,0.9274607
10384,0.8369807
10385,0.8380634
10386,0.8283992
10387,0.8691414
10388,0.8497388
10389,0.9424082
10390,0.90267503
10391,0.94220686
10392,0.85720557
10393,0.8226827
10394,0.91903627
10395,0.8779001
10396,0.6699927
10397,0.7475461
10398,0.7881075
10399,0.7553826
10400,0.7718286
10401,0.77025616
10402,0.64651835
10403,0.7248979
10404,0.87681735
10405,0.77817345
10406,0.7893593
10407,0.7303202
10408,0.61180174
10409,0.7008344
10410,0.8068597
10411,0.9276079
10412,0.912511
10413,0.51324874
10414,0.61640936
10415,0.70472234
10416,0.65551394
10417,0.8487171
10418,0.5482643
10419,0.7660147
10420,0.6791967
10421,0.74824953
10422,0.6413715
10423,0.6736597
10424,0.71705115
10425,0.64610124
10426,0.64694107
10427,0.6717698
10428,0.7566516
10429,0.9103001
10430,0.8279332
10431,1.0
10432,0.75154
10433,0.8256178
10434,0.82689226
10435,0.81019527
10436,0.78677136
10437,0.86479187
10438,0.83028173
10439,0.8754196
10440,0.7619236
10441,0.9182798
10442,0.7630231
10443,0.82158816
10444,0.785603
10445,0.8250464
10446,0.82347554
10447,0.8162039
10448,0.83430016
10449,0.79233664
10450,0.93219215
10451,0.8473644
10452,0.8243028
10453,0.7957954
10454,0.77250206
10455,0.8565998
10456,0.75435895
10457,0.7582229
10458,0.81697434
10459,0.7487277
10460,0.7586032
10461,0.7539136
10462,0.7991168
10463,0.82571065
10464,0.7771016
10465,0.77561784
10466,0.76202744
10467,0.7480091
10468,0.8012165
10469,0.64610124
10470,0.71705115
10471,0.6736597
10472,0.6413715
10473,0.74824953
10474,0.6791967
10475,0.6717698
10476,0.5482643
10477,0.8487171
10478,0.65551394
10479,0.912511
10480,0.61640936
10481,0.70472234
10482,0.7566516
10483,0.9103001
10484,0.8279332
10485,0.64694107
10486,0.51324874
10487,0.7660147
10488,0.7911041
10489,0.8721959
10490,0.83798534
10491,0.8549913
10492,0.8842662
10493,0.78141576
10494,0.8351029
10495,0.73697805
10496,0.84881055
10497,0.7808814
10498,0.9559606
10499,0.8027873
10500,0.7580832
10501,0.85407305
10502,0.79751986
10503,0.7861194
10504,0.75858533
10505,0.88126814
10506,0.86578596
10507,0.7716695
10508,0.78902084
10509,0.9183893
10510,0.8453935
10511,0.7538737
10512,0.77879155
10513,0.8007553
10514,0.90049964
10515,0.80489236
10516,0.8191694
10517,0.91375333
10518,0.71996737
10519,0.8149517
10520,0.7753081
10521,0.9258806
10522,0.867293
10523,0.84510005
10524,0.8377018
10525,0.8625151
10526,0.8187729
10527,0.8534447
10528,0.8544508
10529,0.773612
10530,0.76136255
10531,0.839413
10532,0.81553566
10533,0.904379
10534,0.85598487
10535,0.8021699
10536,0.7833746
10537,0.75350064
10538,0.776585
10539,0.81960356
10540,0.85868835
10541,0.814139
10542,0.87690175
10543,0.8966303
10544,0.80762595
10545,0.7520901
10546,0.8013096
10547,0.8255409
10548,0.78557026
10549,0.7512439
10550,0.9130926
10551,0.8046621
10552,0.7738646
10553,0.7830245
10554,0.7599701
10555,0.8388246
10556,0.7391582
10557,0.7464134
10558,0.7269005
10559,0.75003135
10560,0.74064636
10561,0.7209532
10562,0.7492546
10563,0.80726117
10564,0.7510806
10565,0.7315516
10566,0.7762414
10567,0.86357534
10568,0.7285303
10569,0.8598487
10570,0.71543044
10571,0.7930746
10572,0.8845911
10573,0.7060429
10574,0.6864459
10575,0.6866449
10576,0.79063165
10577,0.79417306
10578,0.7033142
10579,0.88818866
10580,0.8218241
10581,0.656549
10582,0.6571765
10583,0.72385514
10584,0.63733184
10585,0.7173789
10586,0.70155966
10587,0.43892163
10588,0.67133754
10589,0.62897325
10590,0.6888137
10591,0.79467547
10592,0.6266429
10593,0.8341249
10594,0.6762363
10595,0.7600354
10596,0.76748574
10597,0.6755373
10598,0.6837228
10599,0.7150626
10600,0.63383186
10601,0.778487
10602,0.705033
10603,0.8603581
10604,0.8520052
10605,0.5735334
10606,0.56761134
10607,0.749631
10608,0.5962455
10609,0.8574823
10610,0.74722654
10611,0.64752674
10612,0.6092657
10613,0.6150786
10614,0.46184117
10615,0.6977024
10616,0.7841328
10617,0.64224344
10618,0.7414137
10619,0.7924484
10620,0.45841822
10621,0.883934
10622,0.82729495
10623,0.86223537
10624,0.8587462
10625,0.76921475
10626,0.75881714
10627,0.84824514
10628,0.8213905
10629,0.9137293
10630,0.79897356
10631,0.9053782
10632,0.7834549
10633,0.7549117
10634,0.78668535
10635,0.8195616
10636,0.85813093
10637,0.82609004
10638,0.8683745
10639,0.80642474
10640,0.72452575
10641,0.78656244
10642,0.73529065
10643,0.6577971
10644,0.45772338
10645,0.70092237
10646,0.6782472
10647,0.7292278
10648,0.6488792
10649,0.83912337
10650,0.7242183
10651,0.78487945
10652,0.7733431
10653,0.7159513
10654,0.72516143
10655,0.64251125
10656,0.8006339
10657,0.7313172
10658,0.71851414
10659,0.8692972
10660,0.8596918
10661,0.6310827
10662,0.66824484
10663,0.7108904
10664,0.5985986
10665,0.6036526
10666,0.7545601
10667,0.4796908
10668,0.7534727
10669,0.64410275
10670,0.8263836
10671,0.6370491
10672,0.49005303
10673,0.7179606
10674,0.7958751
10675,0.66601354
10676,0.8637285
10677,0.765822
10678,0.89152163
10679,0.796356
10680,0.76014555
10681,0.83047426
10682,0.86366683
10683,0.824354
10684,0.8599078
10685,0.8117424
10686,0.69868267
10687,0.87872046
10688,0.9072525
10689,0.79672295
10690,0.7645607
10691,0.7343135
10692,0.83879006
10693,0.91944057
10694,0.78742474
10695,0.75369644
10696,0.8102937
10697,0.82609004
10698,0.85813093
10699,0.86223537
10700,0.78668535
10701,0.7549117
10702,0.7834549
10703,0.9053782
10704,0.79897356
10705,0.9137293
10706,0.883934
10707,0.8213905
10708,0.75881714
10709,0.76921475
10710,0.8587462
10711,0.80642474
10712,0.82729495
10713,0.8683745
10714,0.84824514
10715,0.8195616
10716,0.89152163
10717,0.796356
10718,0.78742474
10719,0.8102937
10720,0.76014555
10721,0.83047426
10722,0.86366683
10723,0.824354
10724,0.8599078
10725,0.8117424
10726,0.69868267
10727,0.9072525
10728,0.75369644
10729,0.79672295
10730,0.7645607
10731,0.7343135
10732,0.83879006
10733,0.91944057
10734,0.87872046
10735,0.73416114
10736,0.8175334
10737,0.7430927
10738,0.8863881
10739,0.7002837
10740,0.79834366
10741,0.79908115
10742,0.71195734
10743,0.7148471
10744,0.68406975
10745,0.7262994
10746,0.87964356
10747,0.85764635
10748,0.7555287
10749,0.86137307
10750,0.78531927
10751,0.8092143
10752,0.68594974
10753,0.7521412
10754,0.7221785
10755,0.8705554
10756,0.77494556
10757,0.8260428
10758,0.81536216
10759,0.7739458
10760,0.8027092
10761,0.845242
10762,0.76179755
10763,0.76776874
10764,0.84584826
10765,0.912237
10766,0.8634529
10767,0.7418497
10768,0.8305527
10769,0.87991905
10770,0.7497112
10771,0.76428545
10772,0.78098106
10773,0.651405
10774,0.71290797
10775,0.7292654
10776,0.45263618
10777,0.78505725
10778,0.63671935
10779,0.7180203
10780,0.7215118
10781,0.71255124
10782,0.7689215
10783,0.72728294
10784,0.77867293
10785,0.8415187
10786,0.6425935
10787,0.798182
10788,0.72582763
10789,0.67146313
10790,0.69674015
10791,0.7182094
10792,0.88909024
10793,0.7952744
10794,0.75902057
10795,0.80842733
10796,0.8296577
10797,0.8619518
10798,0.8234173
10799,0.85851157
10800,0.80978316
10801,0.69970703
10802,0.9071596
10803,0.75423676
10804,0.7912526
10805,0.7642961
10806,0.7335092
10807,0.83771497
10808,0.9175149
10809,0.7849425
10810,0.88952225
10811,0.824172
10812,0.7839825
10813,0.7537719
10814,0.78397477
10815,0.90430325
10816,0.79903394
10817,0.9126543
10818,0.85975325
10819,0.8190085
10820,0.7610161
10821,0.7652025
10822,0.860335
10823,0.8070342
10824,0.8267382
10825,0.8664489
10826,0.8469573
10827,0.85510427
10828,0.8186514
10829,0.88193464
10830,0.7707076
10831,0.85378563
10832,0.8881214
10833,0.75286263
10834,0.74458253
10835,0.8338789
10836,0.80067843
10837,0.7954247
10838,0.7514919
10839,0.6888236
10840,0.7371168
10841,0.7489398
10842,0.687658
10843,0.8596385
10844,0.8178668
10845,0.81972325
10846,0.80153096
10847,0.73074067
10848,0.7695796
10849,0.66975886
10850,0.6769419
10851,0.43781567
10852,0.72158635
10853,0.7223338
10854,0.7818374
10855,0.7017802
10856,0.6447103
10857,0.79345644
10858,0.707444
10859,0.8406967
10860,0.7136517
10861,0.77390635
10862,0.7626126
10863,0.68546563
10864,0.69784045
10865,0.70403683
10866,0.6273996
10867,0.63251716
10868,0.7522874
10869,0.75508153
10870,0.82178277
10871,0.7687661
10872,0.76549006
10873,0.82611114
10874,0.7502783
10875,0.93162125
10876,0.78602564
10877,0.64858454
10878,0.6671654
10879,0.7376746
10880,0.78694123
10881,0.8274649
10882,0.66048735
10883,0.7628976
10884,0.81519175
10885,0.7735599
10886,0.919289
10887,0.7294434
10888,0.77717346
10889,0.82752883
10890,0.815609
10891,0.7903845
10892,0.7683402
10893,0.8309312
10894,0.8113044
10895,0.844288
10896,0.73890555
10897,0.72706836
10898,0.8152151
10899,0.7595478
10900,0.8138772
10901,0.8140299
10902,0.9621827
10903,0.7990945
10904,0.9061621
10905,0.7663646
10906,0.65399456
10907,0.8572661
10908,0.59922075
10909,0.6366468
10910,0.6983248
10911,0.5852349
10912,0.5934007
10913,0.75715464
10914,0.46181202
10915,0.8558583
10916,0.7419513
10917,0.61523604
10918,0.81516635
10919,0.61154807
10920,0.47207695
10921,0.70382863
10922,0.78280514
10923,0.83815783
10924,0.7543655
10925,0.78280514
10926,0.7543655
10927,0.70382863
10928,0.47207695
10929,0.61154807
10930,0.81516635
10931,0.61523604
10932,0.7419513
10933,0.8558583
10934,0.46181202
10935,0.75715464
10936,0.5934007
10937,0.5852349
10938,0.6983248
10939,0.6366468
10940,0.59922075
10941,0.83815783
10942,0.65399456
10943,0.8572661
10944,0.81562424
10945,0.846904
10946,0.84592307
10947,0.838079
10948,0.77729684
10949,0.83783424
10950,0.84055614
10951,0.8074239
10952,0.9210043
10953,0.72137815
10954,0.7736948
10955,0.82409155
10956,0.8838512
10957,0.7968551
10958,0.8397169
10959,0.78804606
10960,0.7406277
10961,0.8312311
10962,0.74619436
10963,0.75557977
10964,0.8246358
10965,0.86530095
10966,0.80955315
10967,0.85956144
10968,0.8114505
10969,0.6826438
10970,0.9046675
10971,0.77912414
10972,0.7618932
10973,0.84153616
10974,0.91861594
10975,0.7860435
10976,0.79663473
10977,0.80952835
10978,0.88975775
10979,0.738454
10980,0.73110616
10981,0.8715075
10982,0.89076775
10983,0.8237613
10984,0.9178966
10985,0.8564218
10986,0.782873
10987,0.77736026
10988,0.799773
10989,0.8031243
10990,0.91029644
10991,0.8500312
10992,0.92344964
10993,0.789112
10994,0.9894587
10995,0.7861881
10996,0.7812704
10997,0.9693055
10998,0.83231485
10999,0.8232292
11000,0.8542105
11001,0.7017802
11002,0.7818374
11003,0.7223338
11004,0.6447103
11005,0.43781567
11006,0.6769419
11007,0.66975886
11008,0.79345644
11009,0.63251716
11010,0.8406967
11011,0.7136517
11012,0.77390635
11013,0.7626126
11014,0.68546563
11015,0.69784045
11016,0.70403683
11017,0.707444
11018,0.6273996
11019,0.72158635
11020,0.81562424
11021,0.8397169
11022,0.846904
11023,0.8838512
11024,0.7968551
11025,0.74619436
11026,0.78804606
11027,0.8312311
11028,0.7736948
11029,0.82409155
11030,0.7406277
11031,0.8074239
11032,0.84055614
11033,0.83783424
11034,0.77729684
11035,0.838079
11036,0.84592307
11037,0.72137815
11038,0.9210043
11039,0.7017802
11040,0.7818374
11041,0.7223338
11042,0.6447103
11043,0.43781567
11044,0.6769419
11045,0.66975886
11046,0.63251716
11047,0.70403683
11048,0.6273996
11049,0.8406967
11050,0.7136517
11051,0.77390635
11052,0.7626126
11053,0.68546563
11054,0.69784045
11055,0.72158635
11056,0.79345644
11057,0.707444
11058,0.7017802
11059,0.69784045
11060,0.72158635
11061,0.707444
11062,0.7818374
11063,0.7223338
11064,0.6447103
11065,0.43781567
11066,0.70403683
11067,0.6769419
11068,0.79345644
11069,0.8406967
11070,0.7136517
11071,0.77390635
11072,0.7626126
11073,0.68546563
11074,0.66975886
11075,0.6273996
11076,0.63251716
11077,0.86291754
11078,0.8250996
11079,0.83189905
11080,0.7954462
11081,0.7892219
11082,0.7547227
11083,0.7817267
11084,0.9141836
11085,0.88679695
11086,0.78715837
11087,0.82417786
11088,0.85096896
11089,0.749022
11090,0.7539607
11091,0.86213475
11092,0.8088339
11093,0.8354193
11094,0.8706204
11095,0.9191947
11096,0.8424765
11097,0.7888131
11098,0.76772034
11099,0.7327045
11100,0.67910326
11101,0.8055609
11102,0.6592833
11103,0.8700649
11104,0.73773247
11105,0.8435811
11106,0.78903645
11107,0.86828554
11108,0.8619816
11109,0.85801184
11110,0.8086298
11111,0.762781
11112,0.88422596
11113,0.84220076
11114,0.7601265
11115,0.829912
11116,0.86560047
11117,0.7419232
11118,0.76986825
11119,0.7256726
11120,0.8688753
11121,0.7757519
11122,0.8753511
11123,0.913792
11124,0.71281856
11125,0.7465914
11126,0.84151953
11127,0.8256149
11128,0.81850433
11129,0.7651728
11130,0.7402467
11131,0.8347621
11132,0.7404992
11133,0.7939362
11134,0.92124856
11135,0.8597058
11136,0.7847133
11137,0.7792007
11138,0.8535162
11139,0.8031249
11140,0.8063347
11141,0.91436946
11142,0.7923223
11143,0.9276522
11144,0.8346033
11145,0.7833117
11146,0.7888104
11147,0.9923218
11148,0.97350806
11149,0.8951067
11150,0.8264533
11151,0.82609236
11152,0.85848683
11153,0.77261317
11154,0.8302927
11155,0.77924854
11156,0.83414155
11157,0.8198115
11158,0.81465626
11159,0.84636307
11160,0.7437666
11161,0.9103646
11162,0.7304081
11163,0.8191536
11164,0.76227057
11165,0.81807977
11166,0.81738025
11167,0.76905984
11168,0.96405697
11169,0.8019966
11170,0.7336459
11171,0.79386944
11172,0.8250996
11173,0.86291754
11174,0.7954462
11175,0.8706204
11176,0.8354193
11177,0.8088339
11178,0.86213475
11179,0.7539607
11180,0.749022
11181,0.88679695
11182,0.85096896
11183,0.9191947
11184,0.78715837
11185,0.9141836
11186,0.7817267
11187,0.7547227
11188,0.7892219
11189,0.82417786
11190,0.83189905
11191,0.99581754
11192,0.6742126
11193,0.6766904
11194,0.86348534
11195,0.94263536
11196,0.70026624
11197,0.76848537
11198,0.6909212
11199,0.76755214
11200,0.75812405
11201,0.8511588
11202,0.6723487
11203,0.764857
11204,0.9221856
11205,0.8044918
11206,0.90705013
11207,0.82230675
11208,0.7002224
11209,0.8379984
11210,0.8447049
11211,0.79189396
11212,0.68131095
11213,0.88740647
11214,0.7647096
11215,0.8118102
11216,0.8610836
11217,0.86768484
11218,0.8446394
11219,0.84651613
11220,0.7722702
11221,0.7918177
11222,0.74195075
11223,0.8732454
11224,0.73617506
11225,0.6629183
11226,0.80780333
11227,0.871143
11228,0.7623342
11229,0.72559243
11230,0.84893763
11231,0.84151775
11232,0.84185153
11233,0.8493454
11234,0.88806546
11235,0.8010694
11236,0.7501259
11237,0.79125637
11238,0.8194211
11239,0.7445297
11240,0.7767757
11241,0.82794774
11242,0.92444307
11243,0.8438655
11244,0.8409152
11245,0.7815112
11246,0.8343121
11247,0.81076366
11248,0.78672254
11249,0.7809225
11250,0.8604153
11251,0.8264533
11252,0.8951067
11253,0.97350806
11254,0.99267995
11255,0.7888104
11256,0.7833117
11257,0.9216067
11258,0.8591324
11259,0.82609236
11260,0.92793494
11261,0.7923223
11262,0.9146522
11263,0.8063347
11264,0.803483
11265,0.853799
11266,0.8349228
11267,0.8493454
11268,0.84893763
11269,0.7767757
11270,0.8194211
11271,0.84151775
11272,0.7815112
11273,0.8409152
11274,0.8438655
11275,0.81076366
11276,0.92444307
11277,0.82794774
11278,0.8343121
11279,0.7445297
11280,0.79125637
11281,0.7501259
11282,0.8010694
11283,0.88806546
11284,0.84185153
11285,0.72559243
11286,0.67537755
11287,0.8630613
11288,0.94263536
11289,0.83795965
11290,0.82230675
11291,0.90705013
11292,0.8031975
11293,0.9208914
11294,0.764857
11295,0.9955986
11296,0.6723099
11297,0.70154905
11298,0.7568297
11299,0.76755214
11300,0.6909212
11301,0.76848537
11302,0.70026624
11303,0.8511588
11304,0.67834413
11305,0.7764686
11306,0.7694443
11307,0.7419686
11308,0.7270362
11309,0.87492716
11310,0.8289758
11311,0.7419232
11312,0.8646266
11313,0.71281856
11314,0.9124977
11315,0.8416747
11316,0.7482762
11317,0.7415359
11318,0.8347621
11319,0.7940755
11320,0.765312
11321,0.8178132
11322,0.86822194
11323,0.8243205
