mutant,DMS_score_predicted
V1D,0.54819846
V1Y,0.5476898
V1C,0.46349686
V1A,0.6061412
V1E,0.60244185
V1W,0.53317815
V1T,0.60470843
V1R,0.56888807
V1Q,0.56168294
V1S,0.5987592
V1N,0.5513879
V1M,0.6034258
V1L,0.62184215
V1K,0.5833045
V1I,0.5905789
V1H,0.48118562
V1G,0.5171452
V1F,0.56287307
V1P,0.59337026
N2R,0.6416655
N2Y,0.56845087
N2W,0.54709285
N2V,0.5452085
N2T,0.6074774
N2S,0.61357975
N2Q,0.6227602
N2I,0.52797556
N2M,0.5825914
N2A,0.556754
N2P,0.5879653
N2D,0.61163574
N2E,0.64228505
N2F,0.56202734
N2C,0.47358614
N2H,0.55806553
N2K,0.6266584
N2L,0.5877416
N2G,0.5383455
E3K,0.5464652
E3C,0.37645286
E3D,0.56375575
E3F,0.5081438
E3G,0.46740878
E3H,0.49625945
E3I,0.4960332
E3L,0.55092204
E3A,0.49809152
E3N,0.52991825
E3M,0.528891
E3W,0.4587736
E3V,0.49848205
E3T,0.5372783
E3Y,0.51195204
E3R,0.57222104
E3Q,0.5656101
E3P,0.5662702
E3S,0.55503356
A4M,0.5589736
A4F,0.56476563
A4G,0.5689236
A4I,0.59802985
A4K,0.6225927
A4L,0.62861025
A4N,0.598721
A4S,0.6306823
A4Q,0.60640836
A4R,0.6170299
A4E,0.6266319
A4T,0.6239487
A4V,0.6063929
A4W,0.51413596
A4Y,0.5624649
A4P,0.62206477
A4D,0.575941
A4H,0.54387534
A4C,0.4926777
R5W,0.4643727
R5A,0.46422493
R5C,0.38961315
R5D,0.47331876
R5E,0.52667826
R5F,0.47947937
R5G,0.43284163
R5H,0.4876384
R5I,0.4603176
R5Y,0.49702847
R5L,0.50510037
R5M,0.48797452
R5N,0.5366796
R5P,0.50449157
R5Q,0.54001445
R5S,0.49621326
R5T,0.49893367
R5V,0.45472673
R5K,0.5868831
G6V,0.56629914
G6T,0.5922553
G6S,0.6291367
G6R,0.64267296
G6Q,0.59971935
G6P,0.62375027
G6N,0.6156116
G6H,0.5416382
G6L,0.60618657
G6K,0.61786896
G6I,0.5586506
G6F,0.5597115
G6E,0.6144496
G6D,0.57843906
G6C,0.47737217
G6M,0.5569905
G6A,0.5849978
G6Y,0.55009204
G6W,0.5134997
N7A,0.52484804
N7W,0.5193821
N7V,0.52364844
N7T,0.58238
N7S,0.6155211
N7R,0.64563006
N7Q,0.58683896
N7P,0.59320205
N7M,0.5379084
N7Y,0.58616537
N7K,0.60840106
N7C,0.45563555
N7D,0.59410256
N7E,0.6051851
N7L,0.581678
N7G,0.5400801
N7H,0.55419123
N7I,0.5343663
N7F,0.5704715
S8D,0.546488
S8E,0.56974304
S8F,0.52646476
S8G,0.5755318
S8H,0.48913372
S8I,0.50910836
S8K,0.5248004
S8L,0.57698053
S8N,0.5507112
S8P,0.5974454
S8C,0.43944812
S8R,0.5550508
S8T,0.5633198
S8V,0.5167671
S8W,0.46225762
S8Y,0.51009893
S8M,0.5026427
S8Q,0.54208016
S8A,0.5533838
S9C,0.4229182
S9D,0.54106104
S9E,0.56501853
S9F,0.52140206
S9G,0.5224902
S9H,0.48653466
S9I,0.50851667
S9K,0.5326339
S9L,0.5664815
S9M,0.48796517
S9N,0.5511692
S9P,0.60665345
S9Q,0.5323097
S9R,0.54718727
S9T,0.5660961
S9V,0.5137415
S9A,0.54052556
S9W,0.46170342
S9Y,0.4979601
L10V,0.53731483
L10A,0.48879093
L10C,0.4138006
L10D,0.4590506
L10E,0.5209073
L10F,0.5385206
L10G,0.45969588
L10H,0.4416629
L10K,0.53347665
L10M,0.50882906
L10N,0.47648257
L10P,0.5716671
L10Q,0.5147382
L10R,0.5581045
L10S,0.5300229
L10T,0.5169058
L10W,0.50539327
L10Y,0.5199466
L10I,0.54738617
N11Y,0.58032835
N11C,0.45526457
N11D,0.5967115
N11E,0.61762035
N11F,0.5710414
N11G,0.5272441
N11H,0.57388836
N11A,0.5274473
N11I,0.52569586
N11L,0.59438133
N11M,0.5141881
N11P,0.61939406
N11Q,0.61082935
N11R,0.6529995
N11S,0.6240592
N11K,0.6151533
N11W,0.53633934
N11V,0.53031135
N11T,0.5935184
P12W,0.44336987
P12D,0.4976061
P12E,0.51885724
P12F,0.47034085
P12G,0.51829386
P12H,0.47015536
P12I,0.46429026
P12K,0.5146859
P12L,0.5335417
P12N,0.51145995
P12Q,0.5051214
P12R,0.5601908
P12S,0.54151505
P12T,0.49912977
P12V,0.4682179
P12M,0.43089467
P12Y,0.48159796
P12A,0.4750607
P12C,0.38537735
C13A,0.59677595
C13D,0.5993718
C13E,0.5991641
C13F,0.66094655
C13G,0.55015755
C13H,0.61074907
C13K,0.63160545
C13L,0.65106684
C13M,0.611321
C13I,0.6298648
C13P,0.6293521
C13N,0.6108387
C13W,0.63289523
C13V,0.61457175
C13T,0.6332976
C13Y,0.65930074
C13R,0.6498244
C13Q,0.6271718
C13S,0.63016266
L14K,0.5388089
L14D,0.47399068
L14E,0.51921165
L14F,0.52934384
L14G,0.46097487
L14H,0.46369022
L14I,0.5216007
L14M,0.504958
L14C,0.42036885
L14P,0.5526859
L14Q,0.5177457
L14R,0.5913463
L14S,0.5411623
L14T,0.515852
L14V,0.5253572
L14W,0.49556243
L14Y,0.5159797
L14N,0.4721809
L14A,0.49352443
E15C,0.38166225
E15T,0.5239564
E15A,0.48856348
E15Y,0.5190439
E15W,0.44617426
E15V,0.47193396
E15D,0.57851845
E15F,0.4966371
E15G,0.4716723
E15H,0.48333794
E15S,0.57302
E15K,0.52755713
E15L,0.5206762
E15M,0.4408964
E15N,0.5887246
E15P,0.57520324
E15Q,0.5515271
E15R,0.5768398
E15I,0.451895
G16D,0.5723355
G16E,0.58365613
G16F,0.5188276
G16H,0.5189507
G16I,0.5165947
G16K,0.583752
G16L,0.5700615
G16R,0.63472444
G16P,0.60353994
G16Q,0.547934
G16S,0.628699
G16T,0.5738707
G16V,0.52563643
G16C,0.43689305
G16Y,0.5298429
G16N,0.57614297
G16W,0.47755992
G16M,0.5318743
G16A,0.57084304
S17A,0.53586966
S17Y,0.48963797
S17D,0.52746236
S17V,0.47922385
S17T,0.54838896
S17R,0.54880947
S17Q,0.51582104
S17P,0.5561181
S17N,0.5181421
S17W,0.4364804
S17M,0.50263244
S17E,0.56121206
S17F,0.471761
S17G,0.5189682
S17C,0.4103458
S17I,0.46349597
S17K,0.5213947
S17L,0.5249344
S17H,0.44586146
A18D,0.56903803
A18E,0.5991465
A18F,0.6001295
A18G,0.57500434
A18H,0.53087246
A18I,0.58183396
A18K,0.57491225
A18M,0.5418499
A18N,0.5552501
A18V,0.5969398
A18Q,0.5820965
A18R,0.606964
A18S,0.66275287
A18T,0.6073927
A18L,0.6358142
A18P,0.63886297
A18C,0.5342094
A18Y,0.5884943
A18W,0.55125487
S19R,0.5134147
S19Q,0.45671147
S19P,0.52206296
S19N,0.46453804
S19M,0.49033922
S19L,0.48927277
S19W,0.39671302
S19I,0.42301285
S19G,0.5027831
S19F,0.44313538
S19E,0.5194689
S19D,0.5148259
S19C,0.3940689
S19A,0.51244724
S19Y,0.43146884
S19H,0.41802382
S19K,0.4620636
S19V,0.4563431
S19T,0.5068978
S20R,0.49403125
S20A,0.4993959
S20C,0.392088
S20D,0.47335505
S20E,0.5155442
S20F,0.44034827
S20G,0.47346866
S20H,0.39106238
S20I,0.42724884
S20Y,0.41748857
S20K,0.46172023
S20L,0.49320126
S20M,0.40895605
S20N,0.47828382
S20P,0.5547007
S20Q,0.4722702
S20T,0.5218771
S20V,0.4522285
S20W,0.40270054
G21A,0.56850874
G21W,0.4996028
G21N,0.5323157
G21Y,0.5350384
G21V,0.53038216
G21T,0.56213444
G21S,0.6405587
G21R,0.56165344
G21P,0.58562905
G21M,0.48641968
G21L,0.578547
G21Q,0.52580696
G21I,0.5206996
G21H,0.49588752
G21F,0.5503617
G21E,0.55441934
G21D,0.55728436
G21C,0.48219746
G21K,0.52079797
S22I,0.4262672
S22C,0.38669157
S22A,0.5102573
S22D,0.4908203
S22E,0.53060853
S22F,0.4499445
S22G,0.498411
S22H,0.41122508
S22W,0.4164307
S22K,0.4952873
S22M,0.41897535
S22L,0.49618775
S22V,0.45031357
S22T,0.5304804
S22Y,0.475129
S22Q,0.48943043
S22P,0.52784765
S22N,0.48462766
S22R,0.51285887
E23A,0.512326
E23I,0.505018
E23C,0.44605583
E23D,0.5752569
E23F,0.5323458
E23G,0.5030206
E23H,0.49481797
E23K,0.526299
E23Q,0.5493068
E23M,0.4584245
E23N,0.54621804
E23P,0.5539393
E23R,0.5731773
E23S,0.5964983
E23T,0.5524159
E23V,0.5160768
E23W,0.4961586
E23L,0.55017596
E23Y,0.5338349
S24Y,0.4462906
S24H,0.42696
S24D,0.501385
S24E,0.5074415
S24F,0.44253182
S24G,0.500438
S24I,0.43774325
S24K,0.4740575
S24A,0.5112428
S24L,0.48694903
S24N,0.4819637
S24P,0.504443
S24Q,0.45639575
S24R,0.49828523
S24T,0.5251931
S24V,0.4458809
S24M,0.4235469
S24W,0.40531123
S24C,0.38044006
S25E,0.51990116
S25A,0.47165638
S25C,0.3499812
S25Y,0.3971219
S25W,0.4085139
S25V,0.42702293
S25T,0.49815542
S25F,0.42239654
S25Q,0.4639126
S25P,0.5232595
S25R,0.4885372
S25M,0.38778985
S25L,0.4847316
S25K,0.45469463
S25I,0.40282476
S25H,0.3755784
S25D,0.4912455
S25G,0.4937687
S25N,0.44361538
K26G,0.47032663
K26M,0.51006794
K26F,0.53232825
K26E,0.54798895
K26H,0.49986875
K26I,0.4879961
K26L,0.548527
K26N,0.50631624
K26C,0.449921
K26Q,0.56306905
K26R,0.65280014
K26S,0.5421555
K26T,0.5225813
K26V,0.49717468
K26D,0.4952673
K26Y,0.55926764
K26W,0.55730987
K26P,0.55101776
K26A,0.48909175
D27A,0.51129675
D27Y,0.52307785
D27C,0.42249256
D27E,0.60118186
D27F,0.46742278
D27G,0.5080729
D27I,0.44411904
D27K,0.5142415
D27L,0.49011064
D27M,0.4333613
D27H,0.47462583
D27P,0.57648355
D27Q,0.5303226
D27R,0.5597448
D27S,0.5924214
D27T,0.54902095
D27V,0.46344084
D27W,0.44192564
D27N,0.54707664
S28H,0.3846662
S28G,0.4888388
S28F,0.4297322
S28A,0.47778863
S28D,0.47488904
S28C,0.34064394
S28I,0.42095202
S28E,0.48155367
S28K,0.41942734
S28L,0.4858973
S28M,0.36587012
S28W,0.37744403
S28V,0.4196319
S28T,0.50090003
S28Y,0.41881466
S28Q,0.43515563
S28P,0.5044592
S28N,0.46932304
S28R,0.46513486
S29M,0.36113167
S29V,0.43026435
S29T,0.5011421
S29R,0.47241318
S29Q,0.4501046
S29P,0.5179411
S29N,0.4398175
S29L,0.4857902
S29F,0.433913
S29I,0.4208306
S29H,0.37886894
S29G,0.4633718
S29W,0.39394987
S29E,0.5014878
S29D,0.46188653
S29C,0.33470047
S29A,0.46738726
S29K,0.44402874
S29Y,0.41045797
R30D,0.3859508
R30W,0.4001491
R30Y,0.42440432
R30C,0.33275044
R30E,0.4430837
R30F,0.41266453
R30G,0.39848304
R30I,0.3869391
R30K,0.49032032
R30L,0.44337714
R30H,0.40077096
R30N,0.4012689
R30A,0.4111594
R30P,0.47546428
R30Q,0.4381814
R30S,0.44529688
R30T,0.4205625
R30V,0.38919777
R30M,0.35740715
C31P,0.62155867
C31W,0.534204
C31V,0.5544989
C31T,0.60117924
C31S,0.60542816
C31R,0.60663646
C31Q,0.5791108
C31N,0.56264037
C31E,0.56398124
C31L,0.5810633
C31K,0.5738554
C31I,0.5437824
C31H,0.531459
C31G,0.5133374
C31F,0.5600776
C31D,0.5532084
C31A,0.5772264
C31M,0.51687187
C31Y,0.5794062
S32W,0.42582262
S32Y,0.43600845
S32I,0.41414422
S32R,0.50172615
S32Q,0.47867996
S32P,0.54151726
S32N,0.4946853
S32M,0.380023
S32L,0.48796028
S32K,0.46148264
S32T,0.5106238
S32H,0.4112922
S32F,0.4438218
S32E,0.49343365
S32D,0.4567274
S32C,0.36598033
S32A,0.4873159
S32G,0.4922347
S32V,0.42950445
T33W,0.483055
T33A,0.509497
T33Y,0.50563836
T33C,0.4257661
T33R,0.56103015
T33Q,0.5066195
T33P,0.5690753
T33M,0.44106746
T33L,0.5718857
T33K,0.5139268
T33N,0.47966015
T33I,0.5051069
T33H,0.4474355
T33G,0.4658327
T33F,0.5203094
T33E,0.52975386
T33D,0.4946202
T33V,0.51966065
T33S,0.599883
P34K,0.4769075
P34D,0.44720566
P34E,0.49239194
P34F,0.43071502
P34G,0.42965865
P34H,0.3906474
P34I,0.40939116
P34T,0.47440255
P34M,0.4290257
P34N,0.4140784
P34Q,0.4573034
P34R,0.51505506
P34S,0.49233186
P34A,0.4535011
P34W,0.42767465
P34V,0.444241
P34C,0.3443811
P34L,0.48310667
P34Y,0.43433833
G35K,0.60887265
G35C,0.49954796
G35Y,0.558093
G35A,0.6018815
G35W,0.5116751
G35V,0.59352154
G35T,0.5926196
G35S,0.608712
G35Q,0.5911926
G35P,0.6531376
G35R,0.63228464
G35M,0.5301445
G35L,0.6054561
G35I,0.5675044
G35H,0.53832567
G35F,0.5557531
G35E,0.5955695
G35D,0.5628533
G35N,0.55689347
L36K,0.50907665
L36S,0.47058433
L36R,0.5643432
L36Q,0.4662223
L36P,0.551046
L36N,0.42051178
L36M,0.48368663
L36I,0.52587736
L36W,0.5078683
L36G,0.4253465
L36F,0.545776
L36E,0.45984232
L36D,0.41410065
L36C,0.38989908
L36A,0.4603334
L36Y,0.5338782
L36T,0.46961558
L36H,0.43937737
L36V,0.5101352
D37M,0.42901713
D37C,0.39140457
D37A,0.48575646
D37Y,0.5195657
D37W,0.4533078
D37V,0.4948346
D37T,0.5351716
D37R,0.59135026
D37Q,0.5553442
D37P,0.59956175
D37S,0.55724776
D37L,0.5371604
D37K,0.55666816
D37I,0.49683064
D37H,0.51350796
D37G,0.478006
D37F,0.50536263
D37E,0.585374
D37N,0.531515
P38N,0.37481755
P38W,0.4311545
P38V,0.43844432
P38T,0.4396386
P38S,0.45314705
P38R,0.52392983
P38Q,0.45140368
P38M,0.40020162
P38C,0.3079064
P38K,0.48098767
P38I,0.41566545
P38H,0.40488565
P38G,0.40912557
P38F,0.43384743
P38E,0.46989185
P38D,0.4139166
P38L,0.49318552
P38A,0.43388176
P38Y,0.43951988
E39G,0.4507534
E39Q,0.5542363
E39V,0.49289215
E39T,0.5121535
E39A,0.49518698
E39C,0.35883284
E39D,0.527338
E39F,0.49257028
E39S,0.5438499
E39H,0.50175923
E39I,0.46149403
E39K,0.5692389
E39L,0.5248718
E39M,0.42378116
E39N,0.51206774
E39P,0.5877575
E39W,0.47049987
E39Y,0.5265687
E39R,0.5998817
R40Y,0.43037176
R40M,0.37016273
R40L,0.44095063
R40K,0.534702
R40I,0.38923252
R40H,0.4225462
R40G,0.37583336
R40Q,0.4538989
R40N,0.39679974
R40S,0.40288204
R40E,0.45591098
R40D,0.37670106
R40C,0.2875864
R40W,0.40425146
R40A,0.41312444
R40T,0.41026527
R40V,0.3892504
R40F,0.39886618
R40P,0.45785755
H41W,0.5744799
H41V,0.51025873
H41R,0.6614539
H41S,0.5187934
H41Y,0.60663486
H41Q,0.5812228
H41P,0.58089805
H41N,0.5305973
H41M,0.5298951
H41L,0.5567067
H41K,0.6253289
H41I,0.51799905
H41F,0.56275845
H41E,0.5599271
H41D,0.49387336
H41C,0.41476822
H41A,0.49510854
H41T,0.52302384
H41G,0.48532614
E42H,0.5186183
E42Y,0.56008667
E42A,0.46569198
E42C,0.3931275
E42D,0.53347015
E42F,0.55205137
E42I,0.51446736
E42K,0.5118038
E42L,0.58201885
E42M,0.50106525
E42G,0.4616633
E42P,0.58424085
E42Q,0.552203
E42R,0.5715468
E42S,0.5380173
E42T,0.5062797
E42V,0.50275046
E42W,0.54460245
E42N,0.5044268
R43M,0.34188682
R43N,0.42140776
R43P,0.4374094
R43V,0.34052557
R43S,0.4653193
R43T,0.48662522
R43L,0.41003084
R43Q,0.3888917
R43K,0.48182553
R43A,0.3502369
R43H,0.37927592
R43G,0.38037187
R43F,0.37855148
R43E,0.3794068
R43D,0.35104477
R43C,0.28740168
R43W,0.38857245
R43I,0.3545655
R43Y,0.4108041
L44A,0.29940605
L44E,0.23242986
L44V,0.51823795
L44G,0.19365048
L44H,0.22525185
L44I,0.5945275
L44K,0.24190736
L44M,0.4550177
L44N,0.21015763
L44P,0.3057987
L44D,0.21903253
L44Q,0.24292272
L44S,0.22282565
L44T,0.2961825
L44W,0.30040002
L44Y,0.30331373
L44C,0.2421298
L44R,0.28289342
L44F,0.4403718
R45Y,0.4190538
R45W,0.41360986
R45V,0.46426255
R45A,0.45489284
R45Q,0.44132948
R45S,0.46893907
R45P,0.39327085
R45N,0.39622158
R45M,0.42246222
R45L,0.43863583
R45K,0.4927343
R45T,0.4540393
R45H,0.39897752
R45G,0.4236859
R45F,0.38686115
R45E,0.41040397
R45D,0.33736408
R45C,0.3643641
R45I,0.43382263
E46R,0.5247638
E46A,0.45435947
E46Y,0.48093742
E46W,0.4511304
E46V,0.42247486
E46T,0.5203743
E46S,0.53648424
E46Q,0.52341425
E46M,0.40145737
E46N,0.56460476
E46P,0.4598518
E46F,0.4200883
E46G,0.44098943
E46H,0.47145033
E46D,0.5392082
E46K,0.4867506
E46L,0.44824648
E46C,0.34987783
E46I,0.37893945
K47W,0.3404193
K47M,0.36964464
K47Y,0.3667845
K47S,0.3903638
K47R,0.59890485
K47Q,0.41472977
K47P,0.32282782
K47N,0.4164242
K47L,0.4202994
K47V,0.38235188
K47H,0.34646207
K47G,0.32116836
K47F,0.3375942
K47E,0.43628764
K47D,0.33137405
K47C,0.25611657
K47A,0.38255757
K47T,0.393637
K47I,0.37541258
R49Q,0.47226465
R49S,0.35559887
R49Y,0.38767827
R49V,0.3424272
R49W,0.37633467
R49P,0.23891854
R49T,0.3575902
R49N,0.37914163
R49I,0.365211
R49L,0.43747014
R49K,0.5230257
R49G,0.29390842
R49F,0.35523343
R49E,0.41848093
R49D,0.32275862
R49C,0.2471388
R49A,0.40347362
R49M,0.3701716
R49H,0.38293004
R50A,0.40504557
R50Y,0.33244205
R50C,0.252842
R50D,0.3186761
R50E,0.44649613
R50G,0.3115371
R50H,0.36440748
R50I,0.32108146
R50K,0.5453292
R50F,0.29886293
R50M,0.34107077
R50V,0.3126496
R50L,0.39908534
R50T,0.37243158
R50S,0.40000516
R50W,0.3315174
R50Q,0.506868
R50P,0.26452595
R50N,0.3616566
R51A,0.42440674
R51C,0.36098778
R51E,0.3373505
R51F,0.38484722
R51G,0.33033466
R51H,0.40698266
R51I,0.42949665
R51K,0.5648368
R51M,0.413513
R51D,0.29706115
R51L,0.44809568
R51Q,0.41513693
R51P,0.26001656
R51Y,0.43006164
R51W,0.35130316
R51N,0.38066435
R51T,0.45377958
R51S,0.38720077
R51V,0.41888487
L52A,0.3113945
L52C,0.25131494
L52D,0.21399766
L52E,0.251383
L52F,0.40223366
L52G,0.18374687
L52H,0.24847627
L52K,0.3412223
L52M,0.5054282
L52P,0.2174226
L52R,0.3844207
L52S,0.23762804
L52T,0.2900399
L52V,0.44851995
L52W,0.35034394
L52Y,0.3471855
L52N,0.20368779
L52Q,0.31581962
L52I,0.5331472
E53R,0.4471376
E53Y,0.30521882
E53W,0.28663933
E53T,0.33646262
E53S,0.42044502
E53A,0.47272968
E53C,0.21457589
E53D,0.49494785
E53F,0.28293347
E53V,0.3318537
E53Q,0.48982596
E53H,0.33961523
E53I,0.30217183
E53K,0.45047754
E53G,0.30498946
E53L,0.40287018
E53M,0.2829908
E53P,0.29206634
E53N,0.38219595
S54L,0.44844353
S54M,0.3760687
S54P,0.41074288
S54K,0.5607731
S54Q,0.5313816
S54R,0.5810199
S54N,0.53004086
S54I,0.3400048
S54D,0.46027339
S54G,0.4298315
S54F,0.3308667
S54E,0.5460243
S54W,0.34379923
S54Y,0.35481215
S54T,0.49130923
S54A,0.5758617
S54C,0.32952785
S54H,0.40174174
S54V,0.36893034
G55C,0.26298463
G55A,0.3337853
G55D,0.37860477
G55E,0.4108721
G55F,0.2723475
G55H,0.31901228
G55I,0.24958426
G55K,0.4108714
G55L,0.27449286
G55M,0.2535057
G55N,0.36970127
G55P,0.4751593
G55Q,0.36391544
G55R,0.39957374
G55S,0.41738528
G55T,0.35940677
G55V,0.26653248
G55W,0.29129595
G55Y,0.30566907
D56V,0.2884518
D56S,0.41827458
D56R,0.45543754
D56Q,0.54632205
D56P,0.35015678
D56N,0.43204403
D56M,0.27405596
D56L,0.32318354
D56K,0.5125304
D56H,0.3692237
D56G,0.46848643
D56F,0.25144494
D56E,0.6491487
D56C,0.24106884
D56A,0.34858823
D56I,0.25022024
D56T,0.37224466
D56Y,0.30039704
D56W,0.27792752
K57Y,0.41962904
K57W,0.3379594
K57V,0.32639223
K57T,0.39048618
K57S,0.40398943
K57Q,0.49403608
K57P,0.5069823
K57N,0.40187693
K57M,0.30789167
K57R,0.59917337
K57I,0.3049075
K57L,0.33983988
K57C,0.29275858
K57D,0.3309278
K57E,0.36964625
K57A,0.35314685
K57G,0.312001
K57H,0.48122764
K57F,0.43491715
W58P,0.23685604
W58A,0.3098665
W58Y,0.60040796
W58V,0.35839558
W58T,0.3110162
W58S,0.2598297
W58R,0.2096008
W58Q,0.21972424
W58N,0.19753784
W58C,0.32505286
W58L,0.3499732
W58K,0.18621045
W58I,0.33040273
W58H,0.34211951
W58G,0.23924786
W58F,0.5866988
W58E,0.20166415
W58D,0.19518346
W58M,0.32219887
F59Y,0.59224665
F59T,0.24843878
F59V,0.33793986
F59A,0.22617936
F59C,0.23530626
F59D,0.31915846
F59E,0.30839512
F59G,0.21354854
F59H,0.29330605
F59I,0.40015566
F59K,0.2805605
F59L,0.3968979
F59M,0.31711352
F59N,0.25907004
F59P,0.26081514
F59Q,0.26004332
F59R,0.2817071
F59W,0.42894912
F59S,0.23495445
S60V,0.29106
S60Y,0.35116714
S60C,0.3271231
S60E,0.37760395
S60F,0.30995196
S60G,0.37748787
S60H,0.34996346
S60I,0.29515004
S60K,0.3543057
S60L,0.3036677
S60M,0.31094158
S60N,0.36348456
S60P,0.35925597
S60Q,0.35832936
S60R,0.35064405
S60T,0.44481385
S60W,0.34812057
S60A,0.39628685
S60D,0.38924602
L61F,0.69843084
L61C,0.3542992
L61E,0.33400244
L61G,0.21590316
L61H,0.26981103
L61I,0.4810561
L61A,0.2697152
L61M,0.6814842
L61N,0.2766782
L61K,0.31618232
L61Q,0.2899338
L61D,0.34288812
L61R,0.31675017
L61S,0.25035214
L61T,0.2951901
L61V,0.42035985
L61W,0.34950018
L61Y,0.43997443
L61P,0.28188008
E62N,0.34277335
E62H,0.3504928
E62I,0.30679277
E62K,0.34998548
E62L,0.30655536
E62M,0.3167973
E62C,0.31748173
E62D,0.3652261
E62R,0.37017202
E62S,0.3127574
E62T,0.32417473
E62V,0.27781057
E62W,0.3678315
E62G,0.269415
E62Q,0.33528978
E62A,0.27744156
E62P,0.35619807
E62F,0.33348644
E62Y,0.35826567
F63S,0.18683684
F63K,0.25773734
F63I,0.47749084
F63H,0.31534785
F63G,0.17570421
F63E,0.25666225
F63D,0.24710965
F63C,0.24466598
F63M,0.3443846
F63N,0.19566357
F63P,0.24706823
F63Q,0.2084539
F63R,0.26249915
F63T,0.20597333
F63V,0.39062905
F63W,0.296767
F63Y,0.51135594
F63A,0.24796921
F63L,0.4307636
F64I,0.34002286
F64A,0.30108202
F64D,0.37946957
F64H,0.36616823
F64E,0.36593226
F64V,0.3127994
F64T,0.34041765
F64S,0.32634065
F64R,0.37379295
F64Q,0.36446738
F64P,0.35712224
F64C,0.3083002
F64N,0.35106152
F64L,0.3588652
F64G,0.27886683
F64K,0.36264855
F64Y,0.44027746
F64M,0.348799
F64W,0.38938504
P65E,0.3897369
P65D,0.38732052
P65F,0.3264135
P65H,0.35362375
P65I,0.30210003
P65K,0.36380243
P65L,0.31178904
P65M,0.31981206
P65N,0.3714845
P65Q,0.36161488
P65R,0.37016612
P65S,0.33625406
P65T,0.33696514
P65W,0.38056803
P65Y,0.36860096
P65G,0.29648176
P65V,0.30071235
P65C,0.30806634
P65A,0.32526216
P66C,0.30847102
P66Y,0.37158465
P66W,0.38205907
P66V,0.3009733
P66T,0.3403728
P66R,0.3461035
P66Q,0.35931528
P66N,0.36456192
P66S,0.35586154
P66L,0.31207472
P66D,0.40789217
P66M,0.3201583
P66E,0.39570466
P66F,0.32815135
P66A,0.34791243
P66H,0.3455509
P66I,0.30352312
P66K,0.3518783
P66G,0.30079156
R67K,0.7115687
R67A,0.2915665
R67E,0.36155868
R67F,0.28551626
R67G,0.2530958
R67H,0.37487513
R67I,0.2883829
R67D,0.3213217
R67L,0.3339305
R67N,0.44928682
R67M,0.32747006
R67Y,0.32695395
R67W,0.32718188
R67V,0.2763425
R67C,0.2603992
R67S,0.30284056
R67Q,0.42805767
R67P,0.29686803
R67T,0.31461024
T68I,0.35431296
T68C,0.32426715
T68D,0.38867825
T68E,0.36622506
T68F,0.30611384
T68G,0.2906114
T68H,0.3124537
T68K,0.33247018
T68Q,0.33311534
T68M,0.3169152
T68N,0.44342417
T68P,0.34181896
T68R,0.33519852
T68S,0.54947567
T68V,0.37177253
T68W,0.34221292
T68Y,0.3395024
T68L,0.33308828
T68A,0.3299269
A69E,0.44989502
A69D,0.31775117
A69Y,0.5119263
A69W,0.46759057
A69V,0.577526
A69S,0.47688222
A69R,0.47535014
A69Q,0.56956315
A69P,0.6008792
A69N,0.39242887
A69M,0.6568448
A69L,0.65171766
A69K,0.44525158
A69I,0.5477043
A69H,0.45214975
A69G,0.41241932
A69F,0.51806855
A69T,0.5315719
A69C,0.37666523
E70S,0.40196967
E70R,0.49828833
E70W,0.292305
E70A,0.47632027
E70Y,0.30169368
E70D,0.48049778
E70F,0.27158892
E70G,0.31111228
E70H,0.35832047
E70C,0.20265508
E70K,0.53644055
E70L,0.3585739
E70M,0.32086515
E70N,0.35004568
E70P,0.34797418
E70Q,0.68808466
E70V,0.33808768
E70I,0.2855968
E70T,0.37597513
G71Q,0.35631835
G71R,0.33368236
G71S,0.39420778
G71Y,0.3451692
G71V,0.30357265
G71W,0.32404536
G71P,0.36487043
G71T,0.3399806
G71N,0.366714
G71F,0.3121119
G71L,0.31635934
G71K,0.3357321
G71I,0.30676985
G71H,0.3474794
G71E,0.3834337
G71D,0.38521248
G71C,0.3162595
G71A,0.4468783
G71M,0.31887233
A72Q,0.32708895
A72R,0.28055
A72S,0.44185996
A72P,0.30314445
A72V,0.65947855
A72W,0.3900063
A72Y,0.5114734
A72T,0.6092367
A72N,0.28623223
A72C,0.47309268
A72L,0.62023866
A72K,0.26645207
A72I,0.6357774
A72H,0.29584956
A72G,0.297341
A72F,0.60286677
A72E,0.30506712
A72D,0.3033607
A72M,0.60228556
V73Q,0.53638613
V73P,0.30964172
V73N,0.38345075
V73M,0.5967058
V73L,0.6407794
V73K,0.5279228
V73F,0.48755312
V73H,0.44522202
V73G,0.3348593
V73R,0.58066326
V73E,0.38478136
V73D,0.30051827
V73C,0.35874748
V73A,0.50555414
V73I,0.5984118
V73S,0.41445595
V73Y,0.4836675
V73W,0.42638123
V73T,0.46068037
N74T,0.41650945
N74S,0.4686169
N74Y,0.34536493
N74R,0.39024782
N74Q,0.3928917
N74P,0.41353214
N74M,0.301534
N74L,0.30162406
N74I,0.29195213
N74H,0.4123596
N74A,0.36676455
N74G,0.37653947
N74F,0.3040539
N74E,0.41020334
N74D,0.42922622
N74K,0.38011032
N74C,0.28683043
N74W,0.34572732
N74V,0.29616374
L75D,0.342902
L75E,0.32751602
L75F,0.3802364
L75G,0.2157147
L75H,0.28080308
L75I,0.65239775
L75K,0.28311104
L75M,0.5008437
L75N,0.26956427
L75P,0.3009209
L75Q,0.28417122
L75R,0.28377724
L75S,0.2484411
L75T,0.30914497
L75V,0.5431611
L75A,0.28371364
L75W,0.33425152
L75C,0.25358438
L75Y,0.32690966
I76C,0.3699541
I76Y,0.67649984
I76W,0.42623258
I76V,0.55564904
I76T,0.34506285
I76D,0.34236336
I76R,0.3141247
I76Q,0.31702375
I76P,0.31586123
I76S,0.2902708
I76M,0.6414153
I76N,0.30570424
I76F,0.69962835
I76A,0.3042968
I76E,0.32135046
I76H,0.32856154
I76K,0.2942406
I76L,0.7434851
I76G,0.24127024
S77Y,0.4610616
S77W,0.3703115
S77V,0.31151056
S77T,0.56253695
S77R,0.67064774
S77Q,0.60745203
S77P,0.30543602
S77N,0.66133255
S77M,0.4186586
S77K,0.63581395
S77I,0.30614328
S77H,0.556443
S77G,0.44411933
S77F,0.35101628
S77E,0.48719215
S77D,0.4468528
S77C,0.41940904
S77A,0.4987896
S77L,0.4528947
R78A,0.30391872
R78C,0.30482918
R78D,0.38890558
R78E,0.39051488
R78F,0.32208884
R78G,0.27790183
R78Y,0.37157676
R78I,0.29901066
R78V,0.29097426
R78H,0.40837395
R78T,0.34371856
R78S,0.34083116
R78W,0.36806294
R78K,0.47161275
R78P,0.344709
R78N,0.37973183
R78M,0.3208357
R78L,0.31912392
R78Q,0.414645
F79D,0.4099074
F79E,0.3754961
F79G,0.29879278
F79H,0.3612619
F79I,0.6169131
F79K,0.34572226
F79L,0.63502425
F79N,0.34003603
F79P,0.35446167
F79Q,0.3466066
F79S,0.32526517
F79T,0.3858394
F79V,0.53214425
F79W,0.48013783
F79M,0.6338213
F79R,0.35477257
F79C,0.3847441
F79A,0.36285496
F79Y,0.5041721
D80Y,0.2752185
D80C,0.19972873
D80E,0.7189107
D80F,0.23217613
D80G,0.33765268
D80H,0.35599923
D80I,0.21821326
D80K,0.39734346
D80L,0.22344911
D80N,0.4567412
D80P,0.2862407
D80Q,0.47366935
D80R,0.36499637
D80S,0.3822618
D80T,0.29538822
D80V,0.21665102
D80W,0.28169668
D80M,0.22017461
D80A,0.29608756
R81I,0.32818466
R81W,0.3386746
R81A,0.34445953
R81C,0.26320922
R81D,0.33631504
R81E,0.40230566
R81F,0.30084717
R81G,0.27429184
R81H,0.3782587
R81K,0.62205523
R81Y,0.34997368
R81M,0.35773098
R81N,0.36072522
R81P,0.31280088
R81Q,0.4506415
R81S,0.34096134
R81T,0.35394704
R81V,0.31847167
R81L,0.38022888
M82A,0.29999316
M82C,0.28085846
M82D,0.3735618
M82E,0.36140788
M82G,0.2577927
M82H,0.31303543
M82I,0.5208142
M82K,0.31495798
M82F,0.4262489
M82N,0.32380742
M82V,0.4352963
M82T,0.32179433
M82S,0.30198753
M82W,0.36829698
M82R,0.31883764
M82Q,0.3498354
M82P,0.35428518
M82Y,0.37257934
M82L,0.7350888
A83Y,0.34835148
A83Q,0.3644321
A83W,0.34179395
A83V,0.40379572
A83T,0.4754628
A83S,0.7065928
A83R,0.36362302
A83P,0.36089736
A83M,0.3430369
A83N,0.34872556
A83C,0.40051377
A83D,0.35360533
A83F,0.31726474
A83E,0.38178575
A83H,0.31928253
A83I,0.32858968
A83K,0.38507473
A83L,0.35293818
A83G,0.43043792
A84C,0.43429804
A84D,0.43752193
A84E,0.53518283
A84F,0.42693532
A84G,0.43206465
A84H,0.44183195
A84I,0.49780774
A84K,0.5790974
A84L,0.57393074
A84N,0.4374187
A84Y,0.46114612
A84W,0.41844153
A84V,0.5624922
A84T,0.56374574
A84M,0.4888836
A84R,0.56325203
A84Q,0.56259996
A84P,0.4554484
A84S,0.5973813
G85N,0.45105886
G85Y,0.59280604
G85W,0.46507347
G85V,0.5104657
G85T,0.4471321
G85S,0.48664844
G85R,0.40715778
G85P,0.30981922
G85M,0.49778402
G85Q,0.43367755
G85K,0.37635577
G85I,0.4708627
G85H,0.5228044
G85F,0.56172615
G85E,0.41680253
G85D,0.3789549
G85C,0.46334815
G85L,0.587274
G85A,0.5652157
G86E,0.36186457
G86F,0.31592894
G86H,0.33067083
G86I,0.2810458
G86K,0.3869655
G86L,0.31293488
G86N,0.3837452
G86S,0.50781953
G86Q,0.36504412
G86R,0.4313184
G86T,0.3615995
G86V,0.32491118
G86W,0.30933827
G86Y,0.35077667
G86D,0.34531754
G86P,0.32731414
G86C,0.37381995
G86M,0.32228172
G86A,0.65777695
I90Y,0.36874962
I90A,0.48705703
I90C,0.6132011
I90D,0.31491953
I90E,0.3107949
I90G,0.28345382
I90H,0.28020364
I90K,0.29285043
I90L,0.6524682
I90M,0.53104025
I90N,0.26789242
I90P,0.29997134
I90Q,0.28697968
I90R,0.29670614
I90S,0.31850028
I90T,0.4798212
I90V,0.71546125
I90W,0.3363316
I90F,0.49838006
D91L,0.32475385
D91T,0.33181685
D91V,0.29968947
D91S,0.39655292
D91R,0.38496995
D91Q,0.3529453
D91P,0.37695396
D91N,0.47260833
D91M,0.32994276
D91K,0.37198746
D91I,0.30946577
D91H,0.33859795
D91G,0.30247194
D91F,0.338487
D91E,0.40431345
D91C,0.29531348
D91A,0.29571387
D91W,0.37732112
D91Y,0.35711515
V92W,0.36431724
V92Y,0.35998297
V92S,0.32167125
V92R,0.3385895
V92Q,0.35144848
V92P,0.36360973
V92T,0.40564698
V92M,0.4286796
V92L,0.51007193
V92K,0.33856463
V92N,0.3247143
V92H,0.33846134
V92G,0.28546804
V92F,0.3796997
V92E,0.37645966
V92D,0.3856706
V92C,0.45732653
V92A,0.5069418
V92I,0.6580821
T93N,0.39939553
T93P,0.43013138
T93Q,0.39642704
T93W,0.36937296
T93S,0.5045813
T93V,0.34539527
T93M,0.3450721
T93R,0.3800621
T93L,0.33401537
T93Y,0.384928
T93I,0.32833374
T93A,0.42666787
T93C,0.35557726
T93D,0.43667942
T93K,0.37944385
T93F,0.353419
T93G,0.35109243
T93H,0.38920426
T93E,0.41379428
W94C,0.3354534
W94D,0.346748
W94E,0.35301712
W94F,0.39474714
W94G,0.34136862
W94H,0.40349036
W94I,0.28938353
W94L,0.3106792
W94M,0.32014814
W94N,0.31950608
W94A,0.32096523
W94Q,0.36450088
W94R,0.37095374
W94S,0.33391395
W94T,0.32621992
W94K,0.3251422
W94P,0.335684
W94Y,0.47114885
W94V,0.28335914
H95I,0.28710616
H95W,0.33386916
H95R,0.3334446
H95Q,0.59500265
H95P,0.35792488
H95N,0.5732406
H95M,0.31183183
H95L,0.2967602
H95K,0.31859362
H95S,0.44683558
H95Y,0.3803079
H95G,0.36039078
H95F,0.31144935
H95E,0.39061877
H95V,0.2750771
H95D,0.3852113
H95C,0.27773774
H95A,0.30440575
H95T,0.37708545
P96Y,0.3360095
P96A,0.45351076
P96D,0.39443582
P96E,0.38929844
P96F,0.3065946
P96G,0.38619357
P96H,0.32965523
P96I,0.30732155
P96K,0.31307328
P96M,0.34855157
P96N,0.34403855
P96Q,0.3775124
P96S,0.40546602
P96T,0.36020136
P96V,0.3252489
P96W,0.332932
P96C,0.29619944
P96R,0.31687206
P96L,0.32140446
A97N,0.29882884
A97V,0.61271477
A97T,0.47320402
A97S,0.45405364
A97R,0.31971884
A97Q,0.34594488
A97P,0.3925985
A97M,0.5330745
A97L,0.5802307
A97K,0.2726215
A97I,0.5072942
A97H,0.28029096
A97G,0.4477259
A97F,0.37206542
A97E,0.4103415
A97D,0.3397014
A97W,0.30798113
A97Y,0.38862622
A97C,0.48445582
G98C,0.31321025
G98F,0.2909881
G98H,0.324664
G98I,0.29324293
G98K,0.31307465
G98L,0.3351162
G98M,0.30743337
G98E,0.39334792
G98N,0.40170407
G98Q,0.3421499
G98R,0.31630516
G98S,0.39235032
G98T,0.34013444
G98V,0.3017732
G98W,0.3019619
G98P,0.37165648
G98D,0.40153098
G98A,0.39074838
G98Y,0.31983936
D99E,0.6359204
D99F,0.24197924
D99G,0.3218494
D99H,0.3121391
D99I,0.25263894
D99K,0.3091768
D99L,0.28063035
D99W,0.277421
D99A,0.32805997
D99N,0.47243267
D99P,0.35116595
D99Q,0.38485795
D99R,0.3011542
D99S,0.39129496
D99T,0.33554542
D99V,0.268633
D99M,0.25600523
D99C,0.22295469
D99Y,0.2754898
P100K,0.31832612
P100D,0.39841777
P100E,0.39956313
P100F,0.29985398
P100G,0.3729642
P100H,0.32284498
P100I,0.3010443
P100Y,0.32678193
P100L,0.32400537
P100M,0.30223387
P100N,0.3423903
P100Q,0.35538936
P100R,0.30661643
P100S,0.39380908
P100T,0.36575645
P100V,0.33198678
P100C,0.29564452
P100A,0.420313
P100W,0.3225314
G101A,0.57533
G101C,0.38151276
G101D,0.527164
G101E,0.50931907
G101F,0.45662475
G101H,0.45017362
G101K,0.49762338
G101L,0.49171543
G101M,0.4266715
G101I,0.3995998
G101P,0.45845807
G101N,0.5487127
G101W,0.4369582
G101V,0.43869865
G101T,0.586562
G101Y,0.48735738
G101R,0.52993745
G101Q,0.4724536
G101S,0.64989364
S102M,0.38083065
S102E,0.50295985
S102F,0.37556207
S102G,0.49177492
S102H,0.37384903
S102I,0.37431848
S102K,0.42352808
S102L,0.42254102
S102A,0.5948447
S102C,0.3856728
S102P,0.5628944
S102Q,0.44332278
S102R,0.39141464
S102T,0.5406502
S102V,0.4082924
S102W,0.34864986
S102Y,0.39532137
S102D,0.50962234
S102N,0.49030423
D103C,0.2803923
D103A,0.41890043
D103W,0.32905185
D103E,0.65331703
D103F,0.35340476
D103G,0.4439959
D103H,0.41889644
D103I,0.35509288
D103K,0.4476515
D103L,0.3984977
D103Y,0.38651097
D103N,0.505834
D103P,0.52343756
D103Q,0.49351585
D103R,0.44150436
D103S,0.51634496
D103T,0.46722507
D103V,0.38102686
D103M,0.33061433
K104W,0.34083045
K104V,0.35021788
K104T,0.4967866
K104S,0.46026534
K104R,0.65466434
K104Q,0.48562002
K104P,0.42879796
K104N,0.42139387
K104H,0.39552522
K104L,0.38973552
K104I,0.3361503
K104G,0.37751567
K104F,0.31838417
K104E,0.45064706
K104D,0.36160517
K104Y,0.37926662
K104A,0.3743589
K104M,0.3741082
K104C,0.275846
E105N,0.44809413
E105P,0.33658338
E105F,0.23587537
E105G,0.44796228
E105H,0.36676705
E105I,0.22651398
E105K,0.43582028
E105L,0.25855684
E105D,0.6643243
E105M,0.24100494
E105R,0.40227032
E105S,0.4393946
E105T,0.3738017
E105V,0.27056462
E105W,0.25880325
E105Y,0.29131186
E105Q,0.478109
E105C,0.20819604
E105A,0.37572038
T106Y,0.4271922
T106C,0.3899206
T106F,0.48805237
T106G,0.3455248
T106H,0.35016084
T106I,0.6184468
T106K,0.30844486
T106L,0.6585548
T106M,0.6428132
T106A,0.55633557
T106N,0.4646784
T106D,0.4251367
T106W,0.36763966
T106V,0.6252856
T106E,0.38147902
T106R,0.32753742
T106Q,0.45270205
T106P,0.50230527
T106S,0.5018939
S107T,0.5515581
S107R,0.26527846
S107Q,0.3061555
S107P,0.47682768
S107N,0.60276335
S107M,0.24963915
S107L,0.26046944
S107I,0.24377781
S107H,0.30304712
S107G,0.47702163
S107E,0.34410238
S107D,0.46628433
S107C,0.32541555
S107A,0.4000119
S107Y,0.27833545
S107K,0.27099043
S107F,0.24181432
S107W,0.27415657
S107V,0.24946404
S108D,0.43462908
S108E,0.37756604
S108F,0.26368934
S108G,0.4605531
S108H,0.31691968
S108I,0.264261
S108K,0.30951756
S108C,0.32694352
S108A,0.46262735
S108N,0.42861462
S108P,0.42687082
S108Q,0.33098495
S108R,0.30007434
S108T,0.5669555
S108V,0.27358568
S108W,0.2952965
S108M,0.27348745
S108L,0.27019674
S108Y,0.30013627
M109C,0.29723942
M109Y,0.44508326
M109W,0.41874456
M109V,0.49377096
M109T,0.42923045
M109R,0.35725057
M109Q,0.42570114
M109P,0.3607298
M109N,0.3180095
M109S,0.37012672
M109K,0.34427023
M109D,0.34390253
M109L,0.76305115
M109E,0.43377936
M109F,0.5356071
M109A,0.40205944
M109H,0.33366346
M109I,0.53879905
M109G,0.27393627
M110L,0.685175
M110W,0.32544374
M110T,0.5327604
M110S,0.37900543
M110R,0.27935767
M110Q,0.4633081
M110P,0.28573656
M110N,0.31823146
M110V,0.6347503
M110K,0.28306937
M110H,0.32991886
M110G,0.27745467
M110F,0.42793953
M110E,0.471861
M110D,0.35796082
M110C,0.26456046
M110A,0.54246575
M110Y,0.3719927
M110I,0.60408074
I111P,0.35753238
I111Q,0.3292812
I111V,0.7423372
I111S,0.32192123
I111T,0.48583567
I111N,0.31384373
I111R,0.31024635
I111M,0.6507012
I111F,0.46164596
I111K,0.30685723
I111H,0.3133611
I111G,0.27224952
I111E,0.34318638
I111D,0.36521453
I111C,0.359815
I111A,0.42377043
I111Y,0.37023628
I111L,0.8060809
I111W,0.34360814
S113L,0.32676148
S113M,0.35214603
S113D,0.5559941
S113E,0.56207865
S113F,0.4101596
S113G,0.49277496
S113H,0.6649486
S113I,0.2748319
S113C,0.37375748
S113K,0.38707852
S113A,0.68564737
S113N,0.5938754
S113P,0.289917
S113Q,0.5106913
S113R,0.39225054
S113T,0.5507654
S113Y,0.5863023
S113V,0.32417524
S113W,0.43064237
T114D,0.28681582
T114V,0.37610054
T114S,0.5606086
T114R,0.23398566
T114Q,0.36562943
T114P,0.27323312
T114N,0.39360857
T114C,0.34560394
T114M,0.38541806
T114K,0.22910464
T114I,0.33004582
T114H,0.4099083
T114G,0.2539642
T114F,0.37730289
T114E,0.33774912
T114L,0.39085662
T114A,0.5265465
T114W,0.295915
T114Y,0.51943326
A115D,0.33557278
A115W,0.31313157
A115V,0.7603303
A115T,0.60665214
A115S,0.47138453
A115R,0.28601068
A115Q,0.3095138
A115P,0.3436693
A115N,0.2981243
A115L,0.6583927
A115K,0.28136343
A115I,0.7459097
A115H,0.29147118
A115G,0.35286593
A115F,0.41460168
A115E,0.33295256
A115M,0.6182934
A115Y,0.32389307
A115C,0.5505413
V116C,0.5077334
V116A,0.5789767
V116Y,0.58399177
V116W,0.5333426
V116T,0.58513653
V116S,0.53317064
V116R,0.6152817
V116Q,0.6572051
V116P,0.46635425
V116D,0.4562754
V116M,0.68225497
V116L,0.71091646
V116K,0.6239962
V116I,0.6741078
V116H,0.5874132
V116G,0.442136
V116F,0.5527268
V116E,0.57972014
V116N,0.5271148
N117P,0.26311404
N117Q,0.5386995
N117V,0.32872236
N117S,0.5253212
N117T,0.50514877
N117M,0.3674302
N117R,0.50709105
N117L,0.41507828
N117G,0.40072727
N117I,0.30471826
N117H,0.53596485
N117F,0.30191636
N117E,0.4691279
N117D,0.44576633
N117C,0.2732458
N117W,0.2851578
N117K,0.508464
N117A,0.43252993
N117Y,0.37713993
Y118V,0.5600739
Y118W,0.4924929
Y118C,0.45740545
Y118D,0.40748543
Y118E,0.5237277
Y118F,0.60445184
Y118G,0.38378817
Y118H,0.6113673
Y118I,0.58108497
Y118A,0.4670632
Y118L,0.6087817
Y118K,0.5590731
Y118S,0.48539877
Y118R,0.5819716
Y118T,0.535898
Y118P,0.31448698
Y118N,0.5206723
Y118M,0.5712388
Y118Q,0.6134179
C119Y,0.42837286
C119Q,0.31061184
C119W,0.3489666
C119V,0.6460993
C119T,0.6009451
C119S,0.5197891
C119R,0.2995093
C119P,0.30912316
C119I,0.5924128
C119L,0.6537808
C119K,0.28966904
C119H,0.3687538
C119G,0.43214726
C119F,0.48053145
C119E,0.30375254
C119A,0.61604065
C119N,0.3234204
C119D,0.2964481
C119M,0.53257835
G120C,0.2656489
G120A,0.33219117
G120D,0.41937304
G120E,0.36846864
G120F,0.23350406
G120H,0.39346278
G120K,0.41170627
G120L,0.24096024
G120M,0.22206318
G120I,0.20619339
G120P,0.28961045
G120Q,0.39101875
G120R,0.4025551
G120S,0.40652323
G120T,0.26784927
G120V,0.20788544
G120W,0.23482144
G120N,0.51781297
G120Y,0.2842114
L121P,0.32053554
L121Q,0.2894765
L121R,0.27292228
L121V,0.54085946
L121T,0.34096336
L121M,0.5949049
L121S,0.27511775
L121K,0.29185128
L121A,0.34418225
L121H,0.26738435
L121G,0.23630023
L121F,0.3677299
L121E,0.2986083
L121D,0.30943656
L121C,0.32260197
L121W,0.27574027
L121I,0.56948036
L121Y,0.3138374
L121N,0.26985532
E122C,0.2186361
E122Y,0.3468095
E122A,0.25754595
E122W,0.22544348
E122V,0.20821807
E122S,0.29924005
E122R,0.2456001
E122Q,0.38392228
E122P,0.35335416
E122T,0.26282948
E122N,0.33352935
E122M,0.20474249
E122L,0.20237845
E122K,0.26249743
E122I,0.2028557
E122H,0.31427026
E122G,0.28780854
E122F,0.22848094
E122D,0.6480618
T123N,0.28812057
T123P,0.52811956
T123Q,0.26581192
T123R,0.25872147
T123Y,0.24711978
T123V,0.5041733
T123W,0.24026453
T123M,0.23531467
T123S,0.5275721
T123L,0.25198418
T123K,0.26191628
T123I,0.28222936
T123H,0.2606817
T123G,0.295766
T123F,0.2096895
T123E,0.28694752
T123D,0.29902372
T123C,0.35529643
T123A,0.4759174
I124S,0.42803836
I124R,0.27038002
I124Q,0.31253207
I124P,0.2837212
I124N,0.35278165
I124M,0.6762
I124L,0.63217455
I124K,0.25974083
I124E,0.28321183
I124G,0.32451665
I124F,0.37969673
I124W,0.2890638
I124D,0.2725078
I124C,0.4570434
I124A,0.48168343
I124V,0.7232544
I124Y,0.3126421
I124H,0.2773279
I124T,0.46556258
L125Y,0.34118092
L125M,0.6511284
L125S,0.2592774
L125R,0.26239067
L125Q,0.2711414
L125P,0.35116667
L125N,0.25982904
L125K,0.26023817
L125I,0.5311661
L125H,0.25748944
L125G,0.22288275
L125F,0.53895843
L125E,0.28573322
L125D,0.2939074
L125C,0.29259872
L125W,0.28393078
L125T,0.28748298
L125V,0.41587913
L125A,0.28618157
M127F,0.67521805
M127D,0.3469081
M127A,0.3624668
M127K,0.33103704
M127L,0.7671175
M127N,0.33600485
M127P,0.37294126
M127Q,0.4330914
M127R,0.33855748
M127S,0.3499875
M127C,0.36605132
M127T,0.39614582
M127V,0.6084981
M127W,0.45253074
M127Y,0.58695614
M127E,0.35891676
M127G,0.28626144
M127I,0.6969657
M127H,0.4000286
T128W,0.24398154
T128D,0.31440878
T128E,0.29272223
T128F,0.21119714
T128G,0.2895292
T128H,0.27198398
T128I,0.35985285
T128K,0.26899928
T128L,0.26147008
T128C,0.29857236
T128M,0.23928142
T128P,0.40992045
T128Q,0.27538776
T128R,0.26529944
T128S,0.4670906
T128V,0.45982862
T128Y,0.25283408
T128N,0.34483033
T128A,0.43941718
C129W,0.27392602
C129R,0.28111553
C129Q,0.29823846
C129P,0.35270303
C129N,0.30201465
C129M,0.27165544
C129L,0.30117428
C129S,0.40919018
C129K,0.28883487
C129H,0.29095477
C129G,0.48357463
C129F,0.27154505
C129E,0.3220623
C129D,0.32747406
C129A,0.5542537
C129I,0.27181947
C129T,0.36762655
C129V,0.3336386
C129Y,0.29156387
C130V,0.5826081
C130A,0.50134444
C130D,0.29516363
C130E,0.29971123
C130F,0.3079294
C130G,0.35093987
C130H,0.29475665
C130T,0.6703745
C130I,0.49551594
C130L,0.40398014
C130M,0.38103974
C130N,0.36564243
C130P,0.32409608
C130Q,0.32265782
C130R,0.3546102
C130S,0.54896176
C130Y,0.33009803
C130K,0.31091297
C130W,0.29777372
R131Y,0.5733838
R131W,0.5255467
R131I,0.40568733
R131S,0.52675956
R131Q,0.55907357
R131P,0.41707838
R131N,0.633525
R131M,0.47202986
R131L,0.47216088
R131K,0.60216796
R131T,0.4942336
R131V,0.41225958
R131G,0.48250192
R131F,0.5074809
R131E,0.48313487
R131D,0.49936706
R131C,0.4715801
R131A,0.470129
R131H,0.5906836
Q132Y,0.63028073
Q132W,0.5494753
Q132T,0.5794831
Q132R,0.5772499
Q132S,0.55478853
Q132V,0.44446063
Q132A,0.44978142
Q132C,0.36733687
Q132E,0.47373748
Q132F,0.5669317
Q132G,0.2937098
Q132D,0.38957322
Q132I,0.45721316
Q132K,0.5069839
Q132L,0.58286726
Q132M,0.67740005
Q132N,0.48874772
Q132P,0.30798054
Q132H,0.56579626
R133N,0.5554534
R133Y,0.42919755
R133W,0.36710012
R133V,0.36478072
R133S,0.564965
R133Q,0.5077977
R133P,0.5775916
R133M,0.39664245
R133T,0.59252375
R133K,0.6306528
R133A,0.43690854
R133C,0.3730979
R133D,0.47296047
R133E,0.49814326
R133L,0.41220462
R133F,0.36415792
R133G,0.4346279
R133H,0.4567163
R133I,0.35786086
L134E,0.5044061
L134F,0.5343658
L134G,0.3890326
L134H,0.5427948
L134I,0.535552
L134K,0.67319804
L134M,0.5970106
L134N,0.41264856
L134Q,0.57690084
L134Y,0.5876416
L134R,0.6781995
L134D,0.39694107
L134T,0.46103895
L134V,0.51491225
L134W,0.59701395
L134C,0.38099623
L134A,0.4820546
L134P,0.5040481
L134S,0.4582206
E135W,0.2616229
E135V,0.2580104
E135C,0.18932718
E135D,0.6368507
E135Y,0.26238155
E135G,0.36536026
E135I,0.20941436
E135K,0.3837676
E135L,0.23117352
E135F,0.21157336
E135A,0.39940828
E135M,0.1989615
E135T,0.36254656
E135S,0.5199158
E135H,0.38604712
E135Q,0.42448258
E135P,0.46356416
E135N,0.39002275
E135R,0.30768847
E136L,0.34810948
E136C,0.19097412
E136D,0.6637497
E136F,0.31080854
E136G,0.25240195
E136H,0.38037586
E136I,0.29665565
E136K,0.33636045
E136A,0.33213127
E136M,0.2984457
E136P,0.23294395
E136Q,0.49287117
E136R,0.29579997
E136S,0.3493744
E136T,0.41594338
E136V,0.38552642
E136W,0.28164434
E136Y,0.3672955
E136N,0.3740033
I137G,0.22088361
I137F,0.25701088
I137A,0.31817
I137D,0.28696588
I137C,0.2524203
I137H,0.2588004
I137E,0.28063345
I137K,0.25277555
I137Q,0.26309597
I137N,0.25777704
I137P,0.29389173
I137R,0.25681335
I137S,0.2604307
I137T,0.36156178
I137V,0.71202743
I137W,0.2567606
I137Y,0.2616042
I137L,0.5078253
I137M,0.40830934
T138A,0.5003998
T138C,0.3873551
T138I,0.5524466
T138E,0.59729326
T138F,0.4266472
T138G,0.38075233
T138H,0.55603194
T138K,0.7189832
T138L,0.57003605
T138M,0.5231677
T138D,0.4791367
T138P,0.34620702
T138Q,0.6367467
T138R,0.71303993
T138S,0.5578948
T138V,0.56429255
T138W,0.44179583
T138Y,0.5706762
T138N,0.51602316
G139P,0.5586134
G139W,0.5473695
G139V,0.57267666
G139T,0.60564566
G139S,0.6590153
G139R,0.5943263
G139Q,0.62794745
G139E,0.67127806
G139F,0.5825646
G139M,0.5384971
G139L,0.61458474
G139K,0.5842839
G139I,0.54499775
G139H,0.5861628
G139C,0.444255
G139N,0.6056808
G139A,0.6491164
G139Y,0.6015763
G139D,0.6355956
H140C,0.5369155
H140W,0.7288122
H140V,0.6118258
H140T,0.64282906
H140S,0.5674378
H140R,0.60975397
H140Q,0.59680825
H140P,0.46093357
H140A,0.55551946
H140M,0.6531406
H140D,0.47674072
H140N,0.6002042
H140E,0.4850061
H140F,0.68684965
H140Y,0.73209876
H140I,0.6388618
H140L,0.6504569
H140K,0.5190089
H140G,0.41905266
H142Y,0.65865076
H142W,0.588469
H142V,0.5391097
H142T,0.5606161
H142S,0.52333415
H142R,0.7320446
H142N,0.5981653
H142M,0.56507075
H142L,0.59957266
H142I,0.55550027
H142G,0.42250484
H142F,0.5286615
H142E,0.6445552
H142D,0.5168675
H142P,0.30721712
H142K,0.6973677
H142Q,0.66993636
H142A,0.53133863
H142C,0.39122903
K143W,0.3314699
K143Y,0.36552083
K143V,0.3955716
K143T,0.4656545
K143S,0.39852488
K143R,0.67220116
K143P,0.25990313
K143N,0.37475872
K143M,0.43875253
K143Q,0.5954169
K143I,0.39380163
K143L,0.46371353
K143C,0.2601664
K143D,0.41930634
K143E,0.5616628
K143A,0.41905063
K143G,0.2644465
K143H,0.40940583
K143F,0.31572556
A144Q,0.23620379
A144Y,0.23199177
A144W,0.22048032
A144V,0.32634187
A144T,0.27200896
A144S,0.31985795
A144R,0.2489196
A144P,0.28872108
A144G,0.40594572
A144M,0.22071767
A144C,0.30280572
A144N,0.24420121
A144E,0.24841708
A144F,0.18743557
A144D,0.23547837
A144H,0.24149334
A144I,0.23095608
A144K,0.24879783
A144L,0.22075945
K145A,0.3645134
K145C,0.21914226
K145D,0.28592405
K145E,0.38871902
K145F,0.3268839
K145G,0.23247036
K145H,0.49424505
K145I,0.24166596
K145Y,0.45669162
K145L,0.3174054
K145V,0.28765756
K145T,0.27412856
K145S,0.35889214
K145W,0.3789494
K145Q,0.5267753
K145P,0.22352111
K145N,0.33506286
K145M,0.29077148
K145R,0.60391694
Q146K,0.6661353
Q146V,0.4466337
Q146R,0.67105705
Q146P,0.28872252
Q146N,0.5392307
Q146M,0.524421
Q146L,0.5362327
Q146I,0.41823697
Q146D,0.57591575
Q146G,0.44701546
Q146F,0.40423536
Q146E,0.68599784
Q146T,0.5191673
Q146C,0.32280254
Q146Y,0.4598415
Q146A,0.59772193
Q146W,0.373865
Q146H,0.488096
Q146S,0.6050801
L147A,0.43604285
L147C,0.36878133
L147E,0.24817997
L147Y,0.39633524
L147W,0.32104218
L147V,0.4903285
L147T,0.28405464
L147S,0.29443443
L147R,0.23905265
L147D,0.22970337
L147Q,0.27372682
L147N,0.28113937
L147M,0.59879696
L147K,0.21400344
L147I,0.5468234
L147H,0.27206647
L147F,0.44583738
L147P,0.24393284
L147G,0.19894803
L149N,0.2230674
L149G,0.18363619
L149V,0.5699733
L149T,0.2393136
L149S,0.22015005
L149R,0.22601938
L149Q,0.23636091
L149P,0.25902838
L149M,0.4747349
L149K,0.22315353
L149I,0.7241365
L149H,0.22937113
L149F,0.4096719
L149E,0.23365358
L149D,0.23265746
L149A,0.2333377
L149C,0.26356572
L149W,0.22657603
L149Y,0.28326797
K150V,0.51494974
K150W,0.5270512
K150Y,0.6272305
K150R,0.7363743
K150Q,0.61701435
K150T,0.5485599
K150S,0.4911402
K150A,0.4622507
K150C,0.41296858
K150P,0.4056648
K150D,0.45231462
K150F,0.5626692
K150E,0.60179734
K150N,0.485201
K150M,0.61224943
K150L,0.59465855
K150I,0.48432547
K150H,0.5557803
K150G,0.37807155
M153Y,0.40119362
M153E,0.34930837
M153W,0.34516835
M153F,0.57425797
M153V,0.68803895
M153D,0.34132123
M153C,0.54915243
M153A,0.4691919
M153G,0.30331188
M153H,0.3450458
M153I,0.6466369
M153K,0.319991
M153L,0.7314692
M153N,0.35570967
M153P,0.36557615
M153Q,0.40485585
M153R,0.32125628
M153S,0.38041604
M153T,0.47653472
A154R,0.20835617
A154S,0.300569
A154T,0.26628923
A154Y,0.17646408
A154W,0.17988533
A154Q,0.1837455
A154V,0.34509838
A154P,0.29455733
A154I,0.18010092
A154M,0.160501
A154L,0.16972375
A154K,0.20499179
A154H,0.18547595
A154G,0.32174742
A154F,0.1365515
A154E,0.19643009
A154D,0.19475812
A154C,0.2780012
A154N,0.20830488
L155S,0.2068209
L155R,0.23715341
L155Q,0.24061644
L155K,0.22942919
L155N,0.2244299
L155M,0.32010317
L155T,0.21716541
L155I,0.3332979
L155P,0.26199967
L155V,0.2872852
L155C,0.19389716
L155F,0.23651576
L155E,0.21534908
L155D,0.22359923
L155A,0.19447413
L155Y,0.21913958
L155G,0.20422006
L155W,0.20000029
L155H,0.23371106
R156C,0.2071246
R156D,0.17487958
R156A,0.17626995
R156M,0.13933817
R156F,0.10541874
R156E,0.17322049
R156Y,0.13953203
R156W,0.16552025
R156T,0.18312135
R156S,0.20283855
R156Q,0.2573316
R156V,0.13537821
R156N,0.17896903
R156L,0.14332333
R156K,0.29225338
R156I,0.12116313
R156H,0.26675865
R156G,0.19372158
R156P,0.19732854
P159H,0.29291797
P159C,0.22609258
P159A,0.36673486
P159D,0.25467622
P159E,0.28703523
P159F,0.30296433
P159G,0.25103325
P159I,0.39769542
P159K,0.40896618
P159V,0.41860688
P159M,0.39118302
P159N,0.24934208
P159Q,0.33044612
P159R,0.40591097
P159S,0.32440007
P159T,0.3610624
P159W,0.23044765
P159L,0.53393465
P159Y,0.33727932
I160K,0.4951706
I160H,0.43727577
I160E,0.39313197
I160L,0.7059992
I160F,0.59838474
I160G,0.37299752
I160M,0.6013192
I160T,0.5375552
I160P,0.68295324
I160Q,0.46782362
I160R,0.5099586
I160S,0.4995221
I160V,0.7033329
I160Y,0.5608108
I160N,0.33286488
I160D,0.34104383
I160W,0.4566704
I160A,0.545164
I160C,0.43307126
G161A,0.621209
G161Y,0.48675227
G161W,0.43961406
G161V,0.51143193
G161S,0.63052464
G161R,0.6144806
G161Q,0.59736717
G161P,0.6648912
G161N,0.56524634
G161K,0.6668917
G161I,0.47466958
G161H,0.50593996
G161F,0.4537028
G161E,0.62986505
G161D,0.5693232
G161C,0.36515749
G161L,0.51923406
G161T,0.5739225
G161M,0.4684689
D162W,0.34924948
D162T,0.53483164
D162S,0.59310126
D162R,0.5059575
D162Q,0.5389658
D162P,0.5985919
D162N,0.6059319
D162V,0.41165388
D162M,0.4087249
D162K,0.53824496
D162I,0.39307702
D162H,0.459069
D162G,0.62828755
D162F,0.39407146
D162E,0.69428843
D162L,0.42506278
D162C,0.2940488
D162A,0.4903903
D162Y,0.414724
Q163C,0.43244863
Q163V,0.53981125
Q163T,0.59103143
Q163S,0.61643845
Q163R,0.6776949
Q163P,0.61797976
Q163N,0.62995553
Q163M,0.57196784
Q163L,0.58195114
Q163I,0.5220835
Q163H,0.60925746
Q163G,0.5899627
Q163F,0.544981
Q163E,0.6971123
Q163D,0.6501084
Q163W,0.5183244
Q163K,0.6667972
Q163A,0.55320495
Q163Y,0.61631083
W164L,0.4697281
W164V,0.41894424
W164T,0.43303275
W164S,0.41239542
W164R,0.47250998
W164Q,0.4203937
W164P,0.47077942
W164Y,0.60833526
W164N,0.36920327
W164C,0.31447983
W164K,0.48156452
W164I,0.40235806
W164H,0.408293
W164G,0.4381109
W164F,0.5530381
W164M,0.42196572
W164E,0.48861897
W164A,0.40587032
W164D,0.42040002
E165D,0.63871443
E165F,0.44429588
E165G,0.5353817
E165H,0.5391847
E165I,0.4729221
E165K,0.6479775
E165Y,0.48233187
E165W,0.43113053
E165P,0.6157754
E165Q,0.62389785
E165R,0.6206768
E165S,0.6002809
E165T,0.591725
E165V,0.5337708
E165M,0.45857942
E165L,0.5092125
E165N,0.55654347
E165A,0.5341877
E165C,0.3569497
E166Y,0.579041
E166W,0.514138
E166V,0.5834472
E166T,0.6173734
E166S,0.61482835
E166R,0.6492467
E166Q,0.626752
E166P,0.7132277
E166C,0.42454612
E166K,0.6728559
E166I,0.5102197
E166H,0.57967114
E166G,0.54557097
E166F,0.5103296
E166D,0.65327036
E166A,0.57380927
E166L,0.5481396
E166M,0.5187589
E166N,0.58290946
E167M,0.54994047
E167C,0.490183
E167D,0.6430458
E167F,0.53187406
E167G,0.57404923
E167H,0.6424701
E167I,0.5341296
E167K,0.7124019
E167L,0.54811835
E167Y,0.59492433
E167N,0.6454761
E167P,0.65642893
E167Q,0.6798202
E167R,0.70667565
E167S,0.66041875
E167T,0.6777982
E167V,0.60489637
E167W,0.5198748
E167A,0.6004129
E168C,0.33651745
E168A,0.5429038
E168D,0.62940866
E168H,0.48636258
E168I,0.41786397
E168K,0.63003725
E168L,0.43934035
E168M,0.39884663
E168N,0.52522767
E168G,0.515079
E168P,0.67130387
E168R,0.5769559
E168S,0.5829644
E168T,0.57585776
E168V,0.4914415
E168W,0.3323611
E168Y,0.41358483
E168Q,0.5977887
E168F,0.36335397
G169E,0.4269668
G169A,0.43262815
G169F,0.27572846
G169H,0.3629217
G169I,0.27087545
G169K,0.40742946
G169L,0.2972139
G169M,0.26931047
G169C,0.29632473
G169N,0.5152565
G169P,0.40521717
G169Q,0.35695958
G169R,0.38591886
G169S,0.49622333
G169T,0.4244957
G169V,0.30825973
G169W,0.26698017
G169D,0.45758277
G169Y,0.31475627
G170V,0.3576604
G170K,0.48473263
G170C,0.3306005
G170D,0.52673876
G170E,0.49498546
G170F,0.31879103
G170H,0.4733355
G170I,0.3217361
G170Y,0.38695788
G170A,0.46055984
G170L,0.3578887
G170N,0.5335802
G170P,0.5107511
G170Q,0.45216537
G170R,0.4837308
G170S,0.5106993
G170T,0.42428064
G170M,0.33417058
G170W,0.29387176
F171Y,0.5032718
F171A,0.16168267
F171C,0.17458093
F171W,0.32117522
F171D,0.15114784
F171E,0.15420562
F171G,0.12616053
F171H,0.21694541
F171K,0.17282903
F171L,0.4661991
F171M,0.41990054
F171I,0.34233433
F171P,0.2015987
F171Q,0.1589216
F171R,0.17805183
F171S,0.15840298
F171T,0.17597562
F171V,0.26876712
F171N,0.14698702
N172A,0.58205634
N172H,0.6510365
N172C,0.44529605
N172D,0.62469816
N172E,0.67573893
N172F,0.47067165
N172G,0.5369524
N172I,0.4975822
N172Y,0.5502255
N172L,0.601401
N172M,0.53986204
N172P,0.57714987
N172Q,0.71643925
N172R,0.7553277
N172S,0.6504507
N172T,0.62178385
N172V,0.5056907
N172K,0.7457565
N172W,0.42137778
Y173A,0.18223462
Y173R,0.29552925
Y173W,0.29493648
Y173V,0.16459474
Y173T,0.28382337
Y173S,0.32357883
Y173Q,0.2483834
Y173P,0.16852108
Y173M,0.17927867
Y173N,0.33911502
Y173K,0.2460165
Y173I,0.14476109
Y173H,0.57993317
Y173G,0.17356926
Y173F,0.5282669
Y173E,0.22542098
Y173D,0.28965777
Y173L,0.22893828
Y173C,0.3181436
A174W,0.12463421
A174S,0.5082883
A174V,0.16689461
A174T,0.25061345
A174C,0.19211447
A174D,0.13789713
A174R,0.15727305
A174Y,0.10746905
A174Q,0.12017232
A174K,0.14338315
A174N,0.14080048
A174E,0.14366105
A174P,0.2629544
A174G,0.37230372
A174H,0.1186406
A174F,0.06896871
A174L,0.06940085
A174M,0.08717835
A174I,0.06916654
V175M,0.3559084
V175Y,0.4181887
V175W,0.29116404
V175T,0.5121858
V175S,0.56405836
V175R,0.369411
V175Q,0.27802598
V175P,0.36079025
V175N,0.3276193
V175L,0.46205854
V175H,0.33007765
V175I,0.5929527
V175G,0.30627513
V175F,0.32947755
V175E,0.28411555
V175D,0.25666606
V175C,0.46975064
V175A,0.5845053
V175K,0.41415107
D176V,0.14752895
D176W,0.15403926
D176Q,0.40136468
D176T,0.2805664
D176S,0.31412292
D176R,0.20240068
D176P,0.25144517
D176F,0.113009274
D176M,0.13082463
D176L,0.13755333
D176K,0.25669253
D176I,0.123294294
D176H,0.30277038
D176G,0.26337594
D176Y,0.15548015
D176N,0.3865248
D176A,0.269763
D176C,0.117129385
D176E,0.70990837
L177W,0.12942326
L177D,0.13809744
L177E,0.11172798
L177F,0.29815733
L177G,0.10371268
L177H,0.13824022
L177I,0.27603763
L177K,0.13676149
L177M,0.41553473
L177P,0.13543323
L177Q,0.14274383
L177R,0.15173656
L177S,0.11410475
L177T,0.15121487
L177V,0.28914917
L177Y,0.15858698
L177N,0.113202184
L177C,0.17764926
L177A,0.15124413
V178T,0.39591968
V178S,0.20187747
V178A,0.4009143
V178C,0.2983899
V178D,0.1473895
V178E,0.1660501
V178F,0.120581865
V178G,0.14382005
V178H,0.13359553
V178K,0.15709573
V178W,0.12901205
V178L,0.34496534
V178M,0.27749813
V178N,0.16390711
V178P,0.18030798
V178Q,0.1504001
V178R,0.16348535
V178Y,0.14215493
V178I,0.6634539
K179R,0.7858598
K179S,0.4990561
K179T,0.3845479
K179H,0.44127524
K179W,0.23084742
K179Y,0.25200027
K179Q,0.5467793
K179V,0.2117762
K179P,0.25745964
K179A,0.41371876
K179M,0.23114663
K179L,0.23042798
K179I,0.17419362
K179G,0.37792438
K179F,0.17217773
K179E,0.46055377
K179D,0.33788955
K179C,0.23109704
K179N,0.4992125
H180Y,0.77131796
H180W,0.4442718
H180V,0.34167373
H180C,0.29122734
H180D,0.26457888
H180E,0.34865797
H180F,0.65585923
H180G,0.23670131
H180I,0.30799425
H180K,0.33693147
H180T,0.3976766
H180L,0.43718994
H180M,0.37517166
H180N,0.32332993
H180P,0.21519971
H180Q,0.36135805
H180R,0.3771751
H180S,0.2996149
H180A,0.45339787
I181Y,0.1522944
I181W,0.1314764
I181D,0.13071585
I181V,0.59971523
I181T,0.25138497
I181S,0.14878023
I181R,0.1539681
I181Q,0.14117551
I181P,0.119256794
I181C,0.25076628
I181N,0.12445822
I181L,0.5373663
I181K,0.14811736
I181H,0.12498546
I181G,0.097444296
I181F,0.1892702
I181E,0.12553495
I181M,0.5147991
I181A,0.2319488
S183K,0.72740424
S183C,0.36934984
S183V,0.40866864
S183T,0.6878282
S183R,0.6874223
S183Q,0.71653783
S183P,0.31259966
S183N,0.6770879
S183A,0.66370904
S183M,0.42923117
S183I,0.3539399
S183H,0.54567814
S183G,0.5795059
S183F,0.35679543
S183E,0.7126411
S183D,0.6326748
S183L,0.44675672
S183W,0.37090218
S183Y,0.41736364
E184Y,0.31849194
E184V,0.38149416
E184T,0.5798882
E184S,0.44923937
E184R,0.4101094
E184Q,0.56390786
E184P,0.22218609
E184N,0.5831764
E184M,0.33837187
E184W,0.22052169
E184K,0.43798828
E184I,0.32168317
E184H,0.49265385
E184G,0.2102294
E184F,0.268183
E184D,0.46546102
E184C,0.2735045
E184A,0.38032675
E184L,0.40174007
G186I,0.09537971
G186H,0.26848572
G186C,0.15285033
G186E,0.32307577
G186D,0.3280645
G186K,0.29686296
G186F,0.10431892
G186L,0.1413135
G186Q,0.31448185
G186N,0.31763083
G186P,0.36747468
G186R,0.25660682
G186S,0.4430231
G186T,0.2134524
G186V,0.12065756
G186A,0.40010256
G186M,0.12962091
G186W,0.14587867
G186Y,0.15649748
D187T,0.32180667
D187A,0.29795247
D187V,0.15614372
D187W,0.18846393
D187Y,0.21190453
D187S,0.5440032
D187Q,0.34878933
D187P,0.446298
D187N,0.49633074
D187R,0.25667346
D187L,0.1506998
D187M,0.1438179
D187E,0.67416203
D187F,0.14412946
D187G,0.40136898
D187C,0.16272789
D187I,0.14039034
D187K,0.3063259
D187H,0.36063504
Y188P,0.18415356
Y188W,0.5054414
Y188V,0.25580376
Y188T,0.25417352
Y188S,0.30192292
Y188R,0.24270058
Y188Q,0.29773927
Y188N,0.2577687
Y188A,0.28254086
Y188L,0.27070016
Y188K,0.23193145
Y188I,0.21889031
Y188H,0.5419046
Y188G,0.17599702
Y188F,0.76021385
Y188E,0.35517448
Y188D,0.36514735
Y188M,0.2363103
Y188C,0.26876026
D190Y,0.518684
D190C,0.7169468
D190V,0.338192
D190T,0.57820547
D190S,0.7499429
D190R,0.36019242
D190Q,0.49241042
D190P,0.3422823
D190A,0.5700162
D190M,0.3260604
D190K,0.33387268
D190W,0.3973819
D190H,0.60361147
D190G,0.6943909
D190F,0.4499787
D190E,0.54489493
D190L,0.2957064
D190I,0.27536976
D190N,0.73368686
C192D,0.31969333
C192V,0.5988922
C192T,0.6267234
C192S,0.7410804
C192R,0.30328405
C192Q,0.34429657
C192P,0.3424319
C192N,0.46007538
C192W,0.35785854
C192Y,0.42194247
C192L,0.4298427
C192K,0.27695513
C192I,0.42481363
C192H,0.3541789
C192G,0.61044794
C192F,0.41453373
C192E,0.3010912
C192M,0.4737562
C192A,0.73453665
A194Y,0.09463999
A194E,0.15232703
A194W,0.10128936
A194V,0.1814071
A194T,0.23347402
A194S,0.44029325
A194R,0.14422238
A194Q,0.11301708
A194P,0.26705074
A194N,0.12464321
A194M,0.09171939
A194L,0.06825113
A194K,0.13097656
A194I,0.063617885
A194H,0.10967958
A194G,0.6076002
A194F,0.062368453
A194D,0.13710368
A194C,0.2948991
P197M,0.095986515
P197W,0.09748006
P197D,0.13841757
P197E,0.16612571
P197F,0.0731107
P197G,0.1834346
P197H,0.15660125
P197I,0.107263386
P197Y,0.1055845
P197K,0.14011365
P197N,0.13814497
P197Q,0.19014114
P197R,0.14332044
P197S,0.2767775
P197T,0.22598213
P197V,0.16073781
P197L,0.14626026
P197C,0.124545485
P197A,0.2816321
K198Y,0.63232774
K198C,0.49619478
K198D,0.6240244
K198E,0.6383901
K198F,0.5725832
K198G,0.52422047
K198H,0.6266606
K198I,0.54952735
K198L,0.6082195
K198A,0.56833863
K198N,0.65253013
K198P,0.5687705
K198Q,0.70922136
K198R,0.664505
K198S,0.6065291
K198T,0.6197507
K198V,0.57239825
K198W,0.55724466
K198M,0.60670155
G199N,0.3481909
G199P,0.16800809
G199T,0.2706781
G199R,0.24712539
G199S,0.38631976
G199M,0.1320039
G199Q,0.2156825
G199L,0.1569103
G199F,0.11996454
G199I,0.14723516
G199H,0.2022692
G199E,0.30731297
G199D,0.3347261
G199C,0.1928519
G199A,0.35074574
G199V,0.22011232
G199K,0.2926259
G199W,0.13160145
G199Y,0.15326846
H200C,0.14320278
H200W,0.0854547
H200V,0.0725238
H200T,0.11695212
H200S,0.22645336
H200R,0.44241554
H200Q,0.27069175
H200P,0.09615767
H200A,0.115942806
H200N,0.40894258
H200Y,0.34201258
H200K,0.18903303
H200I,0.07272667
H200G,0.07244307
H200F,0.15492296
H200E,0.16018811
H200D,0.18528315
H200M,0.0733805
H200L,0.11052674
P201L,0.34184515
P201C,0.1587565
P201Y,0.1818071
P201W,0.15249473
P201V,0.34551853
P201T,0.31424713
P201R,0.2708968
P201Q,0.34117055
P201N,0.20368487
P201M,0.23608798
P201S,0.36001998
P201K,0.3146116
P201D,0.23002097
P201E,0.3298937
P201F,0.1737423
P201A,0.36881745
P201H,0.23058212
P201I,0.2835214
P201G,0.19841474
E202N,0.3358121
E202Y,0.13007915
E202V,0.12664622
E202T,0.2097674
E202S,0.29520184
E202R,0.20108157
E202Q,0.5237818
E202P,0.17192242
E202W,0.101296544
E202M,0.14503777
E202K,0.26521444
E202I,0.08207679
E202H,0.26272595
E202G,0.25461537
E202F,0.087088406
E202D,0.6737264
E202C,0.102934
E202A,0.24667495
E202L,0.15184486
A203Q,0.2536348
A203R,0.23616326
A203W,0.19300902
A203T,0.51011586
A203V,0.41711056
A203P,0.31830275
A203S,0.8223308
A203D,0.25047976
A203I,0.269073
A203M,0.27199018
A203L,0.2588508
A203K,0.22908115
A203H,0.24013531
A203G,0.5043864
A203F,0.22539175
A203E,0.27850306
A203Y,0.23485422
A203N,0.26585197
A203C,0.56735456
G204A,0.78264534
G204V,0.7120248
G204W,0.56669044
G204T,0.75744736
G204S,0.7943485
G204R,0.7207171
G204Q,0.74193615
G204P,0.7837043
G204N,0.72739255
G204M,0.6455902
G204Y,0.6510246
G204K,0.755767
G204I,0.64674747
G204H,0.67694545
G204F,0.64018214
G204E,0.7384225
G204D,0.7144529
G204C,0.6146618
G204L,0.7138521
S205D,0.7176344
S205W,0.18691313
S205V,0.21791005
S205T,0.61500907
S205Q,0.2837324
S205P,0.3778553
S205N,0.6372255
S205M,0.18707359
S205H,0.33296156
S205K,0.28796732
S205I,0.19407165
S205G,0.5241128
S205F,0.20857358
S205E,0.4596387
S205Y,0.2521912
S205L,0.20736742
S205R,0.25685203
S205A,0.34403288
S205C,0.35931838
F206D,0.2731496
F206Y,0.6823106
F206W,0.5486554
F206V,0.566241
F206T,0.40676033
F206S,0.30139482
F206R,0.4221021
F206Q,0.36476183
F206P,0.5141014
F206N,0.25889802
F206L,0.7111199
F206K,0.37882614
F206A,0.37294436
F206I,0.6572715
F206H,0.40282142
F206G,0.2190628
F206E,0.3831519
F206C,0.2672032
F206M,0.6784432
E207M,0.2680285
E207A,0.4211738
E207Y,0.23207688
E207W,0.18455291
E207V,0.2895831
E207T,0.35514486
E207R,0.28989315
E207Q,0.51917064
E207P,0.3218081
E207N,0.32376373
E207S,0.38948482
E207K,0.3970065
E207I,0.21482491
E207H,0.31369925
E207G,0.23517776
E207F,0.17363358
E207D,0.67154557
E207C,0.11874676
E207L,0.27090454
A208I,0.5488914
A208H,0.5266659
A208G,0.5420296
A208C,0.38805425
A208E,0.74484575
A208D,0.67717254
A208K,0.5987531
A208F,0.50781083
A208L,0.61562204
A208W,0.51106334
A208N,0.5420761
A208M,0.5678855
A208V,0.67696977
A208T,0.6824094
A208Y,0.5638304
A208R,0.537279
A208Q,0.6425153
A208P,0.435351
A208S,0.6603551
D209K,0.154796
D209A,0.085107565
D209C,0.072239965
D209E,0.48886102
D209F,0.07220578
D209H,0.169408
D209I,0.07884973
D209L,0.07709819
D209G,0.17765033
D209N,0.23323661
D209M,0.06927323
D209Y,0.084700525
D209V,0.062518924
D209T,0.09369066
D209W,0.11924136
D209R,0.149613
D209Q,0.15422186
D209P,0.11985946
D209S,0.16393745
L210D,0.12319708
L210I,0.6193253
L210E,0.14595622
L210F,0.36968362
L210G,0.08018324
L210H,0.16901964
L210K,0.20109224
L210Q,0.17462468
L210N,0.11928809
L210P,0.12896368
L210V,0.5097341
L210R,0.19054013
L210S,0.13136807
L210T,0.19522756
L210C,0.21832877
L210M,0.5734067
L210A,0.22610912
L210W,0.16644281
L210Y,0.24877441
K211A,0.5567793
K211Y,0.617043
K211W,0.52351916
K211V,0.5706342
K211T,0.5301097
K211R,0.74917996
K211Q,0.6932653
K211P,0.37232542
K211N,0.5602945
K211M,0.5882673
K211L,0.68022394
K211I,0.5978572
K211H,0.5675758
K211G,0.35501337
K211F,0.5854064
K211E,0.624768
K211D,0.42078358
K211C,0.3582908
K211S,0.49684256
H212N,0.5897289
H212A,0.287405
H212Y,0.7380496
H212V,0.16080272
H212T,0.18542707
H212S,0.2758969
H212R,0.32619226
H212Q,0.25980222
H212P,0.13031468
H212M,0.16166633
H212W,0.22818363
H212K,0.19588816
H212I,0.13449925
H212G,0.12417197
H212F,0.4413346
H212E,0.17290664
H212D,0.16913068
H212C,0.2868421
H212L,0.21730357
L213D,0.1321691
L213V,0.3520107
L213T,0.17829275
L213S,0.12011546
L213R,0.15074193
L213Q,0.16254586
L213P,0.13513267
L213N,0.11283949
L213H,0.14479992
L213K,0.13735697
L213I,0.41575032
L213G,0.08126998
L213F,0.29946828
L213E,0.12399596
L213W,0.116639495
L213M,0.5499041
L213Y,0.158081
L213A,0.17580688
L213C,0.16235211
K214W,0.19660425
K214Y,0.2930714
K214V,0.320363
K214T,0.33788437
K214S,0.35922366
K214R,0.6085097
K214P,0.15840301
K214N,0.36582583
K214M,0.355653
K214Q,0.60345155
K214I,0.26697874
K214H,0.3732227
K214G,0.24173784
K214F,0.17550468
K214E,0.5185816
K214D,0.2820661
K214C,0.18501693
K214A,0.40545547
K214L,0.42576432
E215R,0.31493318
E215Y,0.1756804
E215W,0.15153039
E215V,0.24389756
E215T,0.40603244
E215S,0.3426937
E215Q,0.526188
E215D,0.6002201
E215N,0.29942596
E215L,0.39093697
E215K,0.37190616
E215I,0.21082246
E215H,0.25599396
E215G,0.17182982
E215F,0.12194872
E215C,0.14635348
E215P,0.15660888
E215A,0.49428743
E215M,0.37721658
V217G,0.106517136
V217Y,0.15413213
V217W,0.12988752
V217T,0.32797384
V217R,0.17381316
V217Q,0.45120144
V217P,0.12823898
V217N,0.13925034
V217M,0.37747693
V217L,0.36034656
V217K,0.21191561
V217S,0.18869162
V217H,0.16180503
V217F,0.14328682
V217E,0.2647879
V217D,0.1598784
V217C,0.2823122
V217A,0.39065874
V217I,0.73657846
S218E,0.77688074
S218F,0.45458543
S218G,0.6030377
S218H,0.58541226
S218I,0.4651258
S218K,0.6739056
S218L,0.60340536
S218M,0.5503639
S218N,0.7781048
S218R,0.5940472
S218Q,0.74066746
S218T,0.6731442
S218V,0.5275655
S218Y,0.50268424
S218W,0.3926636
S218C,0.46567452
S218A,0.7686113
S218P,0.33166468
S218D,0.76036346
A219C,0.4581911
A219D,0.15388817
A219S,0.5751101
A219Y,0.13356268
A219T,0.339854
A219R,0.15399605
A219Q,0.19486648
A219P,0.11807284
A219N,0.24603659
A219M,0.1422466
A219W,0.09953588
A219L,0.19752145
A219I,0.1521576
A219H,0.18688929
A219G,0.32611042
A219F,0.088870525
A219E,0.23158532
A219K,0.15650946
A219V,0.37807405
D222V,0.08694768
D222W,0.092885375
D222Y,0.08032107
D222A,0.24249023
D222G,0.24021637
D222C,0.124069214
D222E,0.45051658
D222F,0.05692917
D222T,0.40808725
D222H,0.27806187
D222I,0.06565148
D222K,0.20308727
D222M,0.07344043
D222N,0.5343982
D222P,0.14463097
D222Q,0.33141088
D222R,0.17370963
D222S,0.5010849
D222L,0.06788784
F223S,0.25988287
F223R,0.229684
F223T,0.25063145
F223Q,0.17732513
F223W,0.34776473
F223Y,0.5776704
F223V,0.31256175
F223N,0.16599059
F223P,0.11872411
F223L,0.48959124
F223M,0.4938537
F223A,0.26419508
F223D,0.12161541
F223E,0.1324538
F223C,0.3397836
F223H,0.2696787
F223I,0.32061452
F223K,0.16340148
F223G,0.16984653
I225Q,0.3246932
I225Y,0.18905824
I225A,0.23088682
I225V,0.73254645
I225W,0.12725472
I225S,0.17272538
I225R,0.14526737
I225P,0.12523797
I225T,0.278818
I225M,0.46295404
I225L,0.5280898
I225K,0.16485393
I225H,0.16574025
I225G,0.1056391
I225F,0.3072666
I225E,0.16534841
I225D,0.14423546
I225C,0.19588256
I225N,0.14408499
T226N,0.20979708
T226P,0.19346088
T226W,0.06822273
T226R,0.12966657
T226S,0.5699964
T226M,0.107188344
T226Q,0.12568
T226L,0.09412819
T226G,0.14906979
T226I,0.07933068
T226H,0.123122305
T226F,0.053360164
T226E,0.14614272
T226D,0.17453009
T226C,0.1545353
T226A,0.2084429
T226Y,0.076437116
T226K,0.12776029
T226V,0.115395814
F229Y,0.38912952
F229N,0.15776762
F229P,0.14880773
F229T,0.1711896
F229V,0.28067243
F229W,0.23424292
F229C,0.25021702
F229D,0.1615814
F229E,0.14760667
F229G,0.13572663
F229A,0.15054652
F229I,0.2992624
F229K,0.14610606
F229L,0.38276052
F229M,0.30996615
F229S,0.16939184
F229R,0.1496175
F229Q,0.15625584
F229H,0.2295258
F230P,0.1330443
F230R,0.13638914
F230S,0.14729512
F230W,0.28718013
F230V,0.16339013
F230Y,0.6545765
F230N,0.1406858
F230T,0.15261042
F230M,0.23207736
F230Q,0.13545182
F230K,0.12973493
F230I,0.19208777
F230H,0.25572628
F230G,0.097546995
F230E,0.13600814
F230D,0.14334092
F230C,0.16810378
F230A,0.112395644
F230L,0.3033408
E231I,0.12585723
E231H,0.5205107
E231G,0.3042202
E231A,0.33576584
E231D,0.8579245
E231C,0.20498848
E231Y,0.2795862
E231F,0.14867663
E231K,0.47836602
E231M,0.1697588
E231V,0.18598026
E231T,0.42375076
E231S,0.5376901
E231R,0.41449833
E231Q,0.5443661
E231N,0.6501532
E231P,0.20504689
E231L,0.15348864
E231W,0.13759029
A232E,0.24604714
A232Y,0.27184033
A232F,0.2327708
A232D,0.21034902
A232C,0.41935635
A232W,0.20595455
A232N,0.6412718
A232Q,0.2555344
A232P,0.58573544
A232M,0.38840973
A232L,0.45804465
A232K,0.46851087
A232I,0.49492574
A232H,0.25178587
A232G,0.3463061
A232T,0.61982095
A232R,0.39066863
A232V,0.67915916
A232S,0.6213554
D233F,0.11217165
D233G,0.40007162
D233Y,0.1640346
D233H,0.30890143
D233I,0.12518942
D233K,0.44856012
D233R,0.3437724
D233S,0.5294013
D233N,0.46967196
D233W,0.15060246
D233V,0.18490148
D233P,0.46127236
D233Q,0.47402322
D233T,0.3692516
D233M,0.13627338
D233L,0.14764547
D233C,0.104237676
D233A,0.38752282
D233E,0.77088445
T234S,0.5863223
T234A,0.5780132
T234C,0.39128757
T234D,0.6061132
T234E,0.56501997
T234F,0.3967737
T234G,0.34075236
T234H,0.51884747
T234I,0.61370647
T234L,0.5509521
T234M,0.47080326
T234N,0.56315684
T234P,0.5413197
T234Q,0.51410854
T234R,0.5986663
T234K,0.5786102
T234Y,0.50699234
T234W,0.33311868
T234V,0.6979183
F235P,0.11290395
F235W,0.23572916
F235V,0.13725454
F235T,0.11405468
F235Y,0.6298755
F235S,0.11699411
F235R,0.12868294
F235Q,0.122219205
F235N,0.12216374
F235M,0.18196613
F235K,0.12074417
F235I,0.17518246
F235H,0.20212793
F235G,0.077969074
F235E,0.12745345
F235D,0.14283735
F235C,0.12474519
F235A,0.09417924
F235L,0.27206063
F236T,0.43199837
F236S,0.31847262
F236V,0.5812516
F236P,0.19848847
F236Y,0.6528934
F236R,0.41141284
F236W,0.3504281
F236Q,0.3468113
F236K,0.4640081
F236N,0.3196658
F236A,0.2956741
F236D,0.19968498
F236E,0.28693926
F236G,0.19749641
F236C,0.38822162
F236I,0.7166393
F236L,0.75608945
F236M,0.6102201
F236H,0.41638565
R237M,0.36608934
R237F,0.28231966
R237G,0.4348557
R237H,0.5625483
R237I,0.27852726
R237K,0.7588563
R237L,0.3925016
R237N,0.66065216
R237V,0.30167067
R237Q,0.6801299
R237S,0.58430696
R237T,0.56012344
R237E,0.6693543
R237W,0.34666872
R237Y,0.42025208
R237C,0.27605546
R237P,0.385275
R237D,0.57801247
R237A,0.55054516
F238N,0.10160795
F238W,0.4943673
F238V,0.12435183
F238T,0.108401746
F238S,0.09580284
F238R,0.11741841
F238Q,0.11340034
F238P,0.09548801
F238M,0.20704114
F238L,0.31626117
F238K,0.11130428
F238I,0.14946648
F238H,0.19694966
F238G,0.061077178
F238E,0.12410605
F238D,0.12807691
F238C,0.09883997
F238A,0.08254135
F238Y,0.6066368
V239A,0.6529594
V239Y,0.5835595
V239L,0.54215634
V239E,0.2991804
V239F,0.36376286
V239G,0.22997212
V239H,0.48616278
V239I,0.55900645
V239K,0.42730987
V239M,0.51543975
V239C,0.4267273
V239N,0.3664328
V239Q,0.41234016
V239R,0.46583498
V239S,0.44554186
V239T,0.50150704
V239W,0.46098912
V239P,0.20534968
V239D,0.22795594
K240A,0.36234748
K240D,0.353081
K240E,0.5737651
K240Y,0.18549895
K240C,0.12326634
K240G,0.25302774
K240H,0.315809
K240I,0.11966878
K240L,0.17098302
K240M,0.18244612
K240N,0.39909565
K240P,0.14051268
K240F,0.12065315
K240R,0.6734364
K240S,0.40661198
K240T,0.31833196
K240V,0.14997894
K240W,0.16949224
K240Q,0.6533987
A241W,0.41918647
A241V,0.5571754
A241T,0.72103417
A241S,0.670223
A241R,0.73193043
A241Q,0.78736645
A241P,0.293002
A241L,0.67574084
A241M,0.6933949
A241K,0.7663237
A241I,0.5584997
A241H,0.57147825
A241G,0.544513
A241F,0.4259267
A241Y,0.5166882
A241N,0.57948935
A241C,0.49097383
A241D,0.6979072
A241E,0.73201585
T243C,0.5990728
T243W,0.7516703
T243V,0.6417413
T243S,0.6985562
T243R,0.70932055
T243Q,0.75897473
T243P,0.4160558
T243A,0.6771996
T243N,0.7029951
T243K,0.7398162
T243I,0.6234312
T243H,0.7384124
T243G,0.5535379
T243F,0.65984845
T243E,0.68870515
T243D,0.61028063
T243M,0.684678
T243Y,0.75762177
T243L,0.71350765
D244W,0.09612763
D244Y,0.1063385
D244A,0.398674
D244C,0.07401174
D244E,0.7080054
D244G,0.26926243
D244H,0.19000077
D244I,0.09233081
D244K,0.32926822
D244F,0.07182956
D244M,0.09599674
D244L,0.13454723
D244T,0.2506919
D244S,0.39162457
D244R,0.27534747
D244V,0.13782918
D244P,0.13241905
D244N,0.37729967
D244Q,0.36744523
M245N,0.5781621
M245W,0.4754635
M245V,0.74760485
M245T,0.576167
M245S,0.58191097
M245R,0.58163095
M245Q,0.67928636
M245P,0.27443492
M245Y,0.5918685
M245L,0.8282554
M245I,0.79674983
M245H,0.59872067
M245G,0.4019333
M245F,0.5938121
M245E,0.607106
M245D,0.37479663
M245C,0.5719868
M245A,0.71071815
M245K,0.56766176
G246K,0.13543707
G246I,0.017540991
G246H,0.101275444
G246C,0.05484438
G246E,0.25479817
G246D,0.3090266
G246L,0.015014678
G246F,0.01286611
G246M,0.020509154
G246R,0.105487764
G246P,0.079793155
G246Q,0.1447283
G246S,0.2157523
G246T,0.057569295
G246V,0.023677737
G246W,0.03528291
G246Y,0.03863287
G246N,0.29535317
G246A,0.15479136
T248A,0.3523134
T248C,0.24829292
T248Y,0.37777376
T248W,0.2649461
T248V,0.40115583
T248S,0.5773691
T248R,0.5016533
T248P,0.31699347
T248N,0.5418614
T248M,0.25910127
T248Q,0.5401056
T248K,0.54550433
T248I,0.3267001
T248H,0.48208487
T248G,0.26638412
T248F,0.28507745
T248E,0.5531595
T248D,0.5589824
T248L,0.34670675
C249L,0.24009359
C249E,0.16118062
C249F,0.088678
C249G,0.11248928
C249H,0.12206042
C249I,0.3546908
C249K,0.14336717
C249N,0.12823117
C249M,0.14999402
C249Q,0.15570629
C249R,0.13285267
C249S,0.336864
C249T,0.43597162
C249V,0.5941464
C249W,0.11931485
C249Y,0.12612563
C249D,0.15568066
C249P,0.17162097
C249A,0.5726151
F256Y,0.47632492
F256C,0.32127857
F256W,0.36584473
F256V,0.4546584
F256T,0.3958342
F256S,0.3524766
F256R,0.22803128
F256P,0.24628949
F256N,0.2650659
F256M,0.77030545
F256Q,0.2750938
F256A,0.33571064
F256L,0.7098154
F256K,0.48777235
F256I,0.5867858
F256H,0.24343646
F256G,0.23030782
F256E,0.20549035
F256D,0.20259106
P257L,0.06508747
P257M,0.06877801
P257N,0.14033079
P257V,0.081332326
P257R,0.117673755
P257T,0.13028163
P257K,0.12927908
P257Q,0.1295163
P257S,0.1463848
P257I,0.049105734
P257G,0.12957314
P257H,0.11481026
P257Y,0.07990968
P257A,0.16417843
P257W,0.081584275
P257D,0.16790926
P257E,0.1524097
P257F,0.044819802
P257C,0.08598894
Q259W,0.10459483
Q259V,0.21735251
Q259T,0.37872267
Q259S,0.30260193
Q259R,0.37238288
Q259P,0.20569658
Q259N,0.31393588
Q259M,0.2574687
Q259K,0.38847756
Q259I,0.18462038
Q259H,0.3053223
Q259F,0.106092215
Q259E,0.2892599
Q259D,0.18308705
Q259C,0.08821964
Q259Y,0.18245542
Q259A,0.20568359
Q259L,0.26972854
Q259G,0.16912603
G260Y,0.43096435
G260A,0.5434729
G260W,0.33649862
G260V,0.36423588
G260T,0.61520445
G260S,0.69403386
G260R,0.5481605
G260Q,0.5100959
G260P,0.37584412
G260N,0.69560677
G260M,0.37173867
G260L,0.36031365
G260K,0.56253153
G260I,0.32273316
G260H,0.53647375
G260F,0.36113644
G260E,0.42748535
G260C,0.46218503
G260D,0.5379181
Y261K,0.10915649
Y261V,0.36637712
Y261E,0.2054286
Y261F,0.6114154
Y261G,0.17772579
Y261H,0.39019585
Y261I,0.34494245
Y261A,0.30218005
Y261W,0.46156955
Y261L,0.39319277
Y261N,0.121979296
Y261P,0.20454228
Y261Q,0.15126765
Y261R,0.12010801
Y261S,0.21398163
Y261T,0.19517207
Y261M,0.23672187
Y261D,0.1348688
Y261C,0.14687377
H262Y,0.7170273
H262W,0.57724154
H262S,0.67498744
H262R,0.8224576
H262Q,0.74356234
H262P,0.6197648
H262N,0.768468
H262M,0.5140599
H262L,0.5334381
H262T,0.61765563
H262I,0.4294876
H262K,0.7978563
H262A,0.61901397
H262C,0.33451736
H262V,0.46916544
H262E,0.66824245
H262F,0.5689944
H262G,0.5997117
H262D,0.62016463
S263V,0.23215544
S263T,0.5330192
S263R,0.26609468
S263Q,0.41241252
S263P,0.39098787
S263N,0.45415163
S263M,0.2560563
S263K,0.30855632
S263I,0.17644918
S263H,0.30088854
S263F,0.19122648
S263E,0.24552417
S263D,0.23979664
S263C,0.21698952
S263A,0.651018
S263L,0.18443859
S263G,0.576648
S263Y,0.24701107
S263W,0.16864634
L264T,0.22854424
L264Q,0.19780028
L264P,0.18375099
L264N,0.18333006
L264M,0.5592207
L264K,0.18163228
L264I,0.61011857
L264H,0.18735695
L264S,0.16484618
L264G,0.12678862
L264E,0.20934844
L264D,0.22693616
L264C,0.23705673
L264A,0.25096917
L264Y,0.45492733
L264W,0.32176185
L264V,0.4699751
L264F,0.7488431
L264R,0.191782
R265A,0.5607744
R265C,0.5390913
R265W,0.64010584
R265Y,0.66497445
R265D,0.56141
R265E,0.6472148
R265F,0.6347035
R265G,0.44598418
R265I,0.61496997
R265K,0.7448195
R265L,0.6708052
R265H,0.6538016
R265N,0.6483616
R265P,0.4230758
R265Q,0.71475595
R265S,0.6003165
R265T,0.6347083
R265V,0.599828
R265M,0.6982011
Q266D,0.4047426
Q266K,0.7390539
Q266E,0.5450113
Q266F,0.57311845
Q266G,0.46051514
Q266H,0.6403284
Q266I,0.37088346
Q266L,0.5533334
Q266Y,0.6374488
Q266N,0.7103914
Q266P,0.3641603
Q266R,0.8005872
Q266S,0.5909966
Q266T,0.5870576
Q266V,0.38023055
Q266W,0.59373164
Q266A,0.48861492
Q266M,0.5987003
Q266C,0.31865227
L267H,0.23045862
L267Y,0.37030458
L267C,0.2906462
L267D,0.20954776
L267E,0.21442223
L267F,0.7464486
L267G,0.19406259
L267I,0.70112395
L267A,0.3727901
L267K,0.2409066
L267N,0.2297777
L267P,0.1992706
L267Q,0.2769735
L267R,0.26594567
L267S,0.27443993
L267T,0.3931465
L267M,0.75932276
L267W,0.36543322
L267V,0.5713302
V268S,0.49851334
V268C,0.5054221
V268D,0.30681634
V268E,0.41744113
V268F,0.5585072
V268G,0.39544892
V268H,0.35171223
V268I,0.7382207
V268K,0.3509835
V268L,0.7757485
V268M,0.6438345
V268N,0.3598324
V268P,0.6317632
V268Q,0.4565612
V268R,0.35046113
V268Y,0.44811928
V268T,0.6215416
V268W,0.34828532
V268A,0.5959716
K269C,0.23220265
K269V,0.35182154
K269T,0.51234794
K269S,0.5649747
K269R,0.7166424
K269Q,0.59761834
K269P,0.37889206
K269W,0.32185733
K269N,0.5966197
K269L,0.40006864
K269I,0.32230186
K269H,0.49518502
K269G,0.46313912
K269F,0.3207103
K269E,0.58331555
K269M,0.37524462
K269A,0.49869442
K269D,0.4547242
K269Y,0.39667666
L270V,0.5051204
L270T,0.31874323
L270A,0.32412863
L270C,0.24450696
L270D,0.19636452
L270E,0.20598996
L270F,0.59960496
L270G,0.2328912
L270H,0.26040864
L270I,0.5956614
L270K,0.27331328
L270M,0.58286285
L270N,0.2675706
L270P,0.19352639
L270Q,0.26066136
L270R,0.3019619
L270Y,0.54000926
L270S,0.27153265
L270W,0.41967583
S271A,0.59337604
S271H,0.3792169
S271E,0.32595813
S271D,0.3207909
S271C,0.72781664
S271I,0.38765788
S271G,0.52924097
S271Y,0.4889288
S271W,0.33616388
S271V,0.47232378
S271F,0.55811405
S271R,0.35288548
S271Q,0.399207
S271P,0.40359533
S271N,0.57801116
S271M,0.49323785
S271L,0.50633085
S271K,0.3210405
S271T,0.5959976
K272L,0.2139163
K272I,0.11685169
K272H,0.43434834
K272D,0.3025353
K272F,0.18781853
K272E,0.33748305
K272C,0.17858839
K272G,0.48194116
K272M,0.18616974
K272A,0.25111926
K272Q,0.4385674
K272N,0.44159043
K272Y,0.24821842
K272W,0.19664776
K272P,0.31336665
K272T,0.22415507
K272S,0.3625871
K272R,0.617188
K272V,0.1369791
L273A,0.6916817
L273C,0.68860424
L273D,0.33974302
L273E,0.35967326
L273F,0.5866109
L273G,0.5854044
L273I,0.7568338
L273M,0.73365873
L273P,0.47570312
L273Q,0.52369297
L273R,0.49009013
L273S,0.6614804
L273H,0.44314063
L273N,0.5714873
L273K,0.46991217
L273T,0.7115153
L273V,0.7449461
L273W,0.42799222
L273Y,0.48872995
E274C,0.28327584
E274H,0.5842707
E274I,0.42019594
E274K,0.542382
E274L,0.4034338
E274M,0.3722577
E274N,0.5869361
E274P,0.553277
E274D,0.6597582
E274R,0.496894
E274S,0.5887735
E274T,0.60779727
E274V,0.4985721
E274W,0.4394263
E274Y,0.6004653
E274Q,0.6222513
E274G,0.30767047
E274F,0.48253942
E274A,0.4637158
V275T,0.3188163
V275D,0.2581216
V275E,0.2456032
V275F,0.36964726
V275G,0.16580802
V275H,0.20262527
V275I,0.69652367
V275K,0.19488823
V275C,0.2813102
V275L,0.55375075
V275N,0.20991158
V275P,0.30294192
V275Q,0.21438622
V275R,0.2011646
V275S,0.19116294
V275W,0.20961225
V275Y,0.25320494
V275M,0.43803215
V275A,0.3722043
Q277D,0.46961033
Q277A,0.40934265
Q277C,0.102635264
Q277E,0.5602362
Q277F,0.16460347
Q277G,0.30760694
Q277H,0.2828343
Q277K,0.5032594
Q277L,0.25943232
Q277M,0.22043729
Q277I,0.16002381
Q277P,0.48311186
Q277R,0.41738653
Q277S,0.4128214
Q277T,0.30683577
Q277V,0.23122168
Q277W,0.23733962
Q277Y,0.2396748
Q277N,0.33651042
E278I,0.5180534
E278H,0.6318948
E278G,0.4517641
E278A,0.5557666
E278D,0.6379608
E278C,0.5396637
E278K,0.66868937
E278F,0.72643805
E278L,0.52292645
E278N,0.515926
E278P,0.5735804
E278Q,0.6532239
E278R,0.6834781
E278S,0.6256416
E278T,0.52334
E278V,0.52073693
E278W,0.7270162
E278Y,0.6861409
E278M,0.5270357
I279C,0.17860353
I279T,0.21565771
I279S,0.18439102
I279R,0.21678913
I279Q,0.21744156
I279P,0.21312308
I279N,0.23506343
I279G,0.16502854
I279L,0.70226663
I279K,0.20244157
I279H,0.20400095
I279F,0.5356475
I279E,0.25299805
I279D,0.27167618
I279M,0.4842087
I279A,0.19109738
I279Y,0.30393183
I279W,0.26276052
I279V,0.60170853
K280V,0.627457
K280T,0.60406154
K280S,0.5706018
K280R,0.7174475
K280Q,0.67847896
K280P,0.3800087
K280N,0.5523484
K280M,0.68956065
K280W,0.59294534
K280H,0.59980273
K280G,0.434363
K280F,0.64698136
K280E,0.6526134
K280D,0.45882618
K280C,0.50413835
K280A,0.58687055
K280I,0.653298
K280L,0.70783913
K280Y,0.67565084
D281A,0.36980617
D281W,0.11244607
D281V,0.12010062
D281T,0.34438217
D281S,0.3896116
D281R,0.34214485
D281Q,0.39542067
D281Y,0.111738205
D281P,0.23874617
D281M,0.10115886
D281L,0.13979638
D281K,0.3822987
D281I,0.07142341
D281H,0.19063437
D281G,0.27084398
D281N,0.41538405
D281C,0.06385791
D281E,0.68160737
D281F,0.06302452
V282Y,0.46637034
V282E,0.520329
V282F,0.4596907
V282G,0.5111673
V282H,0.479452
V282I,0.7166103
V282K,0.66175354
V282L,0.7256789
V282M,0.6482116
V282P,0.38447893
V282Q,0.5726899
V282R,0.6009972
V282S,0.5856494
V282T,0.6220286
V282W,0.3783896
V282N,0.45535374
V282D,0.47346294
V282C,0.5011556
V282A,0.7517352
I283T,0.3462863
I283S,0.2509855
I283R,0.2610693
I283Q,0.2673241
I283P,0.26734394
I283N,0.28205425
I283M,0.66950303
I283L,0.75636274
I283K,0.25675654
I283H,0.26657748
I283G,0.21519095
I283F,0.5487138
I283E,0.29606915
I283D,0.32206875
I283C,0.33339536
I283V,0.5945296
I283Y,0.36491907
I283W,0.323761
I283A,0.30523002
E284A,0.3928002
E284Y,0.14124918
E284W,0.101585984
E284V,0.12841952
E284T,0.20858097
E284S,0.2997923
E284R,0.21579707
E284Q,0.3529564
E284P,0.13276994
E284N,0.26751435
E284L,0.19813454
E284K,0.28084576
E284I,0.0799588
E284H,0.16212392
E284G,0.2425549
E284F,0.08428061
E284D,0.5497066
E284C,0.053778052
E284M,0.11359656
P285A,0.18913943
P285Y,0.115965724
P285W,0.11474931
P285V,0.09552246
P285T,0.17287219
P285S,0.22510588
P285Q,0.1802392
P285N,0.18049711
P285M,0.092532635
P285R,0.14776719
P285K,0.19079125
P285L,0.0807749
P285D,0.21754783
P285E,0.23487216
P285F,0.07640159
P285C,0.10176581
P285H,0.14349437
P285I,0.06293595
P285G,0.24875474
I286N,0.24351275
I286Y,0.29081655
I286V,0.54505336
I286T,0.20565283
I286S,0.2059483
I286R,0.24205673
I286Q,0.24388552
I286P,0.2338776
I286M,0.2929058
I286W,0.21389616
I286K,0.23240197
I286H,0.22650754
I286G,0.19117686
I286F,0.26469815
I286E,0.26758242
I286D,0.29129076
I286C,0.19626093
I286A,0.1849584
I286L,0.4555434
K287W,0.16531336
K287V,0.19698495
K287T,0.18396771
K287S,0.23170805
K287R,0.49035668
K287Q,0.34690535
K287I,0.1762712
K287N,0.20794094
K287M,0.21069789
K287L,0.21152616
K287H,0.1905855
K287G,0.24531132
K287F,0.12091434
K287P,0.17952263
K287Y,0.17192113
K287D,0.22229165
K287E,0.31357342
K287C,0.13240469
K287A,0.25916487
D288G,0.39118135
D288Y,0.119618535
D288W,0.08757055
D288V,0.049328685
D288T,0.21079469
D288S,0.27581286
D288R,0.10319865
D288Q,0.20922554
D288P,0.112624764
D288N,0.4552548
D288M,0.04499626
D288L,0.061726928
D288I,0.034252405
D288E,0.5303762
D288F,0.050522447
D288H,0.21671689
D288K,0.14718914
D288A,0.19667637
D288C,0.03547907
A291C,0.26366436
A291D,0.55719256
A291E,0.6719585
A291F,0.2787223
A291G,0.4871229
A291H,0.3417915
A291I,0.40564477
A291K,0.48440826
A291W,0.29861605
A291M,0.39415967
A291N,0.4296571
A291P,0.40689623
A291Q,0.60431314
A291R,0.4147799
A291S,0.53715146
A291T,0.5407722
A291V,0.5262914
A291Y,0.3242662
A291L,0.4961096
I293Y,0.31126475
I293D,0.327941
I293C,0.40495145
I293A,0.54228854
I293W,0.28432596
I293T,0.4644189
I293S,0.37921488
I293R,0.32924497
I293Q,0.31908882
I293V,0.7195598
I293N,0.30200505
I293P,0.310966
I293F,0.3382417
I293G,0.2983079
I293H,0.29014158
I293E,0.31079018
I293K,0.29349875
I293L,0.5865917
I293M,0.48236334
R294V,0.23418236
R294T,0.23993206
R294S,0.21282083
R294Q,0.38901258
R294P,0.17738104
R294N,0.22167218
R294M,0.21804345
R294L,0.28271306
R294W,0.19789255
R294Y,0.27666175
R294H,0.32308626
R294I,0.21501458
R294A,0.24485397
R294C,0.17557406
R294K,0.61066437
R294E,0.2912109
R294F,0.20810425
R294G,0.16654706
R294D,0.20752347
E299S,0.4042827
E299R,0.20271492
E299Q,0.42472255
E299P,0.15174437
E299N,0.42674446
E299M,0.08514786
E299L,0.09173429
E299H,0.29983914
E299G,0.3190912
E299D,0.5710027
E299C,0.065555334
E299A,0.26158452
E299W,0.12770605
E299Y,0.1872667
E299I,0.054008603
E299F,0.07993913
E299K,0.24178946
E299V,0.06754482
E299T,0.25705922
L300V,0.47087777
L300T,0.2919743
L300S,0.16273344
L300R,0.28297043
L300Q,0.35403955
L300P,0.19666243
L300N,0.15984213
L300W,0.34186602
L300A,0.23157871
L300I,0.54116845
L300H,0.4028195
L300G,0.13935393
L300F,0.5110016
L300E,0.18271983
L300D,0.21644843
L300C,0.226601
L300K,0.26747024
L300M,0.4544834
L300Y,0.59580505
A301K,0.24559104
A301E,0.2834736
A301F,0.15022182
A301G,0.35929692
A301H,0.23894894
A301I,0.141006
A301L,0.14190209
A301M,0.15773606
A301N,0.23719871
A301P,0.23819888
A301Q,0.24117231
A301R,0.24405003
A301S,0.42730987
A301T,0.38748026
A301V,0.30383027
A301W,0.20434922
A301D,0.2894534
A301C,0.6152844
A301Y,0.20666921
S303E,0.6613612
S303V,0.40010047
S303T,0.62261105
S303R,0.6774909
S303Q,0.67752707
S303P,0.5579368
S303A,0.5990547
S303N,0.66533065
S303M,0.3846308
S303L,0.4362135
S303K,0.6960501
S303I,0.365574
S303H,0.5542606
S303G,0.60583305
S303F,0.3266294
S303D,0.59202147
S303W,0.3634348
S303Y,0.43448818
S303C,0.29211152
Q306N,0.43609595
Q306F,0.16621506
Q306G,0.31801212
Q306H,0.43569553
Q306I,0.20460689
Q306K,0.6253282
Q306L,0.31991518
Q306M,0.29025733
Q306C,0.17897618
Q306P,0.18557763
Q306R,0.61099386
Q306S,0.40777194
Q306T,0.38723743
Q306V,0.23852992
Q306W,0.22131765
Q306Y,0.29330194
Q306A,0.3300463
Q306E,0.598799
Q306D,0.33824146
E307C,0.057373405
E307W,0.106791854
E307D,0.49766266
E307A,0.22849762
E307Y,0.09136975
E307V,0.07903838
E307T,0.21643496
E307R,0.3016883
E307Q,0.49756205
E307P,0.16078615
E307S,0.28324473
E307M,0.08666885
E307L,0.08459914
E307K,0.37994206
E307I,0.0642308
E307H,0.16106784
E307G,0.24371159
E307F,0.06886113
E307N,0.23795271
A310Q,0.52348256
A310Y,0.41046774
A310W,0.32268512
A310V,0.45847487
A310T,0.5310286
A310S,0.6112162
A310R,0.5128982
A310P,0.2798624
A310E,0.58629537
A310M,0.362401
A310L,0.4869516
A310K,0.52599525
A310I,0.38035965
A310H,0.4362105
A310G,0.530751
A310F,0.3641696
A310C,0.32216918
A310N,0.54616034
A310D,0.6043949
G312Y,0.13726747
G312W,0.13626158
G312A,0.10431588
G312C,0.084104896
G312D,0.29044318
G312E,0.22781539
G312F,0.11461872
G312H,0.114984274
G312I,0.12061787
G312K,0.16717362
G312V,0.09708649
G312M,0.11491346
G312N,0.24952352
G312P,0.35592067
G312Q,0.14435673
G312R,0.14984262
G312S,0.17904174
G312T,0.10859835
G312L,0.111806154
L313I,0.5924003
L313H,0.45632505
L313G,0.38129652
L313D,0.43625116
L313E,0.46453977
L313K,0.5017588
L313C,0.49569345
L313F,0.4498589
L313M,0.5416895
L313R,0.42535567
L313P,0.35851538
L313Q,0.49816453
L313S,0.4884634
L313T,0.4899677
L313V,0.6285167
L313W,0.42096353
L313A,0.60837877
L313N,0.40085912
L313Y,0.5640236
L317Y,0.47502756
L317W,0.24048412
L317A,0.20666528
L317C,0.22324848
L317D,0.29460812
L317E,0.2942617
L317F,0.6563735
L317H,0.23890531
L317I,0.4842254
L317K,0.2712716
L317G,0.20103592
L317N,0.2734862
L317P,0.266015
L317Q,0.2735743
L317R,0.2821176
L317S,0.22920853
L317T,0.22368598
L317V,0.4125501
L317M,0.39462507
T321L,0.10799003
T321S,0.22244322
T321R,0.20903611
T321Q,0.18610871
T321P,0.17497122
T321N,0.16985929
T321M,0.10963833
T321K,0.19891894
T321W,0.17849079
T321H,0.18082756
T321G,0.14238447
T321F,0.11719632
T321E,0.21763396
T321D,0.21801105
T321C,0.124299705
T321A,0.19189423
T321V,0.17034453
T321I,0.1047678
T321Y,0.17408252
L322D,0.2589035
L322A,0.14535797
L322E,0.24335903
L322C,0.13864225
L322F,0.27604878
L322G,0.15764928
L322H,0.17828631
L322I,0.21590221
L322K,0.22689563
L322M,0.46325862
L322Y,0.18580878
L322P,0.22409952
L322Q,0.18749619
L322R,0.23179829
L322S,0.16680974
L322T,0.16474426
L322V,0.23882914
L322N,0.20704472
L322W,0.22040927
N323C,0.091498435
N323D,0.17538804
N323E,0.17830896
N323F,0.10691726
N323G,0.15139997
N323H,0.13086885
N323I,0.10846618
N323M,0.10632929
N323L,0.105827
N323P,0.17032981
N323Q,0.13455516
N323R,0.1625582
N323S,0.13594478
N323V,0.10080987
N323W,0.14897192
N323K,0.14866632
N323T,0.11409655
N323Y,0.13039148
N323A,0.10013464
R324E,0.22229248
R324D,0.19947293
R324F,0.14860666
R324G,0.15077567
R324H,0.20292807
R324I,0.14852571
R324K,0.56202877
R324M,0.27297992
R324N,0.22459412
R324L,0.30209714
R324Q,0.29470915
R324A,0.16462946
R324P,0.163623
R324Y,0.1864816
R324W,0.21947849
R324C,0.14228886
R324T,0.24199331
R324S,0.18982995
R324V,0.14225966
E325C,0.10207486
E325M,0.08866048
E325G,0.106099516
E325H,0.13427812
E325I,0.08064461
E325K,0.17139596
E325L,0.08167696
E325A,0.11338067
E325N,0.130543
E325Q,0.1351775
E325R,0.18727237
E325S,0.1125111
E325T,0.09848803
E325V,0.0903008
E325W,0.15007526
E325D,0.17953879
E325Y,0.1360172
E325P,0.14699364
E325F,0.10389376
M326F,0.6248952
M326W,0.6634151
M326D,0.51382506
M326C,0.41884565
M326A,0.6152173
M326G,0.502967
M326H,0.5932052
M326I,0.6847687
M326K,0.6791621
M326L,0.73667324
M326N,0.6048316
M326P,0.5525588
M326E,0.58745694
M326R,0.6895548
M326S,0.5909015
M326T,0.6521555
M326V,0.68973935
M326Y,0.64765704
M326Q,0.6468185
A327M,0.12277186
A327C,0.16005135
A327W,0.18962204
A327V,0.2042594
A327T,0.21543765
A327S,0.32827604
A327R,0.17900169
A327Q,0.17117
A327P,0.22368121
A327N,0.16616464
A327Y,0.1700679
A327K,0.1795274
A327I,0.13338864
A327H,0.17251766
A327G,0.26894224
A327F,0.119542
A327E,0.21490824
A327D,0.20224679
A327L,0.11999357
T328S,0.38136876
T328R,0.17691386
T328Q,0.16902375
T328P,0.25311792
T328N,0.20612466
T328M,0.27576435
T328L,0.30011797
T328F,0.16576278
T328H,0.161188
T328G,0.21710813
T328E,0.21221888
T328D,0.19900954
T328C,0.29950523
T328A,0.47904742
T328V,0.63347113
T328I,0.45369697
T328Y,0.17446661
T328W,0.18967187
T328K,0.17604232
T329E,0.5602784
T329F,0.6308559
T329G,0.5141325
T329H,0.52123034
T329I,0.7305758
T329K,0.69778264
T329L,0.7686229
T329D,0.36946273
T329M,0.7170551
T329P,0.51201737
T329Q,0.6617168
T329R,0.68569505
T329S,0.6233276
T329V,0.7174549
T329W,0.55763006
T329A,0.62048686
T329N,0.48942208
T329Y,0.6382899
T329C,0.53999615
E330N,0.20405746
E330F,0.12966526
E330G,0.18021715
E330H,0.18031573
E330I,0.15755606
E330K,0.17179751
E330L,0.23133886
E330M,0.19397771
E330P,0.1510573
E330Q,0.29970753
E330R,0.13356483
E330S,0.20931804
E330T,0.24995434
E330V,0.14559734
E330W,0.14827645
E330Y,0.18404579
E330D,0.3529408
E330C,0.0929929
E330A,0.27488494
L332W,0.1929354
L332Y,0.1773001
L332E,0.21218556
L332F,0.18119955
L332G,0.14320257
L332H,0.19713515
L332I,0.2530163
L332K,0.2070303
L332M,0.33951575
L332A,0.18636853
L332C,0.20194829
L332D,0.22427836
L332T,0.16389322
L332S,0.15772891
L332V,0.25554323
L332Q,0.19721031
L332P,0.19720867
L332N,0.19674617
L332R,0.20890343
K333A,0.46589732
K333H,0.4289676
K333C,0.26670647
K333D,0.42802513
K333E,0.60365057
K333F,0.29440832
K333G,0.39645934
K333I,0.33757663
K333Q,0.58901954
K333M,0.35436213
K333N,0.46735334
K333P,0.28072715
K333R,0.6414887
K333S,0.48360956
K333T,0.47235
K333V,0.34779167
K333Y,0.38488007
K333L,0.37711823
K333W,0.35153997
M337Y,0.3587364
M337I,0.6425384
M337W,0.32332814
M337A,0.39953125
M337C,0.3648907
M337D,0.24222249
M337E,0.26701963
M337F,0.47449827
M337V,0.5951414
M337G,0.25046504
M337T,0.30518603
M337K,0.28308225
M337L,0.74476206
M337N,0.2303698
M337P,0.27736545
M337Q,0.33981395
M337H,0.27102494
M337R,0.25968397
M337S,0.26652682
W338D,0.1574657
W338T,0.18925363
W338S,0.16075361
W338R,0.1655258
W338Q,0.16488677
W338P,0.1669513
W338N,0.14426851
W338C,0.17407131
W338M,0.20723534
W338K,0.15805638
W338I,0.20964277
W338H,0.18144315
W338G,0.19175744
W338F,0.31453705
W338E,0.18400276
W338L,0.30400467
W338A,0.18161237
W338Y,0.35900033
W338V,0.20896542
T339V,0.6089611
T339S,0.67888665
T339R,0.65587246
T339Q,0.6614901
T339P,0.7501026
T339N,0.5888834
T339M,0.49453068
T339L,0.55375445
T339K,0.6816516
T339I,0.51577866
T339H,0.5560831
T339G,0.52959096
T339F,0.44492817
T339E,0.63500345
T339D,0.5528085
T339C,0.4763236
T339A,0.6562071
T339Y,0.52777064
T339W,0.4494133
E340N,0.6106874
E340Y,0.65844023
E340A,0.5972533
E340C,0.46837163
E340D,0.6264918
E340F,0.5626389
E340H,0.5887474
E340I,0.5470382
E340K,0.6440729
E340G,0.5221236
E340M,0.52586424
E340L,0.58566475
E340V,0.58969116
E340T,0.667112
E340S,0.64092433
E340W,0.578264
E340Q,0.66298306
E340P,0.6727778
E340R,0.6677518
D341L,0.70310587
D341E,0.78835154
D341F,0.6894895
D341G,0.61172783
D341H,0.6774477
D341I,0.6877394
D341K,0.7307217
D341C,0.56103396
D341A,0.66453254
D341P,0.74913627
D341N,0.71081924
D341Y,0.7372118
D341W,0.65525293
D341V,0.689046
D341M,0.66092265
D341S,0.6912497
D341R,0.738322
D341Q,0.7475599
D341T,0.7253591
P342V,0.4479618
P342T,0.41379154
P342S,0.4037565
P342R,0.46002388
P342Q,0.382946
P342N,0.31640851
P342Y,0.45257092
P342M,0.33918476
P342K,0.4470564
P342I,0.43396032
P342H,0.33508635
P342F,0.40801442
P342E,0.40413845
P342D,0.32710922
P342C,0.2726351
P342A,0.40221846
P342L,0.46113086
P342G,0.34667242
P342W,0.40531254
R343A,0.55950826
R343W,0.629933
R343V,0.5986327
R343T,0.5954158
R343S,0.5570002
R343Q,0.62478054
R343P,0.6099305
R343N,0.58902895
R343M,0.5780442
R343C,0.4758718
R343L,0.6462226
R343K,0.70339537
R343I,0.62756824
R343H,0.600132
R343G,0.45236957
R343F,0.6202663
R343E,0.5869148
R343D,0.49806207
R343Y,0.6926178
R344Y,0.5482205
R344L,0.5806223
R344A,0.4767177
R344E,0.54139686
R344F,0.5001583
R344G,0.4066279
R344H,0.5055908
R344I,0.52202094
R344K,0.6685972
R344D,0.42407393
R344M,0.4804238
R344P,0.589547
R344Q,0.57454216
R344S,0.46551836
R344T,0.50199413
R344V,0.49648392
R344W,0.5028591
R344N,0.48700035
R344C,0.3480401
P345E,0.41436124
P345A,0.3839662
P345F,0.35558093
P345G,0.34135365
P345H,0.326761
P345I,0.38756347
P345K,0.44519985
P345L,0.42688763
P345C,0.23020983
P345N,0.32274902
P345Q,0.38531303
P345R,0.45638692
P345S,0.38537598
P345T,0.39984608
P345V,0.40800858
P345W,0.35978007
P345Y,0.38831985
P345D,0.36685252
P345M,0.31075156
L346M,0.55206203
L346C,0.41238558
L346A,0.50599134
L346Y,0.6242099
L346W,0.56994295
L346V,0.6023092
L346T,0.5124029
L346R,0.55359125
L346Q,0.47370124
L346P,0.54058135
L346S,0.4995277
L346K,0.5197215
L346I,0.62295794
L346H,0.45633495
L346G,0.47597837
L346F,0.60234296
L346E,0.45348763
L346D,0.4140501
L346N,0.44468188
W348K,0.6190283
W348D,0.513397
W348E,0.5674915
W348F,0.69207585
W348G,0.5182156
W348H,0.57078874
W348I,0.58296
W348L,0.63646364
W348Y,0.72319186
W348N,0.52101135
W348P,0.59589076
W348Q,0.5923779
W348R,0.63981533
W348S,0.5394618
W348T,0.56795037
W348V,0.5650032
W348M,0.5949658
W348A,0.5334837
W348C,0.48382753
A349Y,0.7415751
A349W,0.710148
A349C,0.5996425
A349D,0.67013943
A349E,0.6974194
A349F,0.73547554
A349H,0.67212725
A349I,0.7294127
A349K,0.69609785
A349G,0.6669096
A349M,0.6852125
A349N,0.6701219
A349P,0.77021456
A349Q,0.6991253
A349R,0.69805133
A349S,0.7293576
A349T,0.7314291
A349L,0.7796724
A349V,0.73973584
L350H,0.49987018
L350G,0.48734593
L350F,0.65483487
L350A,0.56452274
L350D,0.4777366
L350C,0.44429982
L350I,0.6787323
L350E,0.5349251
L350K,0.58215773
L350R,0.60014045
L350N,0.48399472
L350P,0.6283134
L350Q,0.5393833
L350S,0.5444429
L350T,0.57461023
L350V,0.6546178
L350W,0.63661265
L350Y,0.64463747
L350M,0.60331535
S351L,0.7544565
S351K,0.7205646
S351I,0.6843569
S351H,0.64460695
S351E,0.72089684
S351F,0.72325265
S351C,0.55853546
S351D,0.6679714
S351G,0.64327896
S351M,0.6730628
S351P,0.7955755
S351Q,0.7191634
S351R,0.70609736
S351T,0.73406076
S351V,0.6973487
S351W,0.7041428
S351Y,0.7368778
S351N,0.6642164
S351A,0.73400486
A352C,0.6242521
A352D,0.64134085
A352E,0.69375694
A352F,0.7666055
A352H,0.6646379
A352I,0.75942695
A352K,0.7090169
A352L,0.81580484
A352G,0.6671902
A352N,0.65163267
A352M,0.6945189
A352Y,0.75124824
A352V,0.7647697
A352T,0.7336273
A352W,0.72700477
A352R,0.70954597
A352Q,0.7104119
A352P,0.7773007
A352S,0.7356671
H353N,0.7333863
H353T,0.71015024
H353S,0.6894064
H353R,0.7953836
H353Q,0.75378644
H353P,0.7545367
H353M,0.7423072
H353F,0.8216175
H353K,0.77303135
H353I,0.7460641
H353G,0.60276854
H353E,0.7314315
H353D,0.6895175
H353C,0.5911819
H353A,0.66570705
H353L,0.7736461
H353Y,0.8418953
H353W,0.82339525
H353V,0.7105262
P354W,0.66158223
P354Y,0.6538936
P354C,0.43796384
P354D,0.52869177
P354E,0.61085105
P354F,0.6582378
P354G,0.51169515
P354H,0.5248035
P354I,0.6279819
P354A,0.568992
P354L,0.7026731
P354M,0.59927034
P354N,0.49395728
P354Q,0.6039032
P354R,0.64022636
P354S,0.55938315
P354T,0.58617663
P354K,0.60580254
P354V,0.6170006
K355T,0.64457166
K355S,0.6347567
K355R,0.7833841
K355Q,0.7051003
K355P,0.7095982
K355N,0.63565564
K355M,0.65736103
K355G,0.54277796
K355I,0.66912276
K355H,0.65205634
K355V,0.6582026
K355F,0.7223762
K355E,0.68590623
K355D,0.6012684
K355C,0.5142964
K355A,0.6055699
K355Y,0.7581568
K355L,0.72981346
K355W,0.77172244
R356T,0.5830418
R356W,0.7323563
R356A,0.5484034
R356C,0.4426397
R356D,0.52338326
R356E,0.61576205
R356F,0.67142797
R356G,0.47598684
R356H,0.6060834
R356I,0.6304792
R356K,0.70555127
R356M,0.6258714
R356N,0.5584384
R356P,0.6465975
R356Q,0.6363131
R356S,0.5351502
R356V,0.5912908
R356Y,0.72639966
R356L,0.68433964
R357Y,0.68656385
R357W,0.7106713
R357T,0.6119657
R357S,0.5627776
R357Q,0.6370127
R357P,0.6388479
R357N,0.5643375
R357M,0.6111405
R357V,0.5729492
R357L,0.6665509
R357I,0.6064815
R357H,0.5859349
R357G,0.4793157
R357F,0.6480082
R357E,0.62183017
R357D,0.51678187
R357K,0.73158014
R357C,0.42875683
R357A,0.53960633
E358W,0.76902866
E358D,0.6858182
E358F,0.72303605
E358G,0.5409833
E358H,0.5949508
E358I,0.69004023
E358K,0.67578244
E358L,0.7476547
E358Y,0.7336606
E358M,0.6624912
E358P,0.7518462
E358Q,0.67434704
E358R,0.69391406
E358S,0.6301154
E358T,0.6361892
E358V,0.6730286
E358A,0.62738657
E358N,0.58708954
E358C,0.46061444
E359C,0.44721937
E359D,0.67412186
E359Y,0.6721536
E359W,0.69121754
E359V,0.6359085
E359T,0.6100426
E359S,0.6124786
E359R,0.654642
E359Q,0.6322057
E359P,0.67436147
E359A,0.5874946
E359M,0.5992243
E359L,0.68858314
E359K,0.63580084
E359I,0.6358819
E359H,0.5528718
E359G,0.54334354
E359F,0.66377735
E359N,0.5668793
D360V,0.6986872
D360T,0.7025666
D360S,0.6842501
D360R,0.7099041
D360Q,0.70139027
D360P,0.75716996
D360N,0.6788647
D360M,0.69069433
D360H,0.6377982
D360K,0.6935524
D360I,0.7190325
D360G,0.6252783
D360F,0.7511816
D360E,0.7998898
D360C,0.5441679
D360Y,0.7511234
D360A,0.6549746
D360L,0.7418392
D360W,0.7407752
V361Y,0.7395967
V361L,0.8173491
V361S,0.6244688
V361R,0.66220474
V361Q,0.6319562
V361P,0.72897387
V361N,0.5860864
V361M,0.7038895
V361T,0.6756381
V361I,0.7943524
V361G,0.6173717
V361F,0.7788254
V361E,0.62833595
V361D,0.57107186
V361C,0.58907425
V361A,0.6545361
V361H,0.59283507
V361W,0.7351328
V361K,0.6527761
R362V,0.59892905
R362Q,0.67675245
R362P,0.66448796
R362N,0.62017035
R362M,0.63237584
R362L,0.68902975
R362K,0.75049925
R362I,0.6377151
R362H,0.6526557
R362G,0.5022171
R362F,0.6868669
R362E,0.64217025
R362D,0.5713782
R362C,0.48245728
R362A,0.5644543
R362W,0.7151996
R362T,0.6127716
R362S,0.57897913
R362Y,0.7228408
P363V,0.63189375
P363T,0.6405288
P363S,0.6312878
P363R,0.69721544
P363Q,0.6466086
P363N,0.60258496
P363M,0.59632576
P363L,0.6818559
P363E,0.65481985
P363I,0.63501334
P363H,0.6001954
P363G,0.5450952
P363F,0.6621114
P363C,0.48953927
P363D,0.6140405
P363W,0.6561984
P363K,0.6842476
P363Y,0.68079317
P363A,0.62853324
I364W,0.7471098
I364V,0.7678441
I364A,0.6514498
I364C,0.59124815
I364D,0.5861674
I364E,0.62636226
I364G,0.5660619
I364H,0.61537015
I364K,0.64299715
I364F,0.77734363
I364M,0.7010263
I364L,0.80679774
I364T,0.6649208
I364S,0.6377481
I364R,0.66561425
I364Y,0.744743
I364P,0.7038379
I364N,0.58705425
I364Q,0.6220114
F365P,0.66204125
F365W,0.75238323
F365Y,0.762753
F365V,0.67019665
F365T,0.6279522
F365S,0.6017822
F365R,0.65027034
F365Q,0.59424984
F365N,0.5743878
F365H,0.61762774
F365L,0.7494087
F365A,0.57785666
F365M,0.6521338
F365D,0.5752028
F365E,0.58792126
F365C,0.5281303
F365I,0.71643054
F365K,0.6219883
F365G,0.5303439
W366A,0.54850405
W366K,0.64701647
W366D,0.5529166
W366E,0.59274006
W366F,0.74810576
W366G,0.5354122
W366H,0.6083287
W366I,0.6402762
W366L,0.6824331
W366C,0.52795035
W366N,0.5595856
W366Y,0.7655103
W366V,0.6029073
W366T,0.60087687
W366M,0.66698956
W366R,0.6698877
W366Q,0.6214321
W366P,0.6228299
W366S,0.5624935
A367Y,0.7784842
A367W,0.7546927
A367V,0.808352
A367T,0.7785568
A367S,0.77078104
A367C,0.6793127
A367D,0.6857133
A367E,0.72281516
A367G,0.71310043
A367H,0.6993413
A367Q,0.7337496
A367K,0.73616993
A367L,0.84146965
A367M,0.7578238
A367N,0.7051946
A367P,0.8106692
A367F,0.8102876
A367I,0.8124702
A367R,0.72708964
S368R,0.72859037
S368Q,0.741912
S368N,0.7377629
S368T,0.786247
S368V,0.772661
S368C,0.6743605
S368M,0.75584245
S368L,0.822888
S368K,0.7328731
S368P,0.81132114
S368I,0.783913
S368G,0.69981265
S368F,0.81102
S368W,0.7596133
S368E,0.74319446
S368D,0.7241565
S368Y,0.79755425
S368H,0.7125387
S368A,0.7565874
R369T,0.65081143
R369S,0.61666304
R369P,0.6744873
R369A,0.5972743
R369C,0.53898776
R369D,0.60623634
R369E,0.65982485
R369F,0.7339983
R369G,0.54587024
R369H,0.704034
R369I,0.68286586
R369K,0.7630087
R369M,0.6821672
R369N,0.66712403
R369Q,0.7017523
R369Y,0.7687944
R369L,0.7259969
R369W,0.7549174
R369V,0.6357139
P370W,0.7161888
P370C,0.53730595
P370D,0.62151027
P370E,0.64941657
P370F,0.72414637
P370G,0.5917648
P370H,0.60323155
P370I,0.7132076
P370L,0.7507131
P370A,0.6400353
P370N,0.6090747
P370Q,0.63443506
P370R,0.66801965
P370S,0.6380534
P370T,0.66308916
P370V,0.69287765
P370Y,0.717612
P370M,0.67315173
P370K,0.65906346
K371E,0.7170787
K371D,0.6501649
K371C,0.5868534
K371G,0.60327005
K371H,0.72107744
K371I,0.7275004
K371L,0.7758456
K371M,0.7305862
K371A,0.65361965
K371N,0.7063165
K371Q,0.7450752
K371R,0.81132245
K371S,0.6844604
K371T,0.69877565
K371V,0.704631
K371W,0.8056147
K371Y,0.8076091
K371P,0.7434296
K371F,0.77826315
S372D,0.7396189
S372C,0.70032835
S372A,0.78418005
S372F,0.8341191
S372Y,0.8109118
S372W,0.76693964
S372V,0.8091376
S372T,0.80066323
S372R,0.7367197
S372Q,0.74925005
S372E,0.76036227
S372P,0.82429683
S372M,0.7748805
S372L,0.8395903
S372K,0.73993695
S372I,0.8138492
S372H,0.723263
S372G,0.7258065
S372N,0.74290764
Y373T,0.6397451
Y373W,0.81608236
Y373A,0.59948325
Y373D,0.5818012
Y373E,0.64194596
Y373F,0.80567175
Y373G,0.56235033
Y373H,0.68785274
Y373I,0.7231653
Y373V,0.6868397
Y373K,0.67973936
Y373M,0.6815661
Y373N,0.6073972
Y373P,0.6723003
Y373Q,0.66136694
Y373R,0.7031895
Y373S,0.6129816
Y373L,0.75339186
Y373C,0.5551132
I374R,0.674034
I374W,0.7553301
I374Q,0.63955975
I374P,0.707459
I374N,0.6235609
I374M,0.7058815
I374L,0.8201157
I374K,0.6563674
I374S,0.64469063
I374H,0.63390076
I374F,0.8005686
I374E,0.6179576
I374D,0.6084632
I374C,0.6093254
I374A,0.6559962
I374T,0.68084633
I374G,0.5763833
I374V,0.77621114
I374Y,0.757728
Y375K,0.6783818
Y375D,0.5905994
Y375E,0.65152013
Y375F,0.80789953
Y375G,0.5588111
Y375H,0.68110573
Y375I,0.7262018
Y375L,0.76409614
Y375C,0.5588727
Y375M,0.68756175
Y375P,0.6866832
Y375Q,0.6724278
Y375R,0.69726324
Y375S,0.6178808
Y375T,0.64347553
Y375V,0.6858442
Y375W,0.8074181
Y375N,0.6105963
Y375A,0.60182154
R376A,0.61085504
R376W,0.7705771
R376Y,0.77566326
R376D,0.60390884
R376E,0.6757375
R376F,0.73852247
R376G,0.5661465
R376H,0.7011291
R376I,0.6784922
R376K,0.780545
R376C,0.54818285
R376M,0.6842816
R376N,0.6752448
R376P,0.6964204
R376Q,0.7152482
R376S,0.63820344
R376T,0.6794503
R376V,0.6404209
R376L,0.7343033
T377W,0.8141428
T377V,0.829036
T377S,0.78183675
T377R,0.75227845
T377Q,0.76286733
T377P,0.8310455
T377N,0.74880874
T377M,0.7861898
T377H,0.7267722
T377K,0.755574
T377I,0.8402469
T377G,0.7031901
T377F,0.85364604
T377E,0.7376965
T377D,0.71748316
T377Y,0.8268192
T377L,0.86168134
T377C,0.70797086
T377A,0.76592994
Q378E,0.80408317
Q378D,0.75083554
Q378A,0.7546495
Q378F,0.8602277
Q378G,0.6889756
Q378H,0.7751385
Q378I,0.81580114
Q378K,0.8215052
Q378L,0.85559714
Q378M,0.8346821
Q378C,0.6788639
Q378P,0.82441235
Q378R,0.8118224
Q378S,0.78100735
Q378T,0.7975466
Q378V,0.8024345
Q378W,0.8736323
Q378Y,0.8732358
Q378N,0.7652488
E379W,0.80939996
E379V,0.76559067
E379T,0.7801125
E379S,0.75731075
E379R,0.7508701
E379Q,0.7535342
E379P,0.80427194
E379K,0.7445687
E379M,0.74315727
E379L,0.82219654
E379I,0.78189933
E379H,0.7432803
E379G,0.6662766
E379F,0.8285402
E379D,0.77863276
E379N,0.7537447
E379Y,0.8365092
E379A,0.7187829
E379C,0.6215261
W380R,0.66585135
W380Y,0.77183783
W380A,0.57080954
W380C,0.5196221
W380D,0.55778915
W380E,0.6111269
W380F,0.77539
W380G,0.589514
W380H,0.59403574
W380S,0.57144254
W380K,0.6565174
W380L,0.72353375
W380M,0.6769607
W380N,0.5698725
W380P,0.63971823
W380Q,0.60940766
W380V,0.63243425
W380T,0.611855
W380I,0.6762331
D381Y,0.83137476
D381W,0.80395806
D381V,0.79077774
D381T,0.7932377
D381S,0.7778206
D381R,0.76776665
D381Q,0.7930026
D381L,0.81689084
D381N,0.7631227
D381M,0.77915156
D381K,0.7695623
D381I,0.80583125
D381H,0.7463337
D381G,0.7053845
D381P,0.8121915
D381E,0.848894
D381C,0.6716846
D381A,0.74285424
D381F,0.83969367
E382P,0.7872437
E382H,0.7406541
E382I,0.81861323
E382K,0.76079476
E382L,0.8404295
E382M,0.7656448
E382N,0.7529924
E382A,0.7339996
E382Q,0.7744981
E382R,0.77016044
E382S,0.75594544
E382T,0.7714093
E382V,0.7960575
E382W,0.8019824
E382Y,0.8430824
E382D,0.78303266
E382C,0.65286374
E382G,0.672331
E382F,0.8400545
F383V,0.744179
F383A,0.6551124
F383Y,0.7823162
F383T,0.6830567
F383L,0.8243934
F383G,0.60693014
F383C,0.5909951
F383D,0.6246367
F383E,0.6345922
F383H,0.66523635
F383I,0.7923945
F383M,0.74351084
F383K,0.67031395
F383P,0.6740955
F383Q,0.6399481
F383R,0.67331696
F383S,0.6492101
F383W,0.7668849
F383N,0.64434683
P384S,0.7320229
P384Q,0.74175394
P384R,0.756436
P384T,0.7587085
P384L,0.8489401
P384W,0.8401696
P384Y,0.82917535
P384N,0.70041144
P384V,0.81819814
P384M,0.79767954
P384K,0.7566142
P384I,0.8340461
P384H,0.71787286
P384G,0.6593827
P384F,0.84010196
P384E,0.72438633
P384D,0.66226995
P384C,0.69382095
P384A,0.7396951
N385I,0.85392284
N385K,0.83484256
N385Y,0.89085865
N385W,0.8736156
N385V,0.83566505
N385C,0.72854006
N385S,0.83774054
N385E,0.8421943
N385T,0.84225583
N385D,0.8145795
N385L,0.88586223
N385M,0.8315369
N385P,0.844544
N385A,0.80268514
N385F,0.89705455
N385G,0.7799125
N385H,0.80614877
N385Q,0.8406478
N385R,0.8191966
G386Y,0.8038869
G386N,0.71739376
G386V,0.8092593
G386T,0.7647692
G386S,0.78300166
G386R,0.7185068
G386P,0.8055742
G386W,0.7814561
G386M,0.7670442
G386Q,0.72941554
G386K,0.72092974
G386L,0.8517953
G386A,0.79431915
G386C,0.692278
G386H,0.708681
G386E,0.7241316
G386F,0.8301704
G386I,0.8139256
G386D,0.68393373
R387S,0.6839023
R387T,0.7215883
R387V,0.7091667
R387A,0.6669607
R387C,0.6070217
R387D,0.6415598
R387E,0.71674263
R387F,0.8001327
R387H,0.73962903
R387I,0.7494241
R387K,0.8199301
R387M,0.73651135
R387N,0.71151054
R387P,0.74084723
R387Q,0.7549149
R387W,0.830992
R387Y,0.8303652
R387G,0.6209016
R387L,0.78595346
W388V,0.68228656
W388Q,0.6488389
W388T,0.6586576
W388S,0.619999
W388R,0.70286655
W388P,0.68135256
W388M,0.70568097
W388L,0.7693053
W388K,0.68972397
W388I,0.7330995
W388N,0.60576844
W388G,0.6095352
W388F,0.81769216
W388E,0.63131475
W388D,0.57861584
W388C,0.57355535
W388A,0.61231995
W388Y,0.80603373
W388H,0.6405679
G389K,0.77868
G389I,0.8589506
G389H,0.7489511
G389A,0.8359803
G389D,0.73051596
G389C,0.7375438
G389L,0.8827232
G389E,0.7726836
G389M,0.82552993
G389F,0.8615998
G389P,0.8266225
G389Y,0.83653474
G389W,0.81595296
G389V,0.86152816
G389T,0.81297505
G389N,0.76192963
G389S,0.8121085
G389R,0.7619558
G389Q,0.77340496
N390P,0.8684616
N390Y,0.92169833
N390W,0.8897784
N390V,0.86180574
N390T,0.87482965
N390S,0.8652077
N390R,0.84028554
N390Q,0.8438877
N390A,0.8270645
N390C,0.77179253
N390M,0.86915636
N390K,0.8466947
N390I,0.88646126
N390H,0.8357589
N390G,0.80687714
N390F,0.923832
N390E,0.8412819
N390D,0.8221388
N390L,0.90579635
S391P,0.8722956
S391Q,0.74465644
S391R,0.7332345
S391N,0.73197913
S391V,0.85647404
S391W,0.8108609
S391Y,0.8352878
S391T,0.8291513
S391M,0.79675555
S391L,0.88588405
S391I,0.86671114
S391H,0.72652304
S391G,0.77563727
S391F,0.8800491
S391E,0.75334704
S391D,0.72820044
S391C,0.74031603
S391A,0.8255656
S391K,0.7340338
S392H,0.7231051
S392G,0.7713715
S392F,0.85978997
S392I,0.8406837
S392D,0.7367338
S392C,0.7164253
S392A,0.8140937
S392E,0.7488291
S392K,0.7331871
S392L,0.8669138
S392M,0.77082
S392W,0.7893406
S392V,0.8368194
S392T,0.8231759
S392Y,0.8165364
S392Q,0.74964416
S392P,0.836447
S392N,0.7502352
S392R,0.7244822
S393M,0.78504384
S393Y,0.82241046
S393W,0.7802726
S393V,0.8487601
S393T,0.82161236
S393R,0.7343849
S393Q,0.7566289
S393P,0.8322054
S393L,0.8811557
S393N,0.7873677
S393K,0.74123394
S393I,0.85661316
S393H,0.7893635
S393G,0.7769309
S393F,0.86185896
S393E,0.7509825
S393D,0.7755711
S393C,0.7402644
S393A,0.82670915
P394D,0.6825328
P394E,0.7252692
P394F,0.81013083
P394G,0.7051058
P394H,0.6970719
P394I,0.80837524
P394Q,0.72142196
P394L,0.8326969
P394M,0.7647457
P394N,0.6883682
P394S,0.76437247
P394R,0.7256423
P394C,0.6390132
P394K,0.7316445
P394A,0.76422
P394V,0.80475354
P394W,0.7751986
P394Y,0.7875323
P394T,0.77212524
A395T,0.8445296
A395Y,0.83897555
A395W,0.80350506
A395V,0.8892834
A395S,0.83766127
A395R,0.7473053
A395Q,0.7650572
A395P,0.84205997
A395M,0.80537176
A395N,0.7595831
A395K,0.7581167
A395I,0.8838346
A395H,0.75568545
A395G,0.8035399
A395F,0.8799927
A395E,0.7690121
A395D,0.73181164
A395C,0.74782777
A395L,0.90782
F396R,0.70968616
F396W,0.8099327
F396V,0.7956232
F396Y,0.801049
F396T,0.7520124
F396S,0.7344639
F396Q,0.7027154
F396G,0.6791513
F396N,0.68515944
F396M,0.76782537
F396L,0.8544338
F396I,0.8199061
F396H,0.70124185
F396C,0.65320265
F396D,0.66651225
F396E,0.7037178
F396P,0.7645673
F396K,0.72365236
F396A,0.73349214
G397W,0.8175757
G397C,0.7417824
G397D,0.76290625
G397E,0.80513793
G397F,0.8431748
G397H,0.7831018
G397I,0.82775056
G397K,0.8189643
G397A,0.86722314
G397L,0.88060653
G397N,0.799021
G397P,0.86509776
G397Q,0.839198
G397R,0.78480244
G397S,0.84792864
G397T,0.8336232
G397V,0.8425428
G397M,0.8180196
G397Y,0.8298545
E398A,0.80674267
E398V,0.8405264
E398C,0.69982934
E398D,0.82629144
E398F,0.8810461
E398G,0.7681764
E398H,0.79992485
E398I,0.85257983
E398K,0.78766024
E398L,0.88128924
E398M,0.8178866
E398N,0.8256612
E398P,0.85050976
E398Q,0.8062304
E398R,0.78564954
E398S,0.8305707
E398T,0.8385881
E398W,0.8383347
E398Y,0.87919486
L399Y,0.7701564
L399M,0.75567377
L399C,0.6415801
L399D,0.6373199
L399E,0.68626237
L399F,0.80750597
L399G,0.6966401
L399H,0.6592761
L399A,0.7412826
L399I,0.81879973
L399N,0.67504716
L399P,0.7522725
L399Q,0.67537975
L399R,0.68247473
L399S,0.7065846
L399T,0.7367221
L399K,0.6997564
L399V,0.8121152
L399W,0.76936555
K400D,0.71529067
K400V,0.8036436
K400T,0.78896034
K400S,0.77589583
K400R,0.8493309
K400Q,0.8055414
K400P,0.826371
K400W,0.84105754
K400N,0.7799401
K400M,0.81777334
K400L,0.8669846
K400I,0.8113172
K400H,0.79104984
K400G,0.72604084
K400F,0.8450108
K400E,0.7778536
K400C,0.6832174
K400A,0.7689396
K400Y,0.8625064
D401A,0.7562318
D401Y,0.7752546
D401W,0.6884875
D401V,0.72537935
D401T,0.7825376
D401R,0.7374637
D401Q,0.7675717
D401P,0.8209673
D401N,0.7985164
D401S,0.797487
D401L,0.7615336
D401M,0.68092024
D401E,0.8379476
D401F,0.7507312
D401G,0.7617594
D401C,0.6444907
D401I,0.7118881
D401K,0.73943496
D401H,0.7380785
Y402K,0.8088616
Y402C,0.7173841
Y402D,0.7179377
Y402E,0.76723
Y402F,0.8764316
Y402G,0.7162569
Y402H,0.78138304
Y402I,0.8395819
Y402A,0.76839876
Y402L,0.87944216
Y402N,0.7652304
Y402P,0.78178024
Y402Q,0.79571795
Y402R,0.80833936
Y402S,0.7607548
Y402T,0.7806654
Y402V,0.8106371
Y402W,0.83780324
Y402M,0.81287146
Y403N,0.7488657
Y403P,0.7884826
Y403Q,0.7786633
Y403V,0.8120924
Y403S,0.7532221
Y403T,0.7766069
Y403M,0.80523944
Y403R,0.78386104
Y403L,0.8800162
Y403G,0.70366806
Y403I,0.8380062
Y403H,0.7774271
Y403F,0.8753092
Y403E,0.75306994
Y403D,0.7099134
Y403C,0.71262383
Y403A,0.75318795
Y403K,0.77273583
Y403W,0.8290577
L404A,0.7808641
L404P,0.7808106
L404D,0.69163513
L404C,0.6914722
L404Y,0.79829323
L404W,0.756456
L404V,0.81689715
L404T,0.7765192
L404R,0.7358693
L404Q,0.7449311
L404S,0.7560781
L404M,0.7513628
L404K,0.73944557
L404I,0.8194444
L404H,0.7243861
L404G,0.7140994
L404F,0.8216132
L404E,0.73704463
L404N,0.73109186
F405E,0.7596521
F405M,0.8247256
F405G,0.73133695
F405H,0.8039072
F405I,0.82335114
F405K,0.79445046
F405L,0.86906457
F405N,0.7828938
F405Y,0.83242774
F405Q,0.8079114
F405R,0.7868165
F405S,0.78873557
F405T,0.8119267
F405V,0.81716585
F405W,0.8440261
F405D,0.74009454
F405P,0.7952909
F405C,0.7481792
F405A,0.7919403
Y406C,0.7133118
Y406E,0.75730157
Y406F,0.874716
Y406G,0.7081094
Y406H,0.7927848
Y406I,0.8215736
Y406K,0.79196346
Y406L,0.88242173
Y406M,0.79664075
Y406A,0.7524179
Y406N,0.7669232
Y406P,0.78972524
Y406Q,0.78747404
Y406R,0.7960826
Y406S,0.76416594
Y406T,0.7863686
Y406V,0.80159646
Y406W,0.85228324
Y406D,0.7197248
L407Y,0.7464311
L407A,0.7392472
L407E,0.6704017
L407W,0.7301109
L407V,0.78554857
L407T,0.72115326
L407S,0.71405566
L407R,0.6748086
L407Q,0.67422414
L407D,0.6312902
L407P,0.75156784
L407M,0.72410405
L407K,0.69119716
L407I,0.78541946
L407H,0.64406633
L407G,0.69201857
L407F,0.81153727
L407N,0.65320563
L407C,0.66299534
K408Y,0.8512143
K408V,0.79001594
K408S,0.8013624
K408R,0.8465718
K408Q,0.817888
K408P,0.8390427
K408N,0.81319726
K408M,0.7869034
K408L,0.86430717
K408I,0.795959
K408H,0.79807353
K408G,0.75508296
K408F,0.83784604
K408E,0.78534573
K408D,0.74049866
K408C,0.6790736
K408A,0.7813276
K408T,0.8052633
K408W,0.8602996
S409W,0.739576
S409C,0.73964655
S409V,0.83464706
S409T,0.8653072
S409R,0.7530794
S409Q,0.8074479
S409P,0.865716
S409N,0.81707954
S409M,0.78859437
S409L,0.8642036
S409K,0.7824472
S409I,0.7983768
S409H,0.76964915
S409G,0.8662035
S409F,0.8027874
S409E,0.8375752
S409D,0.82131857
S409Y,0.7989776
S409A,0.86191356
K410Y,0.8464141
K410A,0.79125684
K410E,0.80907345
K410F,0.8468251
K410G,0.77283967
K410H,0.8012284
K410I,0.82006145
K410L,0.87965244
K410D,0.7617142
K410N,0.815804
K410Q,0.8270838
K410R,0.8499057
K410S,0.8161583
K410T,0.81608593
K410V,0.80845606
K410W,0.8101326
K410P,0.85545075
K410C,0.6957672
K410M,0.7923614
S411A,0.9255681
S411D,0.81972957
S411E,0.8373374
S411F,0.9294807
S411G,0.8289089
S411H,0.8357202
S411I,0.951464
S411K,0.8446508
S411Y,0.9010861
S411L,0.9529156
S411N,0.8439429
S411P,0.91993177
S411Q,0.85361826
S411R,0.81402624
S411T,0.9412596
S411V,0.9509591
S411W,0.81243265
S411M,0.9248493
S411C,0.86008215
P412A,0.87645733
P412W,0.8135402
P412V,0.89468074
P412T,0.8786421
P412S,0.86142075
P412R,0.8224428
P412Q,0.86684376
P412N,0.80504894
P412M,0.85881627
P412L,0.90653384
P412Y,0.84388864
P412K,0.83995306
P412I,0.87756395
P412H,0.8280728
P412G,0.8068577
P412F,0.8768021
P412E,0.832837
P412D,0.8018575
P412C,0.7785735
K413W,0.8450149
K413C,0.6876856
K413D,0.7486441
K413E,0.80742335
K413F,0.8820215
K413G,0.7400534
K413H,0.800521
K413N,0.80826557
K413L,0.8939079
K413M,0.8254175
K413P,0.8601277
K413Q,0.83558595
K413R,0.8732487
K413S,0.8190838
K413Y,0.88143146
K413I,0.83860546
K413A,0.8041196
K413V,0.83726776
K413T,0.83666325
E414C,0.47852135
E414V,0.6861024
E414T,0.6829982
E414S,0.7109076
E414R,0.63768375
E414Q,0.70095444
E414P,0.7829577
E414N,0.6550367
E414M,0.61979556
E414K,0.67967284
E414I,0.65612674
E414H,0.60079944
E414G,0.66912603
E414F,0.6523981
E414D,0.7574209
E414A,0.73645544
E414L,0.72839296
E414Y,0.66756666
E414W,0.6192467
E415A,0.81813323
E415Y,0.80323744
E415W,0.7361162
E415V,0.8154285
E415T,0.8093513
E415S,0.770982
E415R,0.7520702
E415Q,0.78522253
E415P,0.74707055
E415N,0.7493845
E415L,0.84749925
E415K,0.7585788
E415I,0.8047726
E415H,0.73550785
E415G,0.70132995
E415F,0.8052989
E415D,0.79613113
E415C,0.6277211
E415M,0.7603265
L416D,0.53306675
L416A,0.7180518
L416R,0.5755775
L416W,0.72469294
L416V,0.79872525
L416T,0.643419
L416S,0.5843073
L416Y,0.6912377
L416Q,0.583465
L416P,0.604594
L416N,0.52968395
L416M,0.7076907
L416K,0.57485175
L416I,0.8142935
L416H,0.5492705
L416G,0.5557462
L416F,0.79007924
L416E,0.5922303
L416C,0.5697131
L417Q,0.6845509
L417P,0.62720406
L417R,0.676165
L417N,0.551613
L417T,0.67224014
L417V,0.80804086
L417S,0.6421907
L417M,0.71002614
L417A,0.7298833
L417I,0.81331444
L417H,0.5661589
L417G,0.581046
L417F,0.7102015
L417E,0.69058394
L417D,0.5372571
L417C,0.579903
L417W,0.636773
L417K,0.7034899
L417Y,0.64218843
K418W,0.68772554
K418Y,0.69861007
K418V,0.6953355
K418T,0.70916295
K418S,0.7360815
K418R,0.8315489
K418Q,0.7797903
K418P,0.7071456
K418N,0.70861435
K418L,0.7658068
K418I,0.67178535
K418H,0.6838051
K418G,0.66339874
K418F,0.69002295
K418E,0.7704759
K418D,0.6571733
K418C,0.5530611
K418A,0.7516424
K418M,0.66772246
M419C,0.8167627
M419A,0.86168003
M419Y,0.89410794
M419W,0.88247013
M419V,0.9006162
M419T,0.86546856
M419S,0.8395998
M419Q,0.85638624
M419P,0.82647634
M419N,0.80447567
M419R,0.8209764
M419K,0.8409377
M419I,0.9180857
M419H,0.8310814
M419G,0.77317095
M419F,0.9327905
M419E,0.8111861
M419D,0.7490489
M419L,0.92256093
W420P,0.73524433
W420Y,0.8886508
W420V,0.784377
W420T,0.7693791
W420S,0.71085876
W420R,0.7680217
W420Q,0.74050176
W420N,0.70057195
W420M,0.833634
W420C,0.7018852
W420K,0.7768868
W420I,0.8282716
W420H,0.7508007
W420G,0.68623084
W420F,0.90065897
W420E,0.72926915
W420D,0.6626254
W420A,0.7285069
W420L,0.86091125
G421Q,0.8200301
G421R,0.7825901
G421Y,0.7911031
G421T,0.81744635
G421V,0.8483457
G421P,0.8491698
G421S,0.82446265
G421N,0.8134693
G421E,0.8214703
G421K,0.81550205
G421I,0.84182745
G421H,0.7593553
G421F,0.8229489
G421D,0.7603812
G421C,0.73472285
G421A,0.8660879
G421L,0.8838338
G421W,0.7644979
G421M,0.8205943
E422C,0.683831
E422F,0.81306565
E422G,0.762707
E422H,0.758145
E422I,0.84061956
E422K,0.8268701
E422L,0.8600519
E422M,0.7781085
E422D,0.8146018
E422N,0.781517
E422Q,0.80451465
E422R,0.8032106
E422S,0.8086134
E422T,0.80720043
E422V,0.8399065
E422W,0.7624692
E422Y,0.8242738
E422P,0.83968616
E422A,0.7941656
E423C,0.70073307
E423F,0.88315666
E423Y,0.8760859
E423W,0.81757057
E423V,0.86042696
E423T,0.84547925
E423S,0.82984483
E423R,0.81676406
E423A,0.8347692
E423Q,0.8151914
E423N,0.8213855
E423M,0.82827234
E423L,0.9065622
E423K,0.8261502
E423I,0.8684188
E423H,0.8090497
E423G,0.7894742
E423P,0.8803326
E423D,0.8488389
L424W,0.7482532
L424Y,0.7914026
L424A,0.75137913
L424V,0.8294282
L424T,0.7148169
L424S,0.6922897
L424R,0.6602082
L424P,0.764346
L424N,0.65650547
L424M,0.7389599
L424Q,0.65482056
L424I,0.85202897
L424H,0.629758
L424G,0.6891397
L424F,0.84571993
L424E,0.6883069
L424D,0.6142614
L424C,0.6326488
L424K,0.70497847
T425K,0.83349574
T425I,0.91118383
T425H,0.77973986
T425A,0.8943337
T425F,0.9185704
T425E,0.8391702
T425L,0.9446231
T425G,0.8180711
T425M,0.8330692
T425Y,0.8568077
T425P,0.9125358
T425Q,0.84258974
T425R,0.7966175
T425S,0.8896111
T425V,0.91650665
T425W,0.8116156
T425C,0.8022523
T425N,0.81972575
T425D,0.7997395
S426C,0.75328124
S426A,0.88628614
S426Q,0.83100224
S426W,0.79323065
S426V,0.89624035
S426T,0.8722606
S426R,0.78521645
S426P,0.9058132
S426N,0.7997012
S426Y,0.81664777
S426M,0.8147533
S426K,0.8196212
S426I,0.8677887
S426H,0.76506615
S426G,0.84273195
S426F,0.87536836
S426E,0.8469194
S426D,0.8090905
S426L,0.9138646
E427H,0.77613306
E427G,0.78573257
E427F,0.8658836
E427Y,0.8532673
E427C,0.7013416
E427A,0.82162344
E427I,0.84151745
E427D,0.8418796
E427K,0.79966986
E427V,0.83787084
E427M,0.8091514
E427N,0.80292714
E427P,0.87521523
E427Q,0.8121458
E427R,0.78479767
E427S,0.83056545
E427T,0.81786
E427W,0.82720554
E427L,0.8993126
E428A,0.78589785
E428C,0.64696467
E428R,0.7617165
E428W,0.7408186
E428Y,0.79678726
E428V,0.7785319
E428T,0.8008076
E428S,0.8027892
E428Q,0.7774011
E428P,0.83824134
E428N,0.8004235
E428L,0.8400049
E428K,0.78536165
E428I,0.77712834
E428H,0.7413411
E428G,0.77870744
E428F,0.7963126
E428D,0.8303914
E428M,0.75735307
S429F,0.85773337
S429G,0.8505013
S429E,0.85587233
S429W,0.76339686
S429C,0.7605493
S429A,0.89922726
S429H,0.7829715
S429D,0.83308184
S429I,0.8662673
S429P,0.88425744
S429L,0.906247
S429K,0.82895374
S429V,0.8762044
S429T,0.88087523
S429R,0.79036117
S429Y,0.8121048
S429N,0.8366163
S429M,0.8320588
S429Q,0.844682
V430N,0.7332597
V430Y,0.79727685
V430W,0.7741405
V430T,0.81044996
V430S,0.8013377
V430R,0.72999895
V430Q,0.7545935
V430P,0.87272066
V430M,0.80890656
V430C,0.74936664
V430K,0.75123
V430L,0.9204203
V430D,0.72226125
V430E,0.75091815
V430A,0.8501446
V430G,0.7712631
V430H,0.72129977
V430I,0.8750994
V430F,0.87786734
F431T,0.79898524
F431M,0.8375995
F431S,0.79050946
F431R,0.7909247
F431Q,0.7948835
F431P,0.81163
F431N,0.7687633
F431L,0.89622855
F431G,0.7483799
F431I,0.84667194
F431H,0.7873689
F431E,0.77884
F431D,0.7457799
F431C,0.73080933
F431Y,0.8442825
F431W,0.8530086
F431K,0.79818934
F431V,0.8341458
F431A,0.8012353
E432A,0.79842687
E432Y,0.82071507
E432W,0.7702366
E432V,0.7837591
E432T,0.7987478
E432S,0.8211112
E432R,0.8020444
E432Q,0.8256954
E432P,0.87084424
E432C,0.676767
E432M,0.75193214
E432D,0.85996866
E432F,0.8081783
E432G,0.7944708
E432N,0.83084095
E432I,0.77036977
E432K,0.80423737
E432L,0.84479
E432H,0.7879261
V433I,0.85615957
V433C,0.79153013
V433D,0.7602475
V433E,0.7928423
V433F,0.8800771
V433G,0.7922818
V433H,0.80041873
V433A,0.87652093
V433K,0.80921066
V433M,0.8514372
V433L,0.9156774
V433Y,0.8438989
V433W,0.8156637
V433T,0.85501707
V433Q,0.82785654
V433R,0.78176
V433P,0.8640365
V433N,0.8005236
V433S,0.83670604
F434L,0.8886992
F434C,0.74952567
F434D,0.7418534
F434E,0.7677737
F434G,0.7511059
F434H,0.7837206
F434I,0.84844863
F434K,0.7885383
F434A,0.795451
F434M,0.84049034
F434P,0.8161007
F434Q,0.7890556
F434R,0.7771617
F434S,0.78693485
F434T,0.7990329
F434V,0.83019483
F434W,0.82652175
F434Y,0.8318727
F434N,0.7715717
V435D,0.76011395
V435Y,0.8481511
V435W,0.82546544
V435T,0.85148966
V435S,0.8361162
V435R,0.77986
V435Q,0.83040154
V435L,0.9126189
V435N,0.8034455
V435M,0.8551222
V435C,0.8234172
V435K,0.806744
V435I,0.85629475
V435H,0.807549
V435G,0.78978133
V435P,0.8620802
V435A,0.8558798
V435E,0.7910248
V435F,0.87573874
L436W,0.8019254
L436C,0.73105
L436D,0.7208179
L436E,0.7609964
L436F,0.83246696
L436G,0.7431147
L436H,0.7806704
L436Y,0.8229033
L436I,0.81131804
L436M,0.78111136
L436N,0.779499
L436P,0.814391
L436Q,0.7998717
L436R,0.7835264
L436T,0.8029547
L436V,0.8123206
L436K,0.80231297
L436S,0.78906393
L436A,0.8130394
Y437W,0.85405207
Y437D,0.7430102
Y437E,0.7739688
Y437F,0.85972804
Y437G,0.7301667
Y437H,0.7921835
Y437I,0.8037739
Y437K,0.803668
Y437L,0.86060834
Y437M,0.796455
Y437N,0.7818197
Y437P,0.8081797
Y437Q,0.7930654
Y437R,0.8059813
Y437S,0.7661646
Y437T,0.783018
Y437C,0.708779
Y437V,0.785526
Y437A,0.7592661
L438Y,0.7792146
L438E,0.69977
L438F,0.8168783
L438G,0.71305025
L438H,0.69986105
L438I,0.79993427
L438K,0.7222663
L438M,0.7433461
L438N,0.69353473
L438P,0.78722525
L438Q,0.71329916
L438R,0.7168362
L438S,0.7287208
L438T,0.74208
L438V,0.7933992
L438W,0.7493099
L438A,0.7524229
L438D,0.65342665
L438C,0.6866336
S439Y,0.8343247
S439T,0.87091076
S439R,0.77435935
S439Q,0.82251525
S439P,0.85465765
S439N,0.82016027
S439M,0.825186
S439L,0.90353274
S439V,0.84310734
S439K,0.80231106
S439H,0.7828276
S439G,0.8179748
S439F,0.8712181
S439E,0.8163804
S439D,0.79357445
S439C,0.78030586
S439A,0.8573222
S439I,0.84283245
S439W,0.7794653
G440C,0.71896803
G440Y,0.79279387
G440T,0.8051288
G440S,0.8199532
G440R,0.7536008
G440Q,0.7888472
G440P,0.830847
G440N,0.77602196
G440V,0.80896807
G440A,0.8244612
G440L,0.85310733
G440K,0.7823218
G440I,0.79570806
G440H,0.75123405
G440F,0.8096386
G440E,0.781237
G440M,0.7785152
G440W,0.7590948
G440D,0.74547005
E441W,0.8137429
E441T,0.8137884
E441S,0.8045194
E441R,0.7813953
E441Q,0.8067002
E441P,0.81851244
E441N,0.8229164
E441M,0.7996664
E441Y,0.86243224
E441L,0.8819892
E441I,0.8473166
E441H,0.806486
E441G,0.76412416
E441F,0.8612846
E441D,0.8361721
E441C,0.6952716
E441A,0.785869
E441K,0.79205453
E441V,0.8250158
P442I,0.8703238
P442C,0.7242919
P442W,0.83110154
P442V,0.8585701
P442T,0.8138411
P442S,0.78495336
P442R,0.7715317
P442Q,0.7701944
P442A,0.81854427
P442N,0.7421987
P442L,0.88815457
P442H,0.7404276
P442G,0.76564926
P442F,0.8638047
P442E,0.790539
P442D,0.73448336
P442M,0.84189916
P442Y,0.8444668
P442K,0.7893797
N443M,0.8721112
N443Y,0.91827214
N443C,0.7854476
N443V,0.8726468
N443T,0.87709606
N443S,0.8655251
N443R,0.8417777
N443W,0.88515794
N443Q,0.8656776
N443D,0.84373534
N443L,0.9178716
N443K,0.8496926
N443I,0.8891419
N443H,0.8464409
N443G,0.84303224
N443P,0.87080944
N443F,0.9204913
N443A,0.84549236
N443E,0.8690487
R444D,0.69071287
R444E,0.7712039
R444F,0.8170417
R444G,0.69591326
R444H,0.7625437
R444I,0.77748144
R444W,0.84544885
R444V,0.7422528
R444M,0.7557957
R444N,0.7478007
R444P,0.7921499
R444Q,0.7849797
R444S,0.7305252
R444T,0.7440262
R444L,0.8157252
R444K,0.8488467
R444A,0.7249847
R444Y,0.8420726
R444C,0.63810384
N445Q,0.8575207
N445P,0.8743458
N445M,0.85488236
N445L,0.9072062
N445K,0.8589649
N445I,0.8798897
N445H,0.84212554
N445G,0.8233377
N445F,0.91575944
N445D,0.83046997
N445C,0.75650513
N445A,0.83341527
N445T,0.86563635
N445V,0.8582895
N445W,0.88623405
N445Y,0.92051077
N445E,0.8624629
N445R,0.84270227
N445S,0.8515949
G446L,0.8646636
G446H,0.73966753
G446I,0.83541876
G446K,0.74070024
G446D,0.71088517
G446M,0.78177726
G446N,0.7493793
G446P,0.8227371
G446Q,0.75036955
G446R,0.7354264
G446S,0.791873
G446T,0.790938
G446V,0.83061576
G446W,0.78706586
G446Y,0.8150724
G446C,0.72513115
G446A,0.8161857
G446E,0.74750495
G446F,0.84116846
H447W,0.9201139
H447V,0.8540505
H447T,0.84570265
H447S,0.8249957
H447R,0.863884
H447Q,0.8609499
H447D,0.7964926
H447L,0.8912782
H447K,0.8706939
H447I,0.87772495
H447G,0.7868817
H447F,0.92353433
H447E,0.83608866
H447N,0.8385316
H447P,0.8556032
H447M,0.88104606
H447C,0.7807213
H447Y,0.9057478
H447A,0.8188096
K448F,0.85706735
K448Y,0.8775914
K448C,0.6967504
K448A,0.75620043
K448W,0.8727362
K448V,0.7992098
K448T,0.7876336
K448S,0.76665753
K448R,0.8546084
K448Q,0.8053516
K448E,0.76544774
K448N,0.76964915
K448M,0.81728995
K448L,0.85545284
K448I,0.8204336
K448H,0.80073667
K448G,0.7290636
K448D,0.7040131
K448P,0.8129612
V449F,0.8044386
V449P,0.72654724
V449T,0.7077254
V449D,0.59751725
V449C,0.61175823
V449A,0.72950685
V449S,0.67245126
V449R,0.62909245
V449Q,0.6267475
V449W,0.7295066
V449Y,0.7491373
V449M,0.73125243
V449E,0.64787364
V449L,0.8471595
V449K,0.6344422
V449I,0.8407856
V449H,0.61119914
V449G,0.6693206
V449N,0.6190672
T450E,0.77504313
T450W,0.83958197
T450D,0.7404691
T450S,0.82336485
T450R,0.7639899
T450Q,0.7781589
T450P,0.83091605
T450N,0.76251614
T450M,0.83061516
T450K,0.7613406
T450I,0.8955051
T450H,0.7710918
T450G,0.760247
T450F,0.90261555
T450V,0.88854146
T450L,0.90915215
T450Y,0.8718097
T450C,0.77134895
T450A,0.82895005
C451F,0.90279794
C451G,0.7862551
C451H,0.79109
C451I,0.8831251
C451K,0.7685202
C451L,0.88416666
C451M,0.87261975
C451N,0.78508854
C451P,0.82994825
C451Q,0.7971424
C451R,0.76154745
C451S,0.83754027
C451T,0.8484446
C451V,0.87889916
C451W,0.8410038
C451D,0.75449646
C451A,0.84380215
C451Y,0.8574625
C451E,0.75883466
L452A,0.6816865
L452C,0.6157713
L452E,0.62818396
L452F,0.7953969
L452G,0.65430784
L452H,0.6353266
L452I,0.80272186
L452K,0.6506641
L452M,0.71354187
L452D,0.5862403
L452N,0.625134
L452P,0.69105124
L452Q,0.64107823
L452R,0.6586958
L452S,0.6659919
L452T,0.6918795
L452Y,0.75382936
L452W,0.72693
L452V,0.7695613
P453C,0.698526
P453A,0.7722982
P453E,0.72995055
P453Y,0.8250011
P453W,0.7899276
P453V,0.8270191
P453T,0.7818551
P453S,0.7611561
P453R,0.7406534
P453Q,0.73501897
P453N,0.72469413
P453M,0.7672571
P453L,0.85332584
P453K,0.7422987
P453I,0.82956254
P453H,0.73145616
P453G,0.7313149
P453F,0.8556744
P453D,0.7108245
W454Y,0.8118273
W454C,0.62678576
W454T,0.69136024
W454D,0.6359778
W454E,0.69413745
W454F,0.82242143
W454G,0.670088
W454H,0.67930293
W454I,0.7555916
W454V,0.7232854
W454K,0.72249985
W454A,0.6715841
W454N,0.6567761
W454P,0.7157225
W454Q,0.6971847
W454R,0.7246027
W454S,0.66868937
W454L,0.79782414
W454M,0.7360743
N455Y,0.88151693
N455E,0.8439754
N455C,0.7476572
N455V,0.84065115
N455T,0.8553251
N455S,0.8434701
N455R,0.8271897
N455Q,0.8397014
N455D,0.81340337
N455P,0.8476057
N455L,0.8920349
N455K,0.8445772
N455I,0.857201
N455H,0.8095368
N455G,0.81567615
N455F,0.8887259
N455W,0.8584086
N455M,0.85224056
N455A,0.81810844
D456N,0.8020474
D456Y,0.8418189
D456W,0.8154478
D456V,0.8100671
D456S,0.82017064
D456R,0.7731651
D456Q,0.81287754
D456P,0.8495369
D456M,0.80016506
D456T,0.82194567
D456K,0.7781533
D456I,0.823665
D456H,0.764897
D456G,0.79241484
D456F,0.8547112
D456E,0.8593588
D456C,0.72077847
D456A,0.79288185
D456L,0.8488525
E457D,0.81303835
E457F,0.8456199
E457G,0.74929225
E457H,0.7738879
E457I,0.8353454
E457K,0.7709824
E457P,0.8214134
E457M,0.786502
E457N,0.7910869
E457T,0.796648
E457S,0.79208016
E457C,0.6852354
E457Q,0.78730893
E457L,0.86908597
E457A,0.7796259
E457R,0.76351345
E457W,0.7903136
E457Y,0.83348835
E457V,0.8165189
P458T,0.82101905
P458A,0.81048006
P458C,0.69943213
P458D,0.7563792
P458E,0.7904312
P458F,0.83685553
P458G,0.74515814
P458V,0.8411701
P458H,0.7589787
P458W,0.80699074
P458M,0.8150128
P458N,0.76981735
P458Q,0.80992174
P458R,0.7863802
P458S,0.78897667
P458I,0.845317
P458K,0.80001044
P458L,0.8609346
P458Y,0.818313
L459W,0.7211188
L459V,0.75734186
L459T,0.75831425
L459S,0.72011054
L459R,0.6420845
L459Q,0.638929
L459P,0.7050849
L459N,0.6587038
L459Y,0.7120676
L459A,0.6887951
L459K,0.66502297
L459I,0.78429914
L459H,0.5962788
L459G,0.65276873
L459F,0.7768322
L459E,0.6509615
L459D,0.61817336
L459C,0.60592604
L459M,0.69947755
A460K,0.76118207
A460I,0.8507265
A460N,0.7488022
A460E,0.77306914
A460D,0.73443615
A460V,0.8562672
A460T,0.8229637
A460S,0.8215513
A460R,0.72777796
A460Q,0.7693095
A460P,0.84748816
A460Y,0.7963599
A460M,0.7882978
A460C,0.7205771
A460L,0.8864304
A460F,0.84465814
A460G,0.77688706
A460H,0.72086275
A460W,0.7807033
A461D,0.71547174
A461Y,0.7894652
A461W,0.771695
A461N,0.7371845
A461E,0.7775676
A461Q,0.7760341
A461C,0.70494473
A461R,0.74518645
A461T,0.8040116
A461V,0.86605954
A461P,0.8288797
A461S,0.8056513
A461L,0.88761854
A461K,0.77309644
A461I,0.85829175
A461H,0.71140826
A461G,0.7794696
A461F,0.84170616
A461M,0.7946936
E462Q,0.80047727
E462R,0.7733593
E462S,0.7930677
E462A,0.82402563
E462C,0.74477434
E462D,0.81526935
E462F,0.9008404
E462H,0.77428687
E462G,0.7480719
E462K,0.77598333
E462L,0.88664204
E462M,0.86180663
E462N,0.7881478
E462P,0.80687654
E462Y,0.8854041
E462W,0.8874759
E462V,0.8549544
E462I,0.8699525
E462T,0.81900644
T463I,0.9075906
T463H,0.76636267
T463D,0.7631806
T463E,0.798226
T463K,0.78092337
T463G,0.767297
T463L,0.9153725
T463F,0.90804553
T463N,0.78718007
T463Y,0.86617386
T463M,0.87394595
T463W,0.85703623
T463C,0.785426
T463V,0.8958329
T463S,0.82304347
T463R,0.77399766
T463P,0.84027064
T463Q,0.79358184
T463A,0.8487574
S464A,0.86515105
S464C,0.72653246
S464D,0.7746966
S464E,0.81359684
S464F,0.83856606
S464G,0.7929872
S464H,0.75739706
S464I,0.8348402
S464L,0.87699366
S464M,0.79235387
S464N,0.780691
S464Q,0.8184546
S464R,0.7849537
S464T,0.83010006
S464V,0.8407444
S464Y,0.79818153
S464W,0.7674271
S464K,0.794173
S464P,0.8459132
L465A,0.7280909
L465F,0.78502977
L465G,0.6480633
L465E,0.66833985
L465D,0.6003972
L465C,0.591146
L465H,0.6267216
L465K,0.7128717
L465M,0.6945754
L465N,0.62575364
L465I,0.78698134
L465Q,0.6768098
L465R,0.7149149
L465Y,0.71229947
L465W,0.7375262
L465S,0.6825385
L465V,0.75827634
L465T,0.6880758
L465P,0.70802164
L466V,0.734403
L466W,0.6929394
L466D,0.5645708
L466E,0.61063826
L466F,0.7493526
L466I,0.7681198
L466H,0.54169977
L466K,0.62769413
L466M,0.6756886
L466N,0.5953213
L466P,0.6960676
L466R,0.61498857
L466S,0.69210625
L466T,0.72041607
L466G,0.6076839
L466Q,0.59068215
L466Y,0.6636621
L466A,0.651343
L466C,0.5427983
K467S,0.7347417
K467Y,0.84312904
K467W,0.84023905
K467V,0.79540086
K467T,0.7573595
K467R,0.8476064
K467Q,0.79369557
K467P,0.7834078
K467N,0.74358594
K467M,0.81939185
K467L,0.8553244
K467A,0.7525381
K467H,0.75146973
K467G,0.69738877
K467F,0.83856833
K467E,0.7639949
K467D,0.68634015
K467C,0.67465854
K467I,0.8155474
E468D,0.758934
E468F,0.67635024
E468G,0.68269575
E468Y,0.6940948
E468W,0.6616224
E468V,0.6789638
E468T,0.6977323
E468S,0.7071736
E468N,0.7005234
E468Q,0.73355293
E468P,0.7288109
E468M,0.6522411
E468L,0.7373954
E468K,0.70485485
E468H,0.6456995
E468I,0.6632695
E468A,0.711146
E468R,0.6903001
E468C,0.5356617
E469I,0.8292433
E469A,0.7934576
E469V,0.81034803
E469T,0.7736993
E469S,0.7447214
E469Q,0.7612865
E469P,0.7559911
E469N,0.74010444
E469W,0.7908311
E469M,0.78763676
E469K,0.7298893
E469H,0.7378417
E469G,0.7390555
E469F,0.8433155
E469D,0.7797265
E469C,0.66769266
E469L,0.8610662
E469Y,0.81791556
E469R,0.72941923
L470E,0.59890604
L470A,0.65861964
L470C,0.5634246
L470Y,0.68741965
L470W,0.68576694
L470D,0.53767097
L470T,0.6229427
L470S,0.5907271
L470R,0.5878438
L470Q,0.58036804
L470V,0.744544
L470N,0.57190454
L470F,0.75502145
L470P,0.62439406
L470H,0.5465579
L470G,0.64997506
L470K,0.5931926
L470M,0.70188653
L470I,0.7931826
L471P,0.6783421
L471C,0.61561835
L471Y,0.7234827
L471W,0.7084503
L471V,0.76671445
L471T,0.69710445
L471S,0.6899916
L471R,0.6958649
L471Q,0.706344
L471N,0.6588663
L471A,0.73846805
L471K,0.712026
L471I,0.796204
L471H,0.6388955
L471G,0.65487957
L471F,0.7666911
L471E,0.7093884
L471D,0.64347863
L471M,0.7309407
R472Y,0.7256905
R472W,0.72063446
R472V,0.6613717
R472T,0.6861242
R472Q,0.75593174
R472P,0.7215209
R472N,0.7017158
R472M,0.65792966
R472S,0.68262327
R472K,0.8443754
R472L,0.7493595
R472A,0.6937019
R472D,0.6368066
R472E,0.7406947
R472C,0.54636586
R472G,0.6381366
R472H,0.6919781
R472I,0.67686033
R472F,0.70934045
V473T,0.7626592
V473S,0.7371944
V473R,0.7394606
V473Q,0.76429904
V473P,0.7450026
V473N,0.7031871
V473M,0.83468246
V473H,0.72156274
V473K,0.72532964
V473I,0.87784934
V473G,0.71920025
V473F,0.85747623
V473E,0.7269665
V473D,0.6573461
V473W,0.79250276
V473L,0.9136957
V473Y,0.8023015
V473C,0.7274935
V473A,0.80545986
N474A,0.85959786
N474Y,0.9252292
N474W,0.87192404
N474V,0.8682741
N474T,0.873911
N474S,0.8667487
N474Q,0.8827709
N474P,0.8436928
N474M,0.8870115
N474L,0.9100958
N474K,0.85627604
N474I,0.8862394
N474H,0.8663235
N474G,0.8463708
N474F,0.92084897
N474E,0.85997045
N474D,0.83000505
N474C,0.8231038
N474R,0.8500565
R475M,0.7379818
R475Y,0.8255031
R475C,0.68343073
R475D,0.69632864
R475E,0.7693078
R475F,0.8096076
R475G,0.7051159
R475H,0.77757895
R475I,0.76371586
R475K,0.8523271
R475L,0.8082871
R475N,0.7639917
R475P,0.800605
R475Q,0.8057637
R475S,0.7377312
R475T,0.74112284
R475V,0.73491967
R475A,0.732218
R475W,0.7860867
Q476Y,0.9001126
Q476L,0.9013088
Q476D,0.82584345
Q476E,0.8607246
Q476F,0.88671505
Q476G,0.79826915
Q476H,0.84119594
Q476I,0.8575368
Q476K,0.8569639
Q476C,0.76508796
Q476A,0.83720064
Q476N,0.8546698
Q476P,0.86864746
Q476R,0.8403436
Q476S,0.84289515
Q476T,0.85238564
Q476V,0.8518816
Q476W,0.8541043
Q476M,0.85942876
G477A,0.83511055
G477W,0.7433505
G477T,0.7835058
G477R,0.7296494
G477Q,0.75194025
G477P,0.79876673
G477N,0.7749225
G477M,0.7697643
G477L,0.8380314
G477K,0.73847437
G477S,0.7889551
G477Y,0.7864288
G477I,0.8000332
G477H,0.74921167
G477F,0.8064705
G477E,0.7535492
G477D,0.72751915
G477C,0.7169502
G477V,0.8161404
I478W,0.79268646
I478C,0.6927104
I478V,0.8442031
I478T,0.7563244
I478S,0.7186972
I478R,0.7113677
I478Q,0.7109871
I478P,0.75081015
I478N,0.6917094
I478M,0.78306437
I478K,0.72402024
I478H,0.6946931
I478G,0.70770997
I478F,0.85719275
I478E,0.69635284
I478D,0.64421
I478A,0.75106573
I478L,0.8864745
I478Y,0.81145847
L479D,0.5879636
L479A,0.7156745
L479F,0.8207085
L479G,0.64662516
L479H,0.63415873
L479I,0.8358308
L479K,0.66994417
L479M,0.73477435
L479C,0.6379101
L479N,0.62769794
L479Q,0.66564965
L479R,0.66807985
L479S,0.67198455
L479T,0.7014302
L479V,0.8083712
L479W,0.7551626
L479Y,0.7692244
L479P,0.70030713
L479E,0.6572157
T480S,0.8658533
T480A,0.86893964
T480R,0.7994245
T480Q,0.83707714
T480P,0.8563143
T480N,0.8225219
T480M,0.8507347
T480L,0.9182942
T480Y,0.8789681
T480K,0.80381906
T480H,0.8122083
T480G,0.8072424
T480F,0.90605104
T480E,0.8183478
T480D,0.7879473
T480C,0.8063332
T480I,0.8885565
T480W,0.84934914
T480V,0.90198076
I481V,0.85042775
I481R,0.68707395
I481Q,0.6824341
I481P,0.756438
I481N,0.6630095
I481M,0.78056836
I481L,0.8863212
I481K,0.6807933
I481S,0.72124326
I481H,0.675164
I481F,0.85923076
I481E,0.68178594
I481D,0.6417825
I481C,0.6814108
I481A,0.75720394
I481Y,0.8052474
I481W,0.8026222
I481G,0.702807
I481T,0.74681425
N482E,0.87355745
N482Y,0.9302535
N482F,0.9202863
N482G,0.86415935
N482H,0.8827417
N482I,0.8799093
N482K,0.8560841
N482L,0.9126384
N482D,0.8507918
N482M,0.87201667
N482Q,0.8901094
N482R,0.8587277
N482S,0.8920183
N482T,0.89811504
N482V,0.8690223
N482W,0.8771628
N482P,0.8809711
N482C,0.81617534
N482A,0.86436784
S483M,0.8659903
S483C,0.8462423
S483W,0.84327614
S483V,0.9036573
S483T,0.8918917
S483R,0.7831811
S483Q,0.83977604
S483P,0.89258397
S483N,0.83790696
S483A,0.8888377
S483L,0.92379904
S483K,0.77781355
S483I,0.90560293
S483H,0.82474005
S483G,0.86102533
S483F,0.9225092
S483E,0.819836
S483D,0.80413604
S483Y,0.89226806
Q484W,0.92172086
Q484Y,0.95066
Q484F,0.9328141
Q484D,0.84492457
Q484E,0.86468184
Q484G,0.8291002
Q484H,0.8932295
Q484I,0.8965259
Q484K,0.8692126
Q484A,0.86309963
Q484L,0.9267563
Q484N,0.8916458
Q484P,0.88549817
Q484R,0.8696699
Q484S,0.8795214
Q484T,0.89019835
Q484V,0.88725585
Q484M,0.9064487
Q484C,0.8115425
P485W,0.8294662
P485V,0.86781096
P485C,0.731351
P485T,0.8318385
P485S,0.80766296
P485R,0.77889454
P485A,0.8256582
P485N,0.7630328
P485M,0.8262286
P485L,0.884423
P485Q,0.78972924
P485I,0.86747897
P485K,0.7837348
P485Y,0.8509457
P485D,0.7418028
P485G,0.79677063
P485F,0.86001885
P485H,0.7675234
P485E,0.7887989
N486K,0.88172626
N486A,0.8740908
N486D,0.8732425
N486E,0.8939823
N486F,0.9361038
N486G,0.8711661
N486H,0.89030755
N486I,0.90205896
N486C,0.8156438
N486L,0.92443204
N486P,0.8875303
N486Q,0.9046086
N486R,0.87598145
N486S,0.8976271
N486T,0.91048884
N486V,0.8901046
N486W,0.9069748
N486Y,0.9465436
N486M,0.9123373
I487D,0.68827534
I487E,0.75271636
I487F,0.89074636
I487H,0.7288879
I487K,0.7557367
I487L,0.91539717
I487M,0.8187462
I487R,0.7424414
I487P,0.8317912
I487Q,0.7569624
I487C,0.7070004
I487S,0.7778287
I487T,0.79637897
I487V,0.86787033
I487W,0.846154
I487N,0.7272264
I487A,0.8168683
I487G,0.75061053
I487Y,0.84384274
N488A,0.8758035
N488C,0.80126035
N488Y,0.94471264
N488D,0.8736197
N488E,0.90087473
N488F,0.9347355
N488G,0.87705255
N488H,0.8945793
N488I,0.89118975
N488W,0.9047674
N488L,0.9227354
N488M,0.8928627
N488P,0.9037359
N488Q,0.91245675
N488R,0.8686601
N488V,0.87885356
N488T,0.9106456
N488S,0.9033845
N488K,0.8888947
G489A,0.83198583
G489C,0.7055296
G489D,0.7222829
G489E,0.75501263
G489F,0.82654655
G489H,0.72685003
G489I,0.8082633
G489N,0.7702893
G489L,0.8450327
G489M,0.76965225
G489P,0.82780564
G489Q,0.7566434
G489R,0.7251481
G489S,0.81358767
G489V,0.81612504
G489W,0.7773917
G489Y,0.8003567
G489K,0.7331884
G489T,0.7902591
K490A,0.78812164
K490N,0.83404124
K490V,0.8204127
K490T,0.8132699
K490S,0.7978063
K490R,0.8900658
K490Q,0.8480238
K490P,0.8324665
K490M,0.83250606
K490L,0.8793234
K490W,0.8635483
K490I,0.8389006
K490G,0.76534194
K490F,0.8625305
K490E,0.80650556
K490D,0.76092887
K490C,0.69663537
K490H,0.82980263
K490Y,0.88842964
P491T,0.80653787
P491S,0.7939019
P491R,0.74039114
P491Q,0.7386291
P491Y,0.8210232
P491V,0.83205533
P491W,0.79030406
P491A,0.7927599
P491N,0.7378634
P491M,0.76696825
P491L,0.85837984
P491K,0.75094295
P491I,0.83484876
P491H,0.72289205
P491G,0.76999867
P491F,0.82706165
P491E,0.75870574
P491D,0.7350714
P491C,0.6590326
S492V,0.9131359
S492T,0.9018675
S492R,0.7672539
S492Q,0.83242655
S492P,0.8954705
S492N,0.82982826
S492L,0.92645967
S492G,0.87515044
S492I,0.90681744
S492H,0.8032911
S492W,0.82821715
S492F,0.91158354
S492E,0.8337805
S492D,0.8150265
S492C,0.82237244
S492A,0.8987788
S492K,0.7879317
S492Y,0.8796916
S492M,0.8588482
S493C,0.7970047
S493A,0.8919052
S493W,0.82579184
S493V,0.8900516
S493T,0.8994069
S493R,0.7803353
S493Q,0.8447436
S493P,0.9020548
S493N,0.8471118
S493M,0.84761643
S493Y,0.869084
S493K,0.8085911
S493I,0.88394856
S493H,0.80553067
S493G,0.87575233
S493F,0.90495884
S493E,0.84757507
S493D,0.8299031
S493L,0.9152881
D494F,0.9010936
D494A,0.85653615
D494C,0.7890625
D494G,0.8513075
D494H,0.8542075
D494I,0.86689377
D494K,0.8163278
D494L,0.8816506
D494Q,0.879333
D494N,0.8805487
D494P,0.88646317
D494R,0.8099234
D494S,0.89086914
D494T,0.8838248
D494V,0.85878974
D494Y,0.89490175
D494W,0.8428402
D494M,0.8410927
D494E,0.9166006
P495A,0.85330796
P495Y,0.8723327
P495C,0.7689769
P495E,0.81445444
P495F,0.884061
P495G,0.8251537
P495H,0.7959671
P495I,0.8882395
P495K,0.7990731
P495D,0.77864397
P495L,0.90259314
P495N,0.7947172
P495Q,0.812626
P495R,0.78885686
P495S,0.83839536
P495T,0.8526807
P495V,0.88867295
P495M,0.848649
P495W,0.84087706
I496D,0.7070241
I496C,0.74723625
I496F,0.90461135
I496G,0.76713765
I496H,0.75077367
I496K,0.7610496
I496L,0.9272579
I496M,0.85461986
I496A,0.8334216
I496N,0.761281
I496Q,0.7655536
I496R,0.7505274
I496S,0.80092734
I496T,0.825094
I496V,0.88649535
I496W,0.84043396
I496P,0.8189883
I496E,0.7539762
I496Y,0.8578701
V497F,0.9100585
V497E,0.77486825
V497A,0.8672905
V497C,0.780193
V497D,0.7198256
V497Y,0.86261714
V497W,0.8343799
V497S,0.8311231
V497R,0.74319386
V497T,0.8586923
V497P,0.8695115
V497N,0.76133144
V497M,0.861712
V497L,0.9373094
V497K,0.7739154
V497I,0.9071889
V497H,0.7676567
V497G,0.81009084
V497Q,0.7932224
G498M,0.8319113
G498H,0.79893076
G498I,0.840611
G498K,0.7855848
G498L,0.8674377
G498N,0.8261033
G498W,0.7976378
G498Q,0.81422305
G498R,0.76731336
G498S,0.86502445
G498T,0.84806335
G498V,0.860787
G498F,0.8576662
G498Y,0.83913666
G498P,0.8418772
G498E,0.80069685
G498A,0.8847393
G498C,0.7958014
G498D,0.76666385
W499Y,0.8984311
W499V,0.7962072
W499A,0.7547109
W499C,0.7270127
W499D,0.7065948
W499E,0.7648567
W499F,0.9001838
W499G,0.7514207
W499H,0.7841774
W499K,0.79738116
W499L,0.8696589
W499M,0.84135556
W499P,0.78078127
W499Q,0.79223365
W499R,0.7977756
W499S,0.75010526
W499T,0.78252184
W499I,0.8356935
W499N,0.75263786
G500A,0.8700645
G500C,0.7579267
G500W,0.7765386
G500V,0.8423488
G500T,0.8342205
G500S,0.85444486
G500R,0.7539964
G500Q,0.798656
G500P,0.8206378
G500Y,0.81824356
G500N,0.8289373
G500L,0.8579547
G500K,0.7749784
G500I,0.8263437
G500H,0.79214096
G500F,0.83621705
G500E,0.7840569
G500D,0.774576
G500M,0.81955004
P501A,0.8596872
P501C,0.7647371
P501Q,0.8156929
P501Y,0.86127496
P501W,0.82872105
P501V,0.8772913
P501T,0.8632078
P501S,0.8537133
P501R,0.78835523
P501N,0.8042958
P501M,0.8436903
P501L,0.8915342
P501K,0.7975931
P501I,0.8764199
P501G,0.84492016
P501F,0.8690975
P501E,0.8121481
P501D,0.7764933
P501H,0.8047793
S502W,0.8215295
S502A,0.90691745
S502C,0.82275486
S502D,0.83446896
S502E,0.851809
S502F,0.8956318
S502G,0.89848477
S502Y,0.86924255
S502I,0.88059723
S502K,0.8089262
S502H,0.8385118
S502L,0.9095684
S502M,0.8674984
S502N,0.8633661
S502P,0.88481236
S502Q,0.8589084
S502R,0.7876252
S502T,0.89886236
S502V,0.8951421
G503A,0.8496921
G503F,0.8091705
G503H,0.75366807
G503I,0.79089844
G503K,0.7493193
G503L,0.8308203
G503E,0.77071583
G503N,0.7849598
G503M,0.78127754
G503Q,0.7714523
G503R,0.72856146
G503S,0.83482325
G503T,0.8063047
G503V,0.80985546
G503W,0.7605116
G503Y,0.79296726
G503D,0.74475557
G503P,0.8214156
G503C,0.7324536
G504A,0.8526064
G504Y,0.7886625
G504W,0.74586606
G504V,0.8119358
G504T,0.810997
G504S,0.83626807
G504Q,0.78310525
G504P,0.8227848
G504N,0.80634093
G504M,0.7738129
G504R,0.7428194
G504K,0.76989853
G504I,0.7920515
G504H,0.764318
G504F,0.8051632
G504E,0.7825669
G504D,0.7598524
G504C,0.74319935
G504L,0.8239336
Y505K,0.8342979
Y505I,0.8751298
Y505H,0.8204869
Y505D,0.7609163
Y505F,0.90004647
Y505E,0.81350005
Y505L,0.90422434
Y505G,0.79866296
Y505M,0.8668195
Y505C,0.7454493
Y505P,0.8320253
Y505Q,0.8377197
Y505R,0.8290473
Y505S,0.8076362
Y505T,0.8260541
Y505V,0.848547
Y505W,0.9017782
Y505A,0.80997276
Y505N,0.81867754
V506D,0.7463254
V506E,0.7773514
V506N,0.78703105
V506T,0.8594732
V506S,0.8400864
V506R,0.7477
V506Q,0.7992786
V506P,0.86112326
V506M,0.8509841
V506L,0.9258257
V506K,0.7622013
V506I,0.8937161
V506H,0.78840303
V506G,0.8288648
V506F,0.899562
V506C,0.8042015
V506A,0.8730155
V506W,0.8177396
V506Y,0.8572054
F507H,0.79729116
F507Y,0.8645276
F507W,0.8622695
F507D,0.74102783
F507V,0.8589232
F507T,0.8185078
F507S,0.8075406
F507R,0.75768983
F507Q,0.784541
F507P,0.81646395
F507N,0.7861346
F507M,0.8518081
F507C,0.76355255
F507A,0.816191
F507I,0.8801904
F507L,0.9094632
F507G,0.80158114
F507E,0.7696616
F507K,0.765591
Q508Y,0.93433464
Q508S,0.9020147
Q508R,0.8658035
Q508P,0.9112615
Q508N,0.90714777
Q508M,0.896803
Q508L,0.92882663
Q508K,0.87700653
Q508I,0.8831827
Q508H,0.8920914
Q508F,0.9144132
Q508E,0.88226736
Q508D,0.86004233
Q508C,0.8247192
Q508A,0.8887646
Q508W,0.8911791
Q508G,0.8784977
Q508V,0.89444256
Q508T,0.9091139
K509C,0.7456366
K509A,0.8191689
K509D,0.77148867
K509E,0.8193755
K509F,0.8576726
K509G,0.8183858
K509H,0.86010396
K509L,0.87569666
K509M,0.84771043
K509I,0.83275706
K509P,0.85622436
K509Q,0.8594092
K509R,0.89450073
K509S,0.8246666
K509T,0.839873
K509V,0.8304167
K509W,0.8570961
K509Y,0.8933234
K509N,0.8553679
A510E,0.8068739
A510D,0.78458595
A510C,0.82715213
A510H,0.80716205
A510I,0.90269375
A510K,0.77929544
A510L,0.9194591
A510R,0.75826347
A510N,0.8274361
A510P,0.87791944
A510Q,0.81471837
A510S,0.869226
A510T,0.8721129
A510V,0.9167247
A510W,0.79075575
A510M,0.8526764
A510Y,0.84684896
A510G,0.8972807
A510F,0.8800731
Y511W,0.8725252
Y511V,0.83966124
Y511A,0.8002073
Y511C,0.75652766
Y511D,0.74285996
Y511E,0.789153
Y511F,0.8847287
Y511H,0.8108994
Y511I,0.85674465
Y511K,0.80178785
Y511G,0.79226255
Y511M,0.8434279
Y511N,0.79868114
Y511P,0.8063516
Y511Q,0.80870163
Y511R,0.80339754
Y511S,0.7939034
Y511T,0.812182
Y511L,0.88919234
L512Q,0.7083429
L512R,0.690822
L512S,0.72587144
L512W,0.7503967
L512V,0.83909917
L512Y,0.7806331
L512P,0.76273215
L512T,0.7458751
L512N,0.68887746
L512A,0.7796711
L512K,0.7039366
L512I,0.8474804
L512H,0.6805583
L512G,0.7420769
L512F,0.8375218
L512E,0.69761777
L512D,0.64540297
L512C,0.6975486
L512M,0.78412116
E513V,0.88769186
E513W,0.8598488
E513Y,0.9180224
E513I,0.8876101
E513F,0.91574275
E513H,0.86735296
E513D,0.8702399
E513K,0.8070349
E513L,0.9134572
E513M,0.8864715
E513N,0.8711662
E513P,0.88043445
E513Q,0.8535049
E513R,0.8122442
E513S,0.8634567
E513T,0.8723955
E513C,0.81375504
E513A,0.87486315
E513G,0.8595349
F514W,0.82230496
F514Q,0.76753783
F514P,0.7959466
F514N,0.7745131
F514M,0.84143925
F514L,0.8995145
F514K,0.76446533
F514I,0.88175166
F514H,0.7852819
F514G,0.80079013
F514E,0.75974923
F514D,0.73374796
F514C,0.7729124
F514R,0.75344706
F514V,0.8656373
F514T,0.8087103
F514S,0.79131913
F514Y,0.8456402
F514A,0.8170146
F515A,0.7758659
F515C,0.7203592
F515D,0.69471776
F515E,0.7410113
F515G,0.7519648
F515H,0.77021456
F515I,0.8406079
F515K,0.721962
F515L,0.86639464
F515M,0.7894075
F515N,0.7458384
F515P,0.74287933
F515V,0.82724047
F515R,0.71868074
F515S,0.770311
F515T,0.7791657
F515Q,0.7449273
F515W,0.8462864
F515Y,0.8477359
T516L,0.90677345
T516Y,0.8233863
T516W,0.759869
T516V,0.9116093
T516S,0.87071383
T516R,0.75751305
T516Q,0.8156893
T516P,0.8886085
T516A,0.8838538
T516D,0.79204893
T516E,0.80970335
T516F,0.8644599
T516G,0.8475961
T516N,0.8110771
T516I,0.8847077
T516K,0.78697526
T516M,0.84149444
T516H,0.7794385
T516C,0.8472029
S517D,0.7791308
S517C,0.6956439
S517A,0.7697718
S517Y,0.7224591
S517W,0.643782
S517V,0.7460139
S517T,0.8554572
S517R,0.70358014
S517Q,0.724159
S517P,0.8298285
S517N,0.78589714
S517M,0.6602205
S517L,0.78210795
S517K,0.72722864
S517I,0.707549
S517H,0.72065544
S517G,0.76060593
S517F,0.7264651
S517E,0.7526195
R518A,0.7446728
R518W,0.75235355
R518Y,0.7705431
R518V,0.7442581
R518T,0.75126165
R518S,0.734777
R518Q,0.80575585
R518P,0.80820847
R518N,0.74120134
R518M,0.7445008
R518L,0.8128292
R518K,0.86888623
R518I,0.74699557
R518H,0.74186146
R518G,0.71186113
R518F,0.7521562
R518E,0.77498823
R518D,0.69033253
R518C,0.592463
E519Y,0.672416
E519W,0.6215379
E519A,0.73626155
E519D,0.7327138
E519C,0.54567766
E519F,0.68545437
E519G,0.68699026
E519I,0.67606604
E519K,0.69138694
E519L,0.72686994
E519H,0.63145006
E519N,0.66905105
E519P,0.733397
E519Q,0.70445824
E519R,0.64470375
E519S,0.7113311
E519T,0.6934233
E519V,0.69561744
E519M,0.64841175
T520I,0.8558395
T520A,0.88878644
T520C,0.7719953
T520D,0.80393887
T520E,0.8359242
T520F,0.82703245
T520G,0.8289003
T520K,0.81717044
T520H,0.80360675
T520M,0.8442098
T520N,0.8340527
T520P,0.8018129
T520Q,0.8562685
T520R,0.7748196
T520S,0.86011076
T520W,0.7246299
T520Y,0.8049183
T520L,0.8842639
T520V,0.88852286
A521F,0.81300914
A521Y,0.7486354
A521G,0.7548244
A521H,0.66255176
A521I,0.811748
A521K,0.69288206
A521L,0.8619478
A521M,0.7840514
A521C,0.7147362
A521P,0.73506653
A521Q,0.7180846
A521R,0.6815717
A521S,0.7336184
A521T,0.7620443
A521V,0.843302
A521W,0.69295156
A521E,0.7055671
A521D,0.6122414
A521N,0.6388447
E522V,0.70738006
E522L,0.7694578
E522T,0.6861253
E522S,0.671592
E522Q,0.71454024
E522P,0.64294493
E522N,0.6804142
E522M,0.65909445
E522W,0.58552825
E522K,0.6757463
E522H,0.6148174
E522G,0.6212679
E522F,0.65699184
E522D,0.74972796
E522C,0.5159842
E522A,0.7121923
E522I,0.70321274
E522Y,0.6360297
E522R,0.63876486
A523T,0.7897309
A523Y,0.74204767
A523W,0.67238414
A523C,0.6819005
A523D,0.67337835
A523E,0.76041543
A523F,0.76632464
A523V,0.8269192
A523H,0.7174052
A523I,0.8112842
A523G,0.7779449
A523L,0.8464252
A523M,0.75336254
A523N,0.7280947
A523P,0.7306745
A523Q,0.7656251
A523R,0.7266123
A523S,0.78199303
A523K,0.765615
L524D,0.50060415
L524M,0.7631818
L524E,0.55869234
L524F,0.8246608
L524G,0.6448468
L524H,0.57419014
L524I,0.8128959
L524N,0.55002606
L524K,0.5601971
L524Q,0.56909263
L524R,0.5614817
L524S,0.6285541
L524T,0.69230986
L524V,0.8179882
L524W,0.7059585
L524Y,0.7569088
L524C,0.68663335
L524P,0.537519
L524A,0.78338176
L525Y,0.7519026
L525W,0.6854744
L525V,0.8033868
L525T,0.7013662
L525S,0.699731
L525R,0.6654929
L525Q,0.69528294
L525N,0.66209733
L525M,0.73175573
L525K,0.68571496
L525P,0.6551225
L525H,0.67223454
L525G,0.69645
L525F,0.7836487
L525E,0.69050515
L525D,0.6174797
L525C,0.682927
L525A,0.76923543
L525I,0.8029361
Q526M,0.75447345
Q526N,0.8223661
Q526P,0.8642855
Q526T,0.8296524
Q526W,0.68536806
Q526V,0.7941028
Q526L,0.82708836
Q526Y,0.7462313
Q526K,0.8331194
Q526R,0.79553115
Q526H,0.7697309
Q526G,0.8038708
Q526F,0.7382941
Q526E,0.8357814
Q526D,0.78843373
Q526C,0.6756972
Q526A,0.8540958
Q526S,0.8389102
Q526I,0.74889946
V527D,0.6233854
V527E,0.6904464
V527L,0.8555559
V527G,0.6987167
V527F,0.7922703
V527Y,0.71114576
V527W,0.6677722
V527T,0.749735
V527S,0.7102064
V527R,0.65207475
V527Q,0.6776036
V527A,0.78925836
V527N,0.64721036
V527H,0.66205406
V527P,0.6772834
V527I,0.82659185
V527K,0.67469406
V527M,0.7397462
V527C,0.6852732
L528D,0.50885034
L528W,0.64724064
L528V,0.75059366
L528T,0.64816594
L528S,0.65221155
L528Q,0.62175596
L528C,0.6729417
L528P,0.60155714
L528M,0.7344419
L528A,0.75126
L528I,0.76976156
L528H,0.5704467
L528G,0.6551191
L528F,0.75771654
L528E,0.6027044
L528N,0.56516147
L528K,0.59840894
L528R,0.5781536
L528Y,0.6744306
K529C,0.59793633
K529A,0.73888737
K529D,0.68623686
K529E,0.75500965
K529F,0.67618144
K529G,0.7147823
K529I,0.6926562
K529L,0.77283233
K529M,0.68778145
K529H,0.71732354
K529P,0.73675466
K529Q,0.77697206
K529R,0.78829443
K529S,0.7341651
K529T,0.7128157
K529V,0.70184344
K529W,0.67072
K529Y,0.6992471
K529N,0.7338873
K530R,0.7708627
K530Y,0.6800146
K530W,0.6270639
K530V,0.68763256
K530T,0.71316856
K530S,0.7102722
K530Q,0.7379136
K530A,0.7143171
K530N,0.70906866
K530M,0.66628706
K530L,0.73905015
K530I,0.6793216
K530H,0.6918713
K530G,0.7031076
K530F,0.6724658
K530D,0.6825369
K530P,0.7727709
K530E,0.73160243
K530C,0.5715513
Y531V,0.75559556
Y531W,0.7664987
Y531A,0.74827445
Y531C,0.6660297
Y531D,0.6726049
Y531E,0.738588
Y531F,0.7967096
Y531G,0.7216768
Y531H,0.767426
Y531I,0.76271224
Y531K,0.7422026
Y531L,0.8320305
Y531M,0.75689864
Y531N,0.73337907
Y531P,0.75637656
Y531Q,0.72901976
Y531R,0.7315178
Y531S,0.72176874
Y531T,0.72319734
E532Y,0.78945756
E532W,0.7183871
E532C,0.7218358
E532T,0.78121465
E532V,0.7672051
E532D,0.8267537
E532F,0.7983709
E532G,0.8195936
E532H,0.79889774
E532K,0.77881896
E532I,0.76174504
E532M,0.7375287
E532N,0.84281486
E532P,0.8341005
E532S,0.81153613
E532Q,0.80844676
E532R,0.76348567
E532L,0.80819523
E532A,0.78855634
L533C,0.68073106
L533W,0.7194079
L533V,0.7966064
L533Y,0.7420522
L533T,0.7355758
L533S,0.7319174
L533R,0.67374617
L533Q,0.69562113
L533A,0.75695074
L533N,0.70711446
L533M,0.73141026
L533P,0.762151
L533I,0.8079475
L533H,0.6931616
L533G,0.7551111
L533F,0.78836083
L533E,0.7033514
L533D,0.67215586
L533K,0.70976424
R534P,0.8056839
R534Y,0.8197284
R534W,0.80478597
R534V,0.7665354
R534T,0.7757323
R534S,0.759957
R534Q,0.8023242
R534N,0.78588843
R534E,0.7708758
R534L,0.82207376
R534M,0.7769646
R534A,0.75795215
R534D,0.7229255
R534F,0.80898774
R534C,0.6878477
R534H,0.7915421
R534I,0.78334695
R534K,0.8423269
R534G,0.7450969
V535A,0.78988695
V535Q,0.709952
V535Y,0.7650356
V535W,0.7351937
V535T,0.7653334
V535S,0.7496593
V535R,0.6757649
V535P,0.782876
V535I,0.81577104
V535M,0.76485705
V535L,0.84116346
V535K,0.702378
V535H,0.70831454
V535G,0.76577145
V535F,0.81397736
V535E,0.712433
V535C,0.73745143
V535N,0.7074245
V535D,0.6745
N536Y,0.84386283
N536Q,0.82457733
N536I,0.83645546
N536A,0.8340731
N536C,0.77854997
N536E,0.81605136
N536F,0.8588933
N536G,0.840629
N536H,0.81190157
N536K,0.8015667
N536L,0.8626468
N536M,0.8214077
N536P,0.8402246
N536R,0.7928575
N536S,0.83574235
N536T,0.83623123
N536V,0.8362628
N536W,0.7998419
N536D,0.7972691
Y537A,0.7705605
Y537C,0.74206936
Y537T,0.7665689
Y537S,0.7530614
Y537R,0.74578255
Y537Q,0.75892633
Y537P,0.7805923
Y537N,0.7489363
Y537W,0.81090176
Y537V,0.8076496
Y537L,0.8467262
Y537K,0.7487966
Y537I,0.8279498
Y537H,0.7554195
Y537G,0.761532
Y537F,0.8389925
Y537E,0.74434996
Y537M,0.80148154
Y537D,0.7087248
H538Q,0.8263669
H538R,0.8098485
H538S,0.8174715
H538W,0.8324452
H538V,0.8378379
H538P,0.8262265
H538Y,0.8476631
H538T,0.82420874
H538N,0.815073
H538I,0.8459629
H538L,0.86308694
H538K,0.81554806
H538G,0.80228555
H538F,0.8756947
H538E,0.7974375
H538D,0.76686746
H538A,0.8202317
H538M,0.8393024
H538C,0.7924527
L539A,0.7213532
L539W,0.6953883
L539H,0.6318507
L539C,0.6547303
L539D,0.5958378
L539E,0.6397872
L539Y,0.71892154
L539F,0.7723671
L539G,0.69995064
L539T,0.69511414
L539V,0.77991104
L539K,0.63517284
L539M,0.7179378
L539N,0.63015914
L539P,0.7159462
L539Q,0.6447035
L539R,0.6301774
L539S,0.67827076
L539I,0.788571
V540E,0.6841954
V540F,0.7939427
V540G,0.73333794
V540I,0.80463564
V540K,0.6758417
V540L,0.8252372
V540M,0.7539762
V540N,0.67380714
V540P,0.75061363
V540Q,0.6918118
V540R,0.65726674
V540S,0.7288039
V540T,0.7491429
V540W,0.72408223
V540Y,0.7457737
V540A,0.76880574
V540C,0.702731
V540H,0.6782049
V540D,0.6422233
N541T,0.84045637
N541V,0.8430947
N541G,0.8252295
N541K,0.8070201
N541S,0.8319288
N541R,0.7929369
N541Q,0.8256663
N541P,0.83575684
N541M,0.8364812
N541L,0.8700668
N541I,0.8436396
N541H,0.8112545
N541F,0.8655675
N541E,0.8203073
N541D,0.79684114
N541C,0.7841996
N541W,0.81812656
N541Y,0.8522863
N541A,0.83344185
V542E,0.72997266
V542Y,0.7547084
V542W,0.74066776
V542T,0.7647814
V542S,0.77000433
V542R,0.68089426
V542Q,0.72287923
V542D,0.68315184
V542F,0.8010107
V542P,0.77702904
V542M,0.777917
V542L,0.83913386
V542K,0.7071053
V542I,0.8139589
V542H,0.70078886
V542G,0.7544737
V542A,0.80340326
V542N,0.69883525
V542C,0.7259666
K543F,0.82339466
K543A,0.7692602
K543G,0.7491168
K543H,0.78369683
K543I,0.80077726
K543L,0.83404434
K543M,0.79043484
K543N,0.78519714
K543D,0.71901083
K543Q,0.78234833
K543R,0.8017459
K543S,0.77059627
K543T,0.7865092
K543V,0.7915226
K543W,0.81148964
K543Y,0.8271588
K543C,0.70360565
K543E,0.758232
K543P,0.7961402
G544C,0.6725409
G544R,0.6900784
G544V,0.7942825
G544W,0.7301315
G544Y,0.74075925
G544T,0.7495536
G544S,0.75292456
G544Q,0.7147146
G544P,0.7880634
G544M,0.7538718
G544N,0.7160884
G544K,0.7153398
G544I,0.7775393
G544H,0.6881112
G544F,0.7686877
G544E,0.73213613
G544D,0.699586
G544A,0.79468524
G544L,0.80918646
E545G,0.77104837
E545H,0.73572445
E545F,0.81458324
E545W,0.7822975
E545C,0.69302475
E545A,0.77722037
E545I,0.81004477
E545D,0.76782215
E545L,0.83195615
E545K,0.7435394
E545N,0.7548785
E545P,0.7854627
E545Q,0.76476777
E545R,0.72973853
E545S,0.7733808
E545T,0.7799949
E545V,0.8100427
E545Y,0.8008493
E545M,0.77817184
N546L,0.8697647
N546M,0.8496455
N546P,0.83428806
N546W,0.8266504
N546R,0.8013594
N546Y,0.85265106
N546K,0.8147313
N546V,0.84737
N546Q,0.8206624
N546I,0.857859
N546E,0.81965196
N546G,0.812997
N546F,0.8668444
N546D,0.8031616
N546C,0.78098047
N546A,0.8293453
N546T,0.8379953
N546H,0.8047987
N546S,0.8265227
I547S,0.70100445
I547Y,0.7316675
I547W,0.72695446
I547T,0.71347165
I547Q,0.6525594
I547P,0.74342656
I547N,0.6486777
I547M,0.7352632
I547L,0.8247241
I547K,0.64633036
I547H,0.63503695
I547G,0.7121287
I547R,0.6343227
I547E,0.6575013
I547D,0.6224841
I547C,0.6582985
I547A,0.743111
I547V,0.7973412
I547F,0.7910104
T548G,0.78801525
T548H,0.7542231
T548I,0.85986483
T548K,0.75745595
T548L,0.87259376
T548D,0.7444004
T548N,0.76833403
T548P,0.8336004
T548S,0.8174452
T548R,0.73897105
T548V,0.8567026
T548W,0.80905515
T548Y,0.8187902
T548E,0.77701455
T548F,0.8617436
T548C,0.7765579
T548A,0.83005685
T548Q,0.78187406
T548M,0.814463
N549C,0.7888026
N549W,0.8327605
N549D,0.7992491
N549E,0.82042116
N549F,0.8771706
N549G,0.8214736
N549H,0.81005156
N549I,0.8587911
N549K,0.8129239
N549L,0.87175035
N549M,0.845661
N549P,0.8336763
N549Q,0.82903695
N549R,0.79403687
N549S,0.8352371
N549T,0.8438502
N549V,0.84780073
N549Y,0.86027277
N549A,0.83176607
A550D,0.7332261
A550G,0.78834355
A550H,0.7688477
A550F,0.84432316
A550I,0.86634
A550K,0.7231034
A550L,0.8716784
A550N,0.7653569
A550P,0.8138888
A550Q,0.74765277
A550M,0.8120549
A550R,0.7139498
A550E,0.7331872
A550Y,0.79327774
A550W,0.7690998
A550C,0.7819487
A550T,0.80325645
A550S,0.806027
A550V,0.85699284
P551L,0.835757
P551D,0.7180119
P551E,0.75855875
P551F,0.80304134
P551G,0.75884116
P551H,0.7111496
P551I,0.8144146
P551K,0.7422402
P551M,0.78141266
P551C,0.6912462
P551Q,0.746106
P551R,0.7137848
P551S,0.7784547
P551T,0.7823587
P551V,0.8172522
P551W,0.7519168
P551Y,0.7668632
P551N,0.7184602
P551A,0.7944563
E552A,0.79081714
E552D,0.7992414
E552P,0.81609344
E552C,0.7120797
E552V,0.8177706
E552T,0.79447407
E552S,0.7957929
E552R,0.7331757
E552Q,0.77694476
E552W,0.79673326
E552N,0.7920044
E552L,0.8468622
E552K,0.7396184
E552I,0.8212691
E552H,0.7808815
E552G,0.7819496
E552F,0.83808875
E552M,0.7807267
E552Y,0.8238674
L553C,0.6618563
L553W,0.73985505
L553D,0.6502314
L553E,0.68171525
L553F,0.79393435
L553G,0.743483
L553H,0.66660726
L553I,0.80260026
L553A,0.7413911
L553K,0.6672468
L553N,0.6905649
L553P,0.7396648
L553Q,0.67325056
L553R,0.64808315
L553S,0.7116771
L553V,0.7891278
L553M,0.7397183
L553Y,0.74564207
L553T,0.7206946
Q554V,0.8474761
Q554Y,0.8745184
Q554W,0.85394955
Q554T,0.8378135
Q554S,0.830326
Q554R,0.7988144
Q554P,0.83453393
Q554M,0.8557607
Q554L,0.87380046
Q554K,0.8160559
Q554N,0.83419573
Q554H,0.838061
Q554G,0.80369693
Q554F,0.881583
Q554E,0.81211793
Q554D,0.79988706
Q554C,0.7923814
Q554A,0.8258725
Q554I,0.85731757
P555K,0.75959516
P555A,0.8024548
P555D,0.7272928
P555E,0.76603246
P555F,0.8039207
P555G,0.78116566
P555I,0.8239962
P555L,0.83681566
P555H,0.73212254
P555N,0.7438498
P555Q,0.76216394
P555R,0.7363418
P555S,0.7806119
P555Y,0.7742307
P555C,0.7108207
P555W,0.75652134
P555M,0.78556734
P555V,0.82589567
P555T,0.7850461
N556H,0.8333994
N556Y,0.8736477
N556D,0.81570154
N556E,0.83599865
N556F,0.88409
N556G,0.8359451
N556C,0.7915183
N556I,0.8590615
N556W,0.8416993
N556A,0.83495
N556K,0.8159269
N556M,0.85810864
N556P,0.83421147
N556Q,0.84002364
N556R,0.79886603
N556S,0.84039915
N556T,0.845134
N556V,0.8501808
N556L,0.88159233
A557Q,0.7859537
A557R,0.7141701
A557D,0.73333883
A557W,0.7661228
A557P,0.8172014
A557V,0.86486393
A557S,0.82131994
A557C,0.79037774
A557E,0.7654899
A557M,0.8299092
A557L,0.87374485
A557K,0.74003375
A557I,0.85794204
A557H,0.7550043
A557G,0.8258064
A557F,0.8382042
A557T,0.8267873
A557Y,0.78797203
A557N,0.7534501
V558Y,0.76245165
V558S,0.7652298
V558A,0.80401564
V558W,0.73880416
V558R,0.6760179
V558Q,0.7251071
V558P,0.78406227
V558N,0.71146965
V558M,0.7894714
V558T,0.7835061
V558L,0.8521079
V558I,0.8358285
V558G,0.76457644
V558F,0.82045674
V558E,0.72311425
V558D,0.6808404
V558C,0.7274654
V558K,0.71083647
V558H,0.7053187
T559I,0.883836
T559W,0.802401
T559H,0.7938762
T559G,0.8119036
T559F,0.8815216
T559E,0.7933331
T559D,0.76983434
T559K,0.7760811
T559A,0.8538014
T559L,0.89172745
T559N,0.8030671
T559P,0.84293175
T559Q,0.8112999
T559R,0.75792813
T559S,0.8444703
T559V,0.8844899
T559Y,0.8383693
T559M,0.8501754
T559C,0.826543
W560A,0.7410117
W560C,0.7291079
W560G,0.7369246
W560E,0.7444856
W560D,0.7030876
W560F,0.8457614
W560I,0.79917294
W560K,0.7629765
W560L,0.81876886
W560M,0.80880463
W560N,0.7416309
W560P,0.7533886
W560H,0.76212096
W560R,0.7585096
W560S,0.7359208
W560T,0.7580003
W560V,0.7702741
W560Y,0.8381895
W560Q,0.7657234
G561V,0.8368216
G561A,0.8446898
G561R,0.7439616
G561Q,0.78215724
G561P,0.7985177
G561N,0.7925677
G561M,0.80819076
G561I,0.8204223
G561K,0.76417714
G561H,0.7732866
G561F,0.82055163
G561E,0.7760934
G561D,0.7484898
G561C,0.76654375
G561L,0.8455771
G561W,0.7583585
G561T,0.8119813
G561Y,0.79314816
G561S,0.8182172
I562V,0.84044015
I562W,0.7613248
I562S,0.774681
I562R,0.6992568
I562Q,0.7385969
I562P,0.78255653
I562N,0.7337946
I562M,0.8090764
I562A,0.80335927
I562T,0.79359686
I562K,0.72286975
I562H,0.7295741
I562G,0.7582243
I562F,0.8427601
I562Y,0.7945795
I562E,0.73610634
I562D,0.70737916
I562C,0.751771
I562L,0.8649338
F563V,0.82967645
F563T,0.7900207
F563S,0.77727175
F563R,0.7267726
F563Q,0.7631592
F563P,0.77743113
F563E,0.74923813
F563M,0.8198439
F563L,0.86481166
F563K,0.7427385
F563H,0.77084243
F563G,0.76899993
F563D,0.72172093
F563N,0.7544795
F563I,0.84913486
F563W,0.8132967
F563A,0.788903
F563Y,0.8191652
F563C,0.7500957
P564Y,0.80897284
P564W,0.7758754
P564V,0.84601367
P564T,0.8291337
P564S,0.8221857
P564R,0.7554528
P564D,0.7733024
P564N,0.79501104
P564M,0.8161385
P564L,0.8670987
P564K,0.7802752
P564I,0.8435714
P564H,0.78254735
P564G,0.8044288
P564F,0.8320851
P564E,0.795382
P564Q,0.8051709
P564C,0.76711977
P564A,0.8280491
G565S,0.8291001
G565Y,0.7969263
G565W,0.7664682
G565V,0.83841306
G565T,0.8179689
G565R,0.73182285
G565Q,0.77518725
G565P,0.8201398
G565N,0.8006838
G565M,0.79415864
G565L,0.8554179
G565I,0.8254255
G565H,0.76791054
G565F,0.8251078
G565E,0.78519773
G565D,0.76270354
G565C,0.7586879
G565A,0.84360236
G565K,0.75663245
R566Y,0.8709698
R566W,0.8570729
R566V,0.79592216
R566T,0.8090683
R566S,0.7894402
R566Q,0.842348
R566P,0.807399
R566N,0.82034796
R566E,0.8105585
R566L,0.8517692
R566K,0.8766463
R566D,0.7602481
R566I,0.8160315
R566H,0.8314783
R566C,0.7268631
R566A,0.7799771
R566G,0.76989794
R566M,0.8357309
R566F,0.84827846
E567A,0.82121515
E567R,0.770977
E567Y,0.8526792
E567W,0.81850934
E567V,0.8477675
E567T,0.8376355
E567S,0.82657593
E567Q,0.81804365
E567P,0.8420994
E567M,0.8272794
E567N,0.8319653
E567K,0.78242856
E567I,0.84912443
E567H,0.8028046
E567G,0.81307214
E567F,0.858889
E567D,0.84020805
E567C,0.74523795
E567L,0.870769
I568F,0.86603886
I568K,0.74207777
I568G,0.7884909
I568E,0.75957304
I568H,0.75290227
I568C,0.75594956
I568A,0.82882535
I568L,0.8846241
I568D,0.73132
I568M,0.8337101
I568T,0.81447434
I568P,0.80730784
I568Q,0.7574636
I568R,0.71286565
I568S,0.7931895
I568Y,0.8131607
I568V,0.8601898
I568W,0.7915878
I568N,0.7655381
I569K,0.7321076
I569H,0.747635
I569G,0.7808104
I569C,0.7645805
I569E,0.7508051
I569D,0.71859443
I569L,0.890502
I569F,0.8725118
I569M,0.822447
I569N,0.7521949
I569P,0.8136448
I569Q,0.757718
I569R,0.7062664
I569S,0.7968018
I569T,0.8151654
I569V,0.8600324
I569W,0.7884125
I569Y,0.8159208
I569A,0.82313275
Q570V,0.89728487
Q570T,0.89613307
Q570S,0.88264847
Q570R,0.84167725
Q570P,0.88046354
Q570N,0.8889035
Q570K,0.8570668
Q570L,0.92450935
Q570W,0.8924619
Q570I,0.90431416
Q570H,0.88914526
Q570G,0.84160537
Q570M,0.9116613
Q570F,0.92839485
Q570E,0.8675795
Q570A,0.8740289
Q570C,0.8487011
Q570D,0.85359573
Q570Y,0.92608374
P571Q,0.824574
P571D,0.7949596
P571A,0.8610579
P571C,0.7864627
P571G,0.8330937
P571H,0.8030584
P571M,0.8518956
P571E,0.82369214
P571K,0.7966506
P571Y,0.8347025
P571W,0.79003584
P571F,0.8643278
P571V,0.8920773
P571L,0.8943053
P571T,0.8616846
P571S,0.84801114
P571R,0.77185524
P571I,0.8842465
P571N,0.81051564
T572I,0.923928
T572W,0.8449788
T572S,0.8905587
T572R,0.78423905
T572Q,0.86186045
T572P,0.88921475
T572N,0.8530887
T572M,0.89723045
T572L,0.9345944
T572K,0.81006515
T572H,0.8354265
T572G,0.8579191
T572F,0.9208988
T572E,0.8505161
T572D,0.8309093
T572C,0.85097885
T572A,0.8955282
T572V,0.9279209
T572Y,0.8737114
V573S,0.8266716
V573W,0.77701694
V573Q,0.7801868
V573P,0.8360765
V573N,0.7607305
V573M,0.84631336
V573L,0.90968883
V573K,0.7460209
V573I,0.88114333
V573H,0.7564282
V573G,0.81067574
V573F,0.87466466
V573E,0.7740921
V573D,0.73606867
V573C,0.78847253
V573A,0.86008465
V573Y,0.81172055
V573R,0.7063983
V573T,0.84489363
V574T,0.855973
V574R,0.7169889
V574A,0.86741084
V574C,0.7997263
V574D,0.7469008
V574E,0.7857321
V574F,0.886067
V574G,0.8128137
V574H,0.76579344
V574I,0.8864051
V574K,0.7606597
V574L,0.914279
V574M,0.8565639
V574N,0.7790761
V574P,0.8390231
V574Q,0.7934277
V574W,0.7865222
V574S,0.8342705
V574Y,0.82348365
D575C,0.81370384
D575Y,0.8752705
D575W,0.8026586
D575S,0.87545174
D575R,0.7808032
D575Q,0.8643932
D575P,0.8655499
D575A,0.8547268
D575N,0.86775625
D575L,0.8797741
D575K,0.7928596
D575I,0.8699832
D575H,0.8437714
D575G,0.8307574
D575F,0.8947347
D575E,0.9023721
D575M,0.8518979
D575T,0.87999064
D575V,0.86684513
P576Q,0.83793914
P576S,0.86372083
P576R,0.7810538
P576N,0.82257235
P576M,0.875481
P576L,0.90924543
P576K,0.80244696
P576V,0.899172
P576I,0.89319175
P576G,0.8445631
P576F,0.88481253
P576E,0.8347992
P576D,0.80964625
P576C,0.8100756
P576A,0.8781072
P576H,0.8210605
P576W,0.81882864
P576T,0.87724024
P576Y,0.86088526
V577R,0.709929
V577W,0.7805964
V577T,0.84341335
V577S,0.8286323
V577A,0.8681985
V577C,0.78810793
V577Y,0.820495
V577D,0.7413775
V577E,0.78092456
V577F,0.8828624
V577G,0.8016813
V577I,0.889835
V577K,0.74706906
V577L,0.9148651
V577M,0.84886974
V577N,0.7734761
V577P,0.82589227
V577Q,0.7835829
V577H,0.7596766
S578Q,0.86785954
S578R,0.78742385
S578T,0.91465837
S578C,0.88100755
S578W,0.82619333
S578Y,0.88916117
S578P,0.892242
S578V,0.93230516
S578N,0.86080885
S578M,0.9053545
S578L,0.93675524
S578K,0.80476433
S578I,0.91984785
S578A,0.9174512
S578H,0.8537971
S578G,0.8776702
S578E,0.85762346
S578D,0.8435448
S578F,0.92430043
F579D,0.7700547
F579C,0.8056189
F579H,0.8111248
F579I,0.89982975
F579K,0.78440297
F579L,0.9190234
F579M,0.8889197
F579R,0.7648259
F579P,0.8118746
F579Q,0.8175571
F579E,0.8004854
F579S,0.8247456
F579T,0.835154
F579V,0.8820698
F579W,0.86533487
F579Y,0.8587216
F579A,0.8389515
F579N,0.8037305
F579G,0.8105836
M580E,0.81821704
M580F,0.9321667
M580C,0.87140024
M580Y,0.8919797
M580W,0.8882179
M580V,0.89815825
M580T,0.8702282
M580S,0.8528911
M580D,0.78622794
M580R,0.78391266
M580P,0.8438382
M580N,0.83727336
M580L,0.90864336
M580I,0.91266036
M580H,0.8443976
M580G,0.8262232
M580Q,0.8562107
M580K,0.80769926
M580A,0.86842525
F581P,0.82468694
F581W,0.85728
F581S,0.83178186
F581R,0.76659274
F581Q,0.822995
F581V,0.8880683
F581N,0.81420803
F581M,0.8900382
F581L,0.92402345
F581K,0.79027164
F581Y,0.8570734
F581I,0.9052644
F581G,0.8075808
F581E,0.80594605
F581D,0.7818903
F581C,0.8084804
F581A,0.8461341
F581T,0.84859806
F581H,0.81994927
W582V,0.8181059
W582Y,0.89235735
W582N,0.79581815
W582M,0.8707278
W582F,0.9018074
W582C,0.77128226
W582D,0.7548239
W582P,0.79255444
W582E,0.79729974
W582L,0.87796134
W582G,0.7682899
W582H,0.8178262
W582A,0.7831217
W582Q,0.8279956
W582K,0.80867434
W582S,0.77918917
W582T,0.8099451
W582I,0.8516598
W582R,0.7983954
K583V,0.86431634
K583T,0.8897972
K583S,0.868235
K583R,0.8929172
K583Q,0.8817815
K583P,0.86800784
K583M,0.8748632
K583L,0.9143614
K583I,0.87000775
K583G,0.8327844
K583F,0.8903518
K583E,0.85757285
K583D,0.82087725
K583N,0.9000339
K583H,0.87760884
K583A,0.8437883
K583C,0.7851763
K583Y,0.9042504
K583W,0.8729056
D584V,0.7957019
D584W,0.740818
D584Y,0.790564
D584C,0.6851259
D584A,0.832224
D584E,0.9142118
D584G,0.80809057
D584H,0.7894895
D584I,0.7747475
D584F,0.77281094
D584L,0.8141448
D584T,0.8439645
D584K,0.8033906
D584R,0.77464134
D584Q,0.84387743
D584S,0.8549214
D584N,0.84232605
D584M,0.77823323
D584P,0.88688755
E585Q,0.8110931
E585Y,0.8117057
E585W,0.7494246
E585V,0.8159381
E585T,0.81728613
E585S,0.81925815
E585R,0.76680434
E585P,0.864502
E585D,0.8413426
E585M,0.7873418
E585L,0.84978384
E585K,0.78802377
E585I,0.8094104
E585H,0.77222514
E585G,0.7954031
E585F,0.80100155
E585A,0.8255403
E585N,0.8081868
E585C,0.6798029
A586D,0.8177697
A586C,0.8228381
A586F,0.8880084
A586G,0.8723587
A586W,0.7855457
A586V,0.94052833
A586T,0.89836144
A586S,0.8871449
A586R,0.7604497
A586Q,0.85014606
A586Y,0.8446034
A586N,0.84754133
A586P,0.87995535
A586H,0.8205275
A586I,0.92638993
A586E,0.844364
A586L,0.944604
A586M,0.8794593
A586K,0.7942888
F587W,0.86333555
F587V,0.8948506
F587S,0.8315358
F587R,0.7741949
F587Q,0.8266264
F587P,0.81862533
F587N,0.8093694
F587M,0.9074085
F587L,0.92988175
F587I,0.9159085
F587G,0.8021785
F587E,0.80752665
F587D,0.7777646
F587Y,0.86008894
F587C,0.8161161
F587A,0.8516337
F587K,0.7952678
F587H,0.8181203
F587T,0.8522116
A588F,0.86724716
A588Q,0.86908937
A588V,0.9113704
A588R,0.7721083
A588S,0.8946409
A588T,0.8902275
A588M,0.8631054
A588L,0.940951
A588K,0.81026375
A588I,0.89834887
A588H,0.8202046
A588G,0.88167745
A588E,0.8419599
A588D,0.8170495
A588C,0.83706236
A588W,0.7940621
A588Y,0.82210714
A588P,0.89142066
A588N,0.8483678
L589E,0.80145884
L589C,0.77362674
L589A,0.87243664
L589F,0.88416886
L589W,0.82912666
L589Y,0.8464653
L589G,0.80987364
L589H,0.7847302
L589I,0.8843631
L589K,0.78938437
L589M,0.8434857
L589S,0.82914776
L589P,0.8332907
L589Q,0.82545125
L589R,0.75443894
L589D,0.7530334
L589T,0.846937
L589V,0.8921857
L589N,0.79591024
W590T,0.80901366
W590S,0.77812093
W590R,0.7845715
W590Q,0.82759684
W590P,0.782975
W590N,0.7890424
W590M,0.8832918
W590L,0.88487875
W590G,0.768557
W590I,0.8631785
W590H,0.8129199
W590F,0.9132992
W590E,0.8017124
W590D,0.7532201
W590A,0.78972685
W590V,0.8271596
W590Y,0.89610356
W590K,0.79549116
W590C,0.777584
I591W,0.8322382
I591H,0.7767782
I591S,0.81867176
I591R,0.73673064
I591Q,0.8076905
I591P,0.8115071
I591N,0.784212
I591M,0.89375955
I591T,0.84123003
I591L,0.9276748
I591G,0.7882292
I591F,0.89712787
I591E,0.7897109
I591D,0.74427587
I591C,0.82931435
I591A,0.8695077
I591K,0.7701697
I591V,0.89649624
I591Y,0.8382437
E592F,0.75698364
E592A,0.80994546
E592D,0.82618105
E592W,0.72924167
E592V,0.7724362
E592T,0.7818675
E592S,0.80786574
E592R,0.7320088
E592Q,0.812512
E592C,0.6594824
E592P,0.77486855
E592G,0.7642674
E592H,0.74484766
E592I,0.7706816
E592Y,0.7755573
E592L,0.83408266
E592M,0.7401099
E592N,0.7977657
E592K,0.7672945
R593W,0.85772264
R593V,0.8116203
R593T,0.83758485
R593S,0.80656505
R593Q,0.8708771
R593N,0.8649101
R593M,0.83316165
R593L,0.8873515
R593I,0.83454126
R593H,0.86913395
R593Y,0.8968848
R593F,0.85970986
R593E,0.85457224
R593D,0.7774134
R593C,0.7211494
R593A,0.81455576
R593K,0.9136576
R593G,0.7727906
R593P,0.7911193
W594G,0.7720876
W594R,0.7815125
W594S,0.7704795
W594T,0.8075622
W594N,0.79139453
W594M,0.8798464
W594L,0.88996434
W594K,0.79470944
W594I,0.8661477
W594H,0.8133334
W594P,0.762838
W594F,0.91211367
W594E,0.79455316
W594D,0.7414508
W594C,0.770786
W594A,0.78624225
W594Y,0.89655226
W594V,0.8281323
W594Q,0.8233147
G595C,0.8375902
G595A,0.91676384
G595T,0.8754128
G595S,0.8763097
G595E,0.84806585
G595D,0.8049578
G595W,0.81742865
G595Y,0.8359559
G595R,0.78640574
G595Q,0.8633103
G595P,0.8462549
G595V,0.9025494
G595M,0.8931392
G595L,0.91427374
G595K,0.82177323
G595I,0.89162016
G595H,0.82363564
G595F,0.86869097
G595N,0.86895514
K596A,0.84469926
K596C,0.7569126
K596D,0.80006146
K596E,0.8538753
K596F,0.89330304
K596G,0.8113811
K596H,0.86627203
K596I,0.8904531
K596P,0.8664689
K596M,0.85564697
K596N,0.85511994
K596Q,0.86975604
K596R,0.87302065
K596S,0.8427899
K596V,0.8739797
K596W,0.8822829
K596Y,0.90517014
K596L,0.9258236
K596T,0.8501464
L597C,0.72523654
L597Y,0.8099151
L597A,0.82779384
L597W,0.79208225
L597V,0.8796692
L597T,0.80629253
L597S,0.77916574
L597Q,0.756751
L597P,0.7961343
L597N,0.7361104
L597R,0.7030856
L597K,0.7374375
L597I,0.88690877
L597H,0.7250445
L597G,0.773244
L597F,0.8609456
L597E,0.7677436
L597D,0.71174234
L597M,0.8133558
Y598I,0.90868205
Y598D,0.78821015
Y598E,0.83544934
Y598F,0.91572094
Y598G,0.79447806
Y598H,0.81743604
Y598K,0.82401574
Y598S,0.82820344
Y598M,0.9080096
Y598N,0.827345
Y598P,0.8331407
Y598Q,0.8543681
Y598R,0.8035683
Y598T,0.8482356
Y598C,0.80433786
Y598L,0.9172334
Y598A,0.8339216
Y598W,0.91411513
Y598V,0.87690353
E599W,0.8151328
E599D,0.87218475
E599C,0.75224024
E599F,0.8655727
E599G,0.848762
E599H,0.80543154
E599I,0.85646176
E599K,0.79055446
E599M,0.81925297
E599N,0.8473714
E599Q,0.84297776
E599R,0.7723717
E599S,0.8677615
E599T,0.8822284
E599V,0.8675616
E599Y,0.8469913
E599P,0.8819258
E599L,0.9033514
E599A,0.85600483
E600V,0.84531426
E600T,0.83080024
E600S,0.8240541
E600R,0.731975
E600Q,0.8008804
E600P,0.8385278
E600N,0.8004203
E600W,0.765659
E600L,0.8714014
E600I,0.83717406
E600H,0.7451602
E600G,0.8254658
E600F,0.8144078
E600D,0.83278465
E600C,0.69205433
E600A,0.8286645
E600K,0.7689693
E600Y,0.7957716
E600M,0.80330324
E601D,0.8687037
E601H,0.8050567
E601I,0.874128
E601K,0.7832628
E601L,0.90239114
E601M,0.838174
E601N,0.8569334
E601P,0.8441506
E601G,0.84693056
E601Q,0.8206389
E601S,0.84414065
E601T,0.853454
E601V,0.86478734
E601W,0.8000322
E601A,0.84466386
E601C,0.7431248
E601Y,0.85639
E601R,0.75254333
E601F,0.8686952
S602W,0.8145499
S602Q,0.8569374
S602V,0.9398874
S602A,0.9174851
S602C,0.8668505
S602D,0.8575257
S602E,0.8614366
S602F,0.9277786
S602Y,0.8748437
S602T,0.90975314
S602H,0.8483654
S602I,0.938664
S602K,0.8048803
S602L,0.9457886
S602M,0.90487516
S602N,0.87229115
S602P,0.88845617
S602G,0.8852545
S602R,0.76782095
P603Y,0.82394
P603W,0.7980493
P603G,0.8135073
P603C,0.7650286
P603A,0.85925066
P603D,0.78545535
P603E,0.8092865
P603F,0.8759215
P603H,0.7660445
P603I,0.9036179
P603K,0.7668212
P603M,0.82879233
P603N,0.7795502
P603Q,0.79410404
P603R,0.738642
P603S,0.8433935
P603T,0.85259265
P603V,0.8994089
P603L,0.91464335
S604F,0.93558705
S604G,0.8715102
S604E,0.86294544
S604K,0.79317933
S604C,0.8725931
S604H,0.83735967
S604D,0.8375262
S604I,0.9401256
S604W,0.84723717
S604M,0.9106806
S604N,0.8419655
S604P,0.8762537
S604Q,0.8601936
S604R,0.7707826
S604T,0.9061526
S604V,0.9452967
S604L,0.94805753
S604A,0.92493707
S604Y,0.8919145
R605A,0.81494355
R605Y,0.8881969
R605W,0.86189264
R605V,0.81409544
R605T,0.8275243
R605S,0.81662977
R605Q,0.8702768
R605P,0.83186686
R605N,0.8473048
R605M,0.82307184
R605C,0.7228013
R605K,0.8952032
R605I,0.82688165
R605H,0.84615505
R605G,0.78965527
R605F,0.86296487
R605E,0.8472625
R605D,0.786211
R605L,0.8821915
T606P,0.8747727
T606Q,0.8682916
T606R,0.7754427
T606W,0.8517377
T606V,0.94147843
T606N,0.8457723
T606Y,0.8740376
T606S,0.88571584
T606M,0.90351665
T606I,0.94079417
T606K,0.8053393
T606H,0.8251519
T606G,0.84767663
T606F,0.9236096
T606E,0.85370505
T606A,0.91188645
T606C,0.8583776
T606L,0.94266665
T606D,0.83055407
I607W,0.7639191
I607V,0.8600323
I607Y,0.78134286
I607A,0.815809
I607C,0.73073274
I607D,0.6811487
I607E,0.7147341
I607F,0.8587156
I607H,0.6962954
I607K,0.6707847
I607G,0.7405943
I607M,0.8180485
I607N,0.6970573
I607P,0.7546854
I607Q,0.7061139
I607R,0.6529832
I607S,0.7485331
I607T,0.77734345
I607L,0.89039207
I608L,0.89299196
I608R,0.68307906
I608Q,0.7476183
I608P,0.77394533
I608N,0.7239189
I608M,0.831841
I608K,0.70178884
I608T,0.7919641
I608G,0.7602129
I608F,0.86035836
I608E,0.742963
I608D,0.70160437
I608C,0.7616446
I608A,0.82989466
I608S,0.7772746
I608H,0.7249129
I608W,0.7919744
I608V,0.85885024
I608Y,0.80095625
Q609D,0.8486669
Q609A,0.87676066
Q609C,0.8201945
Q609V,0.8921523
Q609T,0.8816265
Q609S,0.87736964
Q609R,0.8111635
Q609P,0.86936563
Q609N,0.87099355
Q609M,0.8681397
Q609L,0.9263578
Q609K,0.8306049
Q609I,0.8888645
Q609H,0.854468
Q609G,0.84228903
Q609F,0.9121694
Q609E,0.8675817
Q609W,0.8580585
Q609Y,0.8899054
Y610F,0.8823241
Y610C,0.773306
Y610G,0.77839863
Y610H,0.80493957
Y610K,0.7861345
Y610L,0.894343
Y610M,0.86348295
Y610N,0.8046582
Y610A,0.8133048
Y610P,0.7920618
Y610R,0.7708293
Y610S,0.7989791
Y610T,0.81700045
Y610V,0.84601545
Y610W,0.8793616
Y610E,0.8060926
Y610Q,0.8222775
Y610D,0.7651288
Y610I,0.8698963
I611A,0.796076
I611C,0.744287
I611D,0.6779723
I611E,0.7016923
I611F,0.84379923
I611G,0.7453344
I611H,0.69233775
I611K,0.6595969
I611M,0.81177014
I611N,0.69895965
I611L,0.8822371
I611Q,0.6996782
I611P,0.7528961
I611W,0.75051624
I611V,0.8423294
I611Y,0.77188456
I611S,0.74515826
I611R,0.6434467
I611T,0.76188195
H612D,0.8335047
H612L,0.9239552
H612C,0.8465448
H612E,0.8658798
H612F,0.93471694
H612G,0.8387318
H612I,0.91389906
H612K,0.8515982
H612M,0.9150155
H612V,0.8972554
H612P,0.86557287
H612N,0.8717444
H612A,0.87477314
H612W,0.89566094
H612Y,0.8988359
H612S,0.8682121
H612R,0.83037096
H612Q,0.88590276
H612T,0.88129985
D613Q,0.81149554
D613Y,0.81078994
D613W,0.767594
D613V,0.7970602
D613T,0.82155985
D613S,0.8287078
D613R,0.72623104
D613A,0.8120824
D613C,0.7380313
D613M,0.7835324
D613E,0.86322546
D613N,0.8199744
D613F,0.82767975
D613G,0.8008621
D613P,0.8320515
D613I,0.801739
D613H,0.77787364
D613K,0.73339415
D613L,0.84058154
N614V,0.8717754
N614Y,0.88740504
N614W,0.8326272
N614R,0.7988882
N614Q,0.8579647
N614P,0.85189515
N614M,0.87419754
N614L,0.91575944
N614S,0.8611093
N614K,0.8144605
N614H,0.8498771
N614G,0.86100435
N614F,0.89867175
N614E,0.8575991
N614D,0.8389194
N614C,0.8169304
N614A,0.86978966
N614I,0.8841335
N614T,0.86902404
Y615R,0.7545474
Y615A,0.7954582
Y615C,0.76841843
Y615T,0.80093014
Y615E,0.7932098
Y615F,0.86169404
Y615G,0.7742715
Y615H,0.79177916
Y615I,0.85918367
Y615K,0.77100646
Y615L,0.8785966
Y615M,0.839229
Y615N,0.7941141
Y615P,0.7943283
Y615Q,0.8076237
Y615S,0.78636557
Y615D,0.7578948
Y615W,0.8465514
Y615V,0.83123255
F616C,0.76921284
F616A,0.7943514
F616H,0.75958765
F616I,0.85449743
F616K,0.71448755
F616L,0.8705139
F616E,0.75147504
F616G,0.7664834
F616M,0.82269335
F616P,0.7650918
F616Q,0.75521576
F616R,0.69273734
F616S,0.7757753
F616T,0.78478277
F616V,0.83325016
F616W,0.81008756
F616Y,0.8103448
F616D,0.73102355
F616N,0.75212836
L617T,0.761919
L617S,0.74414647
L617Y,0.77180594
L617W,0.76337594
L617R,0.6565741
L617Q,0.7177073
L617P,0.75261265
L617N,0.70775986
L617M,0.788327
L617K,0.6838227
L617I,0.8353099
L617H,0.6968231
L617G,0.7481597
L617F,0.82108784
L617E,0.7143065
L617D,0.6790322
L617C,0.7202052
L617A,0.78328776
L617V,0.82800114
V618F,0.83218193
V618A,0.8181412
V618C,0.7604109
V618G,0.7664429
V618H,0.7146138
V618I,0.84486705
V618D,0.7043138
V618L,0.8657984
V618M,0.8110317
V618E,0.73728806
V618N,0.72149146
V618Q,0.74533033
V618R,0.66269267
V618S,0.77227926
V618T,0.7916715
V618W,0.7691137
V618Y,0.77587175
V618P,0.78184414
V618K,0.6966749
N619A,0.8643054
N619V,0.8772496
N619Y,0.8781493
N619S,0.8600162
N619R,0.7869188
N619Q,0.8516367
N619P,0.8486877
N619M,0.86729705
N619L,0.905824
N619K,0.807249
N619I,0.88013065
N619H,0.8318843
N619G,0.85107636
N619F,0.89689595
N619E,0.8590432
N619D,0.8395576
N619C,0.817624
N619W,0.83669674
N619T,0.86570007
L620C,0.7148351
L620V,0.8195987
L620T,0.7452936
L620S,0.728578
L620R,0.64318144
L620Q,0.6983975
L620P,0.7401958
L620N,0.6890836
L620K,0.66531795
L620I,0.8282461
L620H,0.6786968
L620G,0.7377327
L620F,0.81117964
L620E,0.7021227
L620D,0.6650594
L620A,0.77264416
L620M,0.77656174
L620Y,0.7597521
L620W,0.7510307
V621A,0.8041822
V621C,0.73368627
V621D,0.6899128
V621E,0.723735
V621F,0.82138467
V621G,0.75388825
V621H,0.69028145
V621I,0.8395275
V621K,0.68011534
V621M,0.79616
V621N,0.70348775
V621P,0.76964635
V621Q,0.71775496
V621R,0.6461951
V621S,0.75731325
V621T,0.77593446
V621W,0.7542091
V621L,0.8582336
V621Y,0.7627795
D622A,0.82599556
D622C,0.7768518
D622G,0.8022466
D622H,0.78278977
D622I,0.8542973
D622K,0.7514646
D622L,0.86280674
D622M,0.825328
D622N,0.81273335
D622E,0.85692906
D622P,0.8259783
D622R,0.7334436
D622S,0.8254962
D622T,0.8326956
D622V,0.84745514
D622W,0.8062952
D622Y,0.8374741
D622Q,0.81024384
D622F,0.86339796
N623C,0.8162866
N623D,0.829794
N623Y,0.88582355
N623F,0.90360004
N623G,0.84389436
N623H,0.82833976
N623I,0.88942873
N623K,0.81448555
N623L,0.90819955
N623A,0.86155736
N623M,0.8854959
N623Q,0.8538782
N623R,0.7899362
N623S,0.8540015
N623T,0.86460793
N623V,0.878281
N623W,0.86128217
N623P,0.84544706
N623E,0.85645676
D624A,0.81522006
D624C,0.76984304
D624Y,0.831669
D624F,0.85234284
D624G,0.80874366
D624H,0.7753539
D624I,0.84643286
D624K,0.7362063
D624L,0.85388815
D624M,0.8019108
D624N,0.8095269
D624P,0.82536834
D624Q,0.80334556
D624R,0.7250798
D624S,0.82521474
D624T,0.8287533
D624V,0.8377699
D624W,0.7837263
D624E,0.8428228
F625A,0.7757213
F625Y,0.7849402
F625E,0.73425263
F625W,0.7781505
F625V,0.8258035
F625T,0.7687043
F625S,0.7494085
F625R,0.6734077
F625Q,0.7400783
F625D,0.702774
F625P,0.7384807
F625M,0.8161914
F625L,0.8542798
F625K,0.7031336
F625I,0.84879714
F625H,0.72363526
F625G,0.74194664
F625N,0.72240496
F625C,0.73946095
P626K,0.72200644
P626A,0.81613874
P626Y,0.8137195
P626W,0.78995943
P626V,0.8628094
P626T,0.81388026
P626S,0.8002292
P626R,0.6992198
P626Q,0.7587935
P626N,0.7554078
P626M,0.8126267
P626L,0.87440205
P626I,0.86990553
P626H,0.7468247
P626G,0.7760915
P626F,0.8444539
P626E,0.7711543
P626D,0.75334424
P626C,0.7503626
L627S,0.7053018
L627W,0.7336839
L627T,0.7179322
L627R,0.6246005
L627V,0.80348194
L627A,0.750142
L627C,0.66688067
L627D,0.6450178
L627E,0.6954906
L627F,0.78629446
L627Y,0.73259354
L627G,0.70679605
L627I,0.8091179
L627K,0.65468144
L627M,0.7508498
L627N,0.6568996
L627P,0.72061545
L627Q,0.6774121
L627H,0.6419799
D628E,0.84930974
D628C,0.7516284
D628G,0.793014
D628F,0.85213226
D628H,0.7740085
D628I,0.84253895
D628K,0.74326766
D628L,0.85599
D628M,0.81597316
D628N,0.7959626
D628P,0.8219374
D628Q,0.8060677
D628R,0.72946876
D628S,0.8203202
D628T,0.8241964
D628V,0.8384238
D628W,0.8049559
D628Y,0.830333
D628A,0.8192067
N629C,0.798014
N629F,0.8904544
N629G,0.83296824
N629H,0.8212234
N629I,0.8805931
N629K,0.8046581
N629L,0.89963317
N629Y,0.87604976
N629M,0.866717
N629Q,0.84986794
N629R,0.7829308
N629S,0.84384346
N629T,0.8548916
N629V,0.8702256
N629W,0.84716743
N629P,0.8357495
N629D,0.8212191
N629E,0.846637
N629A,0.85316944
C630D,0.7238303
C630A,0.80702066
C630E,0.7218921
C630F,0.8402201
C630G,0.76258975
C630I,0.83517724
C630K,0.70043296
C630L,0.82771355
C630M,0.83611846
C630H,0.7465878
C630P,0.7550811
C630Q,0.75853896
C630R,0.6781862
C630S,0.7881964
C630T,0.7971775
C630V,0.83267486
C630W,0.784927
C630N,0.74588776
C630Y,0.7870931
L631P,0.7267888
L631Q,0.6762738
L631R,0.6278572
L631Y,0.74098384
L631T,0.7344155
L631V,0.79732263
L631N,0.67205125
L631S,0.7156254
L631M,0.7407204
L631W,0.72609377
L631I,0.8087959
L631H,0.66073626
L631G,0.70843697
L631F,0.79299647
L631E,0.67721146
L631D,0.6475106
L631C,0.6893811
L631K,0.64399076
L631A,0.74542576
W632R,0.7023047
W632Q,0.7418848
W632P,0.7206859
W632N,0.71752757
W632M,0.7868404
W632L,0.80274415
W632K,0.71643966
W632F,0.81282204
W632H,0.73036516
W632G,0.70875967
W632S,0.7111478
W632E,0.7189692
W632D,0.6871001
W632C,0.70873106
W632A,0.72391355
W632I,0.78921354
W632T,0.7341845
W632V,0.7580106
W632Y,0.7965609
Q633A,0.833815
Q633Y,0.8504638
Q633W,0.83671075
Q633V,0.8578589
Q633T,0.83532417
Q633S,0.8212875
Q633R,0.76139015
Q633P,0.82514614
Q633N,0.8069241
Q633M,0.85109675
Q633K,0.78976476
Q633I,0.8599951
Q633H,0.79162854
Q633G,0.7960076
Q633F,0.86823356
Q633D,0.79266286
Q633C,0.7627809
Q633L,0.88672626
Q633E,0.8196165
V634W,0.7188988
V634A,0.78543234
V634D,0.663259
V634E,0.69857514
V634F,0.79136753
V634G,0.72301465
V634H,0.66530967
V634I,0.8166139
V634K,0.65459406
V634L,0.8323625
V634M,0.7788621
V634N,0.6775161
V634P,0.7319631
V634Q,0.6905562
V634R,0.6256192
V634S,0.7384915
V634T,0.75960165
V634C,0.7129202
V634Y,0.7316681
V635T,0.757012
V635Y,0.7406939
V635S,0.7378824
V635R,0.62945235
V635Q,0.68203443
V635P,0.75069094
V635N,0.6827697
V635M,0.77026707
V635L,0.8339872
V635K,0.6570022
V635I,0.81494343
V635H,0.6680758
V635G,0.7146343
V635F,0.79395473
V635E,0.6931199
V635D,0.6767103
V635C,0.707107
V635W,0.7224771
V635A,0.7755039
E636C,0.69490707
E636W,0.74122113
E636D,0.77359104
E636F,0.7778773
E636G,0.7425424
E636H,0.7200818
E636I,0.78652245
E636K,0.7239362
E636L,0.82833135
E636A,0.7708094
E636N,0.7646454
E636M,0.7642051
E636V,0.7924054
E636T,0.7668275
E636Y,0.76798654
E636R,0.70210135
E636Q,0.7660804
E636P,0.7693517
E636S,0.76326436
D637G,0.7731824
D637H,0.74567914
D637I,0.7875687
D637K,0.7470083
D637L,0.81384796
D637M,0.7731446
D637N,0.7800545
D637P,0.792716
D637R,0.72297096
D637S,0.79125404
D637V,0.7885812
D637W,0.74258864
D637Y,0.78414565
D637C,0.69568443
D637F,0.78746367
D637A,0.80072284
D637Q,0.7857048
D637T,0.7995382
D637E,0.83938694
T638W,0.78007835
T638Y,0.82568014
T638A,0.8411261
T638C,0.796882
T638D,0.74852914
T638E,0.7767199
T638G,0.7838256
T638H,0.75553364
T638I,0.8750105
T638F,0.86355996
T638L,0.8807146
T638K,0.7292119
T638S,0.80525565
T638R,0.70987755
T638Q,0.77349067
T638V,0.8690974
T638N,0.77314335
T638M,0.8351337
T638P,0.79797035
L639N,0.62233436
L639V,0.7764387
L639T,0.67675066
L639S,0.6550608
L639R,0.61699474
L639Q,0.6523604
L639P,0.6941507
L639M,0.7299175
L639A,0.7189933
L639I,0.7889374
L639H,0.60289806
L639G,0.6624705
L639F,0.7439895
L639E,0.66590863
L639D,0.5973361
L639C,0.63248485
L639W,0.699198
L639K,0.64529
L639Y,0.69353276
E640C,0.6907886
E640Y,0.7894712
E640W,0.7583328
E640V,0.80628407
E640T,0.7814272
E640S,0.77560496
E640R,0.7113163
E640P,0.78869337
E640N,0.76223487
E640M,0.74967986
E640Q,0.76003486
E640K,0.72787744
E640I,0.80533594
E640H,0.73118603
E640G,0.7470578
E640F,0.7987886
E640D,0.7752978
E640A,0.79784596
E640L,0.8361449
L641N,0.660111
L641V,0.79212815
L641T,0.7159257
L641S,0.70221895
L641R,0.643581
L641Q,0.6825827
L641P,0.6916076
L641A,0.75544906
L641C,0.6630645
L641K,0.6682394
L641I,0.80908024
L641H,0.65911937
L641G,0.69313824
L641F,0.7922395
L641E,0.69471693
L641D,0.6370795
L641Y,0.7491272
L641M,0.7454745
L641W,0.73817796
L642N,0.6082219
L642D,0.5829773
L642Y,0.69854265
L642W,0.6965218
L642V,0.75903594
L642T,0.66420174
L642S,0.65683806
L642R,0.59068716
L642C,0.63436407
L642Q,0.63858485
L642M,0.7146361
L642I,0.7770132
L642H,0.6054989
L642G,0.65391827
L642F,0.7491825
L642E,0.64824986
L642P,0.6778997
L642K,0.6141608
L642A,0.7066027
N643Y,0.85039663
N643C,0.7820797
N643D,0.79851687
N643E,0.8332798
N643F,0.86644393
N643G,0.8234347
N643H,0.79499775
N643I,0.8556015
N643A,0.84123456
N643K,0.80089307
N643M,0.8266085
N643P,0.82962424
N643Q,0.8366982
N643R,0.7780337
N643S,0.833061
N643T,0.8374457
N643V,0.8504479
N643W,0.8105053
N643L,0.8920947
R644W,0.8215066
R644Y,0.83106625
R644V,0.7962776
R644D,0.7358954
R644S,0.7727308
R644A,0.7714391
R644C,0.7098281
R644E,0.7807109
R644F,0.82778335
R644H,0.7920552
R644G,0.7373377
R644K,0.8278675
R644L,0.85572
R644M,0.8015593
R644N,0.7950623
R644P,0.7981989
R644Q,0.8143482
R644I,0.830797
R644T,0.7932271
P645G,0.7659426
P645I,0.87227124
P645H,0.75591
P645Y,0.8163997
P645E,0.7756612
P645A,0.82381403
P645C,0.75334626
P645F,0.8431242
P645L,0.8748095
P645K,0.7454125
P645N,0.7508365
P645M,0.8310687
P645W,0.8039299
P645V,0.85690296
P645T,0.80704606
P645D,0.73551255
P645R,0.7248228
P645Q,0.78092253
P645S,0.79241616
T646A,0.84531945
T646C,0.785841
T646D,0.7599762
T646E,0.786792
T646F,0.8694173
T646G,0.79097676
T646H,0.7606473
T646I,0.8850017
T646K,0.74519956
T646L,0.89163
T646N,0.77391803
T646Q,0.7981136
T646R,0.7211086
T646S,0.8220682
T646V,0.8789583
T646W,0.8088597
T646Y,0.81667775
T646M,0.8257651
T646P,0.8274454
Q647S,0.8293323
Q647W,0.8517298
Q647Y,0.8475074
Q647R,0.763851
Q647V,0.86881715
Q647P,0.830923
Q647N,0.80979097
Q647M,0.8363355
Q647L,0.89473236
Q647K,0.7843551
Q647I,0.8735116
Q647H,0.7837472
Q647G,0.80041206
Q647F,0.87699133
Q647E,0.8134268
Q647D,0.7872829
Q647C,0.7751079
Q647A,0.84031373
Q647T,0.844868
N648C,0.786832
N648Y,0.85200393
N648E,0.8323552
N648W,0.84059477
N648V,0.8721413
N648T,0.85485595
N648S,0.83645207
N648R,0.7816728
N648Q,0.85034496
N648A,0.85381293
N648P,0.831816
N648L,0.89648193
N648K,0.8052451
N648I,0.8792864
N648H,0.80119526
N648G,0.8228353
N648F,0.8750915
N648M,0.8678178
N648D,0.805869
A649C,0.75396734
A649E,0.74760085
A649D,0.7109149
A649F,0.8179737
A649G,0.7901807
A649H,0.7210177
A649I,0.8596889
A649K,0.7081361
A649L,0.8719845
A649M,0.7814936
A649P,0.79730576
A649Q,0.76160884
A649R,0.68255943
A649S,0.79638815
A649T,0.80308735
A649V,0.8548753
A649W,0.7531608
A649N,0.7377191
A649Y,0.7597036
R650W,0.833334
R650Y,0.82750165
R650S,0.7772152
R650Q,0.8241752
R650P,0.7988523
R650N,0.8037105
R650M,0.83006066
R650L,0.85128516
R650H,0.79352236
R650I,0.82515085
R650V,0.8036065
R650G,0.7497823
R650F,0.8344314
R650E,0.7853167
R650D,0.7464675
R650C,0.72584075
R650A,0.7785122
R650K,0.8350657
R650T,0.80191636
E651A,0.80344343
E651D,0.7707893
E651F,0.81886667
E651Y,0.78334
E651W,0.7718742
E651V,0.82712096
E651T,0.8023561
E651S,0.7924344
E651R,0.7159977
E651C,0.70628107
E651Q,0.77295697
E651N,0.7692262
E651M,0.77349657
E651L,0.8569999
E651I,0.83530784
E651H,0.72756505
E651G,0.767157
E651P,0.8051899
E651K,0.72889537
T652D,0.7444918
T652E,0.78662205
T652C,0.7457701
T652Y,0.75900054
T652W,0.75434285
T652V,0.86930937
T652S,0.8108542
T652R,0.7075746
T652Q,0.786873
T652A,0.842876
T652P,0.81591564
T652M,0.8179888
T652L,0.8760593
T652K,0.7422043
T652I,0.86224645
T652H,0.7186454
T652G,0.79015076
T652F,0.8175914
T652N,0.7602162
E653W,0.77457273
E653D,0.7735587
E653N,0.7683162
E653C,0.7262043
E653F,0.82361156
E653G,0.7698461
E653H,0.735867
E653I,0.8375024
E653K,0.7314216
E653L,0.8642133
E653M,0.79101044
E653P,0.81092215
E653Q,0.7783724
E653R,0.7140899
E653S,0.8006555
E653T,0.812637
E653V,0.8341106
E653Y,0.78633213
E653A,0.8138749
A654E,0.7379696
A654F,0.7810621
A654G,0.76854
A654Y,0.7152226
A654W,0.69870436
A654V,0.8398747
A654T,0.80143493
A654S,0.78628886
A654R,0.6713251
A654C,0.7349157
A654Q,0.7498567
A654N,0.7383436
A654M,0.78386444
A654L,0.8568626
A654K,0.7077109
A654I,0.8422712
A654H,0.70034665
A654P,0.7590721
A654D,0.6871541
P655C,0.7672087
P655Y,0.77287006
P655D,0.7365807
P655E,0.7757973
P655F,0.8270943
P655G,0.7713971
P655H,0.7475883
P655I,0.8577771
P655K,0.7469864
P655L,0.8698795
P655M,0.8076099
P655N,0.7582418
P655Q,0.78286797
P655R,0.720031
P655S,0.80374813
P655T,0.8126726
P655V,0.85972106
P655A,0.8281644
P655W,0.75932735
