id,DMS_score
0,0.54819846
1,0.5476898
2,0.46349686
3,0.6061412
4,0.60244185
5,0.53317815
6,0.60470843
7,0.56888807
8,0.56168294
9,0.5987592
10,0.5513879
11,0.6034258
12,0.62184215
13,0.5833045
14,0.5905789
15,0.48118562
16,0.5171452
17,0.56287307
18,0.59337026
19,0.6416655
20,0.56845087
21,0.54709285
22,0.5452085
23,0.6074774
24,0.61357975
25,0.6227602
26,0.52797556
27,0.5825914
28,0.556754
29,0.5879653
30,0.61163574
31,0.64228505
32,0.56202734
33,0.47358614
34,0.55806553
35,0.6266584
36,0.5877416
37,0.5383455
38,0.5464652
39,0.37645286
40,0.56375575
41,0.5081438
42,0.46740878
43,0.49625945
44,0.4960332
45,0.55092204
46,0.49809152
47,0.52991825
48,0.528891
49,0.4587736
50,0.49848205
51,0.5372783
52,0.51195204
53,0.57222104
54,0.5656101
55,0.5662702
56,0.55503356
57,0.5589736
58,0.56476563
59,0.5689236
60,0.59802985
61,0.6225927
62,0.62861025
63,0.598721
64,0.6306823
65,0.60640836
66,0.6170299
67,0.6266319
68,0.6239487
69,0.6063929
70,0.51413596
71,0.5624649
72,0.62206477
73,0.575941
74,0.54387534
75,0.4926777
76,0.4643727
77,0.46422493
78,0.38961315
79,0.47331876
80,0.52667826
81,0.47947937
82,0.43284163
83,0.4876384
84,0.4603176
85,0.49702847
86,0.50510037
87,0.48797452
88,0.5366796
89,0.50449157
90,0.54001445
91,0.49621326
92,0.49893367
93,0.45472673
94,0.5868831
95,0.56629914
96,0.5922553
97,0.6291367
98,0.64267296
99,0.59971935
100,0.62375027
101,0.6156116
102,0.5416382
103,0.60618657
104,0.61786896
105,0.5586506
106,0.5597115
107,0.6144496
108,0.57843906
109,0.47737217
110,0.5569905
111,0.5849978
112,0.55009204
113,0.5134997
114,0.52484804
115,0.5193821
116,0.52364844
117,0.58238
118,0.6155211
119,0.64563006
120,0.58683896
121,0.59320205
122,0.5379084
123,0.58616537
124,0.60840106
125,0.45563555
126,0.59410256
127,0.6051851
128,0.581678
129,0.5400801
130,0.55419123
131,0.5343663
132,0.5704715
133,0.546488
134,0.56974304
135,0.52646476
136,0.5755318
137,0.48913372
138,0.50910836
139,0.5248004
140,0.57698053
141,0.5507112
142,0.5974454
143,0.43944812
144,0.5550508
145,0.5633198
146,0.5167671
147,0.46225762
148,0.51009893
149,0.5026427
150,0.54208016
151,0.5533838
152,0.4229182
153,0.54106104
154,0.56501853
155,0.52140206
156,0.5224902
157,0.48653466
158,0.50851667
159,0.5326339
160,0.5664815
161,0.48796517
162,0.5511692
163,0.60665345
164,0.5323097
165,0.54718727
166,0.5660961
167,0.5137415
168,0.54052556
169,0.46170342
170,0.4979601
171,0.53731483
172,0.48879093
173,0.4138006
174,0.4590506
175,0.5209073
176,0.5385206
177,0.45969588
178,0.4416629
179,0.53347665
180,0.50882906
181,0.47648257
182,0.5716671
183,0.5147382
184,0.5581045
185,0.5300229
186,0.5169058
187,0.50539327
188,0.5199466
189,0.54738617
190,0.58032835
191,0.45526457
192,0.5967115
193,0.61762035
194,0.5710414
195,0.5272441
196,0.57388836
197,0.5274473
198,0.52569586
199,0.59438133
200,0.5141881
201,0.61939406
202,0.61082935
203,0.6529995
204,0.6240592
205,0.6151533
206,0.53633934
207,0.53031135
208,0.5935184
209,0.44336987
210,0.4976061
211,0.51885724
212,0.47034085
213,0.51829386
214,0.47015536
215,0.46429026
216,0.5146859
217,0.5335417
218,0.51145995
219,0.5051214
220,0.5601908
221,0.54151505
222,0.49912977
223,0.4682179
224,0.43089467
225,0.48159796
226,0.4750607
227,0.38537735
228,0.59677595
229,0.5993718
230,0.5991641
231,0.66094655
232,0.55015755
233,0.61074907
234,0.63160545
235,0.65106684
236,0.611321
237,0.6298648
238,0.6293521
239,0.6108387
240,0.63289523
241,0.61457175
242,0.6332976
243,0.65930074
244,0.6498244
245,0.6271718
246,0.63016266
247,0.5388089
248,0.47399068
249,0.51921165
250,0.52934384
251,0.46097487
252,0.46369022
253,0.5216007
254,0.504958
255,0.42036885
256,0.5526859
257,0.5177457
258,0.5913463
259,0.5411623
260,0.515852
261,0.5253572
262,0.49556243
263,0.5159797
264,0.4721809
265,0.49352443
266,0.38166225
267,0.5239564
268,0.48856348
269,0.5190439
270,0.44617426
271,0.47193396
272,0.57851845
273,0.4966371
274,0.4716723
275,0.48333794
276,0.57302
277,0.52755713
278,0.5206762
279,0.4408964
280,0.5887246
281,0.57520324
282,0.5515271
283,0.5768398
284,0.451895
285,0.5723355
286,0.58365613
287,0.5188276
288,0.5189507
289,0.5165947
290,0.583752
291,0.5700615
292,0.63472444
293,0.60353994
294,0.547934
295,0.628699
296,0.5738707
297,0.52563643
298,0.43689305
299,0.5298429
300,0.57614297
301,0.47755992
302,0.5318743
303,0.57084304
304,0.53586966
305,0.48963797
306,0.52746236
307,0.47922385
308,0.54838896
309,0.54880947
310,0.51582104
311,0.5561181
312,0.5181421
313,0.4364804
314,0.50263244
315,0.56121206
316,0.471761
317,0.5189682
318,0.4103458
319,0.46349597
320,0.5213947
321,0.5249344
322,0.44586146
323,0.56903803
324,0.5991465
325,0.6001295
326,0.57500434
327,0.53087246
328,0.58183396
329,0.57491225
330,0.5418499
331,0.5552501
332,0.5969398
333,0.5820965
334,0.606964
335,0.66275287
336,0.6073927
337,0.6358142
338,0.63886297
339,0.5342094
340,0.5884943
341,0.55125487
342,0.5134147
343,0.45671147
344,0.52206296
345,0.46453804
346,0.49033922
347,0.48927277
348,0.39671302
349,0.42301285
350,0.5027831
351,0.44313538
352,0.5194689
353,0.5148259
354,0.3940689
355,0.51244724
356,0.43146884
357,0.41802382
358,0.4620636
359,0.4563431
360,0.5068978
361,0.49403125
362,0.4993959
363,0.392088
364,0.47335505
365,0.5155442
366,0.44034827
367,0.47346866
368,0.39106238
369,0.42724884
370,0.41748857
371,0.46172023
372,0.49320126
373,0.40895605
374,0.47828382
375,0.5547007
376,0.4722702
377,0.5218771
378,0.4522285
379,0.40270054
380,0.56850874
381,0.4996028
382,0.5323157
383,0.5350384
384,0.53038216
385,0.56213444
386,0.6405587
387,0.56165344
388,0.58562905
389,0.48641968
390,0.578547
391,0.52580696
392,0.5206996
393,0.49588752
394,0.5503617
395,0.55441934
396,0.55728436
397,0.48219746
398,0.52079797
399,0.4262672
400,0.38669157
401,0.5102573
402,0.4908203
403,0.53060853
404,0.4499445
405,0.498411
406,0.41122508
407,0.4164307
408,0.4952873
409,0.41897535
410,0.49618775
411,0.45031357
412,0.5304804
413,0.475129
414,0.48943043
415,0.52784765
416,0.48462766
417,0.51285887
418,0.512326
419,0.505018
420,0.44605583
421,0.5752569
422,0.5323458
423,0.5030206
424,0.49481797
425,0.526299
426,0.5493068
427,0.4584245
428,0.54621804
429,0.5539393
430,0.5731773
431,0.5964983
432,0.5524159
433,0.5160768
434,0.4961586
435,0.55017596
436,0.5338349
437,0.4462906
438,0.42696
439,0.501385
440,0.5074415
441,0.44253182
442,0.500438
443,0.43774325
444,0.4740575
445,0.5112428
446,0.48694903
447,0.4819637
448,0.504443
449,0.45639575
450,0.49828523
451,0.5251931
452,0.4458809
453,0.4235469
454,0.40531123
455,0.38044006
456,0.51990116
457,0.47165638
458,0.3499812
459,0.3971219
460,0.4085139
461,0.42702293
462,0.49815542
463,0.42239654
464,0.4639126
465,0.5232595
466,0.4885372
467,0.38778985
468,0.4847316
469,0.45469463
470,0.40282476
471,0.3755784
472,0.4912455
473,0.4937687
474,0.44361538
475,0.47032663
476,0.51006794
477,0.53232825
478,0.54798895
479,0.49986875
480,0.4879961
481,0.548527
482,0.50631624
483,0.449921
484,0.56306905
485,0.65280014
486,0.5421555
487,0.5225813
488,0.49717468
489,0.4952673
490,0.55926764
491,0.55730987
492,0.55101776
493,0.48909175
494,0.51129675
495,0.52307785
496,0.42249256
497,0.60118186
498,0.46742278
499,0.5080729
500,0.44411904
501,0.5142415
502,0.49011064
503,0.4333613
504,0.47462583
505,0.57648355
506,0.5303226
507,0.5597448
508,0.5924214
509,0.54902095
510,0.46344084
511,0.44192564
512,0.54707664
513,0.3846662
514,0.4888388
515,0.4297322
516,0.47778863
517,0.47488904
518,0.34064394
519,0.42095202
520,0.48155367
521,0.41942734
522,0.4858973
523,0.36587012
524,0.37744403
525,0.4196319
526,0.50090003
527,0.41881466
528,0.43515563
529,0.5044592
530,0.46932304
531,0.46513486
532,0.36113167
533,0.43026435
534,0.5011421
535,0.47241318
536,0.4501046
537,0.5179411
538,0.4398175
539,0.4857902
540,0.433913
541,0.4208306
542,0.37886894
543,0.4633718
544,0.39394987
545,0.5014878
546,0.46188653
547,0.33470047
548,0.46738726
549,0.44402874
550,0.41045797
551,0.3859508
552,0.4001491
553,0.42440432
554,0.33275044
555,0.4430837
556,0.41266453
557,0.39848304
558,0.3869391
559,0.49032032
560,0.44337714
561,0.40077096
562,0.4012689
563,0.4111594
564,0.47546428
565,0.4381814
566,0.44529688
567,0.4205625
568,0.38919777
569,0.35740715
570,0.62155867
571,0.534204
572,0.5544989
573,0.60117924
574,0.60542816
575,0.60663646
576,0.5791108
577,0.56264037
578,0.56398124
579,0.5810633
580,0.5738554
581,0.5437824
582,0.531459
583,0.5133374
584,0.5600776
585,0.5532084
586,0.5772264
587,0.51687187
588,0.5794062
589,0.42582262
590,0.43600845
591,0.41414422
592,0.50172615
593,0.47867996
594,0.54151726
595,0.4946853
596,0.380023
597,0.48796028
598,0.46148264
599,0.5106238
600,0.4112922
601,0.4438218
602,0.49343365
603,0.4567274
604,0.36598033
605,0.4873159
606,0.4922347
607,0.42950445
608,0.483055
609,0.509497
610,0.50563836
611,0.4257661
612,0.56103015
613,0.5066195
614,0.5690753
615,0.44106746
616,0.5718857
617,0.5139268
618,0.47966015
619,0.5051069
620,0.4474355
621,0.4658327
622,0.5203094
623,0.52975386
624,0.4946202
625,0.51966065
626,0.599883
627,0.4769075
628,0.44720566
629,0.49239194
630,0.43071502
631,0.42965865
632,0.3906474
633,0.40939116
634,0.47440255
635,0.4290257
636,0.4140784
637,0.4573034
638,0.51505506
639,0.49233186
640,0.4535011
641,0.42767465
642,0.444241
643,0.3443811
644,0.48310667
645,0.43433833
646,0.60887265
647,0.49954796
648,0.558093
649,0.6018815
650,0.5116751
651,0.59352154
652,0.5926196
653,0.608712
654,0.5911926
655,0.6531376
656,0.63228464
657,0.5301445
658,0.6054561
659,0.5675044
660,0.53832567
661,0.5557531
662,0.5955695
663,0.5628533
664,0.55689347
665,0.50907665
666,0.47058433
667,0.5643432
668,0.4662223
669,0.551046
670,0.42051178
671,0.48368663
672,0.52587736
673,0.5078683
674,0.4253465
675,0.545776
676,0.45984232
677,0.41410065
678,0.38989908
679,0.4603334
680,0.5338782
681,0.46961558
682,0.43937737
683,0.5101352
684,0.42901713
685,0.39140457
686,0.48575646
687,0.5195657
688,0.4533078
689,0.4948346
690,0.5351716
691,0.59135026
692,0.5553442
693,0.59956175
694,0.55724776
695,0.5371604
696,0.55666816
697,0.49683064
698,0.51350796
699,0.478006
700,0.50536263
701,0.585374
702,0.531515
703,0.37481755
704,0.4311545
705,0.43844432
706,0.4396386
707,0.45314705
708,0.52392983
709,0.45140368
710,0.40020162
711,0.3079064
712,0.48098767
713,0.41566545
714,0.40488565
715,0.40912557
716,0.43384743
717,0.46989185
718,0.4139166
719,0.49318552
720,0.43388176
721,0.43951988
722,0.4507534
723,0.5542363
724,0.49289215
725,0.5121535
726,0.49518698
727,0.35883284
728,0.527338
729,0.49257028
730,0.5438499
731,0.50175923
732,0.46149403
733,0.5692389
734,0.5248718
735,0.42378116
736,0.51206774
737,0.5877575
738,0.47049987
739,0.5265687
740,0.5998817
741,0.43037176
742,0.37016273
743,0.44095063
744,0.534702
745,0.38923252
746,0.4225462
747,0.37583336
748,0.4538989
749,0.39679974
750,0.40288204
751,0.45591098
752,0.37670106
753,0.2875864
754,0.40425146
755,0.41312444
756,0.41026527
757,0.3892504
758,0.39886618
759,0.45785755
760,0.5744799
761,0.51025873
762,0.6614539
763,0.5187934
764,0.60663486
765,0.5812228
766,0.58089805
767,0.5305973
768,0.5298951
769,0.5567067
770,0.6253289
771,0.51799905
772,0.56275845
773,0.5599271
774,0.49387336
775,0.41476822
776,0.49510854
777,0.52302384
778,0.48532614
779,0.5186183
780,0.56008667
781,0.46569198
782,0.3931275
783,0.53347015
784,0.55205137
785,0.51446736
786,0.5118038
787,0.58201885
788,0.50106525
789,0.4616633
790,0.58424085
791,0.552203
792,0.5715468
793,0.5380173
794,0.5062797
795,0.50275046
796,0.54460245
797,0.5044268
798,0.34188682
799,0.42140776
800,0.4374094
801,0.34052557
802,0.4653193
803,0.48662522
804,0.41003084
805,0.3888917
806,0.48182553
807,0.3502369
808,0.37927592
809,0.38037187
810,0.37855148
811,0.3794068
812,0.35104477
813,0.28740168
814,0.38857245
815,0.3545655
816,0.4108041
817,0.29940605
818,0.23242986
819,0.51823795
820,0.19365048
821,0.22525185
822,0.5945275
823,0.24190736
824,0.4550177
825,0.21015763
826,0.3057987
827,0.21903253
828,0.24292272
829,0.22282565
830,0.2961825
831,0.30040002
832,0.30331373
833,0.2421298
834,0.28289342
835,0.4403718
836,0.4190538
837,0.41360986
838,0.46426255
839,0.45489284
840,0.44132948
841,0.46893907
842,0.39327085
843,0.39622158
844,0.42246222
845,0.43863583
846,0.4927343
847,0.4540393
848,0.39897752
849,0.4236859
850,0.38686115
851,0.41040397
852,0.33736408
853,0.3643641
854,0.43382263
855,0.5247638
856,0.45435947
857,0.48093742
858,0.4511304
859,0.42247486
860,0.5203743
861,0.53648424
862,0.52341425
863,0.40145737
864,0.56460476
865,0.4598518
866,0.4200883
867,0.44098943
868,0.47145033
869,0.5392082
870,0.4867506
871,0.44824648
872,0.34987783
873,0.37893945
874,0.3404193
875,0.36964464
876,0.3667845
877,0.3903638
878,0.59890485
879,0.41472977
880,0.32282782
881,0.4164242
882,0.4202994
883,0.38235188
884,0.34646207
885,0.32116836
886,0.3375942
887,0.43628764
888,0.33137405
889,0.25611657
890,0.38255757
891,0.393637
892,0.37541258
893,0.47226465
894,0.35559887
895,0.38767827
896,0.3424272
897,0.37633467
898,0.23891854
899,0.3575902
900,0.37914163
901,0.365211
902,0.43747014
903,0.5230257
904,0.29390842
905,0.35523343
906,0.41848093
907,0.32275862
908,0.2471388
909,0.40347362
910,0.3701716
911,0.38293004
912,0.40504557
913,0.33244205
914,0.252842
915,0.3186761
916,0.44649613
917,0.3115371
918,0.36440748
919,0.32108146
920,0.5453292
921,0.29886293
922,0.34107077
923,0.3126496
924,0.39908534
925,0.37243158
926,0.40000516
927,0.3315174
928,0.506868
929,0.26452595
930,0.3616566
931,0.42440674
932,0.36098778
933,0.3373505
934,0.38484722
935,0.33033466
936,0.40698266
937,0.42949665
938,0.5648368
939,0.413513
940,0.29706115
941,0.44809568
942,0.41513693
943,0.26001656
944,0.43006164
945,0.35130316
946,0.38066435
947,0.45377958
948,0.38720077
949,0.41888487
950,0.3113945
951,0.25131494
952,0.21399766
953,0.251383
954,0.40223366
955,0.18374687
956,0.24847627
957,0.3412223
958,0.5054282
959,0.2174226
960,0.3844207
961,0.23762804
962,0.2900399
963,0.44851995
964,0.35034394
965,0.3471855
966,0.20368779
967,0.31581962
968,0.5331472
969,0.4471376
970,0.30521882
971,0.28663933
972,0.33646262
973,0.42044502
974,0.47272968
975,0.21457589
976,0.49494785
977,0.28293347
978,0.3318537
979,0.48982596
980,0.33961523
981,0.30217183
982,0.45047754
983,0.30498946
984,0.40287018
985,0.2829908
986,0.29206634
987,0.38219595
988,0.44844353
989,0.3760687
990,0.41074288
991,0.5607731
992,0.5313816
993,0.5810199
994,0.53004086
995,0.3400048
996,0.46027339
997,0.4298315
998,0.3308667
999,0.5460243
1000,0.34379923
1001,0.35481215
1002,0.49130923
1003,0.5758617
1004,0.32952785
1005,0.40174174
1006,0.36893034
1007,0.26298463
1008,0.3337853
1009,0.37860477
1010,0.4108721
1011,0.2723475
1012,0.31901228
1013,0.24958426
1014,0.4108714
1015,0.27449286
1016,0.2535057
1017,0.36970127
1018,0.4751593
1019,0.36391544
1020,0.39957374
1021,0.41738528
1022,0.35940677
1023,0.26653248
1024,0.29129595
1025,0.30566907
1026,0.2884518
1027,0.41827458
1028,0.45543754
1029,0.54632205
1030,0.35015678
1031,0.43204403
1032,0.27405596
1033,0.32318354
1034,0.5125304
1035,0.3692237
1036,0.46848643
1037,0.25144494
1038,0.6491487
1039,0.24106884
1040,0.34858823
1041,0.25022024
1042,0.37224466
1043,0.30039704
1044,0.27792752
1045,0.41962904
1046,0.3379594
1047,0.32639223
1048,0.39048618
1049,0.40398943
1050,0.49403608
1051,0.5069823
1052,0.40187693
1053,0.30789167
1054,0.59917337
1055,0.3049075
1056,0.33983988
1057,0.29275858
1058,0.3309278
1059,0.36964625
1060,0.35314685
1061,0.312001
1062,0.48122764
1063,0.43491715
1064,0.23685604
1065,0.3098665
1066,0.60040796
1067,0.35839558
1068,0.3110162
1069,0.2598297
1070,0.2096008
1071,0.21972424
1072,0.19753784
1073,0.32505286
1074,0.3499732
1075,0.18621045
1076,0.33040273
1077,0.34211951
1078,0.23924786
1079,0.5866988
1080,0.20166415
1081,0.19518346
1082,0.32219887
1083,0.59224665
1084,0.24843878
1085,0.33793986
1086,0.22617936
1087,0.23530626
1088,0.31915846
1089,0.30839512
1090,0.21354854
1091,0.29330605
1092,0.40015566
1093,0.2805605
1094,0.3968979
1095,0.31711352
1096,0.25907004
1097,0.26081514
1098,0.26004332
1099,0.2817071
1100,0.42894912
1101,0.23495445
1102,0.29106
1103,0.35116714
1104,0.3271231
1105,0.37760395
1106,0.30995196
1107,0.37748787
1108,0.34996346
1109,0.29515004
1110,0.3543057
1111,0.3036677
1112,0.31094158
1113,0.36348456
1114,0.35925597
1115,0.35832936
1116,0.35064405
1117,0.44481385
1118,0.34812057
1119,0.39628685
1120,0.38924602
1121,0.69843084
1122,0.3542992
1123,0.33400244
1124,0.21590316
1125,0.26981103
1126,0.4810561
1127,0.2697152
1128,0.6814842
1129,0.2766782
1130,0.31618232
1131,0.2899338
1132,0.34288812
1133,0.31675017
1134,0.25035214
1135,0.2951901
1136,0.42035985
1137,0.34950018
1138,0.43997443
1139,0.28188008
1140,0.34277335
1141,0.3504928
1142,0.30679277
1143,0.34998548
1144,0.30655536
1145,0.3167973
1146,0.31748173
1147,0.3652261
1148,0.37017202
1149,0.3127574
1150,0.32417473
1151,0.27781057
1152,0.3678315
1153,0.269415
1154,0.33528978
1155,0.27744156
1156,0.35619807
1157,0.33348644
1158,0.35826567
1159,0.18683684
1160,0.25773734
1161,0.47749084
1162,0.31534785
1163,0.17570421
1164,0.25666225
1165,0.24710965
1166,0.24466598
1167,0.3443846
1168,0.19566357
1169,0.24706823
1170,0.2084539
1171,0.26249915
1172,0.20597333
1173,0.39062905
1174,0.296767
1175,0.51135594
1176,0.24796921
1177,0.4307636
1178,0.34002286
1179,0.30108202
1180,0.37946957
1181,0.36616823
1182,0.36593226
1183,0.3127994
1184,0.34041765
1185,0.32634065
1186,0.37379295
1187,0.36446738
1188,0.35712224
1189,0.3083002
1190,0.35106152
1191,0.3588652
1192,0.27886683
1193,0.36264855
1194,0.44027746
1195,0.348799
1196,0.38938504
1197,0.3897369
1198,0.38732052
1199,0.3264135
1200,0.35362375
1201,0.30210003
1202,0.36380243
1203,0.31178904
1204,0.31981206
1205,0.3714845
1206,0.36161488
1207,0.37016612
1208,0.33625406
1209,0.33696514
1210,0.38056803
1211,0.36860096
1212,0.29648176
1213,0.30071235
1214,0.30806634
1215,0.32526216
1216,0.30847102
1217,0.37158465
1218,0.38205907
1219,0.3009733
1220,0.3403728
1221,0.3461035
1222,0.35931528
1223,0.36456192
1224,0.35586154
1225,0.31207472
1226,0.40789217
1227,0.3201583
1228,0.39570466
1229,0.32815135
1230,0.34791243
1231,0.3455509
1232,0.30352312
1233,0.3518783
1234,0.30079156
1235,0.7115687
1236,0.2915665
1237,0.36155868
1238,0.28551626
1239,0.2530958
1240,0.37487513
1241,0.2883829
1242,0.3213217
1243,0.3339305
1244,0.44928682
1245,0.32747006
1246,0.32695395
1247,0.32718188
1248,0.2763425
1249,0.2603992
1250,0.30284056
1251,0.42805767
1252,0.29686803
1253,0.31461024
1254,0.35431296
1255,0.32426715
1256,0.38867825
1257,0.36622506
1258,0.30611384
1259,0.2906114
1260,0.3124537
1261,0.33247018
1262,0.33311534
1263,0.3169152
1264,0.44342417
1265,0.34181896
1266,0.33519852
1267,0.54947567
1268,0.37177253
1269,0.34221292
1270,0.3395024
1271,0.33308828
1272,0.3299269
1273,0.44989502
1274,0.31775117
1275,0.5119263
1276,0.46759057
1277,0.577526
1278,0.47688222
1279,0.47535014
1280,0.56956315
1281,0.6008792
1282,0.39242887
1283,0.6568448
1284,0.65171766
1285,0.44525158
1286,0.5477043
1287,0.45214975
1288,0.41241932
1289,0.51806855
1290,0.5315719
1291,0.37666523
1292,0.40196967
1293,0.49828833
1294,0.292305
1295,0.47632027
1296,0.30169368
1297,0.48049778
1298,0.27158892
1299,0.31111228
1300,0.35832047
1301,0.20265508
1302,0.53644055
1303,0.3585739
1304,0.32086515
1305,0.35004568
1306,0.34797418
1307,0.68808466
1308,0.33808768
1309,0.2855968
1310,0.37597513
1311,0.35631835
1312,0.33368236
1313,0.39420778
1314,0.3451692
1315,0.30357265
1316,0.32404536
1317,0.36487043
1318,0.3399806
1319,0.366714
1320,0.3121119
1321,0.31635934
1322,0.3357321
1323,0.30676985
1324,0.3474794
1325,0.3834337
1326,0.38521248
1327,0.3162595
1328,0.4468783
1329,0.31887233
1330,0.32708895
1331,0.28055
1332,0.44185996
1333,0.30314445
1334,0.65947855
1335,0.3900063
1336,0.5114734
1337,0.6092367
1338,0.28623223
1339,0.47309268
1340,0.62023866
1341,0.26645207
1342,0.6357774
1343,0.29584956
1344,0.297341
1345,0.60286677
1346,0.30506712
1347,0.3033607
1348,0.60228556
1349,0.53638613
1350,0.30964172
1351,0.38345075
1352,0.5967058
1353,0.6407794
1354,0.5279228
1355,0.48755312
1356,0.44522202
1357,0.3348593
1358,0.58066326
1359,0.38478136
1360,0.30051827
1361,0.35874748
1362,0.50555414
1363,0.5984118
1364,0.41445595
1365,0.4836675
1366,0.42638123
1367,0.46068037
1368,0.41650945
1369,0.4686169
1370,0.34536493
1371,0.39024782
1372,0.3928917
1373,0.41353214
1374,0.301534
1375,0.30162406
1376,0.29195213
1377,0.4123596
1378,0.36676455
1379,0.37653947
1380,0.3040539
1381,0.41020334
1382,0.42922622
1383,0.38011032
1384,0.28683043
1385,0.34572732
1386,0.29616374
1387,0.342902
1388,0.32751602
1389,0.3802364
1390,0.2157147
1391,0.28080308
1392,0.65239775
1393,0.28311104
1394,0.5008437
1395,0.26956427
1396,0.3009209
1397,0.28417122
1398,0.28377724
1399,0.2484411
1400,0.30914497
1401,0.5431611
1402,0.28371364
1403,0.33425152
1404,0.25358438
1405,0.32690966
1406,0.3699541
1407,0.67649984
1408,0.42623258
1409,0.55564904
1410,0.34506285
1411,0.34236336
1412,0.3141247
1413,0.31702375
1414,0.31586123
1415,0.2902708
1416,0.6414153
1417,0.30570424
1418,0.69962835
1419,0.3042968
1420,0.32135046
1421,0.32856154
1422,0.2942406
1423,0.7434851
1424,0.24127024
1425,0.4610616
1426,0.3703115
1427,0.31151056
1428,0.56253695
1429,0.67064774
1430,0.60745203
1431,0.30543602
1432,0.66133255
1433,0.4186586
1434,0.63581395
1435,0.30614328
1436,0.556443
1437,0.44411933
1438,0.35101628
1439,0.48719215
1440,0.4468528
1441,0.41940904
1442,0.4987896
1443,0.4528947
1444,0.30391872
1445,0.30482918
1446,0.38890558
1447,0.39051488
1448,0.32208884
1449,0.27790183
1450,0.37157676
1451,0.29901066
1452,0.29097426
1453,0.40837395
1454,0.34371856
1455,0.34083116
1456,0.36806294
1457,0.47161275
1458,0.344709
1459,0.37973183
1460,0.3208357
1461,0.31912392
1462,0.414645
1463,0.4099074
1464,0.3754961
1465,0.29879278
1466,0.3612619
1467,0.6169131
1468,0.34572226
1469,0.63502425
1470,0.34003603
1471,0.35446167
1472,0.3466066
1473,0.32526517
1474,0.3858394
1475,0.53214425
1476,0.48013783
1477,0.6338213
1478,0.35477257
1479,0.3847441
1480,0.36285496
1481,0.5041721
1482,0.2752185
1483,0.19972873
1484,0.7189107
1485,0.23217613
1486,0.33765268
1487,0.35599923
1488,0.21821326
1489,0.39734346
1490,0.22344911
1491,0.4567412
1492,0.2862407
1493,0.47366935
1494,0.36499637
1495,0.3822618
1496,0.29538822
1497,0.21665102
1498,0.28169668
1499,0.22017461
1500,0.29608756
1501,0.32818466
1502,0.3386746
1503,0.34445953
1504,0.26320922
1505,0.33631504
1506,0.40230566
1507,0.30084717
1508,0.27429184
1509,0.3782587
1510,0.62205523
1511,0.34997368
1512,0.35773098
1513,0.36072522
1514,0.31280088
1515,0.4506415
1516,0.34096134
1517,0.35394704
1518,0.31847167
1519,0.38022888
1520,0.29999316
1521,0.28085846
1522,0.3735618
1523,0.36140788
1524,0.2577927
1525,0.31303543
1526,0.5208142
1527,0.31495798
1528,0.4262489
1529,0.32380742
1530,0.4352963
1531,0.32179433
1532,0.30198753
1533,0.36829698
1534,0.31883764
1535,0.3498354
1536,0.35428518
1537,0.37257934
1538,0.7350888
1539,0.34835148
1540,0.3644321
1541,0.34179395
1542,0.40379572
1543,0.4754628
1544,0.7065928
1545,0.36362302
1546,0.36089736
1547,0.3430369
1548,0.34872556
1549,0.40051377
1550,0.35360533
1551,0.31726474
1552,0.38178575
1553,0.31928253
1554,0.32858968
1555,0.38507473
1556,0.35293818
1557,0.43043792
1558,0.43429804
1559,0.43752193
1560,0.53518283
1561,0.42693532
1562,0.43206465
1563,0.44183195
1564,0.49780774
1565,0.5790974
1566,0.57393074
1567,0.4374187
1568,0.46114612
1569,0.41844153
1570,0.5624922
1571,0.56374574
1572,0.4888836
1573,0.56325203
1574,0.56259996
1575,0.4554484
1576,0.5973813
1577,0.45105886
1578,0.59280604
1579,0.46507347
1580,0.5104657
1581,0.4471321
1582,0.48664844
1583,0.40715778
1584,0.30981922
1585,0.49778402
1586,0.43367755
1587,0.37635577
1588,0.4708627
1589,0.5228044
1590,0.56172615
1591,0.41680253
1592,0.3789549
1593,0.46334815
1594,0.587274
1595,0.5652157
1596,0.36186457
1597,0.31592894
1598,0.33067083
1599,0.2810458
1600,0.3869655
1601,0.31293488
1602,0.3837452
1603,0.50781953
1604,0.36504412
1605,0.4313184
1606,0.3615995
1607,0.32491118
1608,0.30933827
1609,0.35077667
1610,0.34531754
1611,0.32731414
1612,0.37381995
1613,0.32228172
1614,0.65777695
1615,0.36874962
1616,0.48705703
1617,0.6132011
1618,0.31491953
1619,0.3107949
1620,0.28345382
1621,0.28020364
1622,0.29285043
1623,0.6524682
1624,0.53104025
1625,0.26789242
1626,0.29997134
1627,0.28697968
1628,0.29670614
1629,0.31850028
1630,0.4798212
1631,0.71546125
1632,0.3363316
1633,0.49838006
1634,0.32475385
1635,0.33181685
1636,0.29968947
1637,0.39655292
1638,0.38496995
1639,0.3529453
1640,0.37695396
1641,0.47260833
1642,0.32994276
1643,0.37198746
1644,0.30946577
1645,0.33859795
1646,0.30247194
1647,0.338487
1648,0.40431345
1649,0.29531348
1650,0.29571387
1651,0.37732112
1652,0.35711515
1653,0.36431724
1654,0.35998297
1655,0.32167125
1656,0.3385895
1657,0.35144848
1658,0.36360973
1659,0.40564698
1660,0.4286796
1661,0.51007193
1662,0.33856463
1663,0.3247143
1664,0.33846134
1665,0.28546804
1666,0.3796997
1667,0.37645966
1668,0.3856706
1669,0.45732653
1670,0.5069418
1671,0.6580821
1672,0.39939553
1673,0.43013138
1674,0.39642704
1675,0.36937296
1676,0.5045813
1677,0.34539527
1678,0.3450721
1679,0.3800621
1680,0.33401537
1681,0.384928
1682,0.32833374
1683,0.42666787
1684,0.35557726
1685,0.43667942
1686,0.37944385
1687,0.353419
1688,0.35109243
1689,0.38920426
1690,0.41379428
1691,0.3354534
1692,0.346748
1693,0.35301712
1694,0.39474714
1695,0.34136862
1696,0.40349036
1697,0.28938353
1698,0.3106792
1699,0.32014814
1700,0.31950608
1701,0.32096523
1702,0.36450088
1703,0.37095374
1704,0.33391395
1705,0.32621992
1706,0.3251422
1707,0.335684
1708,0.47114885
1709,0.28335914
1710,0.28710616
1711,0.33386916
1712,0.3334446
1713,0.59500265
1714,0.35792488
1715,0.5732406
1716,0.31183183
1717,0.2967602
1718,0.31859362
1719,0.44683558
1720,0.3803079
1721,0.36039078
1722,0.31144935
1723,0.39061877
1724,0.2750771
1725,0.3852113
1726,0.27773774
1727,0.30440575
1728,0.37708545
1729,0.3360095
1730,0.45351076
1731,0.39443582
1732,0.38929844
1733,0.3065946
1734,0.38619357
1735,0.32965523
1736,0.30732155
1737,0.31307328
1738,0.34855157
1739,0.34403855
1740,0.3775124
1741,0.40546602
1742,0.36020136
1743,0.3252489
1744,0.332932
1745,0.29619944
1746,0.31687206
1747,0.32140446
1748,0.29882884
1749,0.61271477
1750,0.47320402
1751,0.45405364
1752,0.31971884
1753,0.34594488
1754,0.3925985
1755,0.5330745
1756,0.5802307
1757,0.2726215
1758,0.5072942
1759,0.28029096
1760,0.4477259
1761,0.37206542
1762,0.4103415
1763,0.3397014
1764,0.30798113
1765,0.38862622
1766,0.48445582
1767,0.31321025
1768,0.2909881
1769,0.324664
1770,0.29324293
1771,0.31307465
1772,0.3351162
1773,0.30743337
1774,0.39334792
1775,0.40170407
1776,0.3421499
1777,0.31630516
1778,0.39235032
1779,0.34013444
1780,0.3017732
1781,0.3019619
1782,0.37165648
1783,0.40153098
1784,0.39074838
1785,0.31983936
1786,0.6359204
1787,0.24197924
1788,0.3218494
1789,0.3121391
1790,0.25263894
1791,0.3091768
1792,0.28063035
1793,0.277421
1794,0.32805997
1795,0.47243267
1796,0.35116595
1797,0.38485795
1798,0.3011542
1799,0.39129496
1800,0.33554542
1801,0.268633
1802,0.25600523
1803,0.22295469
1804,0.2754898
1805,0.31832612
1806,0.39841777
1807,0.39956313
1808,0.29985398
1809,0.3729642
1810,0.32284498
1811,0.3010443
1812,0.32678193
1813,0.32400537
1814,0.30223387
1815,0.3423903
1816,0.35538936
1817,0.30661643
1818,0.39380908
1819,0.36575645
1820,0.33198678
1821,0.29564452
1822,0.420313
1823,0.3225314
1824,0.57533
1825,0.38151276
1826,0.527164
1827,0.50931907
1828,0.45662475
1829,0.45017362
1830,0.49762338
1831,0.49171543
1832,0.4266715
1833,0.3995998
1834,0.45845807
1835,0.5487127
1836,0.4369582
1837,0.43869865
1838,0.586562
1839,0.48735738
1840,0.52993745
1841,0.4724536
1842,0.64989364
1843,0.38083065
1844,0.50295985
1845,0.37556207
1846,0.49177492
1847,0.37384903
1848,0.37431848
1849,0.42352808
1850,0.42254102
1851,0.5948447
1852,0.3856728
1853,0.5628944
1854,0.44332278
1855,0.39141464
1856,0.5406502
1857,0.4082924
1858,0.34864986
1859,0.39532137
1860,0.50962234
1861,0.49030423
1862,0.2803923
1863,0.41890043
1864,0.32905185
1865,0.65331703
1866,0.35340476
1867,0.4439959
1868,0.41889644
1869,0.35509288
1870,0.4476515
1871,0.3984977
1872,0.38651097
1873,0.505834
1874,0.52343756
1875,0.49351585
1876,0.44150436
1877,0.51634496
1878,0.46722507
1879,0.38102686
1880,0.33061433
1881,0.34083045
1882,0.35021788
1883,0.4967866
1884,0.46026534
1885,0.65466434
1886,0.48562002
1887,0.42879796
1888,0.42139387
1889,0.39552522
1890,0.38973552
1891,0.3361503
1892,0.37751567
1893,0.31838417
1894,0.45064706
1895,0.36160517
1896,0.37926662
1897,0.3743589
1898,0.3741082
1899,0.275846
1900,0.44809413
1901,0.33658338
1902,0.23587537
1903,0.44796228
1904,0.36676705
1905,0.22651398
1906,0.43582028
1907,0.25855684
1908,0.6643243
1909,0.24100494
1910,0.40227032
1911,0.4393946
1912,0.3738017
1913,0.27056462
1914,0.25880325
1915,0.29131186
1916,0.478109
1917,0.20819604
1918,0.37572038
1919,0.4271922
1920,0.3899206
1921,0.48805237
1922,0.3455248
1923,0.35016084
1924,0.6184468
1925,0.30844486
1926,0.6585548
1927,0.6428132
1928,0.55633557
1929,0.4646784
1930,0.4251367
1931,0.36763966
1932,0.6252856
1933,0.38147902
1934,0.32753742
1935,0.45270205
1936,0.50230527
1937,0.5018939
1938,0.5515581
1939,0.26527846
1940,0.3061555
1941,0.47682768
1942,0.60276335
1943,0.24963915
1944,0.26046944
1945,0.24377781
1946,0.30304712
1947,0.47702163
1948,0.34410238
1949,0.46628433
1950,0.32541555
1951,0.4000119
1952,0.27833545
1953,0.27099043
1954,0.24181432
1955,0.27415657
1956,0.24946404
1957,0.43462908
1958,0.37756604
1959,0.26368934
1960,0.4605531
1961,0.31691968
1962,0.264261
1963,0.30951756
1964,0.32694352
1965,0.46262735
1966,0.42861462
1967,0.42687082
1968,0.33098495
1969,0.30007434
1970,0.5669555
1971,0.27358568
1972,0.2952965
1973,0.27348745
1974,0.27019674
1975,0.30013627
1976,0.29723942
1977,0.44508326
1978,0.41874456
1979,0.49377096
1980,0.42923045
1981,0.35725057
1982,0.42570114
1983,0.3607298
1984,0.3180095
1985,0.37012672
1986,0.34427023
1987,0.34390253
1988,0.76305115
1989,0.43377936
1990,0.5356071
1991,0.40205944
1992,0.33366346
1993,0.53879905
1994,0.27393627
1995,0.685175
1996,0.32544374
1997,0.5327604
1998,0.37900543
1999,0.27935767
2000,0.4633081
2001,0.28573656
2002,0.31823146
2003,0.6347503
2004,0.28306937
2005,0.32991886
2006,0.27745467
2007,0.42793953
2008,0.471861
2009,0.35796082
2010,0.26456046
2011,0.54246575
2012,0.3719927
2013,0.60408074
2014,0.35753238
2015,0.3292812
2016,0.7423372
2017,0.32192123
2018,0.48583567
2019,0.31384373
2020,0.31024635
2021,0.6507012
2022,0.46164596
2023,0.30685723
2024,0.3133611
2025,0.27224952
2026,0.34318638
2027,0.36521453
2028,0.359815
2029,0.42377043
2030,0.37023628
2031,0.8060809
2032,0.34360814
2033,0.32676148
2034,0.35214603
2035,0.5559941
2036,0.56207865
2037,0.4101596
2038,0.49277496
2039,0.6649486
2040,0.2748319
2041,0.37375748
2042,0.38707852
2043,0.68564737
2044,0.5938754
2045,0.289917
2046,0.5106913
2047,0.39225054
2048,0.5507654
2049,0.5863023
2050,0.32417524
2051,0.43064237
2052,0.28681582
2053,0.37610054
2054,0.5606086
2055,0.23398566
2056,0.36562943
2057,0.27323312
2058,0.39360857
2059,0.34560394
2060,0.38541806
2061,0.22910464
2062,0.33004582
2063,0.4099083
2064,0.2539642
2065,0.37730289
2066,0.33774912
2067,0.39085662
2068,0.5265465
2069,0.295915
2070,0.51943326
2071,0.33557278
2072,0.31313157
2073,0.7603303
2074,0.60665214
2075,0.47138453
2076,0.28601068
2077,0.3095138
2078,0.3436693
2079,0.2981243
2080,0.6583927
2081,0.28136343
2082,0.7459097
2083,0.29147118
2084,0.35286593
2085,0.41460168
2086,0.33295256
2087,0.6182934
2088,0.32389307
2089,0.5505413
2090,0.5077334
2091,0.5789767
2092,0.58399177
2093,0.5333426
2094,0.58513653
2095,0.53317064
2096,0.6152817
2097,0.6572051
2098,0.46635425
2099,0.4562754
2100,0.68225497
2101,0.71091646
2102,0.6239962
2103,0.6741078
2104,0.5874132
2105,0.442136
2106,0.5527268
2107,0.57972014
2108,0.5271148
2109,0.26311404
2110,0.5386995
2111,0.32872236
2112,0.5253212
2113,0.50514877
2114,0.3674302
2115,0.50709105
2116,0.41507828
2117,0.40072727
2118,0.30471826
2119,0.53596485
2120,0.30191636
2121,0.4691279
2122,0.44576633
2123,0.2732458
2124,0.2851578
2125,0.508464
2126,0.43252993
2127,0.37713993
2128,0.5600739
2129,0.4924929
2130,0.45740545
2131,0.40748543
2132,0.5237277
2133,0.60445184
2134,0.38378817
2135,0.6113673
2136,0.58108497
2137,0.4670632
2138,0.6087817
2139,0.5590731
2140,0.48539877
2141,0.5819716
2142,0.535898
2143,0.31448698
2144,0.5206723
2145,0.5712388
2146,0.6134179
2147,0.42837286
2148,0.31061184
2149,0.3489666
2150,0.6460993
2151,0.6009451
2152,0.5197891
2153,0.2995093
2154,0.30912316
2155,0.5924128
2156,0.6537808
2157,0.28966904
2158,0.3687538
2159,0.43214726
2160,0.48053145
2161,0.30375254
2162,0.61604065
2163,0.3234204
2164,0.2964481
2165,0.53257835
2166,0.2656489
2167,0.33219117
2168,0.41937304
2169,0.36846864
2170,0.23350406
2171,0.39346278
2172,0.41170627
2173,0.24096024
2174,0.22206318
2175,0.20619339
2176,0.28961045
2177,0.39101875
2178,0.4025551
2179,0.40652323
2180,0.26784927
2181,0.20788544
2182,0.23482144
2183,0.51781297
2184,0.2842114
2185,0.32053554
2186,0.2894765
2187,0.27292228
2188,0.54085946
2189,0.34096336
2190,0.5949049
2191,0.27511775
2192,0.29185128
2193,0.34418225
2194,0.26738435
2195,0.23630023
2196,0.3677299
2197,0.2986083
2198,0.30943656
2199,0.32260197
2200,0.27574027
2201,0.56948036
2202,0.3138374
2203,0.26985532
2204,0.2186361
2205,0.3468095
2206,0.25754595
2207,0.22544348
2208,0.20821807
2209,0.29924005
2210,0.2456001
2211,0.38392228
2212,0.35335416
2213,0.26282948
2214,0.33352935
2215,0.20474249
2216,0.20237845
2217,0.26249743
2218,0.2028557
2219,0.31427026
2220,0.28780854
2221,0.22848094
2222,0.6480618
2223,0.28812057
2224,0.52811956
2225,0.26581192
2226,0.25872147
2227,0.24711978
2228,0.5041733
2229,0.24026453
2230,0.23531467
2231,0.5275721
2232,0.25198418
2233,0.26191628
2234,0.28222936
2235,0.2606817
2236,0.295766
2237,0.2096895
2238,0.28694752
2239,0.29902372
2240,0.35529643
2241,0.4759174
2242,0.42803836
2243,0.27038002
2244,0.31253207
2245,0.2837212
2246,0.35278165
2247,0.6762
2248,0.63217455
2249,0.25974083
2250,0.28321183
2251,0.32451665
2252,0.37969673
2253,0.2890638
2254,0.2725078
2255,0.4570434
2256,0.48168343
2257,0.7232544
2258,0.3126421
2259,0.2773279
2260,0.46556258
2261,0.34118092
2262,0.6511284
2263,0.2592774
2264,0.26239067
2265,0.2711414
2266,0.35116667
2267,0.25982904
2268,0.26023817
2269,0.5311661
2270,0.25748944
2271,0.22288275
2272,0.53895843
2273,0.28573322
2274,0.2939074
2275,0.29259872
2276,0.28393078
2277,0.28748298
2278,0.41587913
2279,0.28618157
2280,0.67521805
2281,0.3469081
2282,0.3624668
2283,0.33103704
2284,0.7671175
2285,0.33600485
2286,0.37294126
2287,0.4330914
2288,0.33855748
2289,0.3499875
2290,0.36605132
2291,0.39614582
2292,0.6084981
2293,0.45253074
2294,0.58695614
2295,0.35891676
2296,0.28626144
2297,0.6969657
2298,0.4000286
2299,0.24398154
2300,0.31440878
2301,0.29272223
2302,0.21119714
2303,0.2895292
2304,0.27198398
2305,0.35985285
2306,0.26899928
2307,0.26147008
2308,0.29857236
2309,0.23928142
2310,0.40992045
2311,0.27538776
2312,0.26529944
2313,0.4670906
2314,0.45982862
2315,0.25283408
2316,0.34483033
2317,0.43941718
2318,0.27392602
2319,0.28111553
2320,0.29823846
2321,0.35270303
2322,0.30201465
2323,0.27165544
2324,0.30117428
2325,0.40919018
2326,0.28883487
2327,0.29095477
2328,0.48357463
2329,0.27154505
2330,0.3220623
2331,0.32747406
2332,0.5542537
2333,0.27181947
2334,0.36762655
2335,0.3336386
2336,0.29156387
2337,0.5826081
2338,0.50134444
2339,0.29516363
2340,0.29971123
2341,0.3079294
2342,0.35093987
2343,0.29475665
2344,0.6703745
2345,0.49551594
2346,0.40398014
2347,0.38103974
2348,0.36564243
2349,0.32409608
2350,0.32265782
2351,0.3546102
2352,0.54896176
2353,0.33009803
2354,0.31091297
2355,0.29777372
2356,0.5733838
2357,0.5255467
2358,0.40568733
2359,0.52675956
2360,0.55907357
2361,0.41707838
2362,0.633525
2363,0.47202986
2364,0.47216088
2365,0.60216796
2366,0.4942336
2367,0.41225958
2368,0.48250192
2369,0.5074809
2370,0.48313487
2371,0.49936706
2372,0.4715801
2373,0.470129
2374,0.5906836
2375,0.63028073
2376,0.5494753
2377,0.5794831
2378,0.5772499
2379,0.55478853
2380,0.44446063
2381,0.44978142
2382,0.36733687
2383,0.47373748
2384,0.5669317
2385,0.2937098
2386,0.38957322
2387,0.45721316
2388,0.5069839
2389,0.58286726
2390,0.67740005
2391,0.48874772
2392,0.30798054
2393,0.56579626
2394,0.5554534
2395,0.42919755
2396,0.36710012
2397,0.36478072
2398,0.564965
2399,0.5077977
2400,0.5775916
2401,0.39664245
2402,0.59252375
2403,0.6306528
2404,0.43690854
2405,0.3730979
2406,0.47296047
2407,0.49814326
2408,0.41220462
2409,0.36415792
2410,0.4346279
2411,0.4567163
2412,0.35786086
2413,0.5044061
2414,0.5343658
2415,0.3890326
2416,0.5427948
2417,0.535552
2418,0.67319804
2419,0.5970106
2420,0.41264856
2421,0.57690084
2422,0.5876416
2423,0.6781995
2424,0.39694107
2425,0.46103895
2426,0.51491225
2427,0.59701395
2428,0.38099623
2429,0.4820546
2430,0.5040481
2431,0.4582206
2432,0.2616229
2433,0.2580104
2434,0.18932718
2435,0.6368507
2436,0.26238155
2437,0.36536026
2438,0.20941436
2439,0.3837676
2440,0.23117352
2441,0.21157336
2442,0.39940828
2443,0.1989615
2444,0.36254656
2445,0.5199158
2446,0.38604712
2447,0.42448258
2448,0.46356416
2449,0.39002275
2450,0.30768847
2451,0.34810948
2452,0.19097412
2453,0.6637497
2454,0.31080854
2455,0.25240195
2456,0.38037586
2457,0.29665565
2458,0.33636045
2459,0.33213127
2460,0.2984457
2461,0.23294395
2462,0.49287117
2463,0.29579997
2464,0.3493744
2465,0.41594338
2466,0.38552642
2467,0.28164434
2468,0.3672955
2469,0.3740033
2470,0.22088361
2471,0.25701088
2472,0.31817
2473,0.28696588
2474,0.2524203
2475,0.2588004
2476,0.28063345
2477,0.25277555
2478,0.26309597
2479,0.25777704
2480,0.29389173
2481,0.25681335
2482,0.2604307
2483,0.36156178
2484,0.71202743
2485,0.2567606
2486,0.2616042
2487,0.5078253
2488,0.40830934
2489,0.5003998
2490,0.3873551
2491,0.5524466
2492,0.59729326
2493,0.4266472
2494,0.38075233
2495,0.55603194
2496,0.7189832
2497,0.57003605
2498,0.5231677
2499,0.4791367
2500,0.34620702
2501,0.6367467
2502,0.71303993
2503,0.5578948
2504,0.56429255
2505,0.44179583
2506,0.5706762
2507,0.51602316
2508,0.5586134
2509,0.5473695
2510,0.57267666
2511,0.60564566
2512,0.6590153
2513,0.5943263
2514,0.62794745
2515,0.67127806
2516,0.5825646
2517,0.5384971
2518,0.61458474
2519,0.5842839
2520,0.54499775
2521,0.5861628
2522,0.444255
2523,0.6056808
2524,0.6491164
2525,0.6015763
2526,0.6355956
2527,0.5369155
2528,0.7288122
2529,0.6118258
2530,0.64282906
2531,0.5674378
2532,0.60975397
2533,0.59680825
2534,0.46093357
2535,0.55551946
2536,0.6531406
2537,0.47674072
2538,0.6002042
2539,0.4850061
2540,0.68684965
2541,0.73209876
2542,0.6388618
2543,0.6504569
2544,0.5190089
2545,0.41905266
2546,0.65865076
2547,0.588469
2548,0.5391097
2549,0.5606161
2550,0.52333415
2551,0.7320446
2552,0.5981653
2553,0.56507075
2554,0.59957266
2555,0.55550027
2556,0.42250484
2557,0.5286615
2558,0.6445552
2559,0.5168675
2560,0.30721712
2561,0.6973677
2562,0.66993636
2563,0.53133863
2564,0.39122903
2565,0.3314699
2566,0.36552083
2567,0.3955716
2568,0.4656545
2569,0.39852488
2570,0.67220116
2571,0.25990313
2572,0.37475872
2573,0.43875253
2574,0.5954169
2575,0.39380163
2576,0.46371353
2577,0.2601664
2578,0.41930634
2579,0.5616628
2580,0.41905063
2581,0.2644465
2582,0.40940583
2583,0.31572556
2584,0.23620379
2585,0.23199177
2586,0.22048032
2587,0.32634187
2588,0.27200896
2589,0.31985795
2590,0.2489196
2591,0.28872108
2592,0.40594572
2593,0.22071767
2594,0.30280572
2595,0.24420121
2596,0.24841708
2597,0.18743557
2598,0.23547837
2599,0.24149334
2600,0.23095608
2601,0.24879783
2602,0.22075945
2603,0.3645134
2604,0.21914226
2605,0.28592405
2606,0.38871902
2607,0.3268839
2608,0.23247036
2609,0.49424505
2610,0.24166596
2611,0.45669162
2612,0.3174054
2613,0.28765756
2614,0.27412856
2615,0.35889214
2616,0.3789494
2617,0.5267753
2618,0.22352111
2619,0.33506286
2620,0.29077148
2621,0.60391694
2622,0.6661353
2623,0.4466337
2624,0.67105705
2625,0.28872252
2626,0.5392307
2627,0.524421
2628,0.5362327
2629,0.41823697
2630,0.57591575
2631,0.44701546
2632,0.40423536
2633,0.68599784
2634,0.5191673
2635,0.32280254
2636,0.4598415
2637,0.59772193
2638,0.373865
2639,0.488096
2640,0.6050801
2641,0.43604285
2642,0.36878133
2643,0.24817997
2644,0.39633524
2645,0.32104218
2646,0.4903285
2647,0.28405464
2648,0.29443443
2649,0.23905265
2650,0.22970337
2651,0.27372682
2652,0.28113937
2653,0.59879696
2654,0.21400344
2655,0.5468234
2656,0.27206647
2657,0.44583738
2658,0.24393284
2659,0.19894803
2660,0.2230674
2661,0.18363619
2662,0.5699733
2663,0.2393136
2664,0.22015005
2665,0.22601938
2666,0.23636091
2667,0.25902838
2668,0.4747349
2669,0.22315353
2670,0.7241365
2671,0.22937113
2672,0.4096719
2673,0.23365358
2674,0.23265746
2675,0.2333377
2676,0.26356572
2677,0.22657603
2678,0.28326797
2679,0.51494974
2680,0.5270512
2681,0.6272305
2682,0.7363743
2683,0.61701435
2684,0.5485599
2685,0.4911402
2686,0.4622507
2687,0.41296858
2688,0.4056648
2689,0.45231462
2690,0.5626692
2691,0.60179734
2692,0.485201
2693,0.61224943
2694,0.59465855
2695,0.48432547
2696,0.5557803
2697,0.37807155
2698,0.40119362
2699,0.34930837
2700,0.34516835
2701,0.57425797
2702,0.68803895
2703,0.34132123
2704,0.54915243
2705,0.4691919
2706,0.30331188
2707,0.3450458
2708,0.6466369
2709,0.319991
2710,0.7314692
2711,0.35570967
2712,0.36557615
2713,0.40485585
2714,0.32125628
2715,0.38041604
2716,0.47653472
2717,0.20835617
2718,0.300569
2719,0.26628923
2720,0.17646408
2721,0.17988533
2722,0.1837455
2723,0.34509838
2724,0.29455733
2725,0.18010092
2726,0.160501
2727,0.16972375
2728,0.20499179
2729,0.18547595
2730,0.32174742
2731,0.1365515
2732,0.19643009
2733,0.19475812
2734,0.2780012
2735,0.20830488
2736,0.2068209
2737,0.23715341
2738,0.24061644
2739,0.22942919
2740,0.2244299
2741,0.32010317
2742,0.21716541
2743,0.3332979
2744,0.26199967
2745,0.2872852
2746,0.19389716
2747,0.23651576
2748,0.21534908
2749,0.22359923
2750,0.19447413
2751,0.21913958
2752,0.20422006
2753,0.20000029
2754,0.23371106
2755,0.2071246
2756,0.17487958
2757,0.17626995
2758,0.13933817
2759,0.10541874
2760,0.17322049
2761,0.13953203
2762,0.16552025
2763,0.18312135
2764,0.20283855
2765,0.2573316
2766,0.13537821
2767,0.17896903
2768,0.14332333
2769,0.29225338
2770,0.12116313
2771,0.26675865
2772,0.19372158
2773,0.19732854
2774,0.29291797
2775,0.22609258
2776,0.36673486
2777,0.25467622
2778,0.28703523
2779,0.30296433
2780,0.25103325
2781,0.39769542
2782,0.40896618
2783,0.41860688
2784,0.39118302
2785,0.24934208
2786,0.33044612
2787,0.40591097
2788,0.32440007
2789,0.3610624
2790,0.23044765
2791,0.53393465
2792,0.33727932
2793,0.4951706
2794,0.43727577
2795,0.39313197
2796,0.7059992
2797,0.59838474
2798,0.37299752
2799,0.6013192
2800,0.5375552
2801,0.68295324
2802,0.46782362
2803,0.5099586
2804,0.4995221
2805,0.7033329
2806,0.5608108
2807,0.33286488
2808,0.34104383
2809,0.4566704
2810,0.545164
2811,0.43307126
2812,0.621209
2813,0.48675227
2814,0.43961406
2815,0.51143193
2816,0.63052464
2817,0.6144806
2818,0.59736717
2819,0.6648912
2820,0.56524634
2821,0.6668917
2822,0.47466958
2823,0.50593996
2824,0.4537028
2825,0.62986505
2826,0.5693232
2827,0.36515749
2828,0.51923406
2829,0.5739225
2830,0.4684689
2831,0.34924948
2832,0.53483164
2833,0.59310126
2834,0.5059575
2835,0.5389658
2836,0.5985919
2837,0.6059319
2838,0.41165388
2839,0.4087249
2840,0.53824496
2841,0.39307702
2842,0.459069
2843,0.62828755
2844,0.39407146
2845,0.69428843
2846,0.42506278
2847,0.2940488
2848,0.4903903
2849,0.414724
2850,0.43244863
2851,0.53981125
2852,0.59103143
2853,0.61643845
2854,0.6776949
2855,0.61797976
2856,0.62995553
2857,0.57196784
2858,0.58195114
2859,0.5220835
2860,0.60925746
2861,0.5899627
2862,0.544981
2863,0.6971123
2864,0.6501084
2865,0.5183244
2866,0.6667972
2867,0.55320495
2868,0.61631083
2869,0.4697281
2870,0.41894424
2871,0.43303275
2872,0.41239542
2873,0.47250998
2874,0.4203937
2875,0.47077942
2876,0.60833526
2877,0.36920327
2878,0.31447983
2879,0.48156452
2880,0.40235806
2881,0.408293
2882,0.4381109
2883,0.5530381
2884,0.42196572
2885,0.48861897
2886,0.40587032
2887,0.42040002
2888,0.63871443
2889,0.44429588
2890,0.5353817
2891,0.5391847
2892,0.4729221
2893,0.6479775
2894,0.48233187
2895,0.43113053
2896,0.6157754
2897,0.62389785
2898,0.6206768
2899,0.6002809
2900,0.591725
2901,0.5337708
2902,0.45857942
2903,0.5092125
2904,0.55654347
2905,0.5341877
2906,0.3569497
2907,0.579041
2908,0.514138
2909,0.5834472
2910,0.6173734
2911,0.61482835
2912,0.6492467
2913,0.626752
2914,0.7132277
2915,0.42454612
2916,0.6728559
2917,0.5102197
2918,0.57967114
2919,0.54557097
2920,0.5103296
2921,0.65327036
2922,0.57380927
2923,0.5481396
2924,0.5187589
2925,0.58290946
2926,0.54994047
2927,0.490183
2928,0.6430458
2929,0.53187406
2930,0.57404923
2931,0.6424701
2932,0.5341296
2933,0.7124019
2934,0.54811835
2935,0.59492433
2936,0.6454761
2937,0.65642893
2938,0.6798202
2939,0.70667565
2940,0.66041875
2941,0.6777982
2942,0.60489637
2943,0.5198748
2944,0.6004129
2945,0.33651745
2946,0.5429038
2947,0.62940866
2948,0.48636258
2949,0.41786397
2950,0.63003725
2951,0.43934035
2952,0.39884663
2953,0.52522767
2954,0.515079
2955,0.67130387
2956,0.5769559
2957,0.5829644
2958,0.57585776
2959,0.4914415
2960,0.3323611
2961,0.41358483
2962,0.5977887
2963,0.36335397
2964,0.4269668
2965,0.43262815
2966,0.27572846
2967,0.3629217
2968,0.27087545
2969,0.40742946
2970,0.2972139
2971,0.26931047
2972,0.29632473
2973,0.5152565
2974,0.40521717
2975,0.35695958
2976,0.38591886
2977,0.49622333
2978,0.4244957
2979,0.30825973
2980,0.26698017
2981,0.45758277
2982,0.31475627
2983,0.3576604
2984,0.48473263
2985,0.3306005
2986,0.52673876
2987,0.49498546
2988,0.31879103
2989,0.4733355
2990,0.3217361
2991,0.38695788
2992,0.46055984
2993,0.3578887
2994,0.5335802
2995,0.5107511
2996,0.45216537
2997,0.4837308
2998,0.5106993
2999,0.42428064
3000,0.33417058
3001,0.29387176
3002,0.5032718
3003,0.16168267
3004,0.17458093
3005,0.32117522
3006,0.15114784
3007,0.15420562
3008,0.12616053
3009,0.21694541
3010,0.17282903
3011,0.4661991
3012,0.41990054
3013,0.34233433
3014,0.2015987
3015,0.1589216
3016,0.17805183
3017,0.15840298
3018,0.17597562
3019,0.26876712
3020,0.14698702
3021,0.58205634
3022,0.6510365
3023,0.44529605
3024,0.62469816
3025,0.67573893
3026,0.47067165
3027,0.5369524
3028,0.4975822
3029,0.5502255
3030,0.601401
3031,0.53986204
3032,0.57714987
3033,0.71643925
3034,0.7553277
3035,0.6504507
3036,0.62178385
3037,0.5056907
3038,0.7457565
3039,0.42137778
3040,0.18223462
3041,0.29552925
3042,0.29493648
3043,0.16459474
3044,0.28382337
3045,0.32357883
3046,0.2483834
3047,0.16852108
3048,0.17927867
3049,0.33911502
3050,0.2460165
3051,0.14476109
3052,0.57993317
3053,0.17356926
3054,0.5282669
3055,0.22542098
3056,0.28965777
3057,0.22893828
3058,0.3181436
3059,0.12463421
3060,0.5082883
3061,0.16689461
3062,0.25061345
3063,0.19211447
3064,0.13789713
3065,0.15727305
3066,0.10746905
3067,0.12017232
3068,0.14338315
3069,0.14080048
3070,0.14366105
3071,0.2629544
3072,0.37230372
3073,0.1186406
3074,0.06896871
3075,0.06940085
3076,0.08717835
3077,0.06916654
3078,0.3559084
3079,0.4181887
3080,0.29116404
3081,0.5121858
3082,0.56405836
3083,0.369411
3084,0.27802598
3085,0.36079025
3086,0.3276193
3087,0.46205854
3088,0.33007765
3089,0.5929527
3090,0.30627513
3091,0.32947755
3092,0.28411555
3093,0.25666606
3094,0.46975064
3095,0.5845053
3096,0.41415107
3097,0.14752895
3098,0.15403926
3099,0.40136468
3100,0.2805664
3101,0.31412292
3102,0.20240068
3103,0.25144517
3104,0.113009274
3105,0.13082463
3106,0.13755333
3107,0.25669253
3108,0.123294294
3109,0.30277038
3110,0.26337594
3111,0.15548015
3112,0.3865248
3113,0.269763
3114,0.117129385
3115,0.70990837
3116,0.12942326
3117,0.13809744
3118,0.11172798
3119,0.29815733
3120,0.10371268
3121,0.13824022
3122,0.27603763
3123,0.13676149
3124,0.41553473
3125,0.13543323
3126,0.14274383
3127,0.15173656
3128,0.11410475
3129,0.15121487
3130,0.28914917
3131,0.15858698
3132,0.113202184
3133,0.17764926
3134,0.15124413
3135,0.39591968
3136,0.20187747
3137,0.4009143
3138,0.2983899
3139,0.1473895
3140,0.1660501
3141,0.120581865
3142,0.14382005
3143,0.13359553
3144,0.15709573
3145,0.12901205
3146,0.34496534
3147,0.27749813
3148,0.16390711
3149,0.18030798
3150,0.1504001
3151,0.16348535
3152,0.14215493
3153,0.6634539
3154,0.7858598
3155,0.4990561
3156,0.3845479
3157,0.44127524
3158,0.23084742
3159,0.25200027
3160,0.5467793
3161,0.2117762
3162,0.25745964
3163,0.41371876
3164,0.23114663
3165,0.23042798
3166,0.17419362
3167,0.37792438
3168,0.17217773
3169,0.46055377
3170,0.33788955
3171,0.23109704
3172,0.4992125
3173,0.77131796
3174,0.4442718
3175,0.34167373
3176,0.29122734
3177,0.26457888
3178,0.34865797
3179,0.65585923
3180,0.23670131
3181,0.30799425
3182,0.33693147
3183,0.3976766
3184,0.43718994
3185,0.37517166
3186,0.32332993
3187,0.21519971
3188,0.36135805
3189,0.3771751
3190,0.2996149
3191,0.45339787
3192,0.1522944
3193,0.1314764
3194,0.13071585
3195,0.59971523
3196,0.25138497
3197,0.14878023
3198,0.1539681
3199,0.14117551
3200,0.119256794
3201,0.25076628
3202,0.12445822
3203,0.5373663
3204,0.14811736
3205,0.12498546
3206,0.097444296
3207,0.1892702
3208,0.12553495
3209,0.5147991
3210,0.2319488
3211,0.72740424
3212,0.36934984
3213,0.40866864
3214,0.6878282
3215,0.6874223
3216,0.71653783
3217,0.31259966
3218,0.6770879
3219,0.66370904
3220,0.42923117
3221,0.3539399
3222,0.54567814
3223,0.5795059
3224,0.35679543
3225,0.7126411
3226,0.6326748
3227,0.44675672
3228,0.37090218
3229,0.41736364
3230,0.31849194
3231,0.38149416
3232,0.5798882
3233,0.44923937
3234,0.4101094
3235,0.56390786
3236,0.22218609
3237,0.5831764
3238,0.33837187
3239,0.22052169
3240,0.43798828
3241,0.32168317
3242,0.49265385
3243,0.2102294
3244,0.268183
3245,0.46546102
3246,0.2735045
3247,0.38032675
3248,0.40174007
3249,0.09537971
3250,0.26848572
3251,0.15285033
3252,0.32307577
3253,0.3280645
3254,0.29686296
3255,0.10431892
3256,0.1413135
3257,0.31448185
3258,0.31763083
3259,0.36747468
3260,0.25660682
3261,0.4430231
3262,0.2134524
3263,0.12065756
3264,0.40010256
3265,0.12962091
3266,0.14587867
3267,0.15649748
3268,0.32180667
3269,0.29795247
3270,0.15614372
3271,0.18846393
3272,0.21190453
3273,0.5440032
3274,0.34878933
3275,0.446298
3276,0.49633074
3277,0.25667346
3278,0.1506998
3279,0.1438179
3280,0.67416203
3281,0.14412946
3282,0.40136898
3283,0.16272789
3284,0.14039034
3285,0.3063259
3286,0.36063504
3287,0.18415356
3288,0.5054414
3289,0.25580376
3290,0.25417352
3291,0.30192292
3292,0.24270058
3293,0.29773927
3294,0.2577687
3295,0.28254086
3296,0.27070016
3297,0.23193145
3298,0.21889031
3299,0.5419046
3300,0.17599702
3301,0.76021385
3302,0.35517448
3303,0.36514735
3304,0.2363103
3305,0.26876026
3306,0.518684
3307,0.7169468
3308,0.338192
3309,0.57820547
3310,0.7499429
3311,0.36019242
3312,0.49241042
3313,0.3422823
3314,0.5700162
3315,0.3260604
3316,0.33387268
3317,0.3973819
3318,0.60361147
3319,0.6943909
3320,0.4499787
3321,0.54489493
3322,0.2957064
3323,0.27536976
3324,0.73368686
3325,0.31969333
3326,0.5988922
3327,0.6267234
3328,0.7410804
3329,0.30328405
3330,0.34429657
3331,0.3424319
3332,0.46007538
3333,0.35785854
3334,0.42194247
3335,0.4298427
3336,0.27695513
3337,0.42481363
3338,0.3541789
3339,0.61044794
3340,0.41453373
3341,0.3010912
3342,0.4737562
3343,0.73453665
3344,0.09463999
3345,0.15232703
3346,0.10128936
3347,0.1814071
3348,0.23347402
3349,0.44029325
3350,0.14422238
3351,0.11301708
3352,0.26705074
3353,0.12464321
3354,0.09171939
3355,0.06825113
3356,0.13097656
3357,0.063617885
3358,0.10967958
3359,0.6076002
3360,0.062368453
3361,0.13710368
3362,0.2948991
3363,0.095986515
3364,0.09748006
3365,0.13841757
3366,0.16612571
3367,0.0731107
3368,0.1834346
3369,0.15660125
3370,0.107263386
3371,0.1055845
3372,0.14011365
3373,0.13814497
3374,0.19014114
3375,0.14332044
3376,0.2767775
3377,0.22598213
3378,0.16073781
3379,0.14626026
3380,0.124545485
3381,0.2816321
3382,0.63232774
3383,0.49619478
3384,0.6240244
3385,0.6383901
3386,0.5725832
3387,0.52422047
3388,0.6266606
3389,0.54952735
3390,0.6082195
3391,0.56833863
3392,0.65253013
3393,0.5687705
3394,0.70922136
3395,0.664505
3396,0.6065291
3397,0.6197507
3398,0.57239825
3399,0.55724466
3400,0.60670155
3401,0.3481909
3402,0.16800809
3403,0.2706781
3404,0.24712539
3405,0.38631976
3406,0.1320039
3407,0.2156825
3408,0.1569103
3409,0.11996454
3410,0.14723516
3411,0.2022692
3412,0.30731297
3413,0.3347261
3414,0.1928519
3415,0.35074574
3416,0.22011232
3417,0.2926259
3418,0.13160145
3419,0.15326846
3420,0.14320278
3421,0.0854547
3422,0.0725238
3423,0.11695212
3424,0.22645336
3425,0.44241554
3426,0.27069175
3427,0.09615767
3428,0.115942806
3429,0.40894258
3430,0.34201258
3431,0.18903303
3432,0.07272667
3433,0.07244307
3434,0.15492296
3435,0.16018811
3436,0.18528315
3437,0.0733805
3438,0.11052674
3439,0.34184515
3440,0.1587565
3441,0.1818071
3442,0.15249473
3443,0.34551853
3444,0.31424713
3445,0.2708968
3446,0.34117055
3447,0.20368487
3448,0.23608798
3449,0.36001998
3450,0.3146116
3451,0.23002097
3452,0.3298937
3453,0.1737423
3454,0.36881745
3455,0.23058212
3456,0.2835214
3457,0.19841474
3458,0.3358121
3459,0.13007915
3460,0.12664622
3461,0.2097674
3462,0.29520184
3463,0.20108157
3464,0.5237818
3465,0.17192242
3466,0.101296544
3467,0.14503777
3468,0.26521444
3469,0.08207679
3470,0.26272595
3471,0.25461537
3472,0.087088406
3473,0.6737264
3474,0.102934
3475,0.24667495
3476,0.15184486
3477,0.2536348
3478,0.23616326
3479,0.19300902
3480,0.51011586
3481,0.41711056
3482,0.31830275
3483,0.8223308
3484,0.25047976
3485,0.269073
3486,0.27199018
3487,0.2588508
3488,0.22908115
3489,0.24013531
3490,0.5043864
3491,0.22539175
3492,0.27850306
3493,0.23485422
3494,0.26585197
3495,0.56735456
3496,0.78264534
3497,0.7120248
3498,0.56669044
3499,0.75744736
3500,0.7943485
3501,0.7207171
3502,0.74193615
3503,0.7837043
3504,0.72739255
3505,0.6455902
3506,0.6510246
3507,0.755767
3508,0.64674747
3509,0.67694545
3510,0.64018214
3511,0.7384225
3512,0.7144529
3513,0.6146618
3514,0.7138521
3515,0.7176344
3516,0.18691313
3517,0.21791005
3518,0.61500907
3519,0.2837324
3520,0.3778553
3521,0.6372255
3522,0.18707359
3523,0.33296156
3524,0.28796732
3525,0.19407165
3526,0.5241128
3527,0.20857358
3528,0.4596387
3529,0.2521912
3530,0.20736742
3531,0.25685203
3532,0.34403288
3533,0.35931838
3534,0.2731496
3535,0.6823106
3536,0.5486554
3537,0.566241
3538,0.40676033
3539,0.30139482
3540,0.4221021
3541,0.36476183
3542,0.5141014
3543,0.25889802
3544,0.7111199
3545,0.37882614
3546,0.37294436
3547,0.6572715
3548,0.40282142
3549,0.2190628
3550,0.3831519
3551,0.2672032
3552,0.6784432
3553,0.2680285
3554,0.4211738
3555,0.23207688
3556,0.18455291
3557,0.2895831
3558,0.35514486
3559,0.28989315
3560,0.51917064
3561,0.3218081
3562,0.32376373
3563,0.38948482
3564,0.3970065
3565,0.21482491
3566,0.31369925
3567,0.23517776
3568,0.17363358
3569,0.67154557
3570,0.11874676
3571,0.27090454
3572,0.5488914
3573,0.5266659
3574,0.5420296
3575,0.38805425
3576,0.74484575
3577,0.67717254
3578,0.5987531
3579,0.50781083
3580,0.61562204
3581,0.51106334
3582,0.5420761
3583,0.5678855
3584,0.67696977
3585,0.6824094
3586,0.5638304
3587,0.537279
3588,0.6425153
3589,0.435351
3590,0.6603551
3591,0.154796
3592,0.085107565
3593,0.072239965
3594,0.48886102
3595,0.07220578
3596,0.169408
3597,0.07884973
3598,0.07709819
3599,0.17765033
3600,0.23323661
3601,0.06927323
3602,0.084700525
3603,0.062518924
3604,0.09369066
3605,0.11924136
3606,0.149613
3607,0.15422186
3608,0.11985946
3609,0.16393745
3610,0.12319708
3611,0.6193253
3612,0.14595622
3613,0.36968362
3614,0.08018324
3615,0.16901964
3616,0.20109224
3617,0.17462468
3618,0.11928809
3619,0.12896368
3620,0.5097341
3621,0.19054013
3622,0.13136807
3623,0.19522756
3624,0.21832877
3625,0.5734067
3626,0.22610912
3627,0.16644281
3628,0.24877441
3629,0.5567793
3630,0.617043
3631,0.52351916
3632,0.5706342
3633,0.5301097
3634,0.74917996
3635,0.6932653
3636,0.37232542
3637,0.5602945
3638,0.5882673
3639,0.68022394
3640,0.5978572
3641,0.5675758
3642,0.35501337
3643,0.5854064
3644,0.624768
3645,0.42078358
3646,0.3582908
3647,0.49684256
3648,0.5897289
3649,0.287405
3650,0.7380496
3651,0.16080272
3652,0.18542707
3653,0.2758969
3654,0.32619226
3655,0.25980222
3656,0.13031468
3657,0.16166633
3658,0.22818363
3659,0.19588816
3660,0.13449925
3661,0.12417197
3662,0.4413346
3663,0.17290664
3664,0.16913068
3665,0.2868421
3666,0.21730357
3667,0.1321691
3668,0.3520107
3669,0.17829275
3670,0.12011546
3671,0.15074193
3672,0.16254586
3673,0.13513267
3674,0.11283949
3675,0.14479992
3676,0.13735697
3677,0.41575032
3678,0.08126998
3679,0.29946828
3680,0.12399596
3681,0.116639495
3682,0.5499041
3683,0.158081
3684,0.17580688
3685,0.16235211
3686,0.19660425
3687,0.2930714
3688,0.320363
3689,0.33788437
3690,0.35922366
3691,0.6085097
3692,0.15840301
3693,0.36582583
3694,0.355653
3695,0.60345155
3696,0.26697874
3697,0.3732227
3698,0.24173784
3699,0.17550468
3700,0.5185816
3701,0.2820661
3702,0.18501693
3703,0.40545547
3704,0.42576432
3705,0.31493318
3706,0.1756804
3707,0.15153039
3708,0.24389756
3709,0.40603244
3710,0.3426937
3711,0.526188
3712,0.6002201
3713,0.29942596
3714,0.39093697
3715,0.37190616
3716,0.21082246
3717,0.25599396
3718,0.17182982
3719,0.12194872
3720,0.14635348
3721,0.15660888
3722,0.49428743
3723,0.37721658
3724,0.106517136
3725,0.15413213
3726,0.12988752
3727,0.32797384
3728,0.17381316
3729,0.45120144
3730,0.12823898
3731,0.13925034
3732,0.37747693
3733,0.36034656
3734,0.21191561
3735,0.18869162
3736,0.16180503
3737,0.14328682
3738,0.2647879
3739,0.1598784
3740,0.2823122
3741,0.39065874
3742,0.73657846
3743,0.77688074
3744,0.45458543
3745,0.6030377
3746,0.58541226
3747,0.4651258
3748,0.6739056
3749,0.60340536
3750,0.5503639
3751,0.7781048
3752,0.5940472
3753,0.74066746
3754,0.6731442
3755,0.5275655
3756,0.50268424
3757,0.3926636
3758,0.46567452
3759,0.7686113
3760,0.33166468
3761,0.76036346
3762,0.4581911
3763,0.15388817
3764,0.5751101
3765,0.13356268
3766,0.339854
3767,0.15399605
3768,0.19486648
3769,0.11807284
3770,0.24603659
3771,0.1422466
3772,0.09953588
3773,0.19752145
3774,0.1521576
3775,0.18688929
3776,0.32611042
3777,0.088870525
3778,0.23158532
3779,0.15650946
3780,0.37807405
3781,0.08694768
3782,0.092885375
3783,0.08032107
3784,0.24249023
3785,0.24021637
3786,0.124069214
3787,0.45051658
3788,0.05692917
3789,0.40808725
3790,0.27806187
3791,0.06565148
3792,0.20308727
3793,0.07344043
3794,0.5343982
3795,0.14463097
3796,0.33141088
3797,0.17370963
3798,0.5010849
3799,0.06788784
3800,0.25988287
3801,0.229684
3802,0.25063145
3803,0.17732513
3804,0.34776473
3805,0.5776704
3806,0.31256175
3807,0.16599059
3808,0.11872411
3809,0.48959124
3810,0.4938537
3811,0.26419508
3812,0.12161541
3813,0.1324538
3814,0.3397836
3815,0.2696787
3816,0.32061452
3817,0.16340148
3818,0.16984653
3819,0.3246932
3820,0.18905824
3821,0.23088682
3822,0.73254645
3823,0.12725472
3824,0.17272538
3825,0.14526737
3826,0.12523797
3827,0.278818
3828,0.46295404
3829,0.5280898
3830,0.16485393
3831,0.16574025
3832,0.1056391
3833,0.3072666
3834,0.16534841
3835,0.14423546
3836,0.19588256
3837,0.14408499
3838,0.20979708
3839,0.19346088
3840,0.06822273
3841,0.12966657
3842,0.5699964
3843,0.107188344
3844,0.12568
3845,0.09412819
3846,0.14906979
3847,0.07933068
3848,0.123122305
3849,0.053360164
3850,0.14614272
3851,0.17453009
3852,0.1545353
3853,0.2084429
3854,0.076437116
3855,0.12776029
3856,0.115395814
3857,0.38912952
3858,0.15776762
3859,0.14880773
3860,0.1711896
3861,0.28067243
3862,0.23424292
3863,0.25021702
3864,0.1615814
3865,0.14760667
3866,0.13572663
3867,0.15054652
3868,0.2992624
3869,0.14610606
3870,0.38276052
3871,0.30996615
3872,0.16939184
3873,0.1496175
3874,0.15625584
3875,0.2295258
3876,0.1330443
3877,0.13638914
3878,0.14729512
3879,0.28718013
3880,0.16339013
3881,0.6545765
3882,0.1406858
3883,0.15261042
3884,0.23207736
3885,0.13545182
3886,0.12973493
3887,0.19208777
3888,0.25572628
3889,0.097546995
3890,0.13600814
3891,0.14334092
3892,0.16810378
3893,0.112395644
3894,0.3033408
3895,0.12585723
3896,0.5205107
3897,0.3042202
3898,0.33576584
3899,0.8579245
3900,0.20498848
3901,0.2795862
3902,0.14867663
3903,0.47836602
3904,0.1697588
3905,0.18598026
3906,0.42375076
3907,0.5376901
3908,0.41449833
3909,0.5443661
3910,0.6501532
3911,0.20504689
3912,0.15348864
3913,0.13759029
3914,0.24604714
3915,0.27184033
3916,0.2327708
3917,0.21034902
3918,0.41935635
3919,0.20595455
3920,0.6412718
3921,0.2555344
3922,0.58573544
3923,0.38840973
3924,0.45804465
3925,0.46851087
3926,0.49492574
3927,0.25178587
3928,0.3463061
3929,0.61982095
3930,0.39066863
3931,0.67915916
3932,0.6213554
3933,0.11217165
3934,0.40007162
3935,0.1640346
3936,0.30890143
3937,0.12518942
3938,0.44856012
3939,0.3437724
3940,0.5294013
3941,0.46967196
3942,0.15060246
3943,0.18490148
3944,0.46127236
3945,0.47402322
3946,0.3692516
3947,0.13627338
3948,0.14764547
3949,0.104237676
3950,0.38752282
3951,0.77088445
3952,0.5863223
3953,0.5780132
3954,0.39128757
3955,0.6061132
3956,0.56501997
3957,0.3967737
3958,0.34075236
3959,0.51884747
3960,0.61370647
3961,0.5509521
3962,0.47080326
3963,0.56315684
3964,0.5413197
3965,0.51410854
3966,0.5986663
3967,0.5786102
3968,0.50699234
3969,0.33311868
3970,0.6979183
3971,0.11290395
3972,0.23572916
3973,0.13725454
3974,0.11405468
3975,0.6298755
3976,0.11699411
3977,0.12868294
3978,0.122219205
3979,0.12216374
3980,0.18196613
3981,0.12074417
3982,0.17518246
3983,0.20212793
3984,0.077969074
3985,0.12745345
3986,0.14283735
3987,0.12474519
3988,0.09417924
3989,0.27206063
3990,0.43199837
3991,0.31847262
3992,0.5812516
3993,0.19848847
3994,0.6528934
3995,0.41141284
3996,0.3504281
3997,0.3468113
3998,0.4640081
3999,0.3196658
4000,0.2956741
4001,0.19968498
4002,0.28693926
4003,0.19749641
4004,0.38822162
4005,0.7166393
4006,0.75608945
4007,0.6102201
4008,0.41638565
4009,0.36608934
4010,0.28231966
4011,0.4348557
4012,0.5625483
4013,0.27852726
4014,0.7588563
4015,0.3925016
4016,0.66065216
4017,0.30167067
4018,0.6801299
4019,0.58430696
4020,0.56012344
4021,0.6693543
4022,0.34666872
4023,0.42025208
4024,0.27605546
4025,0.385275
4026,0.57801247
4027,0.55054516
4028,0.10160795
4029,0.4943673
4030,0.12435183
4031,0.108401746
4032,0.09580284
4033,0.11741841
4034,0.11340034
4035,0.09548801
4036,0.20704114
4037,0.31626117
4038,0.11130428
4039,0.14946648
4040,0.19694966
4041,0.061077178
4042,0.12410605
4043,0.12807691
4044,0.09883997
4045,0.08254135
4046,0.6066368
4047,0.6529594
4048,0.5835595
4049,0.54215634
4050,0.2991804
4051,0.36376286
4052,0.22997212
4053,0.48616278
4054,0.55900645
4055,0.42730987
4056,0.51543975
4057,0.4267273
4058,0.3664328
4059,0.41234016
4060,0.46583498
4061,0.44554186
4062,0.50150704
4063,0.46098912
4064,0.20534968
4065,0.22795594
4066,0.36234748
4067,0.353081
4068,0.5737651
4069,0.18549895
4070,0.12326634
4071,0.25302774
4072,0.315809
4073,0.11966878
4074,0.17098302
4075,0.18244612
4076,0.39909565
4077,0.14051268
4078,0.12065315
4079,0.6734364
4080,0.40661198
4081,0.31833196
4082,0.14997894
4083,0.16949224
4084,0.6533987
4085,0.41918647
4086,0.5571754
4087,0.72103417
4088,0.670223
4089,0.73193043
4090,0.78736645
4091,0.293002
4092,0.67574084
4093,0.6933949
4094,0.7663237
4095,0.5584997
4096,0.57147825
4097,0.544513
4098,0.4259267
4099,0.5166882
4100,0.57948935
4101,0.49097383
4102,0.6979072
4103,0.73201585
4104,0.5990728
4105,0.7516703
4106,0.6417413
4107,0.6985562
4108,0.70932055
4109,0.75897473
4110,0.4160558
4111,0.6771996
4112,0.7029951
4113,0.7398162
4114,0.6234312
4115,0.7384124
4116,0.5535379
4117,0.65984845
4118,0.68870515
4119,0.61028063
4120,0.684678
4121,0.75762177
4122,0.71350765
4123,0.09612763
4124,0.1063385
4125,0.398674
4126,0.07401174
4127,0.7080054
4128,0.26926243
4129,0.19000077
4130,0.09233081
4131,0.32926822
4132,0.07182956
4133,0.09599674
4134,0.13454723
4135,0.2506919
4136,0.39162457
4137,0.27534747
4138,0.13782918
4139,0.13241905
4140,0.37729967
4141,0.36744523
4142,0.5781621
4143,0.4754635
4144,0.74760485
4145,0.576167
4146,0.58191097
4147,0.58163095
4148,0.67928636
4149,0.27443492
4150,0.5918685
4151,0.8282554
4152,0.79674983
4153,0.59872067
4154,0.4019333
4155,0.5938121
4156,0.607106
4157,0.37479663
4158,0.5719868
4159,0.71071815
4160,0.56766176
4161,0.13543707
4162,0.017540991
4163,0.101275444
4164,0.05484438
4165,0.25479817
4166,0.3090266
4167,0.015014678
4168,0.01286611
4169,0.020509154
4170,0.105487764
4171,0.079793155
4172,0.1447283
4173,0.2157523
4174,0.057569295
4175,0.023677737
4176,0.03528291
4177,0.03863287
4178,0.29535317
4179,0.15479136
4180,0.3523134
4181,0.24829292
4182,0.37777376
4183,0.2649461
4184,0.40115583
4185,0.5773691
4186,0.5016533
4187,0.31699347
4188,0.5418614
4189,0.25910127
4190,0.5401056
4191,0.54550433
4192,0.3267001
4193,0.48208487
4194,0.26638412
4195,0.28507745
4196,0.5531595
4197,0.5589824
4198,0.34670675
4199,0.24009359
4200,0.16118062
4201,0.088678
4202,0.11248928
4203,0.12206042
4204,0.3546908
4205,0.14336717
4206,0.12823117
4207,0.14999402
4208,0.15570629
4209,0.13285267
4210,0.336864
4211,0.43597162
4212,0.5941464
4213,0.11931485
4214,0.12612563
4215,0.15568066
4216,0.17162097
4217,0.5726151
4218,0.47632492
4219,0.32127857
4220,0.36584473
4221,0.4546584
4222,0.3958342
4223,0.3524766
4224,0.22803128
4225,0.24628949
4226,0.2650659
4227,0.77030545
4228,0.2750938
4229,0.33571064
4230,0.7098154
4231,0.48777235
4232,0.5867858
4233,0.24343646
4234,0.23030782
4235,0.20549035
4236,0.20259106
4237,0.06508747
4238,0.06877801
4239,0.14033079
4240,0.081332326
4241,0.117673755
4242,0.13028163
4243,0.12927908
4244,0.1295163
4245,0.1463848
4246,0.049105734
4247,0.12957314
4248,0.11481026
4249,0.07990968
4250,0.16417843
4251,0.081584275
4252,0.16790926
4253,0.1524097
4254,0.044819802
4255,0.08598894
4256,0.10459483
4257,0.21735251
4258,0.37872267
4259,0.30260193
4260,0.37238288
4261,0.20569658
4262,0.31393588
4263,0.2574687
4264,0.38847756
4265,0.18462038
4266,0.3053223
4267,0.106092215
4268,0.2892599
4269,0.18308705
4270,0.08821964
4271,0.18245542
4272,0.20568359
4273,0.26972854
4274,0.16912603
4275,0.43096435
4276,0.5434729
4277,0.33649862
4278,0.36423588
4279,0.61520445
4280,0.69403386
4281,0.5481605
4282,0.5100959
4283,0.37584412
4284,0.69560677
4285,0.37173867
4286,0.36031365
4287,0.56253153
4288,0.32273316
4289,0.53647375
4290,0.36113644
4291,0.42748535
4292,0.46218503
4293,0.5379181
4294,0.10915649
4295,0.36637712
4296,0.2054286
4297,0.6114154
4298,0.17772579
4299,0.39019585
4300,0.34494245
4301,0.30218005
4302,0.46156955
4303,0.39319277
4304,0.121979296
4305,0.20454228
4306,0.15126765
4307,0.12010801
4308,0.21398163
4309,0.19517207
4310,0.23672187
4311,0.1348688
4312,0.14687377
4313,0.7170273
4314,0.57724154
4315,0.67498744
4316,0.8224576
4317,0.74356234
4318,0.6197648
4319,0.768468
4320,0.5140599
4321,0.5334381
4322,0.61765563
4323,0.4294876
4324,0.7978563
4325,0.61901397
4326,0.33451736
4327,0.46916544
4328,0.66824245
4329,0.5689944
4330,0.5997117
4331,0.62016463
4332,0.23215544
4333,0.5330192
4334,0.26609468
4335,0.41241252
4336,0.39098787
4337,0.45415163
4338,0.2560563
4339,0.30855632
4340,0.17644918
4341,0.30088854
4342,0.19122648
4343,0.24552417
4344,0.23979664
4345,0.21698952
4346,0.651018
4347,0.18443859
4348,0.576648
4349,0.24701107
4350,0.16864634
4351,0.22854424
4352,0.19780028
4353,0.18375099
4354,0.18333006
4355,0.5592207
4356,0.18163228
4357,0.61011857
4358,0.18735695
4359,0.16484618
4360,0.12678862
4361,0.20934844
4362,0.22693616
4363,0.23705673
4364,0.25096917
4365,0.45492733
4366,0.32176185
4367,0.4699751
4368,0.7488431
4369,0.191782
4370,0.5607744
4371,0.5390913
4372,0.64010584
4373,0.66497445
4374,0.56141
4375,0.6472148
4376,0.6347035
4377,0.44598418
4378,0.61496997
4379,0.7448195
4380,0.6708052
4381,0.6538016
4382,0.6483616
4383,0.4230758
4384,0.71475595
4385,0.6003165
4386,0.6347083
4387,0.599828
4388,0.6982011
4389,0.4047426
4390,0.7390539
4391,0.5450113
4392,0.57311845
4393,0.46051514
4394,0.6403284
4395,0.37088346
4396,0.5533334
4397,0.6374488
4398,0.7103914
4399,0.3641603
4400,0.8005872
4401,0.5909966
4402,0.5870576
4403,0.38023055
4404,0.59373164
4405,0.48861492
4406,0.5987003
4407,0.31865227
4408,0.23045862
4409,0.37030458
4410,0.2906462
4411,0.20954776
4412,0.21442223
4413,0.7464486
4414,0.19406259
4415,0.70112395
4416,0.3727901
4417,0.2409066
4418,0.2297777
4419,0.1992706
4420,0.2769735
4421,0.26594567
4422,0.27443993
4423,0.3931465
4424,0.75932276
4425,0.36543322
4426,0.5713302
4427,0.49851334
4428,0.5054221
4429,0.30681634
4430,0.41744113
4431,0.5585072
4432,0.39544892
4433,0.35171223
4434,0.7382207
4435,0.3509835
4436,0.7757485
4437,0.6438345
4438,0.3598324
4439,0.6317632
4440,0.4565612
4441,0.35046113
4442,0.44811928
4443,0.6215416
4444,0.34828532
4445,0.5959716
4446,0.23220265
4447,0.35182154
4448,0.51234794
4449,0.5649747
4450,0.7166424
4451,0.59761834
4452,0.37889206
4453,0.32185733
4454,0.5966197
4455,0.40006864
4456,0.32230186
4457,0.49518502
4458,0.46313912
4459,0.3207103
4460,0.58331555
4461,0.37524462
4462,0.49869442
4463,0.4547242
4464,0.39667666
4465,0.5051204
4466,0.31874323
4467,0.32412863
4468,0.24450696
4469,0.19636452
4470,0.20598996
4471,0.59960496
4472,0.2328912
4473,0.26040864
4474,0.5956614
4475,0.27331328
4476,0.58286285
4477,0.2675706
4478,0.19352639
4479,0.26066136
4480,0.3019619
4481,0.54000926
4482,0.27153265
4483,0.41967583
4484,0.59337604
4485,0.3792169
4486,0.32595813
4487,0.3207909
4488,0.72781664
4489,0.38765788
4490,0.52924097
4491,0.4889288
4492,0.33616388
4493,0.47232378
4494,0.55811405
4495,0.35288548
4496,0.399207
4497,0.40359533
4498,0.57801116
4499,0.49323785
4500,0.50633085
4501,0.3210405
4502,0.5959976
4503,0.2139163
4504,0.11685169
4505,0.43434834
4506,0.3025353
4507,0.18781853
4508,0.33748305
4509,0.17858839
4510,0.48194116
4511,0.18616974
4512,0.25111926
4513,0.4385674
4514,0.44159043
4515,0.24821842
4516,0.19664776
4517,0.31336665
4518,0.22415507
4519,0.3625871
4520,0.617188
4521,0.1369791
4522,0.6916817
4523,0.68860424
4524,0.33974302
4525,0.35967326
4526,0.5866109
4527,0.5854044
4528,0.7568338
4529,0.73365873
4530,0.47570312
4531,0.52369297
4532,0.49009013
4533,0.6614804
4534,0.44314063
4535,0.5714873
4536,0.46991217
4537,0.7115153
4538,0.7449461
4539,0.42799222
4540,0.48872995
4541,0.28327584
4542,0.5842707
4543,0.42019594
4544,0.542382
4545,0.4034338
4546,0.3722577
4547,0.5869361
4548,0.553277
4549,0.6597582
4550,0.496894
4551,0.5887735
4552,0.60779727
4553,0.4985721
4554,0.4394263
4555,0.6004653
4556,0.6222513
4557,0.30767047
4558,0.48253942
4559,0.4637158
4560,0.3188163
4561,0.2581216
4562,0.2456032
4563,0.36964726
4564,0.16580802
4565,0.20262527
4566,0.69652367
4567,0.19488823
4568,0.2813102
4569,0.55375075
4570,0.20991158
4571,0.30294192
4572,0.21438622
4573,0.2011646
4574,0.19116294
4575,0.20961225
4576,0.25320494
4577,0.43803215
4578,0.3722043
4579,0.46961033
4580,0.40934265
4581,0.102635264
4582,0.5602362
4583,0.16460347
4584,0.30760694
4585,0.2828343
4586,0.5032594
4587,0.25943232
4588,0.22043729
4589,0.16002381
4590,0.48311186
4591,0.41738653
4592,0.4128214
4593,0.30683577
4594,0.23122168
4595,0.23733962
4596,0.2396748
4597,0.33651042
4598,0.5180534
4599,0.6318948
4600,0.4517641
4601,0.5557666
4602,0.6379608
4603,0.5396637
4604,0.66868937
4605,0.72643805
4606,0.52292645
4607,0.515926
4608,0.5735804
4609,0.6532239
4610,0.6834781
4611,0.6256416
4612,0.52334
4613,0.52073693
4614,0.7270162
4615,0.6861409
4616,0.5270357
4617,0.17860353
4618,0.21565771
4619,0.18439102
4620,0.21678913
4621,0.21744156
4622,0.21312308
4623,0.23506343
4624,0.16502854
4625,0.70226663
4626,0.20244157
4627,0.20400095
4628,0.5356475
4629,0.25299805
4630,0.27167618
4631,0.4842087
4632,0.19109738
4633,0.30393183
4634,0.26276052
4635,0.60170853
4636,0.627457
4637,0.60406154
4638,0.5706018
4639,0.7174475
4640,0.67847896
4641,0.3800087
4642,0.5523484
4643,0.68956065
4644,0.59294534
4645,0.59980273
4646,0.434363
4647,0.64698136
4648,0.6526134
4649,0.45882618
4650,0.50413835
4651,0.58687055
4652,0.653298
4653,0.70783913
4654,0.67565084
4655,0.36980617
4656,0.11244607
4657,0.12010062
4658,0.34438217
4659,0.3896116
4660,0.34214485
4661,0.39542067
4662,0.111738205
4663,0.23874617
4664,0.10115886
4665,0.13979638
4666,0.3822987
4667,0.07142341
4668,0.19063437
4669,0.27084398
4670,0.41538405
4671,0.06385791
4672,0.68160737
4673,0.06302452
4674,0.46637034
4675,0.520329
4676,0.4596907
4677,0.5111673
4678,0.479452
4679,0.7166103
4680,0.66175354
4681,0.7256789
4682,0.6482116
4683,0.38447893
4684,0.5726899
4685,0.6009972
4686,0.5856494
4687,0.6220286
4688,0.3783896
4689,0.45535374
4690,0.47346294
4691,0.5011556
4692,0.7517352
4693,0.3462863
4694,0.2509855
4695,0.2610693
4696,0.2673241
4697,0.26734394
4698,0.28205425
4699,0.66950303
4700,0.75636274
4701,0.25675654
4702,0.26657748
4703,0.21519095
4704,0.5487138
4705,0.29606915
4706,0.32206875
4707,0.33339536
4708,0.5945296
4709,0.36491907
4710,0.323761
4711,0.30523002
4712,0.3928002
4713,0.14124918
4714,0.101585984
4715,0.12841952
4716,0.20858097
4717,0.2997923
4718,0.21579707
4719,0.3529564
4720,0.13276994
4721,0.26751435
4722,0.19813454
4723,0.28084576
4724,0.0799588
4725,0.16212392
4726,0.2425549
4727,0.08428061
4728,0.5497066
4729,0.053778052
4730,0.11359656
4731,0.18913943
4732,0.115965724
4733,0.11474931
4734,0.09552246
4735,0.17287219
4736,0.22510588
4737,0.1802392
4738,0.18049711
4739,0.092532635
4740,0.14776719
4741,0.19079125
4742,0.0807749
4743,0.21754783
4744,0.23487216
4745,0.07640159
4746,0.10176581
4747,0.14349437
4748,0.06293595
4749,0.24875474
4750,0.24351275
4751,0.29081655
4752,0.54505336
4753,0.20565283
4754,0.2059483
4755,0.24205673
4756,0.24388552
4757,0.2338776
4758,0.2929058
4759,0.21389616
4760,0.23240197
4761,0.22650754
4762,0.19117686
4763,0.26469815
4764,0.26758242
4765,0.29129076
4766,0.19626093
4767,0.1849584
4768,0.4555434
4769,0.16531336
4770,0.19698495
4771,0.18396771
4772,0.23170805
4773,0.49035668
4774,0.34690535
4775,0.1762712
4776,0.20794094
4777,0.21069789
4778,0.21152616
4779,0.1905855
4780,0.24531132
4781,0.12091434
4782,0.17952263
4783,0.17192113
4784,0.22229165
4785,0.31357342
4786,0.13240469
4787,0.25916487
4788,0.39118135
4789,0.119618535
4790,0.08757055
4791,0.049328685
4792,0.21079469
4793,0.27581286
4794,0.10319865
4795,0.20922554
4796,0.112624764
4797,0.4552548
4798,0.04499626
4799,0.061726928
4800,0.034252405
4801,0.5303762
4802,0.050522447
4803,0.21671689
4804,0.14718914
4805,0.19667637
4806,0.03547907
4807,0.26366436
4808,0.55719256
4809,0.6719585
4810,0.2787223
4811,0.4871229
4812,0.3417915
4813,0.40564477
4814,0.48440826
4815,0.29861605
4816,0.39415967
4817,0.4296571
4818,0.40689623
4819,0.60431314
4820,0.4147799
4821,0.53715146
4822,0.5407722
4823,0.5262914
4824,0.3242662
4825,0.4961096
4826,0.31126475
4827,0.327941
4828,0.40495145
4829,0.54228854
4830,0.28432596
4831,0.4644189
4832,0.37921488
4833,0.32924497
4834,0.31908882
4835,0.7195598
4836,0.30200505
4837,0.310966
4838,0.3382417
4839,0.2983079
4840,0.29014158
4841,0.31079018
4842,0.29349875
4843,0.5865917
4844,0.48236334
4845,0.23418236
4846,0.23993206
4847,0.21282083
4848,0.38901258
4849,0.17738104
4850,0.22167218
4851,0.21804345
4852,0.28271306
4853,0.19789255
4854,0.27666175
4855,0.32308626
4856,0.21501458
4857,0.24485397
4858,0.17557406
4859,0.61066437
4860,0.2912109
4861,0.20810425
4862,0.16654706
4863,0.20752347
4864,0.4042827
4865,0.20271492
4866,0.42472255
4867,0.15174437
4868,0.42674446
4869,0.08514786
4870,0.09173429
4871,0.29983914
4872,0.3190912
4873,0.5710027
4874,0.065555334
4875,0.26158452
4876,0.12770605
4877,0.1872667
4878,0.054008603
4879,0.07993913
4880,0.24178946
4881,0.06754482
4882,0.25705922
4883,0.47087777
4884,0.2919743
4885,0.16273344
4886,0.28297043
4887,0.35403955
4888,0.19666243
4889,0.15984213
4890,0.34186602
4891,0.23157871
4892,0.54116845
4893,0.4028195
4894,0.13935393
4895,0.5110016
4896,0.18271983
4897,0.21644843
4898,0.226601
4899,0.26747024
4900,0.4544834
4901,0.59580505
4902,0.24559104
4903,0.2834736
4904,0.15022182
4905,0.35929692
4906,0.23894894
4907,0.141006
4908,0.14190209
4909,0.15773606
4910,0.23719871
4911,0.23819888
4912,0.24117231
4913,0.24405003
4914,0.42730987
4915,0.38748026
4916,0.30383027
4917,0.20434922
4918,0.2894534
4919,0.6152844
4920,0.20666921
4921,0.6613612
4922,0.40010047
4923,0.62261105
4924,0.6774909
4925,0.67752707
4926,0.5579368
4927,0.5990547
4928,0.66533065
4929,0.3846308
4930,0.4362135
4931,0.6960501
4932,0.365574
4933,0.5542606
4934,0.60583305
4935,0.3266294
4936,0.59202147
4937,0.3634348
4938,0.43448818
4939,0.29211152
4940,0.43609595
4941,0.16621506
4942,0.31801212
4943,0.43569553
4944,0.20460689
4945,0.6253282
4946,0.31991518
4947,0.29025733
4948,0.17897618
4949,0.18557763
4950,0.61099386
4951,0.40777194
4952,0.38723743
4953,0.23852992
4954,0.22131765
4955,0.29330194
4956,0.3300463
4957,0.598799
4958,0.33824146
4959,0.057373405
4960,0.106791854
4961,0.49766266
4962,0.22849762
4963,0.09136975
4964,0.07903838
4965,0.21643496
4966,0.3016883
4967,0.49756205
4968,0.16078615
4969,0.28324473
4970,0.08666885
4971,0.08459914
4972,0.37994206
4973,0.0642308
4974,0.16106784
4975,0.24371159
4976,0.06886113
4977,0.23795271
4978,0.52348256
4979,0.41046774
4980,0.32268512
4981,0.45847487
4982,0.5310286
4983,0.6112162
4984,0.5128982
4985,0.2798624
4986,0.58629537
4987,0.362401
4988,0.4869516
4989,0.52599525
4990,0.38035965
4991,0.4362105
4992,0.530751
4993,0.3641696
4994,0.32216918
4995,0.54616034
4996,0.6043949
4997,0.13726747
4998,0.13626158
4999,0.10431588
5000,0.084104896
5001,0.29044318
5002,0.22781539
5003,0.11461872
5004,0.114984274
5005,0.12061787
5006,0.16717362
5007,0.09708649
5008,0.11491346
5009,0.24952352
5010,0.35592067
5011,0.14435673
5012,0.14984262
5013,0.17904174
5014,0.10859835
5015,0.111806154
5016,0.5924003
5017,0.45632505
5018,0.38129652
5019,0.43625116
5020,0.46453977
5021,0.5017588
5022,0.49569345
5023,0.4498589
5024,0.5416895
5025,0.42535567
5026,0.35851538
5027,0.49816453
5028,0.4884634
5029,0.4899677
5030,0.6285167
5031,0.42096353
5032,0.60837877
5033,0.40085912
5034,0.5640236
5035,0.47502756
5036,0.24048412
5037,0.20666528
5038,0.22324848
5039,0.29460812
5040,0.2942617
5041,0.6563735
5042,0.23890531
5043,0.4842254
5044,0.2712716
5045,0.20103592
5046,0.2734862
5047,0.266015
5048,0.2735743
5049,0.2821176
5050,0.22920853
5051,0.22368598
5052,0.4125501
5053,0.39462507
5054,0.10799003
5055,0.22244322
5056,0.20903611
5057,0.18610871
5058,0.17497122
5059,0.16985929
5060,0.10963833
5061,0.19891894
5062,0.17849079
5063,0.18082756
5064,0.14238447
5065,0.11719632
5066,0.21763396
5067,0.21801105
5068,0.124299705
5069,0.19189423
5070,0.17034453
5071,0.1047678
5072,0.17408252
5073,0.2589035
5074,0.14535797
5075,0.24335903
5076,0.13864225
5077,0.27604878
5078,0.15764928
5079,0.17828631
5080,0.21590221
5081,0.22689563
5082,0.46325862
5083,0.18580878
5084,0.22409952
5085,0.18749619
5086,0.23179829
5087,0.16680974
5088,0.16474426
5089,0.23882914
5090,0.20704472
5091,0.22040927
5092,0.091498435
5093,0.17538804
5094,0.17830896
5095,0.10691726
5096,0.15139997
5097,0.13086885
5098,0.10846618
5099,0.10632929
5100,0.105827
5101,0.17032981
5102,0.13455516
5103,0.1625582
5104,0.13594478
5105,0.10080987
5106,0.14897192
5107,0.14866632
5108,0.11409655
5109,0.13039148
5110,0.10013464
5111,0.22229248
5112,0.19947293
5113,0.14860666
5114,0.15077567
5115,0.20292807
5116,0.14852571
5117,0.56202877
5118,0.27297992
5119,0.22459412
5120,0.30209714
5121,0.29470915
5122,0.16462946
5123,0.163623
5124,0.1864816
5125,0.21947849
5126,0.14228886
5127,0.24199331
5128,0.18982995
5129,0.14225966
5130,0.10207486
5131,0.08866048
5132,0.106099516
5133,0.13427812
5134,0.08064461
5135,0.17139596
5136,0.08167696
5137,0.11338067
5138,0.130543
5139,0.1351775
5140,0.18727237
5141,0.1125111
5142,0.09848803
5143,0.0903008
5144,0.15007526
5145,0.17953879
5146,0.1360172
5147,0.14699364
5148,0.10389376
5149,0.6248952
5150,0.6634151
5151,0.51382506
5152,0.41884565
5153,0.6152173
5154,0.502967
5155,0.5932052
5156,0.6847687
5157,0.6791621
5158,0.73667324
5159,0.6048316
5160,0.5525588
5161,0.58745694
5162,0.6895548
5163,0.5909015
5164,0.6521555
5165,0.68973935
5166,0.64765704
5167,0.6468185
5168,0.12277186
5169,0.16005135
5170,0.18962204
5171,0.2042594
5172,0.21543765
5173,0.32827604
5174,0.17900169
5175,0.17117
5176,0.22368121
5177,0.16616464
5178,0.1700679
5179,0.1795274
5180,0.13338864
5181,0.17251766
5182,0.26894224
5183,0.119542
5184,0.21490824
5185,0.20224679
5186,0.11999357
5187,0.38136876
5188,0.17691386
5189,0.16902375
5190,0.25311792
5191,0.20612466
5192,0.27576435
5193,0.30011797
5194,0.16576278
5195,0.161188
5196,0.21710813
5197,0.21221888
5198,0.19900954
5199,0.29950523
5200,0.47904742
5201,0.63347113
5202,0.45369697
5203,0.17446661
5204,0.18967187
5205,0.17604232
5206,0.5602784
5207,0.6308559
5208,0.5141325
5209,0.52123034
5210,0.7305758
5211,0.69778264
5212,0.7686229
5213,0.36946273
5214,0.7170551
5215,0.51201737
5216,0.6617168
5217,0.68569505
5218,0.6233276
5219,0.7174549
5220,0.55763006
5221,0.62048686
5222,0.48942208
5223,0.6382899
5224,0.53999615
5225,0.20405746
5226,0.12966526
5227,0.18021715
5228,0.18031573
5229,0.15755606
5230,0.17179751
5231,0.23133886
5232,0.19397771
5233,0.1510573
5234,0.29970753
5235,0.13356483
5236,0.20931804
5237,0.24995434
5238,0.14559734
5239,0.14827645
5240,0.18404579
5241,0.3529408
5242,0.0929929
5243,0.27488494
5244,0.1929354
5245,0.1773001
5246,0.21218556
5247,0.18119955
5248,0.14320257
5249,0.19713515
5250,0.2530163
5251,0.2070303
5252,0.33951575
5253,0.18636853
5254,0.20194829
5255,0.22427836
5256,0.16389322
5257,0.15772891
5258,0.25554323
5259,0.19721031
5260,0.19720867
5261,0.19674617
5262,0.20890343
5263,0.46589732
5264,0.4289676
5265,0.26670647
5266,0.42802513
5267,0.60365057
5268,0.29440832
5269,0.39645934
5270,0.33757663
5271,0.58901954
5272,0.35436213
5273,0.46735334
5274,0.28072715
5275,0.6414887
5276,0.48360956
5277,0.47235
5278,0.34779167
5279,0.38488007
5280,0.37711823
5281,0.35153997
5282,0.3587364
5283,0.6425384
5284,0.32332814
5285,0.39953125
5286,0.3648907
5287,0.24222249
5288,0.26701963
5289,0.47449827
5290,0.5951414
5291,0.25046504
5292,0.30518603
5293,0.28308225
5294,0.74476206
5295,0.2303698
5296,0.27736545
5297,0.33981395
5298,0.27102494
5299,0.25968397
5300,0.26652682
5301,0.1574657
5302,0.18925363
5303,0.16075361
5304,0.1655258
5305,0.16488677
5306,0.1669513
5307,0.14426851
5308,0.17407131
5309,0.20723534
5310,0.15805638
5311,0.20964277
5312,0.18144315
5313,0.19175744
5314,0.31453705
5315,0.18400276
5316,0.30400467
5317,0.18161237
5318,0.35900033
5319,0.20896542
5320,0.6089611
5321,0.67888665
5322,0.65587246
5323,0.6614901
5324,0.7501026
5325,0.5888834
5326,0.49453068
5327,0.55375445
5328,0.6816516
5329,0.51577866
5330,0.5560831
5331,0.52959096
5332,0.44492817
5333,0.63500345
5334,0.5528085
5335,0.4763236
5336,0.6562071
5337,0.52777064
5338,0.4494133
5339,0.6106874
5340,0.65844023
5341,0.5972533
5342,0.46837163
5343,0.6264918
5344,0.5626389
5345,0.5887474
5346,0.5470382
5347,0.6440729
5348,0.5221236
5349,0.52586424
5350,0.58566475
5351,0.58969116
5352,0.667112
5353,0.64092433
5354,0.578264
5355,0.66298306
5356,0.6727778
5357,0.6677518
5358,0.70310587
5359,0.78835154
5360,0.6894895
5361,0.61172783
5362,0.6774477
5363,0.6877394
5364,0.7307217
5365,0.56103396
5366,0.66453254
5367,0.74913627
5368,0.71081924
5369,0.7372118
5370,0.65525293
5371,0.689046
5372,0.66092265
5373,0.6912497
5374,0.738322
5375,0.7475599
5376,0.7253591
5377,0.4479618
5378,0.41379154
5379,0.4037565
5380,0.46002388
5381,0.382946
5382,0.31640851
5383,0.45257092
5384,0.33918476
5385,0.4470564
5386,0.43396032
5387,0.33508635
5388,0.40801442
5389,0.40413845
5390,0.32710922
5391,0.2726351
5392,0.40221846
5393,0.46113086
5394,0.34667242
5395,0.40531254
5396,0.55950826
5397,0.629933
5398,0.5986327
5399,0.5954158
5400,0.5570002
5401,0.62478054
5402,0.6099305
5403,0.58902895
5404,0.5780442
5405,0.4758718
5406,0.6462226
5407,0.70339537
5408,0.62756824
5409,0.600132
5410,0.45236957
5411,0.6202663
5412,0.5869148
5413,0.49806207
5414,0.6926178
5415,0.5482205
5416,0.5806223
5417,0.4767177
5418,0.54139686
5419,0.5001583
5420,0.4066279
5421,0.5055908
5422,0.52202094
5423,0.6685972
5424,0.42407393
5425,0.4804238
5426,0.589547
5427,0.57454216
5428,0.46551836
5429,0.50199413
5430,0.49648392
5431,0.5028591
5432,0.48700035
5433,0.3480401
5434,0.41436124
5435,0.3839662
5436,0.35558093
5437,0.34135365
5438,0.326761
5439,0.38756347
5440,0.44519985
5441,0.42688763
5442,0.23020983
5443,0.32274902
5444,0.38531303
5445,0.45638692
5446,0.38537598
5447,0.39984608
5448,0.40800858
5449,0.35978007
5450,0.38831985
5451,0.36685252
5452,0.31075156
5453,0.55206203
5454,0.41238558
5455,0.50599134
5456,0.6242099
5457,0.56994295
5458,0.6023092
5459,0.5124029
5460,0.55359125
5461,0.47370124
5462,0.54058135
5463,0.4995277
5464,0.5197215
5465,0.62295794
5466,0.45633495
5467,0.47597837
5468,0.60234296
5469,0.45348763
5470,0.4140501
5471,0.44468188
5472,0.6190283
5473,0.513397
5474,0.5674915
5475,0.69207585
5476,0.5182156
5477,0.57078874
5478,0.58296
5479,0.63646364
5480,0.72319186
5481,0.52101135
5482,0.59589076
5483,0.5923779
5484,0.63981533
5485,0.5394618
5486,0.56795037
5487,0.5650032
5488,0.5949658
5489,0.5334837
5490,0.48382753
5491,0.7415751
5492,0.710148
5493,0.5996425
5494,0.67013943
5495,0.6974194
5496,0.73547554
5497,0.67212725
5498,0.7294127
5499,0.69609785
5500,0.6669096
5501,0.6852125
5502,0.6701219
5503,0.77021456
5504,0.6991253
5505,0.69805133
5506,0.7293576
5507,0.7314291
5508,0.7796724
5509,0.73973584
5510,0.49987018
5511,0.48734593
5512,0.65483487
5513,0.56452274
5514,0.4777366
5515,0.44429982
5516,0.6787323
5517,0.5349251
5518,0.58215773
5519,0.60014045
5520,0.48399472
5521,0.6283134
5522,0.5393833
5523,0.5444429
5524,0.57461023
5525,0.6546178
5526,0.63661265
5527,0.64463747
5528,0.60331535
5529,0.7544565
5530,0.7205646
5531,0.6843569
5532,0.64460695
5533,0.72089684
5534,0.72325265
5535,0.55853546
5536,0.6679714
5537,0.64327896
5538,0.6730628
5539,0.7955755
5540,0.7191634
5541,0.70609736
5542,0.73406076
5543,0.6973487
5544,0.7041428
5545,0.7368778
5546,0.6642164
5547,0.73400486
5548,0.6242521
5549,0.64134085
5550,0.69375694
5551,0.7666055
5552,0.6646379
5553,0.75942695
5554,0.7090169
5555,0.81580484
5556,0.6671902
5557,0.65163267
5558,0.6945189
5559,0.75124824
5560,0.7647697
5561,0.7336273
5562,0.72700477
5563,0.70954597
5564,0.7104119
5565,0.7773007
5566,0.7356671
5567,0.7333863
5568,0.71015024
5569,0.6894064
5570,0.7953836
5571,0.75378644
5572,0.7545367
5573,0.7423072
5574,0.8216175
5575,0.77303135
5576,0.7460641
5577,0.60276854
5578,0.7314315
5579,0.6895175
5580,0.5911819
5581,0.66570705
5582,0.7736461
5583,0.8418953
5584,0.82339525
5585,0.7105262
5586,0.66158223
5587,0.6538936
5588,0.43796384
5589,0.52869177
5590,0.61085105
5591,0.6582378
5592,0.51169515
5593,0.5248035
5594,0.6279819
5595,0.568992
5596,0.7026731
5597,0.59927034
5598,0.49395728
5599,0.6039032
5600,0.64022636
5601,0.55938315
5602,0.58617663
5603,0.60580254
5604,0.6170006
5605,0.64457166
5606,0.6347567
5607,0.7833841
5608,0.7051003
5609,0.7095982
5610,0.63565564
5611,0.65736103
5612,0.54277796
5613,0.66912276
5614,0.65205634
5615,0.6582026
5616,0.7223762
5617,0.68590623
5618,0.6012684
5619,0.5142964
5620,0.6055699
5621,0.7581568
5622,0.72981346
5623,0.77172244
5624,0.5830418
5625,0.7323563
5626,0.5484034
5627,0.4426397
5628,0.52338326
5629,0.61576205
5630,0.67142797
5631,0.47598684
5632,0.6060834
5633,0.6304792
5634,0.70555127
5635,0.6258714
5636,0.5584384
5637,0.6465975
5638,0.6363131
5639,0.5351502
5640,0.5912908
5641,0.72639966
5642,0.68433964
5643,0.68656385
5644,0.7106713
5645,0.6119657
5646,0.5627776
5647,0.6370127
5648,0.6388479
5649,0.5643375
5650,0.6111405
5651,0.5729492
5652,0.6665509
5653,0.6064815
5654,0.5859349
5655,0.4793157
5656,0.6480082
5657,0.62183017
5658,0.51678187
5659,0.73158014
5660,0.42875683
5661,0.53960633
5662,0.76902866
5663,0.6858182
5664,0.72303605
5665,0.5409833
5666,0.5949508
5667,0.69004023
5668,0.67578244
5669,0.7476547
5670,0.7336606
5671,0.6624912
5672,0.7518462
5673,0.67434704
5674,0.69391406
5675,0.6301154
5676,0.6361892
5677,0.6730286
5678,0.62738657
5679,0.58708954
5680,0.46061444
5681,0.44721937
5682,0.67412186
5683,0.6721536
5684,0.69121754
5685,0.6359085
5686,0.6100426
5687,0.6124786
5688,0.654642
5689,0.6322057
5690,0.67436147
5691,0.5874946
5692,0.5992243
5693,0.68858314
5694,0.63580084
5695,0.6358819
5696,0.5528718
5697,0.54334354
5698,0.66377735
5699,0.5668793
5700,0.6986872
5701,0.7025666
5702,0.6842501
5703,0.7099041
5704,0.70139027
5705,0.75716996
5706,0.6788647
5707,0.69069433
5708,0.6377982
5709,0.6935524
5710,0.7190325
5711,0.6252783
5712,0.7511816
5713,0.7998898
5714,0.5441679
5715,0.7511234
5716,0.6549746
5717,0.7418392
5718,0.7407752
5719,0.7395967
5720,0.8173491
5721,0.6244688
5722,0.66220474
5723,0.6319562
5724,0.72897387
5725,0.5860864
5726,0.7038895
5727,0.6756381
5728,0.7943524
5729,0.6173717
5730,0.7788254
5731,0.62833595
5732,0.57107186
5733,0.58907425
5734,0.6545361
5735,0.59283507
5736,0.7351328
5737,0.6527761
5738,0.59892905
5739,0.67675245
5740,0.66448796
5741,0.62017035
5742,0.63237584
5743,0.68902975
5744,0.75049925
5745,0.6377151
5746,0.6526557
5747,0.5022171
5748,0.6868669
5749,0.64217025
5750,0.5713782
5751,0.48245728
5752,0.5644543
5753,0.7151996
5754,0.6127716
5755,0.57897913
5756,0.7228408
5757,0.63189375
5758,0.6405288
5759,0.6312878
5760,0.69721544
5761,0.6466086
5762,0.60258496
5763,0.59632576
5764,0.6818559
5765,0.65481985
5766,0.63501334
5767,0.6001954
5768,0.5450952
5769,0.6621114
5770,0.48953927
5771,0.6140405
5772,0.6561984
5773,0.6842476
5774,0.68079317
5775,0.62853324
5776,0.7471098
5777,0.7678441
5778,0.6514498
5779,0.59124815
5780,0.5861674
5781,0.62636226
5782,0.5660619
5783,0.61537015
5784,0.64299715
5785,0.77734363
5786,0.7010263
5787,0.80679774
5788,0.6649208
5789,0.6377481
5790,0.66561425
5791,0.744743
5792,0.7038379
5793,0.58705425
5794,0.6220114
5795,0.66204125
5796,0.75238323
5797,0.762753
5798,0.67019665
5799,0.6279522
5800,0.6017822
5801,0.65027034
5802,0.59424984
5803,0.5743878
5804,0.61762774
5805,0.7494087
5806,0.57785666
5807,0.6521338
5808,0.5752028
5809,0.58792126
5810,0.5281303
5811,0.71643054
5812,0.6219883
5813,0.5303439
5814,0.54850405
5815,0.64701647
5816,0.5529166
5817,0.59274006
5818,0.74810576
5819,0.5354122
5820,0.6083287
5821,0.6402762
5822,0.6824331
5823,0.52795035
5824,0.5595856
5825,0.7655103
5826,0.6029073
5827,0.60087687
5828,0.66698956
5829,0.6698877
5830,0.6214321
5831,0.6228299
5832,0.5624935
5833,0.7784842
5834,0.7546927
5835,0.808352
5836,0.7785568
5837,0.77078104
5838,0.6793127
5839,0.6857133
5840,0.72281516
5841,0.71310043
5842,0.6993413
5843,0.7337496
5844,0.73616993
5845,0.84146965
5846,0.7578238
5847,0.7051946
5848,0.8106692
5849,0.8102876
5850,0.8124702
5851,0.72708964
5852,0.72859037
5853,0.741912
5854,0.7377629
5855,0.786247
5856,0.772661
5857,0.6743605
5858,0.75584245
5859,0.822888
5860,0.7328731
5861,0.81132114
5862,0.783913
5863,0.69981265
5864,0.81102
5865,0.7596133
5866,0.74319446
5867,0.7241565
5868,0.79755425
5869,0.7125387
5870,0.7565874
5871,0.65081143
5872,0.61666304
5873,0.6744873
5874,0.5972743
5875,0.53898776
5876,0.60623634
5877,0.65982485
5878,0.7339983
5879,0.54587024
5880,0.704034
5881,0.68286586
5882,0.7630087
5883,0.6821672
5884,0.66712403
5885,0.7017523
5886,0.7687944
5887,0.7259969
5888,0.7549174
5889,0.6357139
5890,0.7161888
5891,0.53730595
5892,0.62151027
5893,0.64941657
5894,0.72414637
5895,0.5917648
5896,0.60323155
5897,0.7132076
5898,0.7507131
5899,0.6400353
5900,0.6090747
5901,0.63443506
5902,0.66801965
5903,0.6380534
5904,0.66308916
5905,0.69287765
5906,0.717612
5907,0.67315173
5908,0.65906346
5909,0.7170787
5910,0.6501649
5911,0.5868534
5912,0.60327005
5913,0.72107744
5914,0.7275004
5915,0.7758456
5916,0.7305862
5917,0.65361965
5918,0.7063165
5919,0.7450752
5920,0.81132245
5921,0.6844604
5922,0.69877565
5923,0.704631
5924,0.8056147
5925,0.8076091
5926,0.7434296
5927,0.77826315
5928,0.7396189
5929,0.70032835
5930,0.78418005
5931,0.8341191
5932,0.8109118
5933,0.76693964
5934,0.8091376
5935,0.80066323
5936,0.7367197
5937,0.74925005
5938,0.76036227
5939,0.82429683
5940,0.7748805
5941,0.8395903
5942,0.73993695
5943,0.8138492
5944,0.723263
5945,0.7258065
5946,0.74290764
5947,0.6397451
5948,0.81608236
5949,0.59948325
5950,0.5818012
5951,0.64194596
5952,0.80567175
5953,0.56235033
5954,0.68785274
5955,0.7231653
5956,0.6868397
5957,0.67973936
5958,0.6815661
5959,0.6073972
5960,0.6723003
5961,0.66136694
5962,0.7031895
5963,0.6129816
5964,0.75339186
5965,0.5551132
5966,0.674034
5967,0.7553301
5968,0.63955975
5969,0.707459
5970,0.6235609
5971,0.7058815
5972,0.8201157
5973,0.6563674
5974,0.64469063
5975,0.63390076
5976,0.8005686
5977,0.6179576
5978,0.6084632
5979,0.6093254
5980,0.6559962
5981,0.68084633
5982,0.5763833
5983,0.77621114
5984,0.757728
5985,0.6783818
5986,0.5905994
5987,0.65152013
5988,0.80789953
5989,0.5588111
5990,0.68110573
5991,0.7262018
5992,0.76409614
5993,0.5588727
5994,0.68756175
5995,0.6866832
5996,0.6724278
5997,0.69726324
5998,0.6178808
5999,0.64347553
6000,0.6858442
6001,0.8074181
6002,0.6105963
6003,0.60182154
6004,0.61085504
6005,0.7705771
6006,0.77566326
6007,0.60390884
6008,0.6757375
6009,0.73852247
6010,0.5661465
6011,0.7011291
6012,0.6784922
6013,0.780545
6014,0.54818285
6015,0.6842816
6016,0.6752448
6017,0.6964204
6018,0.7152482
6019,0.63820344
6020,0.6794503
6021,0.6404209
6022,0.7343033
6023,0.8141428
6024,0.829036
6025,0.78183675
6026,0.75227845
6027,0.76286733
6028,0.8310455
6029,0.74880874
6030,0.7861898
6031,0.7267722
6032,0.755574
6033,0.8402469
6034,0.7031901
6035,0.85364604
6036,0.7376965
6037,0.71748316
6038,0.8268192
6039,0.86168134
6040,0.70797086
6041,0.76592994
6042,0.80408317
6043,0.75083554
6044,0.7546495
6045,0.8602277
6046,0.6889756
6047,0.7751385
6048,0.81580114
6049,0.8215052
6050,0.85559714
6051,0.8346821
6052,0.6788639
6053,0.82441235
6054,0.8118224
6055,0.78100735
6056,0.7975466
6057,0.8024345
6058,0.8736323
6059,0.8732358
6060,0.7652488
6061,0.80939996
6062,0.76559067
6063,0.7801125
6064,0.75731075
6065,0.7508701
6066,0.7535342
6067,0.80427194
6068,0.7445687
6069,0.74315727
6070,0.82219654
6071,0.78189933
6072,0.7432803
6073,0.6662766
6074,0.8285402
6075,0.77863276
6076,0.7537447
6077,0.8365092
6078,0.7187829
6079,0.6215261
6080,0.66585135
6081,0.77183783
6082,0.57080954
6083,0.5196221
6084,0.55778915
6085,0.6111269
6086,0.77539
6087,0.589514
6088,0.59403574
6089,0.57144254
6090,0.6565174
6091,0.72353375
6092,0.6769607
6093,0.5698725
6094,0.63971823
6095,0.60940766
6096,0.63243425
6097,0.611855
6098,0.6762331
6099,0.83137476
6100,0.80395806
6101,0.79077774
6102,0.7932377
6103,0.7778206
6104,0.76776665
6105,0.7930026
6106,0.81689084
6107,0.7631227
6108,0.77915156
6109,0.7695623
6110,0.80583125
6111,0.7463337
6112,0.7053845
6113,0.8121915
6114,0.848894
6115,0.6716846
6116,0.74285424
6117,0.83969367
6118,0.7872437
6119,0.7406541
6120,0.81861323
6121,0.76079476
6122,0.8404295
6123,0.7656448
6124,0.7529924
6125,0.7339996
6126,0.7744981
6127,0.77016044
6128,0.75594544
6129,0.7714093
6130,0.7960575
6131,0.8019824
6132,0.8430824
6133,0.78303266
6134,0.65286374
6135,0.672331
6136,0.8400545
6137,0.744179
6138,0.6551124
6139,0.7823162
6140,0.6830567
6141,0.8243934
6142,0.60693014
6143,0.5909951
6144,0.6246367
6145,0.6345922
6146,0.66523635
6147,0.7923945
6148,0.74351084
6149,0.67031395
6150,0.6740955
6151,0.6399481
6152,0.67331696
6153,0.6492101
6154,0.7668849
6155,0.64434683
6156,0.7320229
6157,0.74175394
6158,0.756436
6159,0.7587085
6160,0.8489401
6161,0.8401696
6162,0.82917535
6163,0.70041144
6164,0.81819814
6165,0.79767954
6166,0.7566142
6167,0.8340461
6168,0.71787286
6169,0.6593827
6170,0.84010196
6171,0.72438633
6172,0.66226995
6173,0.69382095
6174,0.7396951
6175,0.85392284
6176,0.83484256
6177,0.89085865
6178,0.8736156
6179,0.83566505
6180,0.72854006
6181,0.83774054
6182,0.8421943
6183,0.84225583
6184,0.8145795
6185,0.88586223
6186,0.8315369
6187,0.844544
6188,0.80268514
6189,0.89705455
6190,0.7799125
6191,0.80614877
6192,0.8406478
6193,0.8191966
6194,0.8038869
6195,0.71739376
6196,0.8092593
6197,0.7647692
6198,0.78300166
6199,0.7185068
6200,0.8055742
6201,0.7814561
6202,0.7670442
6203,0.72941554
6204,0.72092974
6205,0.8517953
6206,0.79431915
6207,0.692278
6208,0.708681
6209,0.7241316
6210,0.8301704
6211,0.8139256
6212,0.68393373
6213,0.6839023
6214,0.7215883
6215,0.7091667
6216,0.6669607
6217,0.6070217
6218,0.6415598
6219,0.71674263
6220,0.8001327
6221,0.73962903
6222,0.7494241
6223,0.8199301
6224,0.73651135
6225,0.71151054
6226,0.74084723
6227,0.7549149
6228,0.830992
6229,0.8303652
6230,0.6209016
6231,0.78595346
6232,0.68228656
6233,0.6488389
6234,0.6586576
6235,0.619999
6236,0.70286655
6237,0.68135256
6238,0.70568097
6239,0.7693053
6240,0.68972397
6241,0.7330995
6242,0.60576844
6243,0.6095352
6244,0.81769216
6245,0.63131475
6246,0.57861584
6247,0.57355535
6248,0.61231995
6249,0.80603373
6250,0.6405679
6251,0.77868
6252,0.8589506
6253,0.7489511
6254,0.8359803
6255,0.73051596
6256,0.7375438
6257,0.8827232
6258,0.7726836
6259,0.82552993
6260,0.8615998
6261,0.8266225
6262,0.83653474
6263,0.81595296
6264,0.86152816
6265,0.81297505
6266,0.76192963
6267,0.8121085
6268,0.7619558
6269,0.77340496
6270,0.8684616
6271,0.92169833
6272,0.8897784
6273,0.86180574
6274,0.87482965
6275,0.8652077
6276,0.84028554
6277,0.8438877
6278,0.8270645
6279,0.77179253
6280,0.86915636
6281,0.8466947
6282,0.88646126
6283,0.8357589
6284,0.80687714
6285,0.923832
6286,0.8412819
6287,0.8221388
6288,0.90579635
6289,0.8722956
6290,0.74465644
6291,0.7332345
6292,0.73197913
6293,0.85647404
6294,0.8108609
6295,0.8352878
6296,0.8291513
6297,0.79675555
6298,0.88588405
6299,0.86671114
6300,0.72652304
6301,0.77563727
6302,0.8800491
6303,0.75334704
6304,0.72820044
6305,0.74031603
6306,0.8255656
6307,0.7340338
6308,0.7231051
6309,0.7713715
6310,0.85978997
6311,0.8406837
6312,0.7367338
6313,0.7164253
6314,0.8140937
6315,0.7488291
6316,0.7331871
6317,0.8669138
6318,0.77082
6319,0.7893406
6320,0.8368194
6321,0.8231759
6322,0.8165364
6323,0.74964416
6324,0.836447
6325,0.7502352
6326,0.7244822
6327,0.78504384
6328,0.82241046
6329,0.7802726
6330,0.8487601
6331,0.82161236
6332,0.7343849
6333,0.7566289
6334,0.8322054
6335,0.8811557
6336,0.7873677
6337,0.74123394
6338,0.85661316
6339,0.7893635
6340,0.7769309
6341,0.86185896
6342,0.7509825
6343,0.7755711
6344,0.7402644
6345,0.82670915
6346,0.6825328
6347,0.7252692
6348,0.81013083
6349,0.7051058
6350,0.6970719
6351,0.80837524
6352,0.72142196
6353,0.8326969
6354,0.7647457
6355,0.6883682
6356,0.76437247
6357,0.7256423
6358,0.6390132
6359,0.7316445
6360,0.76422
6361,0.80475354
6362,0.7751986
6363,0.7875323
6364,0.77212524
6365,0.8445296
6366,0.83897555
6367,0.80350506
6368,0.8892834
6369,0.83766127
6370,0.7473053
6371,0.7650572
6372,0.84205997
6373,0.80537176
6374,0.7595831
6375,0.7581167
6376,0.8838346
6377,0.75568545
6378,0.8035399
6379,0.8799927
6380,0.7690121
6381,0.73181164
6382,0.74782777
6383,0.90782
6384,0.70968616
6385,0.8099327
6386,0.7956232
6387,0.801049
6388,0.7520124
6389,0.7344639
6390,0.7027154
6391,0.6791513
6392,0.68515944
6393,0.76782537
6394,0.8544338
6395,0.8199061
6396,0.70124185
6397,0.65320265
6398,0.66651225
6399,0.7037178
6400,0.7645673
6401,0.72365236
6402,0.73349214
6403,0.8175757
6404,0.7417824
6405,0.76290625
6406,0.80513793
6407,0.8431748
6408,0.7831018
6409,0.82775056
6410,0.8189643
6411,0.86722314
6412,0.88060653
6413,0.799021
6414,0.86509776
6415,0.839198
6416,0.78480244
6417,0.84792864
6418,0.8336232
6419,0.8425428
6420,0.8180196
6421,0.8298545
6422,0.80674267
6423,0.8405264
6424,0.69982934
6425,0.82629144
6426,0.8810461
6427,0.7681764
6428,0.79992485
6429,0.85257983
6430,0.78766024
6431,0.88128924
6432,0.8178866
6433,0.8256612
6434,0.85050976
6435,0.8062304
6436,0.78564954
6437,0.8305707
6438,0.8385881
6439,0.8383347
6440,0.87919486
6441,0.7701564
6442,0.75567377
6443,0.6415801
6444,0.6373199
6445,0.68626237
6446,0.80750597
6447,0.6966401
6448,0.6592761
6449,0.7412826
6450,0.81879973
6451,0.67504716
6452,0.7522725
6453,0.67537975
6454,0.68247473
6455,0.7065846
6456,0.7367221
6457,0.6997564
6458,0.8121152
6459,0.76936555
6460,0.71529067
6461,0.8036436
6462,0.78896034
6463,0.77589583
6464,0.8493309
6465,0.8055414
6466,0.826371
6467,0.84105754
6468,0.7799401
6469,0.81777334
6470,0.8669846
6471,0.8113172
6472,0.79104984
6473,0.72604084
6474,0.8450108
6475,0.7778536
6476,0.6832174
6477,0.7689396
6478,0.8625064
6479,0.7562318
6480,0.7752546
6481,0.6884875
6482,0.72537935
6483,0.7825376
6484,0.7374637
6485,0.7675717
6486,0.8209673
6487,0.7985164
6488,0.797487
6489,0.7615336
6490,0.68092024
6491,0.8379476
6492,0.7507312
6493,0.7617594
6494,0.6444907
6495,0.7118881
6496,0.73943496
6497,0.7380785
6498,0.8088616
6499,0.7173841
6500,0.7179377
6501,0.76723
6502,0.8764316
6503,0.7162569
6504,0.78138304
6505,0.8395819
6506,0.76839876
6507,0.87944216
6508,0.7652304
6509,0.78178024
6510,0.79571795
6511,0.80833936
6512,0.7607548
6513,0.7806654
6514,0.8106371
6515,0.83780324
6516,0.81287146
6517,0.7488657
6518,0.7884826
6519,0.7786633
6520,0.8120924
6521,0.7532221
6522,0.7766069
6523,0.80523944
6524,0.78386104
6525,0.8800162
6526,0.70366806
6527,0.8380062
6528,0.7774271
6529,0.8753092
6530,0.75306994
6531,0.7099134
6532,0.71262383
6533,0.75318795
6534,0.77273583
6535,0.8290577
6536,0.7808641
6537,0.7808106
6538,0.69163513
6539,0.6914722
6540,0.79829323
6541,0.756456
6542,0.81689715
6543,0.7765192
6544,0.7358693
6545,0.7449311
6546,0.7560781
6547,0.7513628
6548,0.73944557
6549,0.8194444
6550,0.7243861
6551,0.7140994
6552,0.8216132
6553,0.73704463
6554,0.73109186
6555,0.7596521
6556,0.8247256
6557,0.73133695
6558,0.8039072
6559,0.82335114
6560,0.79445046
6561,0.86906457
6562,0.7828938
6563,0.83242774
6564,0.8079114
6565,0.7868165
6566,0.78873557
6567,0.8119267
6568,0.81716585
6569,0.8440261
6570,0.74009454
6571,0.7952909
6572,0.7481792
6573,0.7919403
6574,0.7133118
6575,0.75730157
6576,0.874716
6577,0.7081094
6578,0.7927848
6579,0.8215736
6580,0.79196346
6581,0.88242173
6582,0.79664075
6583,0.7524179
6584,0.7669232
6585,0.78972524
6586,0.78747404
6587,0.7960826
6588,0.76416594
6589,0.7863686
6590,0.80159646
6591,0.85228324
6592,0.7197248
6593,0.7464311
6594,0.7392472
6595,0.6704017
6596,0.7301109
6597,0.78554857
6598,0.72115326
6599,0.71405566
6600,0.6748086
6601,0.67422414
6602,0.6312902
6603,0.75156784
6604,0.72410405
6605,0.69119716
6606,0.78541946
6607,0.64406633
6608,0.69201857
6609,0.81153727
6610,0.65320563
6611,0.66299534
6612,0.8512143
6613,0.79001594
6614,0.8013624
6615,0.8465718
6616,0.817888
6617,0.8390427
6618,0.81319726
6619,0.7869034
6620,0.86430717
6621,0.795959
6622,0.79807353
6623,0.75508296
6624,0.83784604
6625,0.78534573
6626,0.74049866
6627,0.6790736
6628,0.7813276
6629,0.8052633
6630,0.8602996
6631,0.739576
6632,0.73964655
6633,0.83464706
6634,0.8653072
6635,0.7530794
6636,0.8074479
6637,0.865716
6638,0.81707954
6639,0.78859437
6640,0.8642036
6641,0.7824472
6642,0.7983768
6643,0.76964915
6644,0.8662035
6645,0.8027874
6646,0.8375752
6647,0.82131857
6648,0.7989776
6649,0.86191356
6650,0.8464141
6651,0.79125684
6652,0.80907345
6653,0.8468251
6654,0.77283967
6655,0.8012284
6656,0.82006145
6657,0.87965244
6658,0.7617142
6659,0.815804
6660,0.8270838
6661,0.8499057
6662,0.8161583
6663,0.81608593
6664,0.80845606
6665,0.8101326
6666,0.85545075
6667,0.6957672
6668,0.7923614
6669,0.9255681
6670,0.81972957
6671,0.8373374
6672,0.9294807
6673,0.8289089
6674,0.8357202
6675,0.951464
6676,0.8446508
6677,0.9010861
6678,0.9529156
6679,0.8439429
6680,0.91993177
6681,0.85361826
6682,0.81402624
6683,0.9412596
6684,0.9509591
6685,0.81243265
6686,0.9248493
6687,0.86008215
6688,0.87645733
6689,0.8135402
6690,0.89468074
6691,0.8786421
6692,0.86142075
6693,0.8224428
6694,0.86684376
6695,0.80504894
6696,0.85881627
6697,0.90653384
6698,0.84388864
6699,0.83995306
6700,0.87756395
6701,0.8280728
6702,0.8068577
6703,0.8768021
6704,0.832837
6705,0.8018575
6706,0.7785735
6707,0.8450149
6708,0.6876856
6709,0.7486441
6710,0.80742335
6711,0.8820215
6712,0.7400534
6713,0.800521
6714,0.80826557
6715,0.8939079
6716,0.8254175
6717,0.8601277
6718,0.83558595
6719,0.8732487
6720,0.8190838
6721,0.88143146
6722,0.83860546
6723,0.8041196
6724,0.83726776
6725,0.83666325
6726,0.47852135
6727,0.6861024
6728,0.6829982
6729,0.7109076
6730,0.63768375
6731,0.70095444
6732,0.7829577
6733,0.6550367
6734,0.61979556
6735,0.67967284
6736,0.65612674
6737,0.60079944
6738,0.66912603
6739,0.6523981
6740,0.7574209
6741,0.73645544
6742,0.72839296
6743,0.66756666
6744,0.6192467
6745,0.81813323
6746,0.80323744
6747,0.7361162
6748,0.8154285
6749,0.8093513
6750,0.770982
6751,0.7520702
6752,0.78522253
6753,0.74707055
6754,0.7493845
6755,0.84749925
6756,0.7585788
6757,0.8047726
6758,0.73550785
6759,0.70132995
6760,0.8052989
6761,0.79613113
6762,0.6277211
6763,0.7603265
6764,0.53306675
6765,0.7180518
6766,0.5755775
6767,0.72469294
6768,0.79872525
6769,0.643419
6770,0.5843073
6771,0.6912377
6772,0.583465
6773,0.604594
6774,0.52968395
6775,0.7076907
6776,0.57485175
6777,0.8142935
6778,0.5492705
6779,0.5557462
6780,0.79007924
6781,0.5922303
6782,0.5697131
6783,0.6845509
6784,0.62720406
6785,0.676165
6786,0.551613
6787,0.67224014
6788,0.80804086
6789,0.6421907
6790,0.71002614
6791,0.7298833
6792,0.81331444
6793,0.5661589
6794,0.581046
6795,0.7102015
6796,0.69058394
6797,0.5372571
6798,0.579903
6799,0.636773
6800,0.7034899
6801,0.64218843
6802,0.68772554
6803,0.69861007
6804,0.6953355
6805,0.70916295
6806,0.7360815
6807,0.8315489
6808,0.7797903
6809,0.7071456
6810,0.70861435
6811,0.7658068
6812,0.67178535
6813,0.6838051
6814,0.66339874
6815,0.69002295
6816,0.7704759
6817,0.6571733
6818,0.5530611
6819,0.7516424
6820,0.66772246
6821,0.8167627
6822,0.86168003
6823,0.89410794
6824,0.88247013
6825,0.9006162
6826,0.86546856
6827,0.8395998
6828,0.85638624
6829,0.82647634
6830,0.80447567
6831,0.8209764
6832,0.8409377
6833,0.9180857
6834,0.8310814
6835,0.77317095
6836,0.9327905
6837,0.8111861
6838,0.7490489
6839,0.92256093
6840,0.73524433
6841,0.8886508
6842,0.784377
6843,0.7693791
6844,0.71085876
6845,0.7680217
6846,0.74050176
6847,0.70057195
6848,0.833634
6849,0.7018852
6850,0.7768868
6851,0.8282716
6852,0.7508007
6853,0.68623084
6854,0.90065897
6855,0.72926915
6856,0.6626254
6857,0.7285069
6858,0.86091125
6859,0.8200301
6860,0.7825901
6861,0.7911031
6862,0.81744635
6863,0.8483457
6864,0.8491698
6865,0.82446265
6866,0.8134693
6867,0.8214703
6868,0.81550205
6869,0.84182745
6870,0.7593553
6871,0.8229489
6872,0.7603812
6873,0.73472285
6874,0.8660879
6875,0.8838338
6876,0.7644979
6877,0.8205943
6878,0.683831
6879,0.81306565
6880,0.762707
6881,0.758145
6882,0.84061956
6883,0.8268701
6884,0.8600519
6885,0.7781085
6886,0.8146018
6887,0.781517
6888,0.80451465
6889,0.8032106
6890,0.8086134
6891,0.80720043
6892,0.8399065
6893,0.7624692
6894,0.8242738
6895,0.83968616
6896,0.7941656
6897,0.70073307
6898,0.88315666
6899,0.8760859
6900,0.81757057
6901,0.86042696
6902,0.84547925
6903,0.82984483
6904,0.81676406
6905,0.8347692
6906,0.8151914
6907,0.8213855
6908,0.82827234
6909,0.9065622
6910,0.8261502
6911,0.8684188
6912,0.8090497
6913,0.7894742
6914,0.8803326
6915,0.8488389
6916,0.7482532
6917,0.7914026
6918,0.75137913
6919,0.8294282
6920,0.7148169
6921,0.6922897
6922,0.6602082
6923,0.764346
6924,0.65650547
6925,0.7389599
6926,0.65482056
6927,0.85202897
6928,0.629758
6929,0.6891397
6930,0.84571993
6931,0.6883069
6932,0.6142614
6933,0.6326488
6934,0.70497847
6935,0.83349574
6936,0.91118383
6937,0.77973986
6938,0.8943337
6939,0.9185704
6940,0.8391702
6941,0.9446231
6942,0.8180711
6943,0.8330692
6944,0.8568077
6945,0.9125358
6946,0.84258974
6947,0.7966175
6948,0.8896111
6949,0.91650665
6950,0.8116156
6951,0.8022523
6952,0.81972575
6953,0.7997395
6954,0.75328124
6955,0.88628614
6956,0.83100224
6957,0.79323065
6958,0.89624035
6959,0.8722606
6960,0.78521645
6961,0.9058132
6962,0.7997012
6963,0.81664777
6964,0.8147533
6965,0.8196212
6966,0.8677887
6967,0.76506615
6968,0.84273195
6969,0.87536836
6970,0.8469194
6971,0.8090905
6972,0.9138646
6973,0.77613306
6974,0.78573257
6975,0.8658836
6976,0.8532673
6977,0.7013416
6978,0.82162344
6979,0.84151745
6980,0.8418796
6981,0.79966986
6982,0.83787084
6983,0.8091514
6984,0.80292714
6985,0.87521523
6986,0.8121458
6987,0.78479767
6988,0.83056545
6989,0.81786
6990,0.82720554
6991,0.8993126
6992,0.78589785
6993,0.64696467
6994,0.7617165
6995,0.7408186
6996,0.79678726
6997,0.7785319
6998,0.8008076
6999,0.8027892
7000,0.7774011
7001,0.83824134
7002,0.8004235
7003,0.8400049
7004,0.78536165
7005,0.77712834
7006,0.7413411
7007,0.77870744
7008,0.7963126
7009,0.8303914
7010,0.75735307
7011,0.85773337
7012,0.8505013
7013,0.85587233
7014,0.76339686
7015,0.7605493
7016,0.89922726
7017,0.7829715
7018,0.83308184
7019,0.8662673
7020,0.88425744
7021,0.906247
7022,0.82895374
7023,0.8762044
7024,0.88087523
7025,0.79036117
7026,0.8121048
7027,0.8366163
7028,0.8320588
7029,0.844682
7030,0.7332597
7031,0.79727685
7032,0.7741405
7033,0.81044996
7034,0.8013377
7035,0.72999895
7036,0.7545935
7037,0.87272066
7038,0.80890656
7039,0.74936664
7040,0.75123
7041,0.9204203
7042,0.72226125
7043,0.75091815
7044,0.8501446
7045,0.7712631
7046,0.72129977
7047,0.8750994
7048,0.87786734
7049,0.79898524
7050,0.8375995
7051,0.79050946
7052,0.7909247
7053,0.7948835
7054,0.81163
7055,0.7687633
7056,0.89622855
7057,0.7483799
7058,0.84667194
7059,0.7873689
7060,0.77884
7061,0.7457799
7062,0.73080933
7063,0.8442825
7064,0.8530086
7065,0.79818934
7066,0.8341458
7067,0.8012353
7068,0.79842687
7069,0.82071507
7070,0.7702366
7071,0.7837591
7072,0.7987478
7073,0.8211112
7074,0.8020444
7075,0.8256954
7076,0.87084424
7077,0.676767
7078,0.75193214
7079,0.85996866
7080,0.8081783
7081,0.7944708
7082,0.83084095
7083,0.77036977
7084,0.80423737
7085,0.84479
7086,0.7879261
7087,0.85615957
7088,0.79153013
7089,0.7602475
7090,0.7928423
7091,0.8800771
7092,0.7922818
7093,0.80041873
7094,0.87652093
7095,0.80921066
7096,0.8514372
7097,0.9156774
7098,0.8438989
7099,0.8156637
7100,0.85501707
7101,0.82785654
7102,0.78176
7103,0.8640365
7104,0.8005236
7105,0.83670604
7106,0.8886992
7107,0.74952567
7108,0.7418534
7109,0.7677737
7110,0.7511059
7111,0.7837206
7112,0.84844863
7113,0.7885383
7114,0.795451
7115,0.84049034
7116,0.8161007
7117,0.7890556
7118,0.7771617
7119,0.78693485
7120,0.7990329
7121,0.83019483
7122,0.82652175
7123,0.8318727
7124,0.7715717
7125,0.76011395
7126,0.8481511
7127,0.82546544
7128,0.85148966
7129,0.8361162
7130,0.77986
7131,0.83040154
7132,0.9126189
7133,0.8034455
7134,0.8551222
7135,0.8234172
7136,0.806744
7137,0.85629475
7138,0.807549
7139,0.78978133
7140,0.8620802
7141,0.8558798
7142,0.7910248
7143,0.87573874
7144,0.8019254
7145,0.73105
7146,0.7208179
7147,0.7609964
7148,0.83246696
7149,0.7431147
7150,0.7806704
7151,0.8229033
7152,0.81131804
7153,0.78111136
7154,0.779499
7155,0.814391
7156,0.7998717
7157,0.7835264
7158,0.8029547
7159,0.8123206
7160,0.80231297
7161,0.78906393
7162,0.8130394
7163,0.85405207
7164,0.7430102
7165,0.7739688
7166,0.85972804
7167,0.7301667
7168,0.7921835
7169,0.8037739
7170,0.803668
7171,0.86060834
7172,0.796455
7173,0.7818197
7174,0.8081797
7175,0.7930654
7176,0.8059813
7177,0.7661646
7178,0.783018
7179,0.708779
7180,0.785526
7181,0.7592661
7182,0.7792146
7183,0.69977
7184,0.8168783
7185,0.71305025
7186,0.69986105
7187,0.79993427
7188,0.7222663
7189,0.7433461
7190,0.69353473
7191,0.78722525
7192,0.71329916
7193,0.7168362
7194,0.7287208
7195,0.74208
7196,0.7933992
7197,0.7493099
7198,0.7524229
7199,0.65342665
7200,0.6866336
7201,0.8343247
7202,0.87091076
7203,0.77435935
7204,0.82251525
7205,0.85465765
7206,0.82016027
7207,0.825186
7208,0.90353274
7209,0.84310734
7210,0.80231106
7211,0.7828276
7212,0.8179748
7213,0.8712181
7214,0.8163804
7215,0.79357445
7216,0.78030586
7217,0.8573222
7218,0.84283245
7219,0.7794653
7220,0.71896803
7221,0.79279387
7222,0.8051288
7223,0.8199532
7224,0.7536008
7225,0.7888472
7226,0.830847
7227,0.77602196
7228,0.80896807
7229,0.8244612
7230,0.85310733
7231,0.7823218
7232,0.79570806
7233,0.75123405
7234,0.8096386
7235,0.781237
7236,0.7785152
7237,0.7590948
7238,0.74547005
7239,0.8137429
7240,0.8137884
7241,0.8045194
7242,0.7813953
7243,0.8067002
7244,0.81851244
7245,0.8229164
7246,0.7996664
7247,0.86243224
7248,0.8819892
7249,0.8473166
7250,0.806486
7251,0.76412416
7252,0.8612846
7253,0.8361721
7254,0.6952716
7255,0.785869
7256,0.79205453
7257,0.8250158
7258,0.8703238
7259,0.7242919
7260,0.83110154
7261,0.8585701
7262,0.8138411
7263,0.78495336
7264,0.7715317
7265,0.7701944
7266,0.81854427
7267,0.7421987
7268,0.88815457
7269,0.7404276
7270,0.76564926
7271,0.8638047
7272,0.790539
7273,0.73448336
7274,0.84189916
7275,0.8444668
7276,0.7893797
7277,0.8721112
7278,0.91827214
7279,0.7854476
7280,0.8726468
7281,0.87709606
7282,0.8655251
7283,0.8417777
7284,0.88515794
7285,0.8656776
7286,0.84373534
7287,0.9178716
7288,0.8496926
7289,0.8891419
7290,0.8464409
7291,0.84303224
7292,0.87080944
7293,0.9204913
7294,0.84549236
7295,0.8690487
7296,0.69071287
7297,0.7712039
7298,0.8170417
7299,0.69591326
7300,0.7625437
7301,0.77748144
7302,0.84544885
7303,0.7422528
7304,0.7557957
7305,0.7478007
7306,0.7921499
7307,0.7849797
7308,0.7305252
7309,0.7440262
7310,0.8157252
7311,0.8488467
7312,0.7249847
7313,0.8420726
7314,0.63810384
7315,0.8575207
7316,0.8743458
7317,0.85488236
7318,0.9072062
7319,0.8589649
7320,0.8798897
7321,0.84212554
7322,0.8233377
7323,0.91575944
7324,0.83046997
7325,0.75650513
7326,0.83341527
7327,0.86563635
7328,0.8582895
7329,0.88623405
7330,0.92051077
7331,0.8624629
7332,0.84270227
7333,0.8515949
7334,0.8646636
7335,0.73966753
7336,0.83541876
7337,0.74070024
7338,0.71088517
7339,0.78177726
7340,0.7493793
7341,0.8227371
7342,0.75036955
7343,0.7354264
7344,0.791873
7345,0.790938
7346,0.83061576
7347,0.78706586
7348,0.8150724
7349,0.72513115
7350,0.8161857
7351,0.74750495
7352,0.84116846
7353,0.9201139
7354,0.8540505
7355,0.84570265
7356,0.8249957
7357,0.863884
7358,0.8609499
7359,0.7964926
7360,0.8912782
7361,0.8706939
7362,0.87772495
7363,0.7868817
7364,0.92353433
7365,0.83608866
7366,0.8385316
7367,0.8556032
7368,0.88104606
7369,0.7807213
7370,0.9057478
7371,0.8188096
7372,0.85706735
7373,0.8775914
7374,0.6967504
7375,0.75620043
7376,0.8727362
7377,0.7992098
7378,0.7876336
7379,0.76665753
7380,0.8546084
7381,0.8053516
7382,0.76544774
7383,0.76964915
7384,0.81728995
7385,0.85545284
7386,0.8204336
7387,0.80073667
7388,0.7290636
7389,0.7040131
7390,0.8129612
7391,0.8044386
7392,0.72654724
7393,0.7077254
7394,0.59751725
7395,0.61175823
7396,0.72950685
7397,0.67245126
7398,0.62909245
7399,0.6267475
7400,0.7295066
7401,0.7491373
7402,0.73125243
7403,0.64787364
7404,0.8471595
7405,0.6344422
7406,0.8407856
7407,0.61119914
7408,0.6693206
7409,0.6190672
7410,0.77504313
7411,0.83958197
7412,0.7404691
7413,0.82336485
7414,0.7639899
7415,0.7781589
7416,0.83091605
7417,0.76251614
7418,0.83061516
7419,0.7613406
7420,0.8955051
7421,0.7710918
7422,0.760247
7423,0.90261555
7424,0.88854146
7425,0.90915215
7426,0.8718097
7427,0.77134895
7428,0.82895005
7429,0.90279794
7430,0.7862551
7431,0.79109
7432,0.8831251
7433,0.7685202
7434,0.88416666
7435,0.87261975
7436,0.78508854
7437,0.82994825
7438,0.7971424
7439,0.76154745
7440,0.83754027
7441,0.8484446
7442,0.87889916
7443,0.8410038
7444,0.75449646
7445,0.84380215
7446,0.8574625
7447,0.75883466
7448,0.6816865
7449,0.6157713
7450,0.62818396
7451,0.7953969
7452,0.65430784
7453,0.6353266
7454,0.80272186
7455,0.6506641
7456,0.71354187
7457,0.5862403
7458,0.625134
7459,0.69105124
7460,0.64107823
7461,0.6586958
7462,0.6659919
7463,0.6918795
7464,0.75382936
7465,0.72693
7466,0.7695613
7467,0.698526
7468,0.7722982
7469,0.72995055
7470,0.8250011
7471,0.7899276
7472,0.8270191
7473,0.7818551
7474,0.7611561
7475,0.7406534
7476,0.73501897
7477,0.72469413
7478,0.7672571
7479,0.85332584
7480,0.7422987
7481,0.82956254
7482,0.73145616
7483,0.7313149
7484,0.8556744
7485,0.7108245
7486,0.8118273
7487,0.62678576
7488,0.69136024
7489,0.6359778
7490,0.69413745
7491,0.82242143
7492,0.670088
7493,0.67930293
7494,0.7555916
7495,0.7232854
7496,0.72249985
7497,0.6715841
7498,0.6567761
7499,0.7157225
7500,0.6971847
7501,0.7246027
7502,0.66868937
7503,0.79782414
7504,0.7360743
7505,0.88151693
7506,0.8439754
7507,0.7476572
7508,0.84065115
7509,0.8553251
7510,0.8434701
7511,0.8271897
7512,0.8397014
7513,0.81340337
7514,0.8476057
7515,0.8920349
7516,0.8445772
7517,0.857201
7518,0.8095368
7519,0.81567615
7520,0.8887259
7521,0.8584086
7522,0.85224056
7523,0.81810844
7524,0.8020474
7525,0.8418189
7526,0.8154478
7527,0.8100671
7528,0.82017064
7529,0.7731651
7530,0.81287754
7531,0.8495369
7532,0.80016506
7533,0.82194567
7534,0.7781533
7535,0.823665
7536,0.764897
7537,0.79241484
7538,0.8547112
7539,0.8593588
7540,0.72077847
7541,0.79288185
7542,0.8488525
7543,0.81303835
7544,0.8456199
7545,0.74929225
7546,0.7738879
7547,0.8353454
7548,0.7709824
7549,0.8214134
7550,0.786502
7551,0.7910869
7552,0.796648
7553,0.79208016
7554,0.6852354
7555,0.78730893
7556,0.86908597
7557,0.7796259
7558,0.76351345
7559,0.7903136
7560,0.83348835
7561,0.8165189
7562,0.82101905
7563,0.81048006
7564,0.69943213
7565,0.7563792
7566,0.7904312
7567,0.83685553
7568,0.74515814
7569,0.8411701
7570,0.7589787
7571,0.80699074
7572,0.8150128
7573,0.76981735
7574,0.80992174
7575,0.7863802
7576,0.78897667
7577,0.845317
7578,0.80001044
7579,0.8609346
7580,0.818313
7581,0.7211188
7582,0.75734186
7583,0.75831425
7584,0.72011054
7585,0.6420845
7586,0.638929
7587,0.7050849
7588,0.6587038
7589,0.7120676
7590,0.6887951
7591,0.66502297
7592,0.78429914
7593,0.5962788
7594,0.65276873
7595,0.7768322
7596,0.6509615
7597,0.61817336
7598,0.60592604
7599,0.69947755
7600,0.76118207
7601,0.8507265
7602,0.7488022
7603,0.77306914
7604,0.73443615
7605,0.8562672
7606,0.8229637
7607,0.8215513
7608,0.72777796
7609,0.7693095
7610,0.84748816
7611,0.7963599
7612,0.7882978
7613,0.7205771
7614,0.8864304
7615,0.84465814
7616,0.77688706
7617,0.72086275
7618,0.7807033
7619,0.71547174
7620,0.7894652
7621,0.771695
7622,0.7371845
7623,0.7775676
7624,0.7760341
7625,0.70494473
7626,0.74518645
7627,0.8040116
7628,0.86605954
7629,0.8288797
7630,0.8056513
7631,0.88761854
7632,0.77309644
7633,0.85829175
7634,0.71140826
7635,0.7794696
7636,0.84170616
7637,0.7946936
7638,0.80047727
7639,0.7733593
7640,0.7930677
7641,0.82402563
7642,0.74477434
7643,0.81526935
7644,0.9008404
7645,0.77428687
7646,0.7480719
7647,0.77598333
7648,0.88664204
7649,0.86180663
7650,0.7881478
7651,0.80687654
7652,0.8854041
7653,0.8874759
7654,0.8549544
7655,0.8699525
7656,0.81900644
7657,0.9075906
7658,0.76636267
7659,0.7631806
7660,0.798226
7661,0.78092337
7662,0.767297
7663,0.9153725
7664,0.90804553
7665,0.78718007
7666,0.86617386
7667,0.87394595
7668,0.85703623
7669,0.785426
7670,0.8958329
7671,0.82304347
7672,0.77399766
7673,0.84027064
7674,0.79358184
7675,0.8487574
7676,0.86515105
7677,0.72653246
7678,0.7746966
7679,0.81359684
7680,0.83856606
7681,0.7929872
7682,0.75739706
7683,0.8348402
7684,0.87699366
7685,0.79235387
7686,0.780691
7687,0.8184546
7688,0.7849537
7689,0.83010006
7690,0.8407444
7691,0.79818153
7692,0.7674271
7693,0.794173
7694,0.8459132
7695,0.7280909
7696,0.78502977
7697,0.6480633
7698,0.66833985
7699,0.6003972
7700,0.591146
7701,0.6267216
7702,0.7128717
7703,0.6945754
7704,0.62575364
7705,0.78698134
7706,0.6768098
7707,0.7149149
7708,0.71229947
7709,0.7375262
7710,0.6825385
7711,0.75827634
7712,0.6880758
7713,0.70802164
7714,0.734403
7715,0.6929394
7716,0.5645708
7717,0.61063826
7718,0.7493526
7719,0.7681198
7720,0.54169977
7721,0.62769413
7722,0.6756886
7723,0.5953213
7724,0.6960676
7725,0.61498857
7726,0.69210625
7727,0.72041607
7728,0.6076839
7729,0.59068215
7730,0.6636621
7731,0.651343
7732,0.5427983
7733,0.7347417
7734,0.84312904
7735,0.84023905
7736,0.79540086
7737,0.7573595
7738,0.8476064
7739,0.79369557
7740,0.7834078
7741,0.74358594
7742,0.81939185
7743,0.8553244
7744,0.7525381
7745,0.75146973
7746,0.69738877
7747,0.83856833
7748,0.7639949
7749,0.68634015
7750,0.67465854
7751,0.8155474
7752,0.758934
7753,0.67635024
7754,0.68269575
7755,0.6940948
7756,0.6616224
7757,0.6789638
7758,0.6977323
7759,0.7071736
7760,0.7005234
7761,0.73355293
7762,0.7288109
7763,0.6522411
7764,0.7373954
7765,0.70485485
7766,0.6456995
7767,0.6632695
7768,0.711146
7769,0.6903001
7770,0.5356617
7771,0.8292433
7772,0.7934576
7773,0.81034803
7774,0.7736993
7775,0.7447214
7776,0.7612865
7777,0.7559911
7778,0.74010444
7779,0.7908311
7780,0.78763676
7781,0.7298893
7782,0.7378417
7783,0.7390555
7784,0.8433155
7785,0.7797265
7786,0.66769266
7787,0.8610662
7788,0.81791556
7789,0.72941923
7790,0.59890604
7791,0.65861964
7792,0.5634246
7793,0.68741965
7794,0.68576694
7795,0.53767097
7796,0.6229427
7797,0.5907271
7798,0.5878438
7799,0.58036804
7800,0.744544
7801,0.57190454
7802,0.75502145
7803,0.62439406
7804,0.5465579
7805,0.64997506
7806,0.5931926
7807,0.70188653
7808,0.7931826
7809,0.6783421
7810,0.61561835
7811,0.7234827
7812,0.7084503
7813,0.76671445
7814,0.69710445
7815,0.6899916
7816,0.6958649
7817,0.706344
7818,0.6588663
7819,0.73846805
7820,0.712026
7821,0.796204
7822,0.6388955
7823,0.65487957
7824,0.7666911
7825,0.7093884
7826,0.64347863
7827,0.7309407
7828,0.7256905
7829,0.72063446
7830,0.6613717
7831,0.6861242
7832,0.75593174
7833,0.7215209
7834,0.7017158
7835,0.65792966
7836,0.68262327
7837,0.8443754
7838,0.7493595
7839,0.6937019
7840,0.6368066
7841,0.7406947
7842,0.54636586
7843,0.6381366
7844,0.6919781
7845,0.67686033
7846,0.70934045
7847,0.7626592
7848,0.7371944
7849,0.7394606
7850,0.76429904
7851,0.7450026
7852,0.7031871
7853,0.83468246
7854,0.72156274
7855,0.72532964
7856,0.87784934
7857,0.71920025
7858,0.85747623
7859,0.7269665
7860,0.6573461
7861,0.79250276
7862,0.9136957
7863,0.8023015
7864,0.7274935
7865,0.80545986
7866,0.85959786
7867,0.9252292
7868,0.87192404
7869,0.8682741
7870,0.873911
7871,0.8667487
7872,0.8827709
7873,0.8436928
7874,0.8870115
7875,0.9100958
7876,0.85627604
7877,0.8862394
7878,0.8663235
7879,0.8463708
7880,0.92084897
7881,0.85997045
7882,0.83000505
7883,0.8231038
7884,0.8500565
7885,0.7379818
7886,0.8255031
7887,0.68343073
7888,0.69632864
7889,0.7693078
7890,0.8096076
7891,0.7051159
7892,0.77757895
7893,0.76371586
7894,0.8523271
7895,0.8082871
7896,0.7639917
7897,0.800605
7898,0.8057637
7899,0.7377312
7900,0.74112284
7901,0.73491967
7902,0.732218
7903,0.7860867
7904,0.9001126
7905,0.9013088
7906,0.82584345
7907,0.8607246
7908,0.88671505
7909,0.79826915
7910,0.84119594
7911,0.8575368
7912,0.8569639
7913,0.76508796
7914,0.83720064
7915,0.8546698
7916,0.86864746
7917,0.8403436
7918,0.84289515
7919,0.85238564
7920,0.8518816
7921,0.8541043
7922,0.85942876
7923,0.83511055
7924,0.7433505
7925,0.7835058
7926,0.7296494
7927,0.75194025
7928,0.79876673
7929,0.7749225
7930,0.7697643
7931,0.8380314
7932,0.73847437
7933,0.7889551
7934,0.7864288
7935,0.8000332
7936,0.74921167
7937,0.8064705
7938,0.7535492
7939,0.72751915
7940,0.7169502
7941,0.8161404
7942,0.79268646
7943,0.6927104
7944,0.8442031
7945,0.7563244
7946,0.7186972
7947,0.7113677
7948,0.7109871
7949,0.75081015
7950,0.6917094
7951,0.78306437
7952,0.72402024
7953,0.6946931
7954,0.70770997
7955,0.85719275
7956,0.69635284
7957,0.64421
7958,0.75106573
7959,0.8864745
7960,0.81145847
7961,0.5879636
7962,0.7156745
7963,0.8207085
7964,0.64662516
7965,0.63415873
7966,0.8358308
7967,0.66994417
7968,0.73477435
7969,0.6379101
7970,0.62769794
7971,0.66564965
7972,0.66807985
7973,0.67198455
7974,0.7014302
7975,0.8083712
7976,0.7551626
7977,0.7692244
7978,0.70030713
7979,0.6572157
7980,0.8658533
7981,0.86893964
7982,0.7994245
7983,0.83707714
7984,0.8563143
7985,0.8225219
7986,0.8507347
7987,0.9182942
7988,0.8789681
7989,0.80381906
7990,0.8122083
7991,0.8072424
7992,0.90605104
7993,0.8183478
7994,0.7879473
7995,0.8063332
7996,0.8885565
7997,0.84934914
7998,0.90198076
7999,0.85042775
8000,0.68707395
8001,0.6824341
8002,0.756438
8003,0.6630095
8004,0.78056836
8005,0.8863212
8006,0.6807933
8007,0.72124326
8008,0.675164
8009,0.85923076
8010,0.68178594
8011,0.6417825
8012,0.6814108
8013,0.75720394
8014,0.8052474
8015,0.8026222
8016,0.702807
8017,0.74681425
8018,0.87355745
8019,0.9302535
8020,0.9202863
8021,0.86415935
8022,0.8827417
8023,0.8799093
8024,0.8560841
8025,0.9126384
8026,0.8507918
8027,0.87201667
8028,0.8901094
8029,0.8587277
8030,0.8920183
8031,0.89811504
8032,0.8690223
8033,0.8771628
8034,0.8809711
8035,0.81617534
8036,0.86436784
8037,0.8659903
8038,0.8462423
8039,0.84327614
8040,0.9036573
8041,0.8918917
8042,0.7831811
8043,0.83977604
8044,0.89258397
8045,0.83790696
8046,0.8888377
8047,0.92379904
8048,0.77781355
8049,0.90560293
8050,0.82474005
8051,0.86102533
8052,0.9225092
8053,0.819836
8054,0.80413604
8055,0.89226806
8056,0.92172086
8057,0.95066
8058,0.9328141
8059,0.84492457
8060,0.86468184
8061,0.8291002
8062,0.8932295
8063,0.8965259
8064,0.8692126
8065,0.86309963
8066,0.9267563
8067,0.8916458
8068,0.88549817
8069,0.8696699
8070,0.8795214
8071,0.89019835
8072,0.88725585
8073,0.9064487
8074,0.8115425
8075,0.8294662
8076,0.86781096
8077,0.731351
8078,0.8318385
8079,0.80766296
8080,0.77889454
8081,0.8256582
8082,0.7630328
8083,0.8262286
8084,0.884423
8085,0.78972924
8086,0.86747897
8087,0.7837348
8088,0.8509457
8089,0.7418028
8090,0.79677063
8091,0.86001885
8092,0.7675234
8093,0.7887989
8094,0.88172626
8095,0.8740908
8096,0.8732425
8097,0.8939823
8098,0.9361038
8099,0.8711661
8100,0.89030755
8101,0.90205896
8102,0.8156438
8103,0.92443204
8104,0.8875303
8105,0.9046086
8106,0.87598145
8107,0.8976271
8108,0.91048884
8109,0.8901046
8110,0.9069748
8111,0.9465436
8112,0.9123373
8113,0.68827534
8114,0.75271636
8115,0.89074636
8116,0.7288879
8117,0.7557367
8118,0.91539717
8119,0.8187462
8120,0.7424414
8121,0.8317912
8122,0.7569624
8123,0.7070004
8124,0.7778287
8125,0.79637897
8126,0.86787033
8127,0.846154
8128,0.7272264
8129,0.8168683
8130,0.75061053
8131,0.84384274
8132,0.8758035
8133,0.80126035
8134,0.94471264
8135,0.8736197
8136,0.90087473
8137,0.9347355
8138,0.87705255
8139,0.8945793
8140,0.89118975
8141,0.9047674
8142,0.9227354
8143,0.8928627
8144,0.9037359
8145,0.91245675
8146,0.8686601
8147,0.87885356
8148,0.9106456
8149,0.9033845
8150,0.8888947
8151,0.83198583
8152,0.7055296
8153,0.7222829
8154,0.75501263
8155,0.82654655
8156,0.72685003
8157,0.8082633
8158,0.7702893
8159,0.8450327
8160,0.76965225
8161,0.82780564
8162,0.7566434
8163,0.7251481
8164,0.81358767
8165,0.81612504
8166,0.7773917
8167,0.8003567
8168,0.7331884
8169,0.7902591
8170,0.78812164
8171,0.83404124
8172,0.8204127
8173,0.8132699
8174,0.7978063
8175,0.8900658
8176,0.8480238
8177,0.8324665
8178,0.83250606
8179,0.8793234
8180,0.8635483
8181,0.8389006
8182,0.76534194
8183,0.8625305
8184,0.80650556
8185,0.76092887
8186,0.69663537
8187,0.82980263
8188,0.88842964
8189,0.80653787
8190,0.7939019
8191,0.74039114
8192,0.7386291
8193,0.8210232
8194,0.83205533
8195,0.79030406
8196,0.7927599
8197,0.7378634
8198,0.76696825
8199,0.85837984
8200,0.75094295
8201,0.83484876
8202,0.72289205
8203,0.76999867
8204,0.82706165
8205,0.75870574
8206,0.7350714
8207,0.6590326
8208,0.9131359
8209,0.9018675
8210,0.7672539
8211,0.83242655
8212,0.8954705
8213,0.82982826
8214,0.92645967
8215,0.87515044
8216,0.90681744
8217,0.8032911
8218,0.82821715
8219,0.91158354
8220,0.8337805
8221,0.8150265
8222,0.82237244
8223,0.8987788
8224,0.7879317
8225,0.8796916
8226,0.8588482
8227,0.7970047
8228,0.8919052
8229,0.82579184
8230,0.8900516
8231,0.8994069
8232,0.7803353
8233,0.8447436
8234,0.9020548
8235,0.8471118
8236,0.84761643
8237,0.869084
8238,0.8085911
8239,0.88394856
8240,0.80553067
8241,0.87575233
8242,0.90495884
8243,0.84757507
8244,0.8299031
8245,0.9152881
8246,0.9010936
8247,0.85653615
8248,0.7890625
8249,0.8513075
8250,0.8542075
8251,0.86689377
8252,0.8163278
8253,0.8816506
8254,0.879333
8255,0.8805487
8256,0.88646317
8257,0.8099234
8258,0.89086914
8259,0.8838248
8260,0.85878974
8261,0.89490175
8262,0.8428402
8263,0.8410927
8264,0.9166006
8265,0.85330796
8266,0.8723327
8267,0.7689769
8268,0.81445444
8269,0.884061
8270,0.8251537
8271,0.7959671
8272,0.8882395
8273,0.7990731
8274,0.77864397
8275,0.90259314
8276,0.7947172
8277,0.812626
8278,0.78885686
8279,0.83839536
8280,0.8526807
8281,0.88867295
8282,0.848649
8283,0.84087706
8284,0.7070241
8285,0.74723625
8286,0.90461135
8287,0.76713765
8288,0.75077367
8289,0.7610496
8290,0.9272579
8291,0.85461986
8292,0.8334216
8293,0.761281
8294,0.7655536
8295,0.7505274
8296,0.80092734
8297,0.825094
8298,0.88649535
8299,0.84043396
8300,0.8189883
8301,0.7539762
8302,0.8578701
8303,0.9100585
8304,0.77486825
8305,0.8672905
8306,0.780193
8307,0.7198256
8308,0.86261714
8309,0.8343799
8310,0.8311231
8311,0.74319386
8312,0.8586923
8313,0.8695115
8314,0.76133144
8315,0.861712
8316,0.9373094
8317,0.7739154
8318,0.9071889
8319,0.7676567
8320,0.81009084
8321,0.7932224
8322,0.8319113
8323,0.79893076
8324,0.840611
8325,0.7855848
8326,0.8674377
8327,0.8261033
8328,0.7976378
8329,0.81422305
8330,0.76731336
8331,0.86502445
8332,0.84806335
8333,0.860787
8334,0.8576662
8335,0.83913666
8336,0.8418772
8337,0.80069685
8338,0.8847393
8339,0.7958014
8340,0.76666385
8341,0.8984311
8342,0.7962072
8343,0.7547109
8344,0.7270127
8345,0.7065948
8346,0.7648567
8347,0.9001838
8348,0.7514207
8349,0.7841774
8350,0.79738116
8351,0.8696589
8352,0.84135556
8353,0.78078127
8354,0.79223365
8355,0.7977756
8356,0.75010526
8357,0.78252184
8358,0.8356935
8359,0.75263786
8360,0.8700645
8361,0.7579267
8362,0.7765386
8363,0.8423488
8364,0.8342205
8365,0.85444486
8366,0.7539964
8367,0.798656
8368,0.8206378
8369,0.81824356
8370,0.8289373
8371,0.8579547
8372,0.7749784
8373,0.8263437
8374,0.79214096
8375,0.83621705
8376,0.7840569
8377,0.774576
8378,0.81955004
8379,0.8596872
8380,0.7647371
8381,0.8156929
8382,0.86127496
8383,0.82872105
8384,0.8772913
8385,0.8632078
8386,0.8537133
8387,0.78835523
8388,0.8042958
8389,0.8436903
8390,0.8915342
8391,0.7975931
8392,0.8764199
8393,0.84492016
8394,0.8690975
8395,0.8121481
8396,0.7764933
8397,0.8047793
8398,0.8215295
8399,0.90691745
8400,0.82275486
8401,0.83446896
8402,0.851809
8403,0.8956318
8404,0.89848477
8405,0.86924255
8406,0.88059723
8407,0.8089262
8408,0.8385118
8409,0.9095684
8410,0.8674984
8411,0.8633661
8412,0.88481236
8413,0.8589084
8414,0.7876252
8415,0.89886236
8416,0.8951421
8417,0.8496921
8418,0.8091705
8419,0.75366807
8420,0.79089844
8421,0.7493193
8422,0.8308203
8423,0.77071583
8424,0.7849598
8425,0.78127754
8426,0.7714523
8427,0.72856146
8428,0.83482325
8429,0.8063047
8430,0.80985546
8431,0.7605116
8432,0.79296726
8433,0.74475557
8434,0.8214156
8435,0.7324536
8436,0.8526064
8437,0.7886625
8438,0.74586606
8439,0.8119358
8440,0.810997
8441,0.83626807
8442,0.78310525
8443,0.8227848
8444,0.80634093
8445,0.7738129
8446,0.7428194
8447,0.76989853
8448,0.7920515
8449,0.764318
8450,0.8051632
8451,0.7825669
8452,0.7598524
8453,0.74319935
8454,0.8239336
8455,0.8342979
8456,0.8751298
8457,0.8204869
8458,0.7609163
8459,0.90004647
8460,0.81350005
8461,0.90422434
8462,0.79866296
8463,0.8668195
8464,0.7454493
8465,0.8320253
8466,0.8377197
8467,0.8290473
8468,0.8076362
8469,0.8260541
8470,0.848547
8471,0.9017782
8472,0.80997276
8473,0.81867754
8474,0.7463254
8475,0.7773514
8476,0.78703105
8477,0.8594732
8478,0.8400864
8479,0.7477
8480,0.7992786
8481,0.86112326
8482,0.8509841
8483,0.9258257
8484,0.7622013
8485,0.8937161
8486,0.78840303
8487,0.8288648
8488,0.899562
8489,0.8042015
8490,0.8730155
8491,0.8177396
8492,0.8572054
8493,0.79729116
8494,0.8645276
8495,0.8622695
8496,0.74102783
8497,0.8589232
8498,0.8185078
8499,0.8075406
8500,0.75768983
8501,0.784541
8502,0.81646395
8503,0.7861346
8504,0.8518081
8505,0.76355255
8506,0.816191
8507,0.8801904
8508,0.9094632
8509,0.80158114
8510,0.7696616
8511,0.765591
8512,0.93433464
8513,0.9020147
8514,0.8658035
8515,0.9112615
8516,0.90714777
8517,0.896803
8518,0.92882663
8519,0.87700653
8520,0.8831827
8521,0.8920914
8522,0.9144132
8523,0.88226736
8524,0.86004233
8525,0.8247192
8526,0.8887646
8527,0.8911791
8528,0.8784977
8529,0.89444256
8530,0.9091139
8531,0.7456366
8532,0.8191689
8533,0.77148867
8534,0.8193755
8535,0.8576726
8536,0.8183858
8537,0.86010396
8538,0.87569666
8539,0.84771043
8540,0.83275706
8541,0.85622436
8542,0.8594092
8543,0.89450073
8544,0.8246666
8545,0.839873
8546,0.8304167
8547,0.8570961
8548,0.8933234
8549,0.8553679
8550,0.8068739
8551,0.78458595
8552,0.82715213
8553,0.80716205
8554,0.90269375
8555,0.77929544
8556,0.9194591
8557,0.75826347
8558,0.8274361
8559,0.87791944
8560,0.81471837
8561,0.869226
8562,0.8721129
8563,0.9167247
8564,0.79075575
8565,0.8526764
8566,0.84684896
8567,0.8972807
8568,0.8800731
8569,0.8725252
8570,0.83966124
8571,0.8002073
8572,0.75652766
8573,0.74285996
8574,0.789153
8575,0.8847287
8576,0.8108994
8577,0.85674465
8578,0.80178785
8579,0.79226255
8580,0.8434279
8581,0.79868114
8582,0.8063516
8583,0.80870163
8584,0.80339754
8585,0.7939034
8586,0.812182
8587,0.88919234
8588,0.7083429
8589,0.690822
8590,0.72587144
8591,0.7503967
8592,0.83909917
8593,0.7806331
8594,0.76273215
8595,0.7458751
8596,0.68887746
8597,0.7796711
8598,0.7039366
8599,0.8474804
8600,0.6805583
8601,0.7420769
8602,0.8375218
8603,0.69761777
8604,0.64540297
8605,0.6975486
8606,0.78412116
8607,0.88769186
8608,0.8598488
8609,0.9180224
8610,0.8876101
8611,0.91574275
8612,0.86735296
8613,0.8702399
8614,0.8070349
8615,0.9134572
8616,0.8864715
8617,0.8711662
8618,0.88043445
8619,0.8535049
8620,0.8122442
8621,0.8634567
8622,0.8723955
8623,0.81375504
8624,0.87486315
8625,0.8595349
8626,0.82230496
8627,0.76753783
8628,0.7959466
8629,0.7745131
8630,0.84143925
8631,0.8995145
8632,0.76446533
8633,0.88175166
8634,0.7852819
8635,0.80079013
8636,0.75974923
8637,0.73374796
8638,0.7729124
8639,0.75344706
8640,0.8656373
8641,0.8087103
8642,0.79131913
8643,0.8456402
8644,0.8170146
8645,0.7758659
8646,0.7203592
8647,0.69471776
8648,0.7410113
8649,0.7519648
8650,0.77021456
8651,0.8406079
8652,0.721962
8653,0.86639464
8654,0.7894075
8655,0.7458384
8656,0.74287933
8657,0.82724047
8658,0.71868074
8659,0.770311
8660,0.7791657
8661,0.7449273
8662,0.8462864
8663,0.8477359
8664,0.90677345
8665,0.8233863
8666,0.759869
8667,0.9116093
8668,0.87071383
8669,0.75751305
8670,0.8156893
8671,0.8886085
8672,0.8838538
8673,0.79204893
8674,0.80970335
8675,0.8644599
8676,0.8475961
8677,0.8110771
8678,0.8847077
8679,0.78697526
8680,0.84149444
8681,0.7794385
8682,0.8472029
8683,0.7791308
8684,0.6956439
8685,0.7697718
8686,0.7224591
8687,0.643782
8688,0.7460139
8689,0.8554572
8690,0.70358014
8691,0.724159
8692,0.8298285
8693,0.78589714
8694,0.6602205
8695,0.78210795
8696,0.72722864
8697,0.707549
8698,0.72065544
8699,0.76060593
8700,0.7264651
8701,0.7526195
8702,0.7446728
8703,0.75235355
8704,0.7705431
8705,0.7442581
8706,0.75126165
8707,0.734777
8708,0.80575585
8709,0.80820847
8710,0.74120134
8711,0.7445008
8712,0.8128292
8713,0.86888623
8714,0.74699557
8715,0.74186146
8716,0.71186113
8717,0.7521562
8718,0.77498823
8719,0.69033253
8720,0.592463
8721,0.672416
8722,0.6215379
8723,0.73626155
8724,0.7327138
8725,0.54567766
8726,0.68545437
8727,0.68699026
8728,0.67606604
8729,0.69138694
8730,0.72686994
8731,0.63145006
8732,0.66905105
8733,0.733397
8734,0.70445824
8735,0.64470375
8736,0.7113311
8737,0.6934233
8738,0.69561744
8739,0.64841175
8740,0.8558395
8741,0.88878644
8742,0.7719953
8743,0.80393887
8744,0.8359242
8745,0.82703245
8746,0.8289003
8747,0.81717044
8748,0.80360675
8749,0.8442098
8750,0.8340527
8751,0.8018129
8752,0.8562685
8753,0.7748196
8754,0.86011076
8755,0.7246299
8756,0.8049183
8757,0.8842639
8758,0.88852286
8759,0.81300914
8760,0.7486354
8761,0.7548244
8762,0.66255176
8763,0.811748
8764,0.69288206
8765,0.8619478
8766,0.7840514
8767,0.7147362
8768,0.73506653
8769,0.7180846
8770,0.6815717
8771,0.7336184
8772,0.7620443
8773,0.843302
8774,0.69295156
8775,0.7055671
8776,0.6122414
8777,0.6388447
8778,0.70738006
8779,0.7694578
8780,0.6861253
8781,0.671592
8782,0.71454024
8783,0.64294493
8784,0.6804142
8785,0.65909445
8786,0.58552825
8787,0.6757463
8788,0.6148174
8789,0.6212679
8790,0.65699184
8791,0.74972796
8792,0.5159842
8793,0.7121923
8794,0.70321274
8795,0.6360297
8796,0.63876486
8797,0.7897309
8798,0.74204767
8799,0.67238414
8800,0.6819005
8801,0.67337835
8802,0.76041543
8803,0.76632464
8804,0.8269192
8805,0.7174052
8806,0.8112842
8807,0.7779449
8808,0.8464252
8809,0.75336254
8810,0.7280947
8811,0.7306745
8812,0.7656251
8813,0.7266123
8814,0.78199303
8815,0.765615
8816,0.50060415
8817,0.7631818
8818,0.55869234
8819,0.8246608
8820,0.6448468
8821,0.57419014
8822,0.8128959
8823,0.55002606
8824,0.5601971
8825,0.56909263
8826,0.5614817
8827,0.6285541
8828,0.69230986
8829,0.8179882
8830,0.7059585
8831,0.7569088
8832,0.68663335
8833,0.537519
8834,0.78338176
8835,0.7519026
8836,0.6854744
8837,0.8033868
8838,0.7013662
8839,0.699731
8840,0.6654929
8841,0.69528294
8842,0.66209733
8843,0.73175573
8844,0.68571496
8845,0.6551225
8846,0.67223454
8847,0.69645
8848,0.7836487
8849,0.69050515
8850,0.6174797
8851,0.682927
8852,0.76923543
8853,0.8029361
8854,0.75447345
8855,0.8223661
8856,0.8642855
8857,0.8296524
8858,0.68536806
8859,0.7941028
8860,0.82708836
8861,0.7462313
8862,0.8331194
8863,0.79553115
8864,0.7697309
8865,0.8038708
8866,0.7382941
8867,0.8357814
8868,0.78843373
8869,0.6756972
8870,0.8540958
8871,0.8389102
8872,0.74889946
8873,0.6233854
8874,0.6904464
8875,0.8555559
8876,0.6987167
8877,0.7922703
8878,0.71114576
8879,0.6677722
8880,0.749735
8881,0.7102064
8882,0.65207475
8883,0.6776036
8884,0.78925836
8885,0.64721036
8886,0.66205406
8887,0.6772834
8888,0.82659185
8889,0.67469406
8890,0.7397462
8891,0.6852732
8892,0.50885034
8893,0.64724064
8894,0.75059366
8895,0.64816594
8896,0.65221155
8897,0.62175596
8898,0.6729417
8899,0.60155714
8900,0.7344419
8901,0.75126
8902,0.76976156
8903,0.5704467
8904,0.6551191
8905,0.75771654
8906,0.6027044
8907,0.56516147
8908,0.59840894
8909,0.5781536
8910,0.6744306
8911,0.59793633
8912,0.73888737
8913,0.68623686
8914,0.75500965
8915,0.67618144
8916,0.7147823
8917,0.6926562
8918,0.77283233
8919,0.68778145
8920,0.71732354
8921,0.73675466
8922,0.77697206
8923,0.78829443
8924,0.7341651
8925,0.7128157
8926,0.70184344
8927,0.67072
8928,0.6992471
8929,0.7338873
8930,0.7708627
8931,0.6800146
8932,0.6270639
8933,0.68763256
8934,0.71316856
8935,0.7102722
8936,0.7379136
8937,0.7143171
8938,0.70906866
8939,0.66628706
8940,0.73905015
8941,0.6793216
8942,0.6918713
8943,0.7031076
8944,0.6724658
8945,0.6825369
8946,0.7727709
8947,0.73160243
8948,0.5715513
8949,0.75559556
8950,0.7664987
8951,0.74827445
8952,0.6660297
8953,0.6726049
8954,0.738588
8955,0.7967096
8956,0.7216768
8957,0.767426
8958,0.76271224
8959,0.7422026
8960,0.8320305
8961,0.75689864
8962,0.73337907
8963,0.75637656
8964,0.72901976
8965,0.7315178
8966,0.72176874
8967,0.72319734
8968,0.78945756
8969,0.7183871
8970,0.7218358
8971,0.78121465
8972,0.7672051
8973,0.8267537
8974,0.7983709
8975,0.8195936
8976,0.79889774
8977,0.77881896
8978,0.76174504
8979,0.7375287
8980,0.84281486
8981,0.8341005
8982,0.81153613
8983,0.80844676
8984,0.76348567
8985,0.80819523
8986,0.78855634
8987,0.68073106
8988,0.7194079
8989,0.7966064
8990,0.7420522
8991,0.7355758
8992,0.7319174
8993,0.67374617
8994,0.69562113
8995,0.75695074
8996,0.70711446
8997,0.73141026
8998,0.762151
8999,0.8079475
9000,0.6931616
9001,0.7551111
9002,0.78836083
9003,0.7033514
9004,0.67215586
9005,0.70976424
9006,0.8056839
9007,0.8197284
9008,0.80478597
9009,0.7665354
9010,0.7757323
9011,0.759957
9012,0.8023242
9013,0.78588843
9014,0.7708758
9015,0.82207376
9016,0.7769646
9017,0.75795215
9018,0.7229255
9019,0.80898774
9020,0.6878477
9021,0.7915421
9022,0.78334695
9023,0.8423269
9024,0.7450969
9025,0.78988695
9026,0.709952
9027,0.7650356
9028,0.7351937
9029,0.7653334
9030,0.7496593
9031,0.6757649
9032,0.782876
9033,0.81577104
9034,0.76485705
9035,0.84116346
9036,0.702378
9037,0.70831454
9038,0.76577145
9039,0.81397736
9040,0.712433
9041,0.73745143
9042,0.7074245
9043,0.6745
9044,0.84386283
9045,0.82457733
9046,0.83645546
9047,0.8340731
9048,0.77854997
9049,0.81605136
9050,0.8588933
9051,0.840629
9052,0.81190157
9053,0.8015667
9054,0.8626468
9055,0.8214077
9056,0.8402246
9057,0.7928575
9058,0.83574235
9059,0.83623123
9060,0.8362628
9061,0.7998419
9062,0.7972691
9063,0.7705605
9064,0.74206936
9065,0.7665689
9066,0.7530614
9067,0.74578255
9068,0.75892633
9069,0.7805923
9070,0.7489363
9071,0.81090176
9072,0.8076496
9073,0.8467262
9074,0.7487966
9075,0.8279498
9076,0.7554195
9077,0.761532
9078,0.8389925
9079,0.74434996
9080,0.80148154
9081,0.7087248
9082,0.8263669
9083,0.8098485
9084,0.8174715
9085,0.8324452
9086,0.8378379
9087,0.8262265
9088,0.8476631
9089,0.82420874
9090,0.815073
9091,0.8459629
9092,0.86308694
9093,0.81554806
9094,0.80228555
9095,0.8756947
9096,0.7974375
9097,0.76686746
9098,0.8202317
9099,0.8393024
9100,0.7924527
9101,0.7213532
9102,0.6953883
9103,0.6318507
9104,0.6547303
9105,0.5958378
9106,0.6397872
9107,0.71892154
9108,0.7723671
9109,0.69995064
9110,0.69511414
9111,0.77991104
9112,0.63517284
9113,0.7179378
9114,0.63015914
9115,0.7159462
9116,0.6447035
9117,0.6301774
9118,0.67827076
9119,0.788571
9120,0.6841954
9121,0.7939427
9122,0.73333794
9123,0.80463564
9124,0.6758417
9125,0.8252372
9126,0.7539762
9127,0.67380714
9128,0.75061363
9129,0.6918118
9130,0.65726674
9131,0.7288039
9132,0.7491429
9133,0.72408223
9134,0.7457737
9135,0.76880574
9136,0.702731
9137,0.6782049
9138,0.6422233
9139,0.84045637
9140,0.8430947
9141,0.8252295
9142,0.8070201
9143,0.8319288
9144,0.7929369
9145,0.8256663
9146,0.83575684
9147,0.8364812
9148,0.8700668
9149,0.8436396
9150,0.8112545
9151,0.8655675
9152,0.8203073
9153,0.79684114
9154,0.7841996
9155,0.81812656
9156,0.8522863
9157,0.83344185
9158,0.72997266
9159,0.7547084
9160,0.74066776
9161,0.7647814
9162,0.77000433
9163,0.68089426
9164,0.72287923
9165,0.68315184
9166,0.8010107
9167,0.77702904
9168,0.777917
9169,0.83913386
9170,0.7071053
9171,0.8139589
9172,0.70078886
9173,0.7544737
9174,0.80340326
9175,0.69883525
9176,0.7259666
9177,0.82339466
9178,0.7692602
9179,0.7491168
9180,0.78369683
9181,0.80077726
9182,0.83404434
9183,0.79043484
9184,0.78519714
9185,0.71901083
9186,0.78234833
9187,0.8017459
9188,0.77059627
9189,0.7865092
9190,0.7915226
9191,0.81148964
9192,0.8271588
9193,0.70360565
9194,0.758232
9195,0.7961402
9196,0.6725409
9197,0.6900784
9198,0.7942825
9199,0.7301315
9200,0.74075925
9201,0.7495536
9202,0.75292456
9203,0.7147146
9204,0.7880634
9205,0.7538718
9206,0.7160884
9207,0.7153398
9208,0.7775393
9209,0.6881112
9210,0.7686877
9211,0.73213613
9212,0.699586
9213,0.79468524
9214,0.80918646
9215,0.77104837
9216,0.73572445
9217,0.81458324
9218,0.7822975
9219,0.69302475
9220,0.77722037
9221,0.81004477
9222,0.76782215
9223,0.83195615
9224,0.7435394
9225,0.7548785
9226,0.7854627
9227,0.76476777
9228,0.72973853
9229,0.7733808
9230,0.7799949
9231,0.8100427
9232,0.8008493
9233,0.77817184
9234,0.8697647
9235,0.8496455
9236,0.83428806
9237,0.8266504
9238,0.8013594
9239,0.85265106
9240,0.8147313
9241,0.84737
9242,0.8206624
9243,0.857859
9244,0.81965196
9245,0.812997
9246,0.8668444
9247,0.8031616
9248,0.78098047
9249,0.8293453
9250,0.8379953
9251,0.8047987
9252,0.8265227
9253,0.70100445
9254,0.7316675
9255,0.72695446
9256,0.71347165
9257,0.6525594
9258,0.74342656
9259,0.6486777
9260,0.7352632
9261,0.8247241
9262,0.64633036
9263,0.63503695
9264,0.7121287
9265,0.6343227
9266,0.6575013
9267,0.6224841
9268,0.6582985
9269,0.743111
9270,0.7973412
9271,0.7910104
9272,0.78801525
9273,0.7542231
9274,0.85986483
9275,0.75745595
9276,0.87259376
9277,0.7444004
9278,0.76833403
9279,0.8336004
9280,0.8174452
9281,0.73897105
9282,0.8567026
9283,0.80905515
9284,0.8187902
9285,0.77701455
9286,0.8617436
9287,0.7765579
9288,0.83005685
9289,0.78187406
9290,0.814463
9291,0.7888026
9292,0.8327605
9293,0.7992491
9294,0.82042116
9295,0.8771706
9296,0.8214736
9297,0.81005156
9298,0.8587911
9299,0.8129239
9300,0.87175035
9301,0.845661
9302,0.8336763
9303,0.82903695
9304,0.79403687
9305,0.8352371
9306,0.8438502
9307,0.84780073
9308,0.86027277
9309,0.83176607
9310,0.7332261
9311,0.78834355
9312,0.7688477
9313,0.84432316
9314,0.86634
9315,0.7231034
9316,0.8716784
9317,0.7653569
9318,0.8138888
9319,0.74765277
9320,0.8120549
9321,0.7139498
9322,0.7331872
9323,0.79327774
9324,0.7690998
9325,0.7819487
9326,0.80325645
9327,0.806027
9328,0.85699284
9329,0.835757
9330,0.7180119
9331,0.75855875
9332,0.80304134
9333,0.75884116
9334,0.7111496
9335,0.8144146
9336,0.7422402
9337,0.78141266
9338,0.6912462
9339,0.746106
9340,0.7137848
9341,0.7784547
9342,0.7823587
9343,0.8172522
9344,0.7519168
9345,0.7668632
9346,0.7184602
9347,0.7944563
9348,0.79081714
9349,0.7992414
9350,0.81609344
9351,0.7120797
9352,0.8177706
9353,0.79447407
9354,0.7957929
9355,0.7331757
9356,0.77694476
9357,0.79673326
9358,0.7920044
9359,0.8468622
9360,0.7396184
9361,0.8212691
9362,0.7808815
9363,0.7819496
9364,0.83808875
9365,0.7807267
9366,0.8238674
9367,0.6618563
9368,0.73985505
9369,0.6502314
9370,0.68171525
9371,0.79393435
9372,0.743483
9373,0.66660726
9374,0.80260026
9375,0.7413911
9376,0.6672468
9377,0.6905649
9378,0.7396648
9379,0.67325056
9380,0.64808315
9381,0.7116771
9382,0.7891278
9383,0.7397183
9384,0.74564207
9385,0.7206946
9386,0.8474761
9387,0.8745184
9388,0.85394955
9389,0.8378135
9390,0.830326
9391,0.7988144
9392,0.83453393
9393,0.8557607
9394,0.87380046
9395,0.8160559
9396,0.83419573
9397,0.838061
9398,0.80369693
9399,0.881583
9400,0.81211793
9401,0.79988706
9402,0.7923814
9403,0.8258725
9404,0.85731757
9405,0.75959516
9406,0.8024548
9407,0.7272928
9408,0.76603246
9409,0.8039207
9410,0.78116566
9411,0.8239962
9412,0.83681566
9413,0.73212254
9414,0.7438498
9415,0.76216394
9416,0.7363418
9417,0.7806119
9418,0.7742307
9419,0.7108207
9420,0.75652134
9421,0.78556734
9422,0.82589567
9423,0.7850461
9424,0.8333994
9425,0.8736477
9426,0.81570154
9427,0.83599865
9428,0.88409
9429,0.8359451
9430,0.7915183
9431,0.8590615
9432,0.8416993
9433,0.83495
9434,0.8159269
9435,0.85810864
9436,0.83421147
9437,0.84002364
9438,0.79886603
9439,0.84039915
9440,0.845134
9441,0.8501808
9442,0.88159233
9443,0.7859537
9444,0.7141701
9445,0.73333883
9446,0.7661228
9447,0.8172014
9448,0.86486393
9449,0.82131994
9450,0.79037774
9451,0.7654899
9452,0.8299092
9453,0.87374485
9454,0.74003375
9455,0.85794204
9456,0.7550043
9457,0.8258064
9458,0.8382042
9459,0.8267873
9460,0.78797203
9461,0.7534501
9462,0.76245165
9463,0.7652298
9464,0.80401564
9465,0.73880416
9466,0.6760179
9467,0.7251071
9468,0.78406227
9469,0.71146965
9470,0.7894714
9471,0.7835061
9472,0.8521079
9473,0.8358285
9474,0.76457644
9475,0.82045674
9476,0.72311425
9477,0.6808404
9478,0.7274654
9479,0.71083647
9480,0.7053187
9481,0.883836
9482,0.802401
9483,0.7938762
9484,0.8119036
9485,0.8815216
9486,0.7933331
9487,0.76983434
9488,0.7760811
9489,0.8538014
9490,0.89172745
9491,0.8030671
9492,0.84293175
9493,0.8112999
9494,0.75792813
9495,0.8444703
9496,0.8844899
9497,0.8383693
9498,0.8501754
9499,0.826543
9500,0.7410117
9501,0.7291079
9502,0.7369246
9503,0.7444856
9504,0.7030876
9505,0.8457614
9506,0.79917294
9507,0.7629765
9508,0.81876886
9509,0.80880463
9510,0.7416309
9511,0.7533886
9512,0.76212096
9513,0.7585096
9514,0.7359208
9515,0.7580003
9516,0.7702741
9517,0.8381895
9518,0.7657234
9519,0.8368216
9520,0.8446898
9521,0.7439616
9522,0.78215724
9523,0.7985177
9524,0.7925677
9525,0.80819076
9526,0.8204223
9527,0.76417714
9528,0.7732866
9529,0.82055163
9530,0.7760934
9531,0.7484898
9532,0.76654375
9533,0.8455771
9534,0.7583585
9535,0.8119813
9536,0.79314816
9537,0.8182172
9538,0.84044015
9539,0.7613248
9540,0.774681
9541,0.6992568
9542,0.7385969
9543,0.78255653
9544,0.7337946
9545,0.8090764
9546,0.80335927
9547,0.79359686
9548,0.72286975
9549,0.7295741
9550,0.7582243
9551,0.8427601
9552,0.7945795
9553,0.73610634
9554,0.70737916
9555,0.751771
9556,0.8649338
9557,0.82967645
9558,0.7900207
9559,0.77727175
9560,0.7267726
9561,0.7631592
9562,0.77743113
9563,0.74923813
9564,0.8198439
9565,0.86481166
9566,0.7427385
9567,0.77084243
9568,0.76899993
9569,0.72172093
9570,0.7544795
9571,0.84913486
9572,0.8132967
9573,0.788903
9574,0.8191652
9575,0.7500957
9576,0.80897284
9577,0.7758754
9578,0.84601367
9579,0.8291337
9580,0.8221857
9581,0.7554528
9582,0.7733024
9583,0.79501104
9584,0.8161385
9585,0.8670987
9586,0.7802752
9587,0.8435714
9588,0.78254735
9589,0.8044288
9590,0.8320851
9591,0.795382
9592,0.8051709
9593,0.76711977
9594,0.8280491
9595,0.8291001
9596,0.7969263
9597,0.7664682
9598,0.83841306
9599,0.8179689
9600,0.73182285
9601,0.77518725
9602,0.8201398
9603,0.8006838
9604,0.79415864
9605,0.8554179
9606,0.8254255
9607,0.76791054
9608,0.8251078
9609,0.78519773
9610,0.76270354
9611,0.7586879
9612,0.84360236
9613,0.75663245
9614,0.8709698
9615,0.8570729
9616,0.79592216
9617,0.8090683
9618,0.7894402
9619,0.842348
9620,0.807399
9621,0.82034796
9622,0.8105585
9623,0.8517692
9624,0.8766463
9625,0.7602481
9626,0.8160315
9627,0.8314783
9628,0.7268631
9629,0.7799771
9630,0.76989794
9631,0.8357309
9632,0.84827846
9633,0.82121515
9634,0.770977
9635,0.8526792
9636,0.81850934
9637,0.8477675
9638,0.8376355
9639,0.82657593
9640,0.81804365
9641,0.8420994
9642,0.8272794
9643,0.8319653
9644,0.78242856
9645,0.84912443
9646,0.8028046
9647,0.81307214
9648,0.858889
9649,0.84020805
9650,0.74523795
9651,0.870769
9652,0.86603886
9653,0.74207777
9654,0.7884909
9655,0.75957304
9656,0.75290227
9657,0.75594956
9658,0.82882535
9659,0.8846241
9660,0.73132
9661,0.8337101
9662,0.81447434
9663,0.80730784
9664,0.7574636
9665,0.71286565
9666,0.7931895
9667,0.8131607
9668,0.8601898
9669,0.7915878
9670,0.7655381
9671,0.7321076
9672,0.747635
9673,0.7808104
9674,0.7645805
9675,0.7508051
9676,0.71859443
9677,0.890502
9678,0.8725118
9679,0.822447
9680,0.7521949
9681,0.8136448
9682,0.757718
9683,0.7062664
9684,0.7968018
9685,0.8151654
9686,0.8600324
9687,0.7884125
9688,0.8159208
9689,0.82313275
9690,0.89728487
9691,0.89613307
9692,0.88264847
9693,0.84167725
9694,0.88046354
9695,0.8889035
9696,0.8570668
9697,0.92450935
9698,0.8924619
9699,0.90431416
9700,0.88914526
9701,0.84160537
9702,0.9116613
9703,0.92839485
9704,0.8675795
9705,0.8740289
9706,0.8487011
9707,0.85359573
9708,0.92608374
9709,0.824574
9710,0.7949596
9711,0.8610579
9712,0.7864627
9713,0.8330937
9714,0.8030584
9715,0.8518956
9716,0.82369214
9717,0.7966506
9718,0.8347025
9719,0.79003584
9720,0.8643278
9721,0.8920773
9722,0.8943053
9723,0.8616846
9724,0.84801114
9725,0.77185524
9726,0.8842465
9727,0.81051564
9728,0.923928
9729,0.8449788
9730,0.8905587
9731,0.78423905
9732,0.86186045
9733,0.88921475
9734,0.8530887
9735,0.89723045
9736,0.9345944
9737,0.81006515
9738,0.8354265
9739,0.8579191
9740,0.9208988
9741,0.8505161
9742,0.8309093
9743,0.85097885
9744,0.8955282
9745,0.9279209
9746,0.8737114
9747,0.8266716
9748,0.77701694
9749,0.7801868
9750,0.8360765
9751,0.7607305
9752,0.84631336
9753,0.90968883
9754,0.7460209
9755,0.88114333
9756,0.7564282
9757,0.81067574
9758,0.87466466
9759,0.7740921
9760,0.73606867
9761,0.78847253
9762,0.86008465
9763,0.81172055
9764,0.7063983
9765,0.84489363
9766,0.855973
9767,0.7169889
9768,0.86741084
9769,0.7997263
9770,0.7469008
9771,0.7857321
9772,0.886067
9773,0.8128137
9774,0.76579344
9775,0.8864051
9776,0.7606597
9777,0.914279
9778,0.8565639
9779,0.7790761
9780,0.8390231
9781,0.7934277
9782,0.7865222
9783,0.8342705
9784,0.82348365
9785,0.81370384
9786,0.8752705
9787,0.8026586
9788,0.87545174
9789,0.7808032
9790,0.8643932
9791,0.8655499
9792,0.8547268
9793,0.86775625
9794,0.8797741
9795,0.7928596
9796,0.8699832
9797,0.8437714
9798,0.8307574
9799,0.8947347
9800,0.9023721
9801,0.8518979
9802,0.87999064
9803,0.86684513
9804,0.83793914
9805,0.86372083
9806,0.7810538
9807,0.82257235
9808,0.875481
9809,0.90924543
9810,0.80244696
9811,0.899172
9812,0.89319175
9813,0.8445631
9814,0.88481253
9815,0.8347992
9816,0.80964625
9817,0.8100756
9818,0.8781072
9819,0.8210605
9820,0.81882864
9821,0.87724024
9822,0.86088526
9823,0.709929
9824,0.7805964
9825,0.84341335
9826,0.8286323
9827,0.8681985
9828,0.78810793
9829,0.820495
9830,0.7413775
9831,0.78092456
9832,0.8828624
9833,0.8016813
9834,0.889835
9835,0.74706906
9836,0.9148651
9837,0.84886974
9838,0.7734761
9839,0.82589227
9840,0.7835829
9841,0.7596766
9842,0.86785954
9843,0.78742385
9844,0.91465837
9845,0.88100755
9846,0.82619333
9847,0.88916117
9848,0.892242
9849,0.93230516
9850,0.86080885
9851,0.9053545
9852,0.93675524
9853,0.80476433
9854,0.91984785
9855,0.9174512
9856,0.8537971
9857,0.8776702
9858,0.85762346
9859,0.8435448
9860,0.92430043
9861,0.7700547
9862,0.8056189
9863,0.8111248
9864,0.89982975
9865,0.78440297
9866,0.9190234
9867,0.8889197
9868,0.7648259
9869,0.8118746
9870,0.8175571
9871,0.8004854
9872,0.8247456
9873,0.835154
9874,0.8820698
9875,0.86533487
9876,0.8587216
9877,0.8389515
9878,0.8037305
9879,0.8105836
9880,0.81821704
9881,0.9321667
9882,0.87140024
9883,0.8919797
9884,0.8882179
9885,0.89815825
9886,0.8702282
9887,0.8528911
9888,0.78622794
9889,0.78391266
9890,0.8438382
9891,0.83727336
9892,0.90864336
9893,0.91266036
9894,0.8443976
9895,0.8262232
9896,0.8562107
9897,0.80769926
9898,0.86842525
9899,0.82468694
9900,0.85728
9901,0.83178186
9902,0.76659274
9903,0.822995
9904,0.8880683
9905,0.81420803
9906,0.8900382
9907,0.92402345
9908,0.79027164
9909,0.8570734
9910,0.9052644
9911,0.8075808
9912,0.80594605
9913,0.7818903
9914,0.8084804
9915,0.8461341
9916,0.84859806
9917,0.81994927
9918,0.8181059
9919,0.89235735
9920,0.79581815
9921,0.8707278
9922,0.9018074
9923,0.77128226
9924,0.7548239
9925,0.79255444
9926,0.79729974
9927,0.87796134
9928,0.7682899
9929,0.8178262
9930,0.7831217
9931,0.8279956
9932,0.80867434
9933,0.77918917
9934,0.8099451
9935,0.8516598
9936,0.7983954
9937,0.86431634
9938,0.8897972
9939,0.868235
9940,0.8929172
9941,0.8817815
9942,0.86800784
9943,0.8748632
9944,0.9143614
9945,0.87000775
9946,0.8327844
9947,0.8903518
9948,0.85757285
9949,0.82087725
9950,0.9000339
9951,0.87760884
9952,0.8437883
9953,0.7851763
9954,0.9042504
9955,0.8729056
9956,0.7957019
9957,0.740818
9958,0.790564
9959,0.6851259
9960,0.832224
9961,0.9142118
9962,0.80809057
9963,0.7894895
9964,0.7747475
9965,0.77281094
9966,0.8141448
9967,0.8439645
9968,0.8033906
9969,0.77464134
9970,0.84387743
9971,0.8549214
9972,0.84232605
9973,0.77823323
9974,0.88688755
9975,0.8110931
9976,0.8117057
9977,0.7494246
9978,0.8159381
9979,0.81728613
9980,0.81925815
9981,0.76680434
9982,0.864502
9983,0.8413426
9984,0.7873418
9985,0.84978384
9986,0.78802377
9987,0.8094104
9988,0.77222514
9989,0.7954031
9990,0.80100155
9991,0.8255403
9992,0.8081868
9993,0.6798029
9994,0.8177697
9995,0.8228381
9996,0.8880084
9997,0.8723587
9998,0.7855457
9999,0.94052833
10000,0.89836144
10001,0.8871449
10002,0.7604497
10003,0.85014606
10004,0.8446034
10005,0.84754133
10006,0.87995535
10007,0.8205275
10008,0.92638993
10009,0.844364
10010,0.944604
10011,0.8794593
10012,0.7942888
10013,0.86333555
10014,0.8948506
10015,0.8315358
10016,0.7741949
10017,0.8266264
10018,0.81862533
10019,0.8093694
10020,0.9074085
10021,0.92988175
10022,0.9159085
10023,0.8021785
10024,0.80752665
10025,0.7777646
10026,0.86008894
10027,0.8161161
10028,0.8516337
10029,0.7952678
10030,0.8181203
10031,0.8522116
10032,0.86724716
10033,0.86908937
10034,0.9113704
10035,0.7721083
10036,0.8946409
10037,0.8902275
10038,0.8631054
10039,0.940951
10040,0.81026375
10041,0.89834887
10042,0.8202046
10043,0.88167745
10044,0.8419599
10045,0.8170495
10046,0.83706236
10047,0.7940621
10048,0.82210714
10049,0.89142066
10050,0.8483678
10051,0.80145884
10052,0.77362674
10053,0.87243664
10054,0.88416886
10055,0.82912666
10056,0.8464653
10057,0.80987364
10058,0.7847302
10059,0.8843631
10060,0.78938437
10061,0.8434857
10062,0.82914776
10063,0.8332907
10064,0.82545125
10065,0.75443894
10066,0.7530334
10067,0.846937
10068,0.8921857
10069,0.79591024
10070,0.80901366
10071,0.77812093
10072,0.7845715
10073,0.82759684
10074,0.782975
10075,0.7890424
10076,0.8832918
10077,0.88487875
10078,0.768557
10079,0.8631785
10080,0.8129199
10081,0.9132992
10082,0.8017124
10083,0.7532201
10084,0.78972685
10085,0.8271596
10086,0.89610356
10087,0.79549116
10088,0.777584
10089,0.8322382
10090,0.7767782
10091,0.81867176
10092,0.73673064
10093,0.8076905
10094,0.8115071
10095,0.784212
10096,0.89375955
10097,0.84123003
10098,0.9276748
10099,0.7882292
10100,0.89712787
10101,0.7897109
10102,0.74427587
10103,0.82931435
10104,0.8695077
10105,0.7701697
10106,0.89649624
10107,0.8382437
10108,0.75698364
10109,0.80994546
10110,0.82618105
10111,0.72924167
10112,0.7724362
10113,0.7818675
10114,0.80786574
10115,0.7320088
10116,0.812512
10117,0.6594824
10118,0.77486855
10119,0.7642674
10120,0.74484766
10121,0.7706816
10122,0.7755573
10123,0.83408266
10124,0.7401099
10125,0.7977657
10126,0.7672945
10127,0.85772264
10128,0.8116203
10129,0.83758485
10130,0.80656505
10131,0.8708771
10132,0.8649101
10133,0.83316165
10134,0.8873515
10135,0.83454126
10136,0.86913395
10137,0.8968848
10138,0.85970986
10139,0.85457224
10140,0.7774134
10141,0.7211494
10142,0.81455576
10143,0.9136576
10144,0.7727906
10145,0.7911193
10146,0.7720876
10147,0.7815125
10148,0.7704795
10149,0.8075622
10150,0.79139453
10151,0.8798464
10152,0.88996434
10153,0.79470944
10154,0.8661477
10155,0.8133334
10156,0.762838
10157,0.91211367
10158,0.79455316
10159,0.7414508
10160,0.770786
10161,0.78624225
10162,0.89655226
10163,0.8281323
10164,0.8233147
10165,0.8375902
10166,0.91676384
10167,0.8754128
10168,0.8763097
10169,0.84806585
10170,0.8049578
10171,0.81742865
10172,0.8359559
10173,0.78640574
10174,0.8633103
10175,0.8462549
10176,0.9025494
10177,0.8931392
10178,0.91427374
10179,0.82177323
10180,0.89162016
10181,0.82363564
10182,0.86869097
10183,0.86895514
10184,0.84469926
10185,0.7569126
10186,0.80006146
10187,0.8538753
10188,0.89330304
10189,0.8113811
10190,0.86627203
10191,0.8904531
10192,0.8664689
10193,0.85564697
10194,0.85511994
10195,0.86975604
10196,0.87302065
10197,0.8427899
10198,0.8739797
10199,0.8822829
10200,0.90517014
10201,0.9258236
10202,0.8501464
10203,0.72523654
10204,0.8099151
10205,0.82779384
10206,0.79208225
10207,0.8796692
10208,0.80629253
10209,0.77916574
10210,0.756751
10211,0.7961343
10212,0.7361104
10213,0.7030856
10214,0.7374375
10215,0.88690877
10216,0.7250445
10217,0.773244
10218,0.8609456
10219,0.7677436
10220,0.71174234
10221,0.8133558
10222,0.90868205
10223,0.78821015
10224,0.83544934
10225,0.91572094
10226,0.79447806
10227,0.81743604
10228,0.82401574
10229,0.82820344
10230,0.9080096
10231,0.827345
10232,0.8331407
10233,0.8543681
10234,0.8035683
10235,0.8482356
10236,0.80433786
10237,0.9172334
10238,0.8339216
10239,0.91411513
10240,0.87690353
10241,0.8151328
10242,0.87218475
10243,0.75224024
10244,0.8655727
10245,0.848762
10246,0.80543154
10247,0.85646176
10248,0.79055446
10249,0.81925297
10250,0.8473714
10251,0.84297776
10252,0.7723717
10253,0.8677615
10254,0.8822284
10255,0.8675616
10256,0.8469913
10257,0.8819258
10258,0.9033514
10259,0.85600483
10260,0.84531426
10261,0.83080024
10262,0.8240541
10263,0.731975
10264,0.8008804
10265,0.8385278
10266,0.8004203
10267,0.765659
10268,0.8714014
10269,0.83717406
10270,0.7451602
10271,0.8254658
10272,0.8144078
10273,0.83278465
10274,0.69205433
10275,0.8286645
10276,0.7689693
10277,0.7957716
10278,0.80330324
10279,0.8687037
10280,0.8050567
10281,0.874128
10282,0.7832628
10283,0.90239114
10284,0.838174
10285,0.8569334
10286,0.8441506
10287,0.84693056
10288,0.8206389
10289,0.84414065
10290,0.853454
10291,0.86478734
10292,0.8000322
10293,0.84466386
10294,0.7431248
10295,0.85639
10296,0.75254333
10297,0.8686952
10298,0.8145499
10299,0.8569374
10300,0.9398874
10301,0.9174851
10302,0.8668505
10303,0.8575257
10304,0.8614366
10305,0.9277786
10306,0.8748437
10307,0.90975314
10308,0.8483654
10309,0.938664
10310,0.8048803
10311,0.9457886
10312,0.90487516
10313,0.87229115
10314,0.88845617
10315,0.8852545
10316,0.76782095
10317,0.82394
10318,0.7980493
10319,0.8135073
10320,0.7650286
10321,0.85925066
10322,0.78545535
10323,0.8092865
10324,0.8759215
10325,0.7660445
10326,0.9036179
10327,0.7668212
10328,0.82879233
10329,0.7795502
10330,0.79410404
10331,0.738642
10332,0.8433935
10333,0.85259265
10334,0.8994089
10335,0.91464335
10336,0.93558705
10337,0.8715102
10338,0.86294544
10339,0.79317933
10340,0.8725931
10341,0.83735967
10342,0.8375262
10343,0.9401256
10344,0.84723717
10345,0.9106806
10346,0.8419655
10347,0.8762537
10348,0.8601936
10349,0.7707826
10350,0.9061526
10351,0.9452967
10352,0.94805753
10353,0.92493707
10354,0.8919145
10355,0.81494355
10356,0.8881969
10357,0.86189264
10358,0.81409544
10359,0.8275243
10360,0.81662977
10361,0.8702768
10362,0.83186686
10363,0.8473048
10364,0.82307184
10365,0.7228013
10366,0.8952032
10367,0.82688165
10368,0.84615505
10369,0.78965527
10370,0.86296487
10371,0.8472625
10372,0.786211
10373,0.8821915
10374,0.8747727
10375,0.8682916
10376,0.7754427
10377,0.8517377
10378,0.94147843
10379,0.8457723
10380,0.8740376
10381,0.88571584
10382,0.90351665
10383,0.94079417
10384,0.8053393
10385,0.8251519
10386,0.84767663
10387,0.9236096
10388,0.85370505
10389,0.91188645
10390,0.8583776
10391,0.94266665
10392,0.83055407
10393,0.7639191
10394,0.8600323
10395,0.78134286
10396,0.815809
10397,0.73073274
10398,0.6811487
10399,0.7147341
10400,0.8587156
10401,0.6962954
10402,0.6707847
10403,0.7405943
10404,0.8180485
10405,0.6970573
10406,0.7546854
10407,0.7061139
10408,0.6529832
10409,0.7485331
10410,0.77734345
10411,0.89039207
10412,0.89299196
10413,0.68307906
10414,0.7476183
10415,0.77394533
10416,0.7239189
10417,0.831841
10418,0.70178884
10419,0.7919641
10420,0.7602129
10421,0.86035836
10422,0.742963
10423,0.70160437
10424,0.7616446
10425,0.82989466
10426,0.7772746
10427,0.7249129
10428,0.7919744
10429,0.85885024
10430,0.80095625
10431,0.8486669
10432,0.87676066
10433,0.8201945
10434,0.8921523
10435,0.8816265
10436,0.87736964
10437,0.8111635
10438,0.86936563
10439,0.87099355
10440,0.8681397
10441,0.9263578
10442,0.8306049
10443,0.8888645
10444,0.854468
10445,0.84228903
10446,0.9121694
10447,0.8675817
10448,0.8580585
10449,0.8899054
10450,0.8823241
10451,0.773306
10452,0.77839863
10453,0.80493957
10454,0.7861345
10455,0.894343
10456,0.86348295
10457,0.8046582
10458,0.8133048
10459,0.7920618
10460,0.7708293
10461,0.7989791
10462,0.81700045
10463,0.84601545
10464,0.8793616
10465,0.8060926
10466,0.8222775
10467,0.7651288
10468,0.8698963
10469,0.796076
10470,0.744287
10471,0.6779723
10472,0.7016923
10473,0.84379923
10474,0.7453344
10475,0.69233775
10476,0.6595969
10477,0.81177014
10478,0.69895965
10479,0.8822371
10480,0.6996782
10481,0.7528961
10482,0.75051624
10483,0.8423294
10484,0.77188456
10485,0.74515826
10486,0.6434467
10487,0.76188195
10488,0.8335047
10489,0.9239552
10490,0.8465448
10491,0.8658798
10492,0.93471694
10493,0.8387318
10494,0.91389906
10495,0.8515982
10496,0.9150155
10497,0.8972554
10498,0.86557287
10499,0.8717444
10500,0.87477314
10501,0.89566094
10502,0.8988359
10503,0.8682121
10504,0.83037096
10505,0.88590276
10506,0.88129985
10507,0.81149554
10508,0.81078994
10509,0.767594
10510,0.7970602
10511,0.82155985
10512,0.8287078
10513,0.72623104
10514,0.8120824
10515,0.7380313
10516,0.7835324
10517,0.86322546
10518,0.8199744
10519,0.82767975
10520,0.8008621
10521,0.8320515
10522,0.801739
10523,0.77787364
10524,0.73339415
10525,0.84058154
10526,0.8717754
10527,0.88740504
10528,0.8326272
10529,0.7988882
10530,0.8579647
10531,0.85189515
10532,0.87419754
10533,0.91575944
10534,0.8611093
10535,0.8144605
10536,0.8498771
10537,0.86100435
10538,0.89867175
10539,0.8575991
10540,0.8389194
10541,0.8169304
10542,0.86978966
10543,0.8841335
10544,0.86902404
10545,0.7545474
10546,0.7954582
10547,0.76841843
10548,0.80093014
10549,0.7932098
10550,0.86169404
10551,0.7742715
10552,0.79177916
10553,0.85918367
10554,0.77100646
10555,0.8785966
10556,0.839229
10557,0.7941141
10558,0.7943283
10559,0.8076237
10560,0.78636557
10561,0.7578948
10562,0.8465514
10563,0.83123255
10564,0.76921284
10565,0.7943514
10566,0.75958765
10567,0.85449743
10568,0.71448755
10569,0.8705139
10570,0.75147504
10571,0.7664834
10572,0.82269335
10573,0.7650918
10574,0.75521576
10575,0.69273734
10576,0.7757753
10577,0.78478277
10578,0.83325016
10579,0.81008756
10580,0.8103448
10581,0.73102355
10582,0.75212836
10583,0.761919
10584,0.74414647
10585,0.77180594
10586,0.76337594
10587,0.6565741
10588,0.7177073
10589,0.75261265
10590,0.70775986
10591,0.788327
10592,0.6838227
10593,0.8353099
10594,0.6968231
10595,0.7481597
10596,0.82108784
10597,0.7143065
10598,0.6790322
10599,0.7202052
10600,0.78328776
10601,0.82800114
10602,0.83218193
10603,0.8181412
10604,0.7604109
10605,0.7664429
10606,0.7146138
10607,0.84486705
10608,0.7043138
10609,0.8657984
10610,0.8110317
10611,0.73728806
10612,0.72149146
10613,0.74533033
10614,0.66269267
10615,0.77227926
10616,0.7916715
10617,0.7691137
10618,0.77587175
10619,0.78184414
10620,0.6966749
10621,0.8643054
10622,0.8772496
10623,0.8781493
10624,0.8600162
10625,0.7869188
10626,0.8516367
10627,0.8486877
10628,0.86729705
10629,0.905824
10630,0.807249
10631,0.88013065
10632,0.8318843
10633,0.85107636
10634,0.89689595
10635,0.8590432
10636,0.8395576
10637,0.817624
10638,0.83669674
10639,0.86570007
10640,0.7148351
10641,0.8195987
10642,0.7452936
10643,0.728578
10644,0.64318144
10645,0.6983975
10646,0.7401958
10647,0.6890836
10648,0.66531795
10649,0.8282461
10650,0.6786968
10651,0.7377327
10652,0.81117964
10653,0.7021227
10654,0.6650594
10655,0.77264416
10656,0.77656174
10657,0.7597521
10658,0.7510307
10659,0.8041822
10660,0.73368627
10661,0.6899128
10662,0.723735
10663,0.82138467
10664,0.75388825
10665,0.69028145
10666,0.8395275
10667,0.68011534
10668,0.79616
10669,0.70348775
10670,0.76964635
10671,0.71775496
10672,0.6461951
10673,0.75731325
10674,0.77593446
10675,0.7542091
10676,0.8582336
10677,0.7627795
10678,0.82599556
10679,0.7768518
10680,0.8022466
10681,0.78278977
10682,0.8542973
10683,0.7514646
10684,0.86280674
10685,0.825328
10686,0.81273335
10687,0.85692906
10688,0.8259783
10689,0.7334436
10690,0.8254962
10691,0.8326956
10692,0.84745514
10693,0.8062952
10694,0.8374741
10695,0.81024384
10696,0.86339796
10697,0.8162866
10698,0.829794
10699,0.88582355
10700,0.90360004
10701,0.84389436
10702,0.82833976
10703,0.88942873
10704,0.81448555
10705,0.90819955
10706,0.86155736
10707,0.8854959
10708,0.8538782
10709,0.7899362
10710,0.8540015
10711,0.86460793
10712,0.878281
10713,0.86128217
10714,0.84544706
10715,0.85645676
10716,0.81522006
10717,0.76984304
10718,0.831669
10719,0.85234284
10720,0.80874366
10721,0.7753539
10722,0.84643286
10723,0.7362063
10724,0.85388815
10725,0.8019108
10726,0.8095269
10727,0.82536834
10728,0.80334556
10729,0.7250798
10730,0.82521474
10731,0.8287533
10732,0.8377699
10733,0.7837263
10734,0.8428228
10735,0.7757213
10736,0.7849402
10737,0.73425263
10738,0.7781505
10739,0.8258035
10740,0.7687043
10741,0.7494085
10742,0.6734077
10743,0.7400783
10744,0.702774
10745,0.7384807
10746,0.8161914
10747,0.8542798
10748,0.7031336
10749,0.84879714
10750,0.72363526
10751,0.74194664
10752,0.72240496
10753,0.73946095
10754,0.72200644
10755,0.81613874
10756,0.8137195
10757,0.78995943
10758,0.8628094
10759,0.81388026
10760,0.8002292
10761,0.6992198
10762,0.7587935
10763,0.7554078
10764,0.8126267
10765,0.87440205
10766,0.86990553
10767,0.7468247
10768,0.7760915
10769,0.8444539
10770,0.7711543
10771,0.75334424
10772,0.7503626
10773,0.7053018
10774,0.7336839
10775,0.7179322
10776,0.6246005
10777,0.80348194
10778,0.750142
10779,0.66688067
10780,0.6450178
10781,0.6954906
10782,0.78629446
10783,0.73259354
10784,0.70679605
10785,0.8091179
10786,0.65468144
10787,0.7508498
10788,0.6568996
10789,0.72061545
10790,0.6774121
10791,0.6419799
10792,0.84930974
10793,0.7516284
10794,0.793014
10795,0.85213226
10796,0.7740085
10797,0.84253895
10798,0.74326766
10799,0.85599
10800,0.81597316
10801,0.7959626
10802,0.8219374
10803,0.8060677
10804,0.72946876
10805,0.8203202
10806,0.8241964
10807,0.8384238
10808,0.8049559
10809,0.830333
10810,0.8192067
10811,0.798014
10812,0.8904544
10813,0.83296824
10814,0.8212234
10815,0.8805931
10816,0.8046581
10817,0.89963317
10818,0.87604976
10819,0.866717
10820,0.84986794
10821,0.7829308
10822,0.84384346
10823,0.8548916
10824,0.8702256
10825,0.84716743
10826,0.8357495
10827,0.8212191
10828,0.846637
10829,0.85316944
10830,0.7238303
10831,0.80702066
10832,0.7218921
10833,0.8402201
10834,0.76258975
10835,0.83517724
10836,0.70043296
10837,0.82771355
10838,0.83611846
10839,0.7465878
10840,0.7550811
10841,0.75853896
10842,0.6781862
10843,0.7881964
10844,0.7971775
10845,0.83267486
10846,0.784927
10847,0.74588776
10848,0.7870931
10849,0.7267888
10850,0.6762738
10851,0.6278572
10852,0.74098384
10853,0.7344155
10854,0.79732263
10855,0.67205125
10856,0.7156254
10857,0.7407204
10858,0.72609377
10859,0.8087959
10860,0.66073626
10861,0.70843697
10862,0.79299647
10863,0.67721146
10864,0.6475106
10865,0.6893811
10866,0.64399076
10867,0.74542576
10868,0.7023047
10869,0.7418848
10870,0.7206859
10871,0.71752757
10872,0.7868404
10873,0.80274415
10874,0.71643966
10875,0.81282204
10876,0.73036516
10877,0.70875967
10878,0.7111478
10879,0.7189692
10880,0.6871001
10881,0.70873106
10882,0.72391355
10883,0.78921354
10884,0.7341845
10885,0.7580106
10886,0.7965609
10887,0.833815
10888,0.8504638
10889,0.83671075
10890,0.8578589
10891,0.83532417
10892,0.8212875
10893,0.76139015
10894,0.82514614
10895,0.8069241
10896,0.85109675
10897,0.78976476
10898,0.8599951
10899,0.79162854
10900,0.7960076
10901,0.86823356
10902,0.79266286
10903,0.7627809
10904,0.88672626
10905,0.8196165
10906,0.7188988
10907,0.78543234
10908,0.663259
10909,0.69857514
10910,0.79136753
10911,0.72301465
10912,0.66530967
10913,0.8166139
10914,0.65459406
10915,0.8323625
10916,0.7788621
10917,0.6775161
10918,0.7319631
10919,0.6905562
10920,0.6256192
10921,0.7384915
10922,0.75960165
10923,0.7129202
10924,0.7316681
10925,0.757012
10926,0.7406939
10927,0.7378824
10928,0.62945235
10929,0.68203443
10930,0.75069094
10931,0.6827697
10932,0.77026707
10933,0.8339872
10934,0.6570022
10935,0.81494343
10936,0.6680758
10937,0.7146343
10938,0.79395473
10939,0.6931199
10940,0.6767103
10941,0.707107
10942,0.7224771
10943,0.7755039
10944,0.69490707
10945,0.74122113
10946,0.77359104
10947,0.7778773
10948,0.7425424
10949,0.7200818
10950,0.78652245
10951,0.7239362
10952,0.82833135
10953,0.7708094
10954,0.7646454
10955,0.7642051
10956,0.7924054
10957,0.7668275
10958,0.76798654
10959,0.70210135
10960,0.7660804
10961,0.7693517
10962,0.76326436
10963,0.7731824
10964,0.74567914
10965,0.7875687
10966,0.7470083
10967,0.81384796
10968,0.7731446
10969,0.7800545
10970,0.792716
10971,0.72297096
10972,0.79125404
10973,0.7885812
10974,0.74258864
10975,0.78414565
10976,0.69568443
10977,0.78746367
10978,0.80072284
10979,0.7857048
10980,0.7995382
10981,0.83938694
10982,0.78007835
10983,0.82568014
10984,0.8411261
10985,0.796882
10986,0.74852914
10987,0.7767199
10988,0.7838256
10989,0.75553364
10990,0.8750105
10991,0.86355996
10992,0.8807146
10993,0.7292119
10994,0.80525565
10995,0.70987755
10996,0.77349067
10997,0.8690974
10998,0.77314335
10999,0.8351337
11000,0.79797035
11001,0.62233436
11002,0.7764387
11003,0.67675066
11004,0.6550608
11005,0.61699474
11006,0.6523604
11007,0.6941507
11008,0.7299175
11009,0.7189933
11010,0.7889374
11011,0.60289806
11012,0.6624705
11013,0.7439895
11014,0.66590863
11015,0.5973361
11016,0.63248485
11017,0.699198
11018,0.64529
11019,0.69353276
11020,0.6907886
11021,0.7894712
11022,0.7583328
11023,0.80628407
11024,0.7814272
11025,0.77560496
11026,0.7113163
11027,0.78869337
11028,0.76223487
11029,0.74967986
11030,0.76003486
11031,0.72787744
11032,0.80533594
11033,0.73118603
11034,0.7470578
11035,0.7987886
11036,0.7752978
11037,0.79784596
11038,0.8361449
11039,0.660111
11040,0.79212815
11041,0.7159257
11042,0.70221895
11043,0.643581
11044,0.6825827
11045,0.6916076
11046,0.75544906
11047,0.6630645
11048,0.6682394
11049,0.80908024
11050,0.65911937
11051,0.69313824
11052,0.7922395
11053,0.69471693
11054,0.6370795
11055,0.7491272
11056,0.7454745
11057,0.73817796
11058,0.6082219
11059,0.5829773
11060,0.69854265
11061,0.6965218
11062,0.75903594
11063,0.66420174
11064,0.65683806
11065,0.59068716
11066,0.63436407
11067,0.63858485
11068,0.7146361
11069,0.7770132
11070,0.6054989
11071,0.65391827
11072,0.7491825
11073,0.64824986
11074,0.6778997
11075,0.6141608
11076,0.7066027
11077,0.85039663
11078,0.7820797
11079,0.79851687
11080,0.8332798
11081,0.86644393
11082,0.8234347
11083,0.79499775
11084,0.8556015
11085,0.84123456
11086,0.80089307
11087,0.8266085
11088,0.82962424
11089,0.8366982
11090,0.7780337
11091,0.833061
11092,0.8374457
11093,0.8504479
11094,0.8105053
11095,0.8920947
11096,0.8215066
11097,0.83106625
11098,0.7962776
11099,0.7358954
11100,0.7727308
11101,0.7714391
11102,0.7098281
11103,0.7807109
11104,0.82778335
11105,0.7920552
11106,0.7373377
11107,0.8278675
11108,0.85572
11109,0.8015593
11110,0.7950623
11111,0.7981989
11112,0.8143482
11113,0.830797
11114,0.7932271
11115,0.7659426
11116,0.87227124
11117,0.75591
11118,0.8163997
11119,0.7756612
11120,0.82381403
11121,0.75334626
11122,0.8431242
11123,0.8748095
11124,0.7454125
11125,0.7508365
11126,0.8310687
11127,0.8039299
11128,0.85690296
11129,0.80704606
11130,0.73551255
11131,0.7248228
11132,0.78092253
11133,0.79241616
11134,0.84531945
11135,0.785841
11136,0.7599762
11137,0.786792
11138,0.8694173
11139,0.79097676
11140,0.7606473
11141,0.8850017
11142,0.74519956
11143,0.89163
11144,0.77391803
11145,0.7981136
11146,0.7211086
11147,0.8220682
11148,0.8789583
11149,0.8088597
11150,0.81667775
11151,0.8257651
11152,0.8274454
11153,0.8293323
11154,0.8517298
11155,0.8475074
11156,0.763851
11157,0.86881715
11158,0.830923
11159,0.80979097
11160,0.8363355
11161,0.89473236
11162,0.7843551
11163,0.8735116
11164,0.7837472
11165,0.80041206
11166,0.87699133
11167,0.8134268
11168,0.7872829
11169,0.7751079
11170,0.84031373
11171,0.844868
11172,0.786832
11173,0.85200393
11174,0.8323552
11175,0.84059477
11176,0.8721413
11177,0.85485595
11178,0.83645207
11179,0.7816728
11180,0.85034496
11181,0.85381293
11182,0.831816
11183,0.89648193
11184,0.8052451
11185,0.8792864
11186,0.80119526
11187,0.8228353
11188,0.8750915
11189,0.8678178
11190,0.805869
11191,0.75396734
11192,0.74760085
11193,0.7109149
11194,0.8179737
11195,0.7901807
11196,0.7210177
11197,0.8596889
11198,0.7081361
11199,0.8719845
11200,0.7814936
11201,0.79730576
11202,0.76160884
11203,0.68255943
11204,0.79638815
11205,0.80308735
11206,0.8548753
11207,0.7531608
11208,0.7377191
11209,0.7597036
11210,0.833334
11211,0.82750165
11212,0.7772152
11213,0.8241752
11214,0.7988523
11215,0.8037105
11216,0.83006066
11217,0.85128516
11218,0.79352236
11219,0.82515085
11220,0.8036065
11221,0.7497823
11222,0.8344314
11223,0.7853167
11224,0.7464675
11225,0.72584075
11226,0.7785122
11227,0.8350657
11228,0.80191636
11229,0.80344343
11230,0.7707893
11231,0.81886667
11232,0.78334
11233,0.7718742
11234,0.82712096
11235,0.8023561
11236,0.7924344
11237,0.7159977
11238,0.70628107
11239,0.77295697
11240,0.7692262
11241,0.77349657
11242,0.8569999
11243,0.83530784
11244,0.72756505
11245,0.767157
11246,0.8051899
11247,0.72889537
11248,0.7444918
11249,0.78662205
11250,0.7457701
11251,0.75900054
11252,0.75434285
11253,0.86930937
11254,0.8108542
11255,0.7075746
11256,0.786873
11257,0.842876
11258,0.81591564
11259,0.8179888
11260,0.8760593
11261,0.7422043
11262,0.86224645
11263,0.7186454
11264,0.79015076
11265,0.8175914
11266,0.7602162
11267,0.77457273
11268,0.7735587
11269,0.7683162
11270,0.7262043
11271,0.82361156
11272,0.7698461
11273,0.735867
11274,0.8375024
11275,0.7314216
11276,0.8642133
11277,0.79101044
11278,0.81092215
11279,0.7783724
11280,0.7140899
11281,0.8006555
11282,0.812637
11283,0.8341106
11284,0.78633213
11285,0.8138749
11286,0.7379696
11287,0.7810621
11288,0.76854
11289,0.7152226
11290,0.69870436
11291,0.8398747
11292,0.80143493
11293,0.78628886
11294,0.6713251
11295,0.7349157
11296,0.7498567
11297,0.7383436
11298,0.78386444
11299,0.8568626
11300,0.7077109
11301,0.8422712
11302,0.70034665
11303,0.7590721
11304,0.6871541
11305,0.7672087
11306,0.77287006
11307,0.7365807
11308,0.7757973
11309,0.8270943
11310,0.7713971
11311,0.7475883
11312,0.8577771
11313,0.7469864
11314,0.8698795
11315,0.8076099
11316,0.7582418
11317,0.78286797
11318,0.720031
11319,0.80374813
11320,0.8126726
11321,0.85972106
11322,0.8281644
11323,0.75932735
