id,DMS_score
0,0.41916168
1,0.35845944
2,0.36303028
3,0.44034702
4,0.43877846
5,0.3474843
6,0.41708782
7,0.39528295
8,0.39520407
9,0.44142848
10,0.40885857
11,0.39357355
12,0.40285796
13,0.40426
14,0.38455328
15,0.36508024
16,0.42218798
17,0.37111598
18,0.4063048
19,0.41304153
20,0.3693521
21,0.35705715
22,0.42146382
23,0.42857242
24,0.4411482
25,0.41522092
26,0.3953108
27,0.4067988
28,0.4388651
29,0.4151899
30,0.42554522
31,0.44667163
32,0.38534075
33,0.38427505
34,0.38305324
35,0.41526026
36,0.42237127
37,0.4243036
38,0.39011723
39,0.3526199
40,0.3912984
41,0.37345287
42,0.39992312
43,0.37220025
44,0.38769418
45,0.40773064
46,0.40270764
47,0.38978252
48,0.3907491
49,0.33383182
50,0.3962977
51,0.40201235
52,0.3611165
53,0.39620817
54,0.38944757
55,0.40207714
56,0.41439632
57,0.37117058
58,0.36678508
59,0.40778852
60,0.3915722
61,0.40782508
62,0.401327
63,0.40793797
64,0.4172869
65,0.39658052
66,0.4031956
67,0.4221273
68,0.40790093
69,0.40198183
70,0.33397973
71,0.3596669
72,0.39857194
73,0.40679014
74,0.37694016
75,0.35942674
76,0.3373637
77,0.42697808
78,0.3775888
79,0.41428205
80,0.42586347
81,0.3805169
82,0.42140743
83,0.3853779
84,0.39888942
85,0.36645103
86,0.41466016
87,0.3922913
88,0.43062693
89,0.41512823
90,0.408231
91,0.43722907
92,0.42258242
93,0.41505754
94,0.4121517
95,0.3979087
96,0.4020147
97,0.42061374
98,0.4204554
99,0.39565018
100,0.40533882
101,0.4035418
102,0.37316287
103,0.40600502
104,0.40686348
105,0.38734028
106,0.36807367
107,0.41460583
108,0.399297
109,0.36011198
110,0.37567246
111,0.40195575
112,0.35576612
113,0.33141977
114,0.41506895
115,0.34618604
116,0.40579936
117,0.4099912
118,0.43599004
119,0.4140044
120,0.39542383
121,0.41408098
122,0.3837618
123,0.3773306
124,0.40476224
125,0.3755232
126,0.41061822
127,0.41373363
128,0.4148779
129,0.42020515
130,0.38066146
131,0.39640942
132,0.38847268
133,0.3847351
134,0.38960513
135,0.36144468
136,0.4188793
137,0.360089
138,0.36969212
139,0.37136945
140,0.39393887
141,0.37964264
142,0.39413163
143,0.35164246
144,0.38157493
145,0.3827631
146,0.38273802
147,0.32344103
148,0.34814036
149,0.3587148
150,0.37226492
151,0.39215732
152,0.34542057
153,0.38266695
154,0.3877259
155,0.3598861
156,0.39196762
157,0.35955286
158,0.36918512
159,0.37490678
160,0.38931593
161,0.35351688
162,0.3802068
163,0.39795053
164,0.36907834
165,0.37932792
166,0.38385004
167,0.38101432
168,0.38624758
169,0.32399994
170,0.34421062
171,0.39674255
172,0.4015237
173,0.35928133
174,0.39376748
175,0.41180825
176,0.3721751
177,0.41171062
178,0.36506787
179,0.39472657
180,0.36331967
181,0.39009154
182,0.41904095
183,0.39121115
184,0.3995481
185,0.4218243
186,0.3980481
187,0.34635755
188,0.36121634
189,0.38321435
190,0.3750364
191,0.3766417
192,0.41508862
193,0.42475316
194,0.3897014
195,0.4167845
196,0.39052215
197,0.41996798
198,0.394077
199,0.42534494
200,0.3746316
201,0.43524483
202,0.40846652
203,0.41892144
204,0.4480901
205,0.40917096
206,0.35309833
207,0.4121538
208,0.41907203
209,0.33267123
210,0.39712915
211,0.4000442
212,0.366366
213,0.44010678
214,0.3779605
215,0.37839723
216,0.3878771
217,0.40531415
218,0.40492707
219,0.38579795
220,0.40306932
221,0.4237413
222,0.3930717
223,0.38811436
224,0.35596648
225,0.3580491
226,0.3995092
227,0.3614024
228,0.45438817
229,0.4538495
230,0.45486176
231,0.42538065
232,0.45675802
233,0.42443994
234,0.43984237
235,0.4603829
236,0.40540347
237,0.44307345
238,0.4552823
239,0.44262654
240,0.38415426
241,0.45048803
242,0.45227146
243,0.41105503
244,0.4470615
245,0.43379304
246,0.48480397
247,0.39793515
248,0.403127
249,0.41224644
250,0.3694399
251,0.41398272
252,0.37553045
253,0.37365782
254,0.36276802
255,0.36344326
256,0.41022846
257,0.39361665
258,0.41681227
259,0.42976117
260,0.39899528
261,0.3930014
262,0.34277797
263,0.36029953
264,0.38924995
265,0.40549543
266,0.35828573
267,0.39857394
268,0.40117067
269,0.36554658
270,0.33085075
271,0.38733274
272,0.400631
273,0.37069196
274,0.4048214
275,0.3696146
276,0.42594767
277,0.38438717
278,0.3960144
279,0.35821706
280,0.4173218
281,0.4084973
282,0.3855436
283,0.39974442
284,0.3715209
285,0.40060827
286,0.4012066
287,0.35382155
288,0.3681149
289,0.37047803
290,0.39446396
291,0.390302
292,0.4192486
293,0.39777464
294,0.37648237
295,0.42292112
296,0.39646217
297,0.38162452
298,0.34706315
299,0.3513332
300,0.38920343
301,0.31975982
302,0.36850318
303,0.39795306
304,0.38610289
305,0.34445953
306,0.3800421
307,0.36977524
308,0.37927353
309,0.38309953
310,0.36597043
311,0.37911522
312,0.37023324
313,0.31676477
314,0.3614226
315,0.3890717
316,0.34433615
317,0.3920628
318,0.34371206
319,0.35411516
320,0.37364897
321,0.37494463
322,0.3477635
323,0.40747172
324,0.40975899
325,0.3835435
326,0.41575623
327,0.3748817
328,0.38770267
329,0.38901934
330,0.3673302
331,0.39170948
332,0.40126088
333,0.38906938
334,0.4005589
335,0.4430691
336,0.40385965
337,0.40768552
338,0.4110128
339,0.37968937
340,0.37258658
341,0.3520121
342,0.37345493
343,0.34736902
344,0.3682165
345,0.35245562
346,0.35959703
347,0.3640415
348,0.30369043
349,0.3413453
350,0.3853145
351,0.33742517
352,0.37343693
353,0.3773964
354,0.34018385
355,0.3775116
356,0.32630134
357,0.34079665
358,0.35528296
359,0.3632712
360,0.36563498
361,0.3673377
362,0.37294877
363,0.3402055
364,0.36072236
365,0.37262866
366,0.33736715
367,0.37362552
368,0.33136827
369,0.34380904
370,0.3218105
371,0.35605526
372,0.3662185
373,0.33118546
374,0.35830897
375,0.381523
376,0.3539156
377,0.3716488
378,0.36239222
379,0.308048
380,0.40010923
381,0.333241
382,0.37467343
383,0.35692182
384,0.38696396
385,0.3945789
386,0.43397468
387,0.38557306
388,0.39277017
389,0.3530534
390,0.39758104
391,0.37086558
392,0.37559873
393,0.36236575
394,0.3705147
395,0.39051569
396,0.39672348
397,0.3699721
398,0.3716438
399,0.34307978
400,0.33824062
401,0.3778711
402,0.36828673
403,0.3792576
404,0.34023818
405,0.38480026
406,0.33893043
407,0.31306496
408,0.36781046
409,0.33459675
410,0.3671209
411,0.36169603
412,0.37523356
413,0.3434736
414,0.3600606
415,0.3713166
416,0.3609465
417,0.37366515
418,0.42017394
419,0.39877927
420,0.39046037
421,0.406255
422,0.38800874
423,0.42939723
424,0.37764823
425,0.38721898
426,0.38932842
427,0.36800912
428,0.40449998
429,0.40593585
430,0.401286
431,0.45144188
432,0.41817114
433,0.41321087
434,0.35121548
435,0.41501972
436,0.373187
437,0.33392256
438,0.34631574
439,0.37430194
440,0.3708141
441,0.33879042
442,0.3865369
443,0.34870538
444,0.36145988
445,0.3791788
446,0.36481887
447,0.36121187
448,0.36371884
449,0.34943977
450,0.36963332
451,0.37440437
452,0.3611671
453,0.3375558
454,0.30951184
455,0.33716518
456,0.37766367
457,0.36514124
458,0.32700706
459,0.31633365
460,0.3137595
461,0.35567936
462,0.36575723
463,0.333306
464,0.35380247
465,0.37242857
466,0.36795413
467,0.32591158
468,0.36555904
469,0.35618886
470,0.33701268
471,0.3284958
472,0.37169102
473,0.38436905
474,0.34831548
475,0.44318762
476,0.39555958
477,0.40039554
478,0.43010515
479,0.3921829
480,0.40551484
481,0.4339099
482,0.40418205
483,0.40653324
484,0.41674095
485,0.43631917
486,0.45838165
487,0.4298299
488,0.42658255
489,0.41690946
490,0.3906127
491,0.37690225
492,0.4325174
493,0.43672198
494,0.42306656
495,0.37428138
496,0.37652504
497,0.41014218
498,0.3632768
499,0.4237944
500,0.3730086
501,0.39040545
502,0.39270288
503,0.3628466
504,0.3745084
505,0.41660246
506,0.38912234
507,0.4032706
508,0.44263136
509,0.4145623
510,0.39308247
511,0.3346639
512,0.39950323
513,0.33412713
514,0.3836439
515,0.33762604
516,0.36875737
517,0.36689964
518,0.32506043
519,0.3454888
520,0.3635363
521,0.34513122
522,0.36737832
523,0.31895086
524,0.30071765
525,0.35436088
526,0.36830816
527,0.32724535
528,0.34518608
529,0.36707398
530,0.3595975
531,0.361195
532,0.31723624
533,0.35846847
534,0.36875144
535,0.36409742
536,0.35098913
537,0.372454
538,0.34908444
539,0.3675198
540,0.3393307
541,0.3455861
542,0.33216417
543,0.37373075
544,0.30899167
545,0.37226403
546,0.36186364
547,0.322932
548,0.36523992
549,0.3543401
550,0.32408074
551,0.36854315
552,0.32197985
553,0.34497786
554,0.35321867
555,0.3746794
556,0.35495564
557,0.39647302
558,0.36048746
559,0.37217835
560,0.37989825
561,0.3524515
562,0.36098304
563,0.39065364
564,0.39897275
565,0.3601713
566,0.4038309
567,0.37982205
568,0.3768283
569,0.3296635
570,0.46767887
571,0.34759253
572,0.4166297
573,0.43999764
574,0.46340537
575,0.42400417
576,0.41799635
577,0.4245018
578,0.43840867
579,0.4100799
580,0.41314256
581,0.39474887
582,0.39492106
583,0.4369008
584,0.380225
585,0.43078017
586,0.449008
587,0.3717828
588,0.38041824
589,0.32153526
590,0.3330461
591,0.34268907
592,0.37402895
593,0.36139715
594,0.38202727
595,0.36998686
596,0.32432806
597,0.36820787
598,0.36029285
599,0.3729948
600,0.3443862
601,0.3421157
602,0.36935326
603,0.36008486
604,0.33545867
605,0.37396464
606,0.38706365
607,0.35837606
608,0.3403469
609,0.40028554
610,0.359285
611,0.36352882
612,0.39625797
613,0.38013715
614,0.40175885
615,0.35064676
616,0.40322232
617,0.38356254
618,0.37469456
619,0.37902388
620,0.3643347
621,0.40031353
622,0.3722407
623,0.39813483
624,0.38892257
625,0.39117447
626,0.43066543
627,0.38265476
628,0.3845633
629,0.3981477
630,0.35830113
631,0.39762852
632,0.35684514
633,0.36246517
634,0.39140466
635,0.36377078
636,0.37327713
637,0.37658906
638,0.39407864
639,0.40839773
640,0.39647081
641,0.33614278
642,0.38421485
643,0.35265598
644,0.38959035
645,0.34918547
646,0.41018343
647,0.37778968
648,0.3639171
649,0.42448857
650,0.33362976
651,0.42230183
652,0.4130374
653,0.42298612
654,0.40065178
655,0.44035816
656,0.4211541
657,0.3698278
658,0.4130665
659,0.39841145
660,0.3795746
661,0.37069488
662,0.41612244
663,0.40275618
664,0.38729674
665,0.39621824
666,0.40578568
667,0.4147853
668,0.38358355
669,0.42256016
670,0.37842086
671,0.36375466
672,0.38465586
673,0.35855263
674,0.40411186
675,0.38628963
676,0.39500096
677,0.38471043
678,0.36099756
679,0.40088728
680,0.37893865
681,0.39046255
682,0.37697953
683,0.39598006
684,0.36141255
685,0.36420715
686,0.4116706
687,0.37377444
688,0.3394461
689,0.40761542
690,0.41006085
691,0.42024356
692,0.40162012
693,0.43211663
694,0.42511755
695,0.41517338
696,0.41056138
697,0.3959939
698,0.39130443
699,0.4093844
700,0.37860265
701,0.40567172
702,0.3955519
703,0.35937807
704,0.34025723
705,0.38312516
706,0.37941137
707,0.393368
708,0.40002516
709,0.3764339
710,0.3543874
711,0.33822995
712,0.38629907
713,0.36659133
714,0.36478806
715,0.38925582
716,0.36160472
717,0.38992608
718,0.37161237
719,0.39519218
720,0.3893885
721,0.35377908
722,0.4050445
723,0.39653644
724,0.40443864
725,0.4038188
726,0.41441867
727,0.35563844
728,0.38990614
729,0.37528533
730,0.42325684
731,0.38582548
732,0.38232532
733,0.4110458
734,0.40555912
735,0.35864908
736,0.39587957
737,0.42797354
738,0.34605163
739,0.37563312
740,0.4198702
741,0.35084972
742,0.3390975
743,0.38068533
744,0.39366192
745,0.36361519
746,0.36574703
747,0.38543627
748,0.37098756
749,0.36257285
750,0.3842367
751,0.38601476
752,0.3672492
753,0.3289038
754,0.32687527
755,0.3940459
756,0.37762326
757,0.37876764
758,0.35060954
759,0.3925104
760,0.37851012
761,0.43069997
762,0.46232367
763,0.43198416
764,0.39670104
765,0.42761424
766,0.452277
767,0.40682447
768,0.4053094
769,0.4340591
770,0.45103997
771,0.41517875
772,0.39858624
773,0.43286464
774,0.40425706
775,0.38014877
776,0.43691596
777,0.42569357
778,0.4423961
779,0.3926674
780,0.38857728
781,0.40140358
782,0.3703934
783,0.39324355
784,0.39986145
785,0.405386
786,0.38661534
787,0.43551332
788,0.3887662
789,0.41088238
790,0.42701983
791,0.3961558
792,0.40650937
793,0.42117822
794,0.40164143
795,0.40919006
796,0.37466392
797,0.39313245
798,0.33493024
799,0.3861795
800,0.39776638
801,0.3663785
802,0.4336752
803,0.43393916
804,0.3783909
805,0.3500765
806,0.38107407
807,0.37344334
808,0.3573153
809,0.40187326
810,0.35134602
811,0.35422036
812,0.36553147
813,0.34093118
814,0.32795888
815,0.35877508
816,0.35189742
817,0.3420805
818,0.2815801
819,0.39941654
820,0.29472375
821,0.28916657
822,0.41203415
823,0.29285818
824,0.35436478
825,0.28492638
826,0.33019042
827,0.26799554
828,0.29408804
829,0.3040269
830,0.33006135
831,0.2836234
832,0.29707304
833,0.30144155
834,0.30951715
835,0.35625044
836,0.35426363
837,0.33616987
838,0.4498129
839,0.44819534
840,0.38029793
841,0.4475069
842,0.37838218
843,0.37768996
844,0.37988853
845,0.3993822
846,0.39092225
847,0.42311746
848,0.36892572
849,0.44037813
850,0.35437468
851,0.3772859
852,0.35474727
853,0.38809812
854,0.40844023
855,0.39126423
856,0.3979566
857,0.3636555
858,0.3444498
859,0.37763846
860,0.40993762
861,0.42096525
862,0.38651252
863,0.35469076
864,0.42135715
865,0.37334985
866,0.3519801
867,0.40219963
868,0.37823555
869,0.39825746
870,0.380542
871,0.3771934
872,0.35700056
873,0.3528383
874,0.29396588
875,0.3372431
876,0.32171172
877,0.36474922
878,0.4111643
879,0.35078678
880,0.3130235
881,0.36928323
882,0.36586672
883,0.36454374
884,0.33994985
885,0.3536383
886,0.31942686
887,0.36247858
888,0.33114502
889,0.31091508
890,0.37257668
891,0.36598417
892,0.3540461
893,0.38137597
894,0.36254677
895,0.337754
896,0.35657293
897,0.32073438
898,0.24622737
899,0.35466644
900,0.3576258
901,0.35476032
902,0.38110837
903,0.3903793
904,0.34011674
905,0.3348397
906,0.36794907
907,0.34031668
908,0.30831084
909,0.38905346
910,0.34309176
911,0.3523135
912,0.3935678
913,0.3123529
914,0.31562483
915,0.34084177
916,0.38648856
917,0.35376814
918,0.3465522
919,0.33408284
920,0.4013885
921,0.3059597
922,0.3311753
923,0.3436243
924,0.3656546
925,0.36498353
926,0.3877818
927,0.2971573
928,0.39977825
929,0.28893358
930,0.3520075
931,0.40701738
932,0.37765712
933,0.3199858
934,0.34920573
935,0.36582717
936,0.36490363
937,0.39126074
938,0.41189122
939,0.3656518
940,0.3211101
941,0.39017457
942,0.35834947
943,0.27455017
944,0.35603577
945,0.30321673
946,0.36111778
947,0.4064405
948,0.38270324
949,0.40161556
950,0.3473088
951,0.31124708
952,0.25547975
953,0.30751073
954,0.3449849
955,0.28760535
956,0.3110147
957,0.34705767
958,0.3757214
959,0.23631546
960,0.3582857
961,0.3158342
962,0.32902408
963,0.37395734
964,0.31535426
965,0.32293984
966,0.2834087
967,0.33862123
968,0.38846317
969,0.36896724
970,0.30593705
971,0.28349996
972,0.3432512
973,0.37336823
974,0.40264225
975,0.2997228
976,0.37952855
977,0.30562147
978,0.34569272
979,0.3744847
980,0.33564106
981,0.32805246
982,0.37090778
983,0.346028
984,0.36413714
985,0.3153937
986,0.30934012
987,0.35496816
988,0.360202
989,0.32886398
990,0.3410561
991,0.4022801
992,0.38757095
993,0.40957275
994,0.39100674
995,0.3190444
996,0.3706344
997,0.3718258
998,0.3001881
999,0.40139648
1000,0.28219733
1001,0.3018455
1002,0.37396535
1003,0.42069393
1004,0.32917795
1005,0.34807986
1006,0.3437246
1007,0.29079896
1008,0.31805396
1009,0.3330431
1010,0.34703797
1011,0.25912243
1012,0.31092608
1013,0.2508827
1014,0.35113412
1015,0.27610165
1016,0.25966075
1017,0.32850623
1018,0.36252764
1019,0.32646415
1020,0.3429171
1021,0.34859285
1022,0.32914853
1023,0.28408974
1024,0.24211906
1025,0.2699816
1026,0.33237433
1027,0.37354982
1028,0.37591797
1029,0.40423116
1030,0.33496734
1031,0.36401916
1032,0.31167728
1033,0.33721134
1034,0.4005424
1035,0.3491884
1036,0.40830296
1037,0.28315464
1038,0.44195044
1039,0.3131041
1040,0.36480626
1041,0.29956156
1042,0.35656953
1043,0.29957333
1044,0.2637501
1045,0.34359166
1046,0.28884232
1047,0.33677652
1048,0.3644233
1049,0.37132713
1050,0.38390586
1051,0.40326408
1052,0.36278486
1053,0.305216
1054,0.4093452
1055,0.3161522
1056,0.32762688
1057,0.33330694
1058,0.3301906
1059,0.32380718
1060,0.35886678
1061,0.3497211
1062,0.39446202
1063,0.36295205
1064,0.33193398
1065,0.3950915
1066,0.44364187
1067,0.41092396
1068,0.38036668
1069,0.36408532
1070,0.29270598
1071,0.3174541
1072,0.31968543
1073,0.38490942
1074,0.38640058
1075,0.27636707
1076,0.38754383
1077,0.38201165
1078,0.32829654
1079,0.4599497
1080,0.28563988
1081,0.2892066
1082,0.36264795
1083,0.36318335
1084,0.25018907
1085,0.31693888
1086,0.24722059
1087,0.26248986
1088,0.1345256
1089,0.15395775
1090,0.16705264
1091,0.27761835
1092,0.32704788
1093,0.18260157
1094,0.32248154
1095,0.2835931
1096,0.2011876
1097,0.24254113
1098,0.24387708
1099,0.20129676
1100,0.3081731
1101,0.21817759
1102,0.19942217
1103,0.15467158
1104,0.2522442
1105,0.14156413
1106,0.19288097
1107,0.26946294
1108,0.1642606
1109,0.19145413
1110,0.12645575
1111,0.18609415
1112,0.18749882
1113,0.20242284
1114,0.20238404
1115,0.15519951
1116,0.1530751
1117,0.29790148
1118,0.13983911
1119,0.27619225
1120,0.1551047
1121,0.44584817
1122,0.3352207
1123,0.17692372
1124,0.2612997
1125,0.25515407
1126,0.35045546
1127,0.29762673
1128,0.42903996
1129,0.21987776
1130,0.16890205
1131,0.23353632
1132,0.16785759
1133,0.18477328
1134,0.25541347
1135,0.29459357
1136,0.34578404
1137,0.2692501
1138,0.33466962
1139,0.25207552
1140,0.108415544
1141,0.09532353
1142,0.08545065
1143,0.13450548
1144,0.1033839
1145,0.10051903
1146,0.09677324
1147,0.18580809
1148,0.07823178
1149,0.14053398
1150,0.107239336
1151,0.1398628
1152,0.029911399
1153,0.17213337
1154,0.17780049
1155,0.17575483
1156,0.08966738
1157,0.07713449
1158,0.06718922
1159,0.26390794
1160,0.15517172
1161,0.37653852
1162,0.32860932
1163,0.24800012
1164,0.1822183
1165,0.19525671
1166,0.31467235
1167,0.32615867
1168,0.2555783
1169,0.2985741
1170,0.2360528
1171,0.16687265
1172,0.27749658
1173,0.36253595
1174,0.25049824
1175,0.35299242
1176,0.31717718
1177,0.35702318
1178,0.22409558
1179,0.14905345
1180,0.09941083
1181,0.15967457
1182,0.09733066
1183,0.19740516
1184,0.15538365
1185,0.1662016
1186,0.119129926
1187,0.1290406
1188,0.14324531
1189,0.18338838
1190,0.15411773
1191,0.24287458
1192,0.1314503
1193,0.13444453
1194,0.25693023
1195,0.21849637
1196,0.18324578
1197,0.12838793
1198,0.07765925
1199,0.20105885
1200,0.17640562
1201,0.21466428
1202,0.12276298
1203,0.22501008
1204,0.19302498
1205,0.14543986
1206,0.18890665
1207,0.13366058
1208,0.21443309
1209,0.21231459
1210,0.123505086
1211,0.17282839
1212,0.17648873
1213,0.2222358
1214,0.19535609
1215,0.23511739
1216,0.19983225
1217,0.17110047
1218,0.13080221
1219,0.21981777
1220,0.22445254
1221,0.18983379
1222,0.2265177
1223,0.17941782
1224,0.2546674
1225,0.21791701
1226,0.15059793
1227,0.20460846
1228,0.17441493
1229,0.20165943
1230,0.2608845
1231,0.20250253
1232,0.19481654
1233,0.16489592
1234,0.21020754
1235,0.4231547
1236,0.27944863
1237,0.2635802
1238,0.23853302
1239,0.26279396
1240,0.30475292
1241,0.27175274
1242,0.23616514
1243,0.2956927
1244,0.34503096
1245,0.28098273
1246,0.24838033
1247,0.23100889
1248,0.27704394
1249,0.2660243
1250,0.28259572
1251,0.3163365
1252,0.24767953
1253,0.28311858
1254,0.28544837
1255,0.278588
1256,0.28758353
1257,0.25059015
1258,0.23274112
1259,0.26125607
1260,0.25151122
1261,0.28051478
1262,0.24747093
1263,0.25442424
1264,0.3192734
1265,0.16851236
1266,0.28027332
1267,0.35266453
1268,0.29273477
1269,0.17684402
1270,0.23586161
1271,0.26811436
1272,0.2689884
1273,0.35692954
1274,0.29841167
1275,0.35635877
1276,0.33178037
1277,0.39886242
1278,0.3657254
1279,0.3610834
1280,0.39743054
1281,0.40453658
1282,0.34449187
1283,0.42377973
1284,0.4223234
1285,0.35438663
1286,0.38249454
1287,0.36094818
1288,0.35483742
1289,0.36292264
1290,0.38348255
1291,0.3307168
1292,0.3573435
1293,0.37524757
1294,0.26947337
1295,0.3954777
1296,0.28947103
1297,0.3588641
1298,0.28833234
1299,0.34165683
1300,0.33172786
1301,0.27798545
1302,0.3885662
1303,0.34163156
1304,0.3220683
1305,0.3320307
1306,0.32462162
1307,0.43733925
1308,0.3417619
1309,0.31379202
1310,0.34857386
1311,0.20262878
1312,0.2189595
1313,0.273695
1314,0.1620266
1315,0.19731249
1316,0.15274563
1317,0.20626123
1318,0.2158085
1319,0.21994647
1320,0.16452524
1321,0.1788143
1322,0.21225452
1323,0.16666588
1324,0.18993962
1325,0.22037342
1326,0.2171598
1327,0.2094864
1328,0.3056199
1329,0.18497868
1330,0.29493707
1331,0.24413472
1332,0.34931564
1333,0.2526826
1334,0.4293139
1335,0.29529294
1336,0.35471424
1337,0.4089842
1338,0.28674164
1339,0.3633322
1340,0.4038249
1341,0.22565906
1342,0.41358012
1343,0.28744155
1344,0.30006737
1345,0.3918784
1346,0.24792062
1347,0.20415509
1348,0.39621803
1349,0.40143123
1350,0.2906677
1351,0.3550325
1352,0.3974289
1353,0.4154019
1354,0.39645877
1355,0.35733062
1356,0.3721192
1357,0.34669134
1358,0.419925
1359,0.34550792
1360,0.30844867
1361,0.33846694
1362,0.3950702
1363,0.38959092
1364,0.3695921
1365,0.3515889
1366,0.32275587
1367,0.36774144
1368,0.29560864
1369,0.3123235
1370,0.22304137
1371,0.29275423
1372,0.2738406
1373,0.2944042
1374,0.22260673
1375,0.23526767
1376,0.22862907
1377,0.28567988
1378,0.2964589
1379,0.28030717
1380,0.20222434
1381,0.2590648
1382,0.26802075
1383,0.28742033
1384,0.23942904
1385,0.1776641
1386,0.25100195
1387,0.14861995
1388,0.17486437
1389,0.30385852
1390,0.2056623
1391,0.20858522
1392,0.39197925
1393,0.20541911
1394,0.34180218
1395,0.22183873
1396,0.19748986
1397,0.2448286
1398,0.23061685
1399,0.24707052
1400,0.294671
1401,0.37129542
1402,0.29071045
1403,0.23000264
1404,0.25752288
1405,0.24840827
1406,0.33259052
1407,0.42320544
1408,0.31107676
1409,0.3720172
1410,0.31227192
1411,0.20192122
1412,0.26966807
1413,0.28945175
1414,0.22812766
1415,0.28988165
1416,0.40694386
1417,0.29641265
1418,0.42969185
1419,0.3049915
1420,0.23469482
1421,0.30865955
1422,0.25391197
1423,0.46108028
1424,0.2556898
1425,0.33490592
1426,0.28496894
1427,0.30610257
1428,0.38379842
1429,0.43876138
1430,0.40010145
1431,0.2594307
1432,0.42892697
1433,0.33299446
1434,0.41848904
1435,0.28770214
1436,0.3904851
1437,0.3642074
1438,0.29682723
1439,0.35939226
1440,0.3484961
1441,0.3509326
1442,0.37251973
1443,0.35048634
1444,0.18989523
1445,0.20229621
1446,0.14716905
1447,0.15902242
1448,0.15834604
1449,0.18843873
1450,0.17655842
1451,0.18196896
1452,0.18496086
1453,0.24735175
1454,0.20249298
1455,0.21100684
1456,0.1674188
1457,0.2803961
1458,0.13499123
1459,0.20481606
1460,0.18168943
1461,0.20347491
1462,0.23422149
1463,0.17379951
1464,0.22550595
1465,0.26473063
1466,0.25881112
1467,0.4821958
1468,0.2381005
1469,0.5084935
1470,0.24620491
1471,0.2360237
1472,0.2856648
1473,0.29518998
1474,0.3547588
1475,0.4452241
1476,0.30837744
1477,0.47223505
1478,0.24597286
1479,0.36254528
1480,0.36386028
1481,0.32040915
1482,0.2551672
1483,0.24765685
1484,0.41265962
1485,0.21092148
1486,0.32107776
1487,0.32111976
1488,0.22464395
1489,0.33911923
1490,0.2421748
1491,0.3425598
1492,0.26391196
1493,0.35029194
1494,0.3277112
1495,0.33013847
1496,0.2972589
1497,0.2572778
1498,0.19770607
1499,0.23670737
1500,0.31329244
1501,0.28801525
1502,0.2377871
1503,0.29957265
1504,0.2558517
1505,0.25532836
1506,0.2861871
1507,0.24832109
1508,0.26601332
1509,0.2939555
1510,0.37016606
1511,0.26056743
1512,0.28847897
1513,0.2824615
1514,0.24638805
1515,0.31473845
1516,0.29439536
1517,0.2951058
1518,0.29394153
1519,0.3072866
1520,0.262218
1521,0.23964813
1522,0.1602166
1523,0.19799396
1524,0.17685156
1525,0.2284204
1526,0.34156328
1527,0.2152052
1528,0.30490032
1529,0.20045586
1530,0.3173647
1531,0.2602148
1532,0.22303863
1533,0.2348987
1534,0.22399285
1535,0.254169
1536,0.17879307
1537,0.2613778
1538,0.40535587
1539,0.23824282
1540,0.28015152
1541,0.20015861
1542,0.30698824
1543,0.33172768
1544,0.40793574
1545,0.29930285
1546,0.24253237
1547,0.27239072
1548,0.2857245
1549,0.31132865
1550,0.25526702
1551,0.23851456
1552,0.27597266
1553,0.25849503
1554,0.26629925
1555,0.3116892
1556,0.2781787
1557,0.31865945
1558,0.34685507
1559,0.35827062
1560,0.38640574
1561,0.32682022
1562,0.354145
1563,0.35299584
1564,0.35833496
1565,0.39869586
1566,0.38205048
1567,0.35679552
1568,0.3349449
1569,0.30977216
1570,0.3840759
1571,0.38705453
1572,0.35423908
1573,0.39136925
1574,0.3884076
1575,0.34032145
1576,0.4018648
1577,0.3487293
1578,0.38557878
1579,0.3262725
1580,0.3764988
1581,0.35070273
1582,0.36345384
1583,0.33231443
1584,0.2573403
1585,0.36070436
1586,0.3416047
1587,0.32474622
1588,0.35531104
1589,0.37788442
1590,0.37632138
1591,0.33600885
1592,0.31919104
1593,0.36509338
1594,0.39886993
1595,0.3918331
1596,0.28806576
1597,0.265908
1598,0.28993332
1599,0.24609196
1600,0.32284743
1601,0.27437153
1602,0.30716962
1603,0.35488248
1604,0.30033073
1605,0.3387845
1606,0.30353206
1607,0.29214975
1608,0.23045948
1609,0.2746758
1610,0.27362037
1611,0.2457715
1612,0.32214552
1613,0.28081462
1614,0.40400967
1615,0.28849363
1616,0.3829542
1617,0.43071836
1618,0.20170717
1619,0.20655872
1620,0.31387973
1621,0.21753943
1622,0.18573801
1623,0.39364773
1624,0.3606369
1625,0.24245621
1626,0.21915646
1627,0.22610761
1628,0.19891113
1629,0.31751427
1630,0.37066808
1631,0.43119648
1632,0.2385612
1633,0.34698972
1634,0.108094186
1635,0.2299515
1636,0.13502356
1637,0.27497402
1638,0.08776653
1639,0.15348068
1640,0.15197709
1641,0.29972523
1642,0.1116139
1643,0.11567125
1644,0.119200945
1645,0.18378244
1646,0.20568699
1647,0.10019171
1648,0.22701582
1649,0.1725169
1650,0.18094093
1651,0.07521117
1652,0.14768448
1653,0.17659783
1654,0.22119124
1655,0.26340675
1656,0.15392712
1657,0.18246964
1658,0.20708098
1659,0.29900217
1660,0.29994595
1661,0.3272165
1662,0.13738948
1663,0.21624012
1664,0.17368574
1665,0.24425477
1666,0.2831027
1667,0.15979831
1668,0.13634166
1669,0.3369456
1670,0.34305328
1671,0.36509442
1672,0.19593295
1673,0.2394651
1674,0.14197922
1675,0.07850823
1676,0.29346034
1677,0.21890686
1678,0.2055472
1679,0.110102236
1680,0.16780265
1681,0.09316772
1682,0.19711359
1683,0.26866788
1684,0.22918938
1685,0.1483342
1686,0.10696268
1687,0.12528184
1688,0.2325486
1689,0.12637526
1690,0.13190103
1691,0.26756245
1692,0.21576121
1693,0.19909866
1694,0.25763994
1695,0.27731186
1696,0.2995403
1697,0.18740779
1698,0.22678109
1699,0.21373007
1700,0.24784556
1701,0.27231982
1702,0.2622709
1703,0.293577
1704,0.272763
1705,0.22749668
1706,0.20434384
1707,0.18860207
1708,0.27922833
1709,0.20732428
1710,0.21822666
1711,0.17677383
1712,0.23431672
1713,0.351921
1714,0.18996596
1715,0.3389109
1716,0.2386857
1717,0.22615571
1718,0.20990108
1719,0.31389025
1720,0.2373718
1721,0.28626862
1722,0.21981354
1723,0.2158102
1724,0.20975353
1725,0.21515383
1726,0.22222568
1727,0.24265926
1728,0.28374147
1729,0.23519431
1730,0.315903
1731,0.2102865
1732,0.23782822
1733,0.23362628
1734,0.2898
1735,0.24638805
1736,0.25367117
1737,0.24005514
1738,0.27486098
1739,0.21991399
1740,0.27099627
1741,0.28898454
1742,0.2596763
1743,0.26420042
1744,0.23941302
1745,0.21926333
1746,0.26205826
1747,0.2616156
1748,0.2959458
1749,0.39178717
1750,0.35051763
1751,0.34356335
1752,0.2991275
1753,0.3062335
1754,0.31098568
1755,0.36512804
1756,0.37834033
1757,0.27480638
1758,0.35758203
1759,0.28098196
1760,0.34894705
1761,0.30888963
1762,0.3313198
1763,0.3096981
1764,0.24822117
1765,0.30936977
1766,0.35838044
1767,0.24213812
1768,0.22061233
1769,0.22799008
1770,0.22388826
1771,0.23115279
1772,0.26912093
1773,0.2414321
1774,0.26795667
1775,0.2787318
1776,0.23793007
1777,0.24573672
1778,0.26898828
1779,0.24083437
1780,0.2368671
1781,0.21272852
1782,0.21339774
1783,0.26899183
1784,0.2709124
1785,0.21937704
1786,0.36302134
1787,0.2402841
1788,0.28424937
1789,0.28406376
1790,0.25909442
1791,0.2891499
1792,0.28143862
1793,0.18533455
1794,0.3021261
1795,0.32912046
1796,0.2778757
1797,0.30487746
1798,0.28828016
1799,0.31090596
1800,0.29365093
1801,0.27751997
1802,0.26313913
1803,0.23922949
1804,0.24663429
1805,0.2525607
1806,0.2493276
1807,0.25816503
1808,0.2363864
1809,0.27758276
1810,0.23381002
1811,0.2512616
1812,0.23070435
1813,0.26663256
1814,0.23526186
1815,0.22674148
1816,0.24991393
1817,0.24812892
1818,0.27899772
1819,0.2634068
1820,0.2692883
1821,0.22493419
1822,0.29797292
1823,0.20787579
1824,0.38818315
1825,0.32966876
1826,0.37861186
1827,0.36904174
1828,0.33288375
1829,0.34726444
1830,0.36532587
1831,0.35672796
1832,0.33094373
1833,0.32267025
1834,0.33596343
1835,0.3765664
1836,0.31184146
1837,0.34507096
1838,0.39634433
1839,0.34027183
1840,0.37487823
1841,0.35119778
1842,0.41782779
1843,0.31940976
1844,0.3607162
1845,0.31308404
1846,0.36845845
1847,0.3256495
1848,0.32058457
1849,0.34226376
1850,0.3364231
1851,0.3923815
1852,0.33483288
1853,0.37461475
1854,0.340545
1855,0.33269957
1856,0.36776862
1857,0.34099084
1858,0.2871188
1859,0.3150978
1860,0.3688792
1861,0.35613358
1862,0.31628966
1863,0.366315
1864,0.2948357
1865,0.40416062
1866,0.32106486
1867,0.37146425
1868,0.3500774
1869,0.33177897
1870,0.36237943
1871,0.34932065
1872,0.3265254
1873,0.3689118
1874,0.37460086
1875,0.36554202
1876,0.35933638
1877,0.38310882
1878,0.36745432
1879,0.34962487
1880,0.3224354
1881,0.27736044
1882,0.32351223
1883,0.37944224
1884,0.3646917
1885,0.39810166
1886,0.35110533
1887,0.33557343
1888,0.3420282
1889,0.3350929
1890,0.32761097
1891,0.3112536
1892,0.35164577
1893,0.29014447
1894,0.336678
1895,0.3187782
1896,0.3068214
1897,0.33854198
1898,0.31686923
1899,0.30196053
1900,0.35110688
1901,0.3027561
1902,0.26618856
1903,0.37113833
1904,0.3251022
1905,0.272184
1906,0.34682274
1907,0.29068482
1908,0.40541792
1909,0.27876568
1910,0.33826336
1911,0.35273486
1912,0.33333775
1913,0.30106792
1914,0.25308472
1915,0.2847108
1916,0.34615207
1917,0.27553174
1918,0.34073025
1919,0.32641897
1920,0.33870152
1921,0.3515278
1922,0.33268818
1923,0.3219731
1924,0.40120038
1925,0.30099604
1926,0.41419697
1927,0.40609586
1928,0.3920517
1929,0.3551256
1930,0.34605998
1931,0.29284388
1932,0.40656927
1933,0.3209256
1934,0.30499655
1935,0.34990633
1936,0.35719612
1937,0.36395755
1938,0.34169424
1939,0.22601748
1940,0.2324579
1941,0.31488815
1942,0.36054465
1943,0.21143329
1944,0.2316263
1945,0.20345879
1946,0.2573883
1947,0.3183218
1948,0.22405395
1949,0.31666842
1950,0.2812784
1951,0.28810364
1952,0.20858534
1953,0.21782047
1954,0.1914959
1955,0.16606428
1956,0.220411
1957,0.27376947
1958,0.21944126
1959,0.17995083
1960,0.28829762
1961,0.21395491
1962,0.1913787
1963,0.17712297
1964,0.25368473
1965,0.291762
1966,0.27751428
1967,0.26642674
1968,0.20184998
1969,0.18728109
1970,0.33168727
1971,0.20543142
1972,0.1459232
1973,0.19953069
1974,0.19823046
1975,0.1830519
1976,0.28731024
1977,0.32387117
1978,0.30678424
1979,0.34762937
1980,0.33935645
1981,0.31021032
1982,0.32557508
1983,0.29137498
1984,0.29468864
1985,0.31956717
1986,0.30536664
1987,0.31468043
1988,0.4295926
1989,0.34527636
1990,0.35264778
1991,0.33531818
1992,0.3037552
1993,0.35585943
1994,0.28280282
1995,0.41542462
1996,0.2661021
1997,0.39370215
1998,0.34420243
1999,0.27606076
2000,0.3566338
2001,0.2532215
2002,0.3190139
2003,0.4168913
2004,0.28692365
2005,0.31991735
2006,0.31303927
2007,0.32915723
2008,0.3786549
2009,0.343219
2010,0.2914257
2011,0.40855044
2012,0.3060424
2013,0.39329445
2014,0.20793036
2015,0.2639798
2016,0.41827163
2017,0.26304603
2018,0.3491257
2019,0.22947438
2020,0.20906554
2021,0.38301182
2022,0.31836575
2023,0.20427275
2024,0.22654016
2025,0.22680838
2026,0.2129841
2027,0.16792202
2028,0.29605108
2029,0.33027428
2030,0.265692
2031,0.4482203
2032,0.2393801
2033,0.2956446
2034,0.30392092
2035,0.37933138
2036,0.3763604
2037,0.3210519
2038,0.3639378
2039,0.41744927
2040,0.2672552
2041,0.32550418
2042,0.32448754
2043,0.4235589
2044,0.38368377
2045,0.17736891
2046,0.35636973
2047,0.3275224
2048,0.36571425
2049,0.37388438
2050,0.30528688
2051,0.31856135
2052,0.25877345
2053,0.3165333
2054,0.37095734
2055,0.24928527
2056,0.31679958
2057,0.16539416
2058,0.3241539
2059,0.31765413
2060,0.32119277
2061,0.24860413
2062,0.30062148
2063,0.34178084
2064,0.27276295
2065,0.31798363
2066,0.29329494
2067,0.3211094
2068,0.3676202
2069,0.26745808
2070,0.35922116
2071,0.17966808
2072,0.22738428
2073,0.4472772
2074,0.38003033
2075,0.3311182
2076,0.20008938
2077,0.23286921
2078,0.19909205
2079,0.24169493
2080,0.39519835
2081,0.20539998
2082,0.43793878
2083,0.20253366
2084,0.2853463
2085,0.3121878
2086,0.21181019
2087,0.38122258
2088,0.2480799
2089,0.3658463
2090,0.346448
2091,0.3939726
2092,0.35600707
2093,0.33381245
2094,0.37819797
2095,0.3756685
2096,0.42001912
2097,0.52693915
2098,0.27667314
2099,0.3142954
2100,0.41451943
2101,0.44458774
2102,0.42083672
2103,0.40128365
2104,0.40563762
2105,0.33626574
2106,0.3448435
2107,0.40351713
2108,0.37366605
2109,0.23477657
2110,0.36969942
2111,0.31872025
2112,0.36910713
2113,0.36370385
2114,0.32147622
2115,0.36439297
2116,0.3405574
2117,0.33727708
2118,0.29848015
2119,0.36621314
2120,0.28915587
2121,0.34601235
2122,0.3361097
2123,0.30346954
2124,0.25561884
2125,0.36656666
2126,0.36036918
2127,0.31067145
2128,0.45241046
2129,0.33209416
2130,0.4029879
2131,0.37730235
2132,0.42780188
2133,0.39656547
2134,0.38106018
2135,0.43533388
2136,0.4440937
2137,0.4203185
2138,0.45665887
2139,0.4211267
2140,0.4218608
2141,0.42083353
2142,0.43893224
2143,0.2971498
2144,0.4244676
2145,0.42508826
2146,0.4631446
2147,0.32063413
2148,0.28677455
2149,0.27069032
2150,0.41719744
2151,0.39870372
2152,0.37616292
2153,0.28170735
2154,0.24326274
2155,0.38767546
2156,0.40883312
2157,0.2810014
2158,0.3253764
2159,0.36389858
2160,0.34375566
2161,0.25669935
2162,0.40824106
2163,0.3065491
2164,0.24625461
2165,0.36368278
2166,0.28316626
2167,0.29702568
2168,0.3343351
2169,0.31283283
2170,0.24320352
2171,0.33299023
2172,0.3438441
2173,0.25294524
2174,0.24179953
2175,0.18860367
2176,0.24260652
2177,0.32727778
2178,0.3400006
2179,0.32548475
2180,0.26772252
2181,0.2192356
2182,0.21258725
2183,0.3638645
2184,0.2662442
2185,0.24297734
2186,0.25141045
2187,0.25848496
2188,0.35316378
2189,0.28898835
2190,0.35989913
2191,0.24161448
2192,0.27833915
2193,0.293473
2194,0.22998065
2195,0.21430963
2196,0.29716367
2197,0.19405922
2198,0.16061634
2199,0.2885176
2200,0.21771824
2201,0.3523738
2202,0.26475233
2203,0.2098946
2204,0.18930314
2205,0.29957306
2206,0.23840334
2207,0.2036995
2208,0.20301616
2209,0.25492182
2210,0.21295555
2211,0.29017156
2212,0.26836443
2213,0.23744524
2214,0.27681738
2215,0.19519296
2216,0.20486331
2217,0.23859303
2218,0.17781699
2219,0.27552313
2220,0.25685745
2221,0.24929696
2222,0.3679549
2223,0.21661173
2224,0.33386979
2225,0.15889855
2226,0.15216911
2227,0.1582156
2228,0.33754748
2229,0.114914656
2230,0.22523305
2231,0.33252972
2232,0.23871076
2233,0.14455885
2234,0.261357
2235,0.16052437
2236,0.2458563
2237,0.18599004
2238,0.14284906
2239,0.13967308
2240,0.29394275
2241,0.32260966
2242,0.36009216
2243,0.27158064
2244,0.30531996
2245,0.23991324
2246,0.3326305
2247,0.40900734
2248,0.38467184
2249,0.2713874
2250,0.27221817
2251,0.32901606
2252,0.3091142
2253,0.2388894
2254,0.25346407
2255,0.3618886
2256,0.37354794
2257,0.42818543
2258,0.270088
2259,0.28565842
2260,0.36132476
2261,0.28930658
2262,0.38113558
2263,0.2306008
2264,0.17703928
2265,0.23540385
2266,0.28961414
2267,0.19994608
2268,0.17442712
2269,0.3443524
2270,0.23464626
2271,0.18599147
2272,0.35657802
2273,0.2137723
2274,0.17627566
2275,0.2772899
2276,0.25150347
2277,0.25674653
2278,0.31545594
2279,0.26479423
2280,0.40356553
2281,0.2215403
2282,0.30207747
2283,0.26946527
2284,0.47382778
2285,0.271886
2286,0.25804615
2287,0.31753045
2288,0.274778
2289,0.2795061
2290,0.3036572
2291,0.31168914
2292,0.3957603
2293,0.31389034
2294,0.37169424
2295,0.2653317
2296,0.22986074
2297,0.42796758
2298,0.32184166
2299,0.08421299
2300,0.18805225
2301,0.1503869
2302,0.16170523
2303,0.22703972
2304,0.17548718
2305,0.2932794
2306,0.17861387
2307,0.24122013
2308,0.25991002
2309,0.22114299
2310,0.27753252
2311,0.16612312
2312,0.18446906
2313,0.30650634
2314,0.32033288
2315,0.15654726
2316,0.26132166
2317,0.30402312
2318,0.1924559
2319,0.204634
2320,0.18712495
2321,0.18944396
2322,0.22589965
2323,0.23167512
2324,0.250696
2325,0.29967022
2326,0.17702489
2327,0.186023
2328,0.34324872
2329,0.2440461
2330,0.17728351
2331,0.18671298
2332,0.34853283
2333,0.22184253
2334,0.27980912
2335,0.27158704
2336,0.22674876
2337,0.38674322
2338,0.35815915
2339,0.25489217
2340,0.2561522
2341,0.2799235
2342,0.32220984
2343,0.2885483
2344,0.42074075
2345,0.35233638
2346,0.31942797
2347,0.31352127
2348,0.32653707
2349,0.2650178
2350,0.29806632
2351,0.32092085
2352,0.38021198
2353,0.28026375
2354,0.30188155
2355,0.24463566
2356,0.3897182
2357,0.3589877
2358,0.3444158
2359,0.42650408
2360,0.38786718
2361,0.32895467
2362,0.49947572
2363,0.35922456
2364,0.37207332
2365,0.39248917
2366,0.39095694
2367,0.36526826
2368,0.42611766
2369,0.37917128
2370,0.3590487
2371,0.4065162
2372,0.40632686
2373,0.3990409
2374,0.41679552
2375,0.38903075
2376,0.35873514
2377,0.4024075
2378,0.38185084
2379,0.3945967
2380,0.36133543
2381,0.36768475
2382,0.34471947
2383,0.3386209
2384,0.38425666
2385,0.31437197
2386,0.32492167
2387,0.36102822
2388,0.36290964
2389,0.3973888
2390,0.4194077
2391,0.36510822
2392,0.27469665
2393,0.38504338
2394,0.41866517
2395,0.31377065
2396,0.24929065
2397,0.33203658
2398,0.47879446
2399,0.36572495
2400,0.46169668
2401,0.31482613
2402,0.49894008
2403,0.4164898
2404,0.38295266
2405,0.3417055
2406,0.3927302
2407,0.37837574
2408,0.3379677
2409,0.28644404
2410,0.39651176
2411,0.34783912
2412,0.3068183
2413,0.39125496
2414,0.35702893
2415,0.35221633
2416,0.40008348
2417,0.3599463
2418,0.48025212
2419,0.38059005
2420,0.34378612
2421,0.40831935
2422,0.37847522
2423,0.48600698
2424,0.3419129
2425,0.35433766
2426,0.3677879
2427,0.37688676
2428,0.31474945
2429,0.37825444
2430,0.37287524
2431,0.36778426
2432,0.27441674
2433,0.29725295
2434,0.2656295
2435,0.3950105
2436,0.281716
2437,0.34008524
2438,0.2686587
2439,0.33382764
2440,0.28242958
2441,0.2631659
2442,0.34704494
2443,0.26110044
2444,0.33015898
2445,0.37634727
2446,0.33341905
2447,0.3318956
2448,0.34893027
2449,0.3349161
2450,0.31096125
2451,0.32814866
2452,0.26507306
2453,0.4028579
2454,0.309622
2455,0.2923778
2456,0.33088318
2457,0.31069732
2458,0.3178018
2459,0.322666
2460,0.30846378
2461,0.22665575
2462,0.35102892
2463,0.3063802
2464,0.3209532
2465,0.34573957
2466,0.34245116
2467,0.28561834
2468,0.32183516
2469,0.3286862
2470,0.16553038
2471,0.24387844
2472,0.28203878
2473,0.14961007
2474,0.23585519
2475,0.1773217
2476,0.18199949
2477,0.17731203
2478,0.22106719
2479,0.20200592
2480,0.14576766
2481,0.17213732
2482,0.22605546
2483,0.30408275
2484,0.3997102
2485,0.18148173
2486,0.1927248
2487,0.33667505
2488,0.31151125
2489,0.36842743
2490,0.32746005
2491,0.37621278
2492,0.40381145
2493,0.32535613
2494,0.33735776
2495,0.38708696
2496,0.4634759
2497,0.37979212
2498,0.3622753
2499,0.3586264
2500,0.2754203
2501,0.40869012
2502,0.45334432
2503,0.37789762
2504,0.38303703
2505,0.31755656
2506,0.36935484
2507,0.36626044
2508,0.36398974
2509,0.34395468
2510,0.38531685
2511,0.39420584
2512,0.41339865
2513,0.38832673
2514,0.39823848
2515,0.4360334
2516,0.36809474
2517,0.3599835
2518,0.39332902
2519,0.3855632
2520,0.36907494
2521,0.38493592
2522,0.3418776
2523,0.38797763
2524,0.40962642
2525,0.37205982
2526,0.41921976
2527,0.4114666
2528,0.4447824
2529,0.46797243
2530,0.47600546
2531,0.41800624
2532,0.38935605
2533,0.39590532
2534,0.34236592
2535,0.4327725
2536,0.44228902
2537,0.3576592
2538,0.4036538
2539,0.34794196
2540,0.4347543
2541,0.43529353
2542,0.47088546
2543,0.47278547
2544,0.36520797
2545,0.3647079
2546,0.3816296
2547,0.3628091
2548,0.4021185
2549,0.40169117
2550,0.38952288
2551,0.44422278
2552,0.39524072
2553,0.38589454
2554,0.41026506
2555,0.39486372
2556,0.36692378
2557,0.35433084
2558,0.42882124
2559,0.3806764
2560,0.2510084
2561,0.43853375
2562,0.4232744
2563,0.40762848
2564,0.3462953
2565,0.2765457
2566,0.3014851
2567,0.33931282
2568,0.3623217
2569,0.3342887
2570,0.4013192
2571,0.19191995
2572,0.3202035
2573,0.3390191
2574,0.38781384
2575,0.3345029
2576,0.35350266
2577,0.2882769
2578,0.3469289
2579,0.3841851
2580,0.3529135
2581,0.2908091
2582,0.3372561
2583,0.28898913
2584,0.11831349
2585,0.19716384
2586,0.14407891
2587,0.28609502
2588,0.23989868
2589,0.25897086
2590,0.10747436
2591,0.15435413
2592,0.2907045
2593,0.2318404
2594,0.27443987
2595,0.11896062
2596,0.12738356
2597,0.19848317
2598,0.08739436
2599,0.124714494
2600,0.24552119
2601,0.09338254
2602,0.23326844
2603,0.313483
2604,0.24554393
2605,0.23389834
2606,0.28991985
2607,0.29425773
2608,0.25067896
2609,0.35855144
2610,0.24606869
2611,0.33558246
2612,0.2869109
2613,0.27752164
2614,0.26058173
2615,0.30253482
2616,0.30433637
2617,0.35367423
2618,0.11312088
2619,0.2911527
2620,0.27133366
2621,0.3757838
2622,0.41251418
2623,0.358945
2624,0.41063172
2625,0.24602358
2626,0.37853768
2627,0.36080098
2628,0.37735102
2629,0.34365878
2630,0.39722365
2631,0.3751055
2632,0.32549304
2633,0.42669818
2634,0.37724715
2635,0.32267928
2636,0.33058882
2637,0.42361847
2638,0.29293638
2639,0.35626167
2640,0.41114002
2641,0.35896873
2642,0.33461577
2643,0.2663802
2644,0.32764035
2645,0.29484844
2646,0.35590303
2647,0.29490083
2648,0.312052
2649,0.27277276
2650,0.23766777
2651,0.29402128
2652,0.3112076
2653,0.3775477
2654,0.24576125
2655,0.36149144
2656,0.30220014
2657,0.339859
2658,0.14011505
2659,0.26190656
2660,0.16230771
2661,0.1510396
2662,0.37372437
2663,0.22015575
2664,0.17814548
2665,0.13208923
2666,0.20039973
2667,0.16641913
2668,0.33524665
2669,0.13431671
2670,0.41470397
2671,0.21217415
2672,0.32554394
2673,0.13344353
2674,0.09393078
2675,0.23627017
2676,0.27152586
2677,0.18015903
2678,0.2723111
2679,0.39051977
2680,0.34677947
2681,0.39396217
2682,0.42949662
2683,0.3988547
2684,0.39832532
2685,0.37526911
2686,0.37497476
2687,0.3605567
2688,0.31604713
2689,0.3606062
2690,0.38380232
2691,0.40968314
2692,0.36271137
2693,0.40645397
2694,0.4077135
2695,0.36894226
2696,0.38757896
2697,0.35070738
2698,0.29272747
2699,0.23369029
2700,0.23537175
2701,0.3701188
2702,0.46304202
2703,0.18438835
2704,0.39288265
2705,0.36444345
2706,0.26428938
2707,0.27638572
2708,0.41407505
2709,0.224682
2710,0.49881536
2711,0.29244813
2712,0.2507413
2713,0.3022887
2714,0.22437386
2715,0.3058143
2716,0.35618073
2717,0.08594069
2718,0.2618038
2719,0.2557933
2720,0.11535081
2721,0.063479066
2722,0.10786298
2723,0.29767275
2724,0.24103822
2725,0.2247233
2726,0.18847793
2727,0.20746449
2728,0.07730839
2729,0.0960522
2730,0.25868434
2731,0.14687905
2732,0.11392915
2733,0.104449004
2734,0.27188915
2735,0.15354624
2736,0.12970358
2737,0.12479293
2738,0.1863999
2739,0.10171151
2740,0.13670355
2741,0.2611994
2742,0.15988338
2743,0.26990038
2744,0.16167046
2745,0.24938181
2746,0.16285317
2747,0.24000709
2748,0.10574758
2749,0.055137247
2750,0.13790014
2751,0.16703407
2752,0.09165886
2753,0.13002387
2754,0.15889595
2755,0.21819152
2756,0.076502115
2757,0.16696104
2758,0.15520014
2759,0.11480808
2760,0.094931394
2761,0.14511886
2762,0.1806264
2763,0.17268158
2764,0.18645257
2765,0.21010543
2766,0.14679697
2767,0.14396214
2768,0.16394739
2769,0.24065226
2770,0.13310045
2771,0.22707853
2772,0.1888632
2773,0.14165547
2774,0.3166803
2775,0.29365167
2776,0.33861375
2777,0.2756449
2778,0.29248947
2779,0.3114726
2780,0.29882085
2781,0.34659988
2782,0.3538074
2783,0.35447624
2784,0.3405838
2785,0.2974977
2786,0.32153895
2787,0.35575342
2788,0.3246186
2789,0.33321032
2790,0.24613056
2791,0.3878761
2792,0.31792852
2793,0.37557018
2794,0.35539028
2795,0.34110844
2796,0.40783152
2797,0.37315723
2798,0.35057896
2799,0.3765405
2800,0.38277832
2801,0.46129057
2802,0.36570343
2803,0.37768364
2804,0.38371128
2805,0.4147328
2806,0.3656083
2807,0.31666374
2808,0.31930557
2809,0.32870358
2810,0.39544427
2811,0.34644142
2812,0.39009488
2813,0.33010545
2814,0.30435848
2815,0.35830113
2816,0.39413577
2817,0.39530596
2818,0.38329747
2819,0.40122882
2820,0.37058893
2821,0.4154425
2822,0.34016445
2823,0.3552711
2824,0.3210381
2825,0.4059712
2826,0.3833845
2827,0.3102126
2828,0.35413602
2829,0.37769297
2830,0.33433646
2831,0.29614708
2832,0.37550426
2833,0.3940181
2834,0.36946815
2835,0.36660877
2836,0.38624507
2837,0.38659024
2838,0.34886894
2839,0.33843493
2840,0.3800676
2841,0.33481884
2842,0.350653
2843,0.43363863
2844,0.32486242
2845,0.40192473
2846,0.34786242
2847,0.30938274
2848,0.37807554
2849,0.32634142
2850,0.3560446
2851,0.3845709
2852,0.39569762
2853,0.40954733
2854,0.40577668
2855,0.39484835
2856,0.40493414
2857,0.36825317
2858,0.38502416
2859,0.37201044
2860,0.38889197
2861,0.43639612
2862,0.36346877
2863,0.42613414
2864,0.42659765
2865,0.33488375
2866,0.4057493
2867,0.39728934
2868,0.37155333
2869,0.38372067
2870,0.38555557
2871,0.38690946
2872,0.39267045
2873,0.38507017
2874,0.37318495
2875,0.39860046
2876,0.389739
2877,0.3712707
2878,0.33929846
2879,0.39480764
2880,0.36724928
2881,0.36712128
2882,0.39910975
2883,0.38148013
2884,0.3598001
2885,0.41731754
2886,0.39196086
2887,0.4006013
2888,0.39307636
2889,0.33665687
2890,0.40230465
2891,0.36978135
2892,0.35850677
2893,0.407465
2894,0.34034848
2895,0.318462
2896,0.3935026
2897,0.3852867
2898,0.39685446
2899,0.4017016
2900,0.39628136
2901,0.38357443
2902,0.34763128
2903,0.36795476
2904,0.37884375
2905,0.3891075
2906,0.3350513
2907,0.3664254
2908,0.34174296
2909,0.4006659
2910,0.40447617
2911,0.40650293
2912,0.40448222
2913,0.38427752
2914,0.4385959
2915,0.35683823
2916,0.4156305
2917,0.36904433
2918,0.38009468
2919,0.40668252
2920,0.3544734
2921,0.3969105
2922,0.40344298
2923,0.37895352
2924,0.36380503
2925,0.38527724
2926,0.3718618
2927,0.37854558
2928,0.39279667
2929,0.3584654
2930,0.42067137
2931,0.40084288
2932,0.3754708
2933,0.43617854
2934,0.37721384
2935,0.36878523
2936,0.4072059
2937,0.40973565
2938,0.40385008
2939,0.42921877
2940,0.4284383
2941,0.43234906
2942,0.4093564
2943,0.3396125
2944,0.41541302
2945,0.3283355
2946,0.3903823
2947,0.38724464
2948,0.35338235
2949,0.34095246
2950,0.39940786
2951,0.3462277
2952,0.3293199
2953,0.36825928
2954,0.39277267
2955,0.4131033
2956,0.38212237
2957,0.39327455
2958,0.38934547
2959,0.368833
2960,0.2821381
2961,0.3199457
2962,0.3751698
2963,0.31087273
2964,0.33571446
2965,0.32875174
2966,0.27041692
2967,0.3176234
2968,0.27182513
2969,0.33844936
2970,0.2862922
2971,0.2731628
2972,0.2956627
2973,0.3591982
2974,0.31279814
2975,0.31118274
2976,0.3304377
2977,0.35013568
2978,0.33409023
2979,0.29386884
2980,0.24895275
2981,0.3476593
2982,0.2829871
2983,0.309866
2984,0.35944715
2985,0.3064301
2986,0.37212157
2987,0.3589568
2988,0.28070226
2989,0.35187402
2990,0.28915113
2991,0.30574286
2992,0.33874887
2993,0.30536714
2994,0.36446926
2995,0.34847122
2996,0.34176072
2997,0.35887575
2998,0.35556322
2999,0.3324017
3000,0.29540473
3001,0.25039136
3002,0.3161641
3003,0.18765613
3004,0.21346898
3005,0.2681983
3006,0.12104803
3007,0.13077444
3008,0.1506916
3009,0.20598878
3010,0.15217939
3011,0.317759
3012,0.30414578
3013,0.27725413
3014,0.1884788
3015,0.16455407
3016,0.1629108
3017,0.17746587
3018,0.19162674
3019,0.2525766
3020,0.15196201
3021,0.4002713
3022,0.38536707
3023,0.3496347
3024,0.3857042
3025,0.40619448
3026,0.32953596
3027,0.37700906
3028,0.35242787
3029,0.3457581
3030,0.38552517
3031,0.3578038
3032,0.37218535
3033,0.41247284
3034,0.4311551
3035,0.3990691
3036,0.38640267
3037,0.36585557
3038,0.43030754
3039,0.29882574
3040,0.21728092
3041,0.29564905
3042,0.25011754
3043,0.19200148
3044,0.27398068
3045,0.29427475
3046,0.2451539
3047,0.15994059
3048,0.21231139
3049,0.30202347
3050,0.2638292
3051,0.17741805
3052,0.3485433
3053,0.22713363
3054,0.32014382
3055,0.21713147
3056,0.28380448
3057,0.24006529
3058,0.29230386
3059,0.056450933
3060,0.3290101
3061,0.22198756
3062,0.25500607
3063,0.23574257
3064,0.13167128
3065,0.12302023
3066,0.09640819
3067,0.12661591
3068,0.1042169
3069,0.16651711
3070,0.13207495
3071,0.24354646
3072,0.2828092
3073,0.11557445
3074,0.10477117
3075,0.11968732
3076,0.14479023
3077,0.13961521
3078,0.2877528
3079,0.3180118
3080,0.25285256
3081,0.3565369
3082,0.39469784
3083,0.32967028
3084,0.27453956
3085,0.30031526
3086,0.31941977
3087,0.32356316
3088,0.31438723
3089,0.35069272
3090,0.3145049
3091,0.28617445
3092,0.2684577
3093,0.2608325
3094,0.35209882
3095,0.38322216
3096,0.34338188
3097,0.21061449
3098,0.15945007
3099,0.31002876
3100,0.27434093
3101,0.27910584
3102,0.24355134
3103,0.23759028
3104,0.1708687
3105,0.19437146
3106,0.2007247
3107,0.27284044
3108,0.16153249
3109,0.28544533
3110,0.2622766
3111,0.20572041
3112,0.29792398
3113,0.27724415
3114,0.17945376
3115,0.3740633
3116,0.15438849
3117,0.04273796
3118,0.08162469
3119,0.274957
3120,0.09305996
3121,0.1447613
3122,0.24324629
3123,0.107167095
3124,0.2902018
3125,0.108341336
3126,0.15963918
3127,0.12558883
3128,0.13525856
3129,0.1795689
3130,0.25234705
3131,0.19118558
3132,0.10453254
3133,0.21474512
3134,0.18660755
3135,0.2993964
3136,0.23126769
3137,0.29532766
3138,0.2760319
3139,0.106582075
3140,0.14206767
3141,0.1615815
3142,0.18415536
3143,0.11787036
3144,0.13231361
3145,0.076551914
3146,0.27530235
3147,0.2518062
3148,0.18472804
3149,0.16089767
3150,0.15004867
3151,0.13086799
3152,0.124274045
3153,0.3525895
3154,0.40818784
3155,0.3413657
3156,0.30229703
3157,0.32110664
3158,0.21555302
3159,0.23081808
3160,0.33688337
3161,0.22177619
3162,0.20822373
3163,0.32121348
3164,0.22292647
3165,0.23047367
3166,0.1910975
3167,0.32367143
3168,0.18762332
3169,0.30462438
3170,0.2743827
3171,0.25299525
3172,0.3368404
3173,0.39598772
3174,0.31554225
3175,0.31178725
3176,0.30013275
3177,0.23716378
3178,0.2757751
3179,0.37820825
3180,0.27521127
3181,0.29061377
3182,0.3021734
3183,0.32577032
3184,0.33492306
3185,0.30954233
3186,0.27243617
3187,0.16972436
3188,0.29277462
3189,0.30902478
3190,0.28681397
3191,0.3521804
3192,0.16472615
3193,0.12837574
3194,0.05356571
3195,0.32777435
3196,0.24889927
3197,0.18758605
3198,0.13730425
3199,0.16011682
3200,0.06002739
3201,0.25248057
3202,0.13313779
3203,0.3181568
3204,0.1435262
3205,0.11783552
3206,0.12178564
3207,0.22231205
3208,0.10829553
3209,0.32112163
3210,0.23760693
3211,0.4206172
3212,0.30500317
3213,0.31901377
3214,0.38923314
3215,0.4091455
3216,0.40391985
3217,0.2333175
3218,0.39332125
3219,0.39109227
3220,0.31281838
3221,0.28952482
3222,0.35845
3223,0.37988847
3224,0.2827568
3225,0.4172706
3226,0.3895816
3227,0.32326147
3228,0.27779162
3229,0.30202278
3230,0.29155082
3231,0.32980502
3232,0.38072187
3233,0.34209806
3234,0.330733
3235,0.35536784
3236,0.15505409
3237,0.3764614
3238,0.30931967
3239,0.22713003
3240,0.3356398
3241,0.30913946
3242,0.3490577
3243,0.2728945
3244,0.28075707
3245,0.32471806
3246,0.30473214
3247,0.33045775
3248,0.33360934
3249,0.18108985
3250,0.27851418
3251,0.23251007
3252,0.2905096
3253,0.29213154
3254,0.2970772
3255,0.19608843
3256,0.22643186
3257,0.2942106
3258,0.28515112
3259,0.29732236
3260,0.28018072
3261,0.3184957
3262,0.25147307
3263,0.20888166
3264,0.3029533
3265,0.21646065
3266,0.20211732
3267,0.2159245
3268,0.28822237
3269,0.29224926
3270,0.21697569
3271,0.22385062
3272,0.2474741
3273,0.34828717
3274,0.28867155
3275,0.31770995
3276,0.32751176
3277,0.274929
3278,0.21402954
3279,0.19691987
3280,0.35962617
3281,0.20725934
3282,0.31940377
3283,0.23113324
3284,0.18728574
3285,0.29117253
3286,0.302023
3287,0.18452239
3288,0.3113996
3289,0.26087144
3290,0.2708645
3291,0.29990318
3292,0.26347995
3293,0.27742493
3294,0.27646363
3295,0.29223126
3296,0.26448
3297,0.25363773
3298,0.23529816
3299,0.3369336
3300,0.2506144
3301,0.38173646
3302,0.31055987
3303,0.33448
3304,0.24664108
3305,0.28235182
3306,0.3419611
3307,0.45282367
3308,0.30500764
3309,0.37030086
3310,0.43768477
3311,0.29885292
3312,0.33095926
3313,0.2674514
3314,0.39015457
3315,0.2884896
3316,0.2851413
3317,0.30007637
3318,0.37440068
3319,0.46063027
3320,0.32630986
3321,0.3284825
3322,0.2805995
3323,0.26347947
3324,0.4089499
3325,0.27694535
3326,0.3688278
3327,0.37927383
3328,0.4321401
3329,0.2708723
3330,0.28987202
3331,0.26793855
3332,0.3479213
3333,0.26667494
3334,0.30224228
3335,0.30750176
3336,0.24705854
3337,0.30636576
3338,0.29947326
3339,0.4175149
3340,0.30231562
3341,0.25088197
3342,0.32131922
3343,0.42334116
3344,0.110455155
3345,0.159781
3346,0.08966395
3347,0.22519727
3348,0.24141464
3349,0.29844034
3350,0.11907631
3351,0.1339545
3352,0.24548152
3353,0.16757028
3354,0.16405553
3355,0.14285469
3356,0.10729411
3357,0.14494735
3358,0.12191528
3359,0.3424657
3360,0.13111329
3361,0.15819533
3362,0.26719815
3363,0.19567893
3364,0.16214211
3365,0.16290225
3366,0.18946767
3367,0.18834393
3368,0.22596793
3369,0.21844389
3370,0.21741816
3371,0.19116949
3372,0.18497278
3373,0.19519137
3374,0.23183417
3375,0.20951834
3376,0.26630086
3377,0.25139582
3378,0.23709409
3379,0.23727538
3380,0.21718629
3381,0.26671398
3382,0.38130876
3383,0.3674488
3384,0.47458577
3385,0.5350203
3386,0.37163273
3387,0.40935087
3388,0.39700988
3389,0.3875827
3390,0.40794042
3391,0.4163729
3392,0.42462415
3393,0.37545323
3394,0.45003334
3395,0.37461257
3396,0.41688612
3397,0.4235609
3398,0.41067162
3399,0.34149283
3400,0.38630527
3401,0.29408747
3402,0.20330621
3403,0.27748293
3404,0.27783275
3405,0.3001833
3406,0.2259413
3407,0.25477695
3408,0.24378751
3409,0.22064483
3410,0.23702872
3411,0.24744362
3412,0.2872522
3413,0.29619643
3414,0.25469077
3415,0.28764087
3416,0.26751724
3417,0.29570997
3418,0.20368433
3419,0.22593041
3420,0.23008864
3421,0.17555363
3422,0.19205551
3423,0.20368949
3424,0.24300475
3425,0.31750017
3426,0.25105947
3427,0.15634705
3428,0.20562279
3429,0.28322023
3430,0.26751366
3431,0.23370782
3432,0.19160864
3433,0.16826421
3434,0.22889371
3435,0.17747316
3436,0.2074838
3437,0.18842812
3438,0.21434143
3439,0.30873543
3440,0.23604675
3441,0.2490029
3442,0.23017658
3443,0.30238885
3444,0.28293788
3445,0.29365486
3446,0.29473308
3447,0.24536344
3448,0.26638526
3449,0.29690576
3450,0.2974985
3451,0.24108568
3452,0.2836297
3453,0.25636834
3454,0.29889393
3455,0.26076454
3456,0.2915701
3457,0.24172324
3458,0.27977243
3459,0.2139391
3460,0.21899359
3461,0.24432743
3462,0.26710904
3463,0.23309691
3464,0.31868482
3465,0.20033015
3466,0.17905097
3467,0.2286568
3468,0.25671583
3469,0.19182028
3470,0.25439328
3471,0.2680406
3472,0.1981569
3473,0.3526179
3474,0.20081462
3475,0.26122504
3476,0.24221179
3477,0.244267
3478,0.24724405
3479,0.21096082
3480,0.32688427
3481,0.30190134
3482,0.25943702
3483,0.412179
3484,0.25033233
3485,0.2617319
3486,0.25990927
3487,0.25717387
3488,0.23915756
3489,0.24553347
3490,0.3300043
3491,0.24858816
3492,0.24907707
3493,0.24357082
3494,0.2674108
3495,0.34082732
3496,0.43929344
3497,0.4159836
3498,0.32732978
3499,0.43036827
3500,0.44803244
3501,0.41333744
3502,0.41226894
3503,0.49480063
3504,0.39880374
3505,0.368613
3506,0.36355218
3507,0.429446
3508,0.38359624
3509,0.38587627
3510,0.36210406
3511,0.43314055
3512,0.42079836
3513,0.37200058
3514,0.4082018
3515,0.40498596
3516,0.20414789
3517,0.25287583
3518,0.3524918
3519,0.25813752
3520,0.29020524
3521,0.3650945
3522,0.21851823
3523,0.28956068
3524,0.27422237
3525,0.23421836
3526,0.34745917
3527,0.24223894
3528,0.3190426
3529,0.2555378
3530,0.2424171
3531,0.26695377
3532,0.28220123
3533,0.30086213
3534,0.30069995
3535,0.37703928
3536,0.33826745
3537,0.39120424
3538,0.3499129
3539,0.3183719
3540,0.34719312
3541,0.33459735
3542,0.3846857
3543,0.29653642
3544,0.41750166
3545,0.33696163
3546,0.3477729
3547,0.40162668
3548,0.33488378
3549,0.2832537
3550,0.34483343
3551,0.30174333
3552,0.40370482
3553,0.2850222
3554,0.33327192
3555,0.26600003
3556,0.24321517
3557,0.2977994
3558,0.30822587
3559,0.28543654
3560,0.32990056
3561,0.28603986
3562,0.2923575
3563,0.31407014
3564,0.31418356
3565,0.27421457
3566,0.2856447
3567,0.28342173
3568,0.25069636
3569,0.367674
3570,0.21890329
3571,0.2937902
3572,0.34310374
3573,0.3504761
3574,0.35841364
3575,0.2997573
3576,0.43156302
3577,0.41737312
3578,0.37156498
3579,0.3287769
3580,0.35955727
3581,0.32739693
3582,0.3605395
3583,0.3462722
3584,0.3787602
3585,0.3832192
3586,0.3443329
3587,0.35402465
3588,0.3767923
3589,0.3034123
3590,0.37782624
3591,0.11381927
3592,0.17006695
3593,0.16304609
3594,0.30046892
3595,0.077132255
3596,0.20939496
3597,0.07360768
3598,0.08067083
3599,0.21716139
3600,0.22871539
3601,0.10091254
3602,0.14293554
3603,0.11556324
3604,0.15726073
3605,0.05600807
3606,0.098985404
3607,0.19293652
3608,0.081247896
3609,0.20754398
3610,0.083545744
3611,0.33686402
3612,0.16451557
3613,0.28768948
3614,0.15539221
3615,0.2021998
3616,0.23086107
3617,0.20618287
3618,0.1462253
3619,0.13644889
3620,0.315584
3621,0.22296645
3622,0.17845395
3623,0.21767324
3624,0.23472118
3625,0.32239792
3626,0.24047726
3627,0.21517721
3628,0.2547887
3629,0.39594185
3630,0.36682516
3631,0.32971257
3632,0.39101833
3633,0.36937967
3634,0.40141112
3635,0.40371785
3636,0.2896121
3637,0.3725116
3638,0.3711239
3639,0.41752207
3640,0.39430484
3641,0.37069178
3642,0.3296475
3643,0.37036556
3644,0.39226407
3645,0.33053595
3646,0.32352355
3647,0.36019883
3648,0.35167414
3649,0.29774374
3650,0.37321985
3651,0.2491992
3652,0.25161263
3653,0.28337395
3654,0.29358417
3655,0.26049834
3656,0.18263318
3657,0.23915035
3658,0.25597292
3659,0.25039274
3660,0.22971587
3661,0.2295288
3662,0.31840205
3663,0.18746242
3664,0.2069993
3665,0.30004922
3666,0.26903087
3667,0.051854968
3668,0.26718014
3669,0.19381863
3670,0.14187592
3671,0.119288325
3672,0.17655726
3673,0.13260746
3674,0.10026625
3675,0.14713901
3676,0.10357642
3677,0.28226933
3678,0.09930512
3679,0.26485497
3680,0.10985571
3681,0.14937457
3682,0.31436807
3683,0.1854322
3684,0.20244996
3685,0.18991153
3686,0.22688432
3687,0.2769567
3688,0.30512235
3689,0.3065804
3690,0.31166893
3691,0.35386467
3692,0.17064525
3693,0.30904755
3694,0.3010025
3695,0.36314207
3696,0.28378174
3697,0.31307387
3698,0.29055
3699,0.23286189
3700,0.34378102
3701,0.2767719
3702,0.25967032
3703,0.33714828
3704,0.32946447
3705,0.3011251
3706,0.24607812
3707,0.22476734
3708,0.2916613
3709,0.3313071
3710,0.31193554
3711,0.33949694
3712,0.35738698
3713,0.29575872
3714,0.33333868
3715,0.3141407
3716,0.27998456
3717,0.2755257
3718,0.27025586
3719,0.22390027
3720,0.25645584
3721,0.19892307
3722,0.3621462
3723,0.3229072
3724,0.19662432
3725,0.18808468
3726,0.15707825
3727,0.28570163
3728,0.23211089
3729,0.3401922
3730,0.12060219
3731,0.19923788
3732,0.29037604
3733,0.2878423
3734,0.2601553
3735,0.24924779
3736,0.21741553
3737,0.21166122
3738,0.27631468
3739,0.19265708
3740,0.27818155
3741,0.3080932
3742,0.37043235
3743,0.47582406
3744,0.3075003
3745,0.3790525
3746,0.35631555
3747,0.32164675
3748,0.39064237
3749,0.3668689
3750,0.33813602
3751,0.42566976
3752,0.36643663
3753,0.40297472
3754,0.37307844
3755,0.3488282
3756,0.32171348
3757,0.2814698
3758,0.3166036
3759,0.43501148
3760,0.22432196
3761,0.5039663
3762,0.3132811
3763,0.18697031
3764,0.3373942
3765,0.21600322
3766,0.28438652
3767,0.20452228
3768,0.23647188
3769,0.11166197
3770,0.2718121
3771,0.21809137
3772,0.17259972
3773,0.25168234
3774,0.23177275
3775,0.24060832
3776,0.27112234
3777,0.19759148
3778,0.24524091
3779,0.20936652
3780,0.29733813
3781,0.21355596
3782,0.12232447
3783,0.18199797
3784,0.28991807
3785,0.27788323
3786,0.24330625
3787,0.30695054
3788,0.15075216
3789,0.3250306
3790,0.28807718
3791,0.1667389
3792,0.2662037
3793,0.19403316
3794,0.34214377
3795,0.2007532
3796,0.29676688
3797,0.25972492
3798,0.34234983
3799,0.19196795
3800,0.3158493
3801,0.2896793
3802,0.30720678
3803,0.27139512
3804,0.29140848
3805,0.34579638
3806,0.31883237
3807,0.27172083
3808,0.19264883
3809,0.35049868
3810,0.35018188
3811,0.3187365
3812,0.18671203
3813,0.20460638
3814,0.33755785
3815,0.2954058
3816,0.30631202
3817,0.25366455
3818,0.2778409
3819,0.31895646
3820,0.24174841
3821,0.28305024
3822,0.38342142
3823,0.19285002
3824,0.25870442
3825,0.19933684
3826,0.17797832
3827,0.29186788
3828,0.32170498
3829,0.33249703
3830,0.24632037
3831,0.2408481
3832,0.22891104
3833,0.28712204
3834,0.23729743
3835,0.18451825
3836,0.25716424
3837,0.23375906
3838,0.21436964
3839,0.20659582
3840,0.08275607
3841,0.12933597
3842,0.33375436
3843,0.18566364
3844,0.14581543
3845,0.18169323
3846,0.20553432
3847,0.17190473
3848,0.14663398
3849,0.14971316
3850,0.13472497
3851,0.16093424
3852,0.21368626
3853,0.22793022
3854,0.12627223
3855,0.12138039
3856,0.18270536
3857,0.27357614
3858,0.18593267
3859,0.1723953
3860,0.20825672
3861,0.27279022
3862,0.22937486
3863,0.2673067
3864,0.13055778
3865,0.12620014
3866,0.20312312
3867,0.20876393
3868,0.27024442
3869,0.1370247
3870,0.2966058
3871,0.26790565
3872,0.20993403
3873,0.13765958
3874,0.1831484
3875,0.22318685
3876,0.19129816
3877,0.1759923
3878,0.22368835
3879,0.2667476
3880,0.23135729
3881,0.3579906
3882,0.21357223
3883,0.22383554
3884,0.2495866
3885,0.20138457
3886,0.16037798
3887,0.234154
3888,0.2652616
3889,0.19449586
3890,0.15234172
3891,0.15236658
3892,0.2459323
3893,0.20465234
3894,0.2808776
3895,0.23520043
3896,0.34897807
3897,0.31385577
3898,0.31665486
3899,0.45476162
3900,0.27990907
3901,0.28954816
3902,0.24343446
3903,0.34185377
3904,0.25160483
3905,0.26635337
3906,0.333103
3907,0.359503
3908,0.32986733
3909,0.3407193
3910,0.38418317
3911,0.23663272
3912,0.2553123
3913,0.22195575
3914,0.24604395
3915,0.26598576
3916,0.25606692
3917,0.22179215
3918,0.3220958
3919,0.21157034
3920,0.3956711
3921,0.26466072
3922,0.3586359
3923,0.31055623
3924,0.3297353
3925,0.34504887
3926,0.33987266
3927,0.27210253
3928,0.30783918
3929,0.37122947
3930,0.322814
3931,0.3847388
3932,0.37102264
3933,0.22119272
3934,0.34547457
3935,0.2493255
3936,0.30929923
3937,0.23880693
3938,0.35198393
3939,0.32548776
3940,0.36669305
3941,0.34168282
3942,0.22449152
3943,0.28112844
3944,0.3417102
3945,0.34474742
3946,0.3287749
3947,0.24967916
3948,0.25910026
3949,0.238787
3950,0.34712318
3951,0.4055798
3952,0.36724147
3953,0.3731633
3954,0.32265273
3955,0.38822007
3956,0.36855927
3957,0.3081619
3958,0.319074
3959,0.3572383
3960,0.3711595
3961,0.35306475
3962,0.331738
3963,0.36462277
3964,0.34838834
3965,0.34926122
3966,0.3757936
3967,0.3720858
3968,0.3362603
3969,0.27331093
3970,0.3975621
3971,0.12495786
3972,0.24697702
3973,0.21380492
3974,0.16494551
3975,0.35582227
3976,0.18263055
3977,0.11623874
3978,0.15610646
3979,0.15960665
3980,0.22391218
3981,0.09173161
3982,0.22626184
3983,0.23127891
3984,0.126317
3985,0.109692365
3986,0.11190617
3987,0.21744479
3988,0.17697348
3989,0.27323264
3990,0.3609646
3991,0.33137658
3992,0.39732486
3993,0.25145277
3994,0.3651001
3995,0.3453953
3996,0.28071105
3997,0.33201736
3998,0.36612114
3999,0.32952136
4000,0.32686076
4001,0.25996768
4002,0.308939
4003,0.2831537
4004,0.35070077
4005,0.4226833
4006,0.4338747
4007,0.38114014
4008,0.34126583
4009,0.30111596
4010,0.26036918
4011,0.37115866
4012,0.36724943
4013,0.27089447
4014,0.41251585
4015,0.31777772
4016,0.41865242
4017,0.2980922
4018,0.40377623
4019,0.41540566
4020,0.39067975
4021,0.43469846
4022,0.27059326
4023,0.30806848
4024,0.2946951
4025,0.3156125
4026,0.4189557
4027,0.4070367
4028,0.18769607
4029,0.3401658
4030,0.23064438
4031,0.21439497
4032,0.20434482
4033,0.16542235
4034,0.21139967
4035,0.104480624
4036,0.25980973
4037,0.30082488
4038,0.1604863
4039,0.23018783
4040,0.2564523
4041,0.15699084
4042,0.16124697
4043,0.13690642
4044,0.22776966
4045,0.20683298
4046,0.3558928
4047,0.4001188
4048,0.36193395
4049,0.3453444
4050,0.29267335
4051,0.30225614
4052,0.286579
4053,0.36161113
4054,0.34089878
4055,0.34199503
4056,0.33830976
4057,0.3380398
4058,0.33149916
4059,0.33380395
4060,0.35553196
4061,0.35304227
4062,0.35031453
4063,0.33089924
4064,0.19749212
4065,0.25469518
4066,0.33494812
4067,0.321777
4068,0.37338683
4069,0.23642322
4070,0.2362035
4071,0.30678916
4072,0.30745447
4073,0.21088329
4074,0.2458036
4075,0.24499232
4076,0.33042243
4077,0.16788918
4078,0.19888707
4079,0.3787517
4080,0.33894396
4081,0.31248632
4082,0.24150094
4083,0.217421
4084,0.38815075
4085,0.29376352
4086,0.34523267
4087,0.39162827
4088,0.37804222
4089,0.4103233
4090,0.42034936
4091,0.22649708
4092,0.37323645
4093,0.37708145
4094,0.4210555
4095,0.34410822
4096,0.35913906
4097,0.35610205
4098,0.3024301
4099,0.3270786
4100,0.3663681
4101,0.33042324
4102,0.41892347
4103,0.4165811
4104,0.37740558
4105,0.42963192
4106,0.3922082
4107,0.4145173
4108,0.52726716
4109,0.47815245
4110,0.2845981
4111,0.4240677
4112,0.4214183
4113,0.47296172
4114,0.3830675
4115,0.46906823
4116,0.39155933
4117,0.38613784
4118,0.43294933
4119,0.3887499
4120,0.399387
4121,0.43810833
4122,0.4242898
4123,0.20519796
4124,0.24045904
4125,0.3549307
4126,0.24218348
4127,0.39159665
4128,0.31144506
4129,0.28183737
4130,0.2441633
4131,0.33117798
4132,0.2239218
4133,0.24969606
4134,0.27354556
4135,0.30392212
4136,0.3371985
4137,0.31920362
4138,0.27586305
4139,0.2250002
4140,0.32448775
4141,0.32638758
4142,0.38759238
4143,0.31263557
4144,0.4283846
4145,0.37816527
4146,0.38916042
4147,0.3722636
4148,0.39923224
4149,0.23578697
4150,0.35420793
4151,0.44584218
4152,0.4389781
4153,0.38543177
4154,0.34894094
4155,0.35229355
4156,0.40083838
4157,0.3243657
4158,0.37969187
4159,0.45554337
4160,0.37129074
4161,0.28178284
4162,0.12923166
4163,0.25096396
4164,0.2146228
4165,0.3120838
4166,0.32528335
4167,0.173342
4168,0.15731564
4169,0.17177066
4170,0.25699496
4171,0.14760616
4172,0.27426028
4173,0.28248715
4174,0.1867036
4175,0.17125402
4176,0.14267072
4177,0.17297925
4178,0.31745106
4179,0.25758797
4180,0.3156531
4181,0.28650528
4182,0.3123828
4183,0.26513138
4184,0.32355002
4185,0.3669014
4186,0.35964218
4187,0.28765088
4188,0.36343703
4189,0.2791302
4190,0.3629299
4191,0.3717697
4192,0.3030513
4193,0.35570663
4194,0.30068886
4195,0.28742683
4196,0.37081543
4197,0.3780766
4198,0.30782378
4199,0.28627944
4200,0.19255999
4201,0.17704284
4202,0.2322135
4203,0.20328648
4204,0.32260078
4205,0.2545389
4206,0.22065982
4207,0.24674757
4208,0.251521
4209,0.22560456
4210,0.32269162
4211,0.34718525
4212,0.3887932
4213,0.11895868
4214,0.16375786
4215,0.16003661
4216,0.2301933
4217,0.38022345
4218,0.32114524
4219,0.3293658
4220,0.29688567
4221,0.3649184
4222,0.3523486
4223,0.3412081
4224,0.2822976
4225,0.28604877
4226,0.30811214
4227,0.46319076
4228,0.30843997
4229,0.33912766
4230,0.43066457
4231,0.38533226
4232,0.389751
4233,0.2719166
4234,0.29266185
4235,0.23327827
4236,0.2040965
4237,0.22982255
4238,0.1834224
4239,0.15582366
4240,0.22593749
4241,0.10764593
4242,0.23420824
4243,0.08943179
4244,0.17268531
4245,0.23192145
4246,0.2060234
4247,0.17271371
4248,0.16354053
4249,0.13886026
4250,0.25146675
4251,0.09556922
4252,0.09544954
4253,0.10472855
4254,0.16735843
4255,0.2111487
4256,0.22855891
4257,0.30491823
4258,0.34166908
4259,0.31450596
4260,0.3348903
4261,0.2694317
4262,0.31587845
4263,0.29748434
4264,0.33745512
4265,0.2963364
4266,0.31362423
4267,0.25871876
4268,0.2729432
4269,0.24204795
4270,0.26065922
4271,0.27266377
4272,0.29473063
4273,0.316137
4274,0.28201097
4275,0.32237977
4276,0.3711366
4277,0.27016473
4278,0.30891052
4279,0.41295114
4280,0.4540162
4281,0.3864733
4282,0.36205304
4283,0.28836137
4284,0.52086866
4285,0.30411863
4286,0.30515125
4287,0.39223045
4288,0.284647
4289,0.3763513
4290,0.29398724
4291,0.3295275
4292,0.34934342
4293,0.3801916
4294,0.24890397
4295,0.34799144
4296,0.28715914
4297,0.36862606
4298,0.2911037
4299,0.324184
4300,0.33708918
4301,0.33963847
4302,0.33065987
4303,0.34792072
4304,0.2568019
4305,0.29050618
4306,0.26216704
4307,0.2507503
4308,0.30953616
4309,0.3005482
4310,0.30309784
4311,0.24885018
4312,0.28285024
4313,0.37336192
4314,0.34304723
4315,0.4147732
4316,0.44945976
4317,0.4107318
4318,0.3797031
4319,0.42691752
4320,0.34677282
4321,0.35945052
4322,0.3908183
4323,0.3295182
4324,0.44636014
4325,0.40786678
4326,0.31091285
4327,0.3520133
4328,0.39329988
4329,0.3479192
4330,0.41045502
4331,0.39107186
4332,0.2994144
4333,0.35704893
4334,0.31070197
4335,0.33457273
4336,0.32171822
4337,0.34067774
4338,0.29506564
4339,0.31928584
4340,0.27283788
4341,0.3131328
4342,0.27252382
4343,0.25694644
4344,0.25517273
4345,0.28739554
4346,0.3906842
4347,0.27506518
4348,0.37994853
4349,0.28760222
4350,0.238862
4351,0.2802546
4352,0.2417795
4353,0.1855222
4354,0.20177628
4355,0.36051044
4356,0.19925673
4357,0.3791596
4358,0.2542842
4359,0.23971416
4360,0.21276426
4361,0.18795292
4362,0.1468521
4363,0.2886142
4364,0.3011169
4365,0.35116947
4366,0.31316155
4367,0.35213158
4368,0.43707585
4369,0.20903736
4370,0.4166706
4371,0.41079426
4372,0.37885934
4373,0.39443547
4374,0.4076224
4375,0.43203118
4376,0.40778077
4377,0.36675766
4378,0.43475413
4379,0.4222695
4380,0.4959784
4381,0.40405503
4382,0.4184529
4383,0.31567556
4384,0.43846682
4385,0.43041182
4386,0.43732443
4387,0.45115373
4388,0.47568354
4389,0.31658244
4390,0.42314833
4391,0.34540355
4392,0.3767975
4393,0.3656741
4394,0.38945636
4395,0.33164787
4396,0.37549394
4397,0.37777135
4398,0.41775066
4399,0.30394423
4400,0.4631822
4401,0.3836488
4402,0.38470885
4403,0.33533347
4404,0.36684597
4405,0.36562315
4406,0.3719809
4407,0.32191047
4408,0.28597802
4409,0.3156045
4410,0.3073349
4411,0.22192709
4412,0.24313872
4413,0.4212501
4414,0.28194195
4415,0.39837706
4416,0.33865994
4417,0.29173756
4418,0.28770807
4419,0.22115254
4420,0.29967308
4421,0.2991948
4422,0.30863622
4423,0.33932292
4424,0.41691515
4425,0.31505716
4426,0.3742977
4427,0.36878648
4428,0.36236876
4429,0.30404142
4430,0.33993596
4431,0.35836813
4432,0.3451703
4433,0.32453185
4434,0.39303654
4435,0.32382998
4436,0.41441426
4437,0.3758844
4438,0.33050305
4439,0.39001203
4440,0.35052365
4441,0.32391918
4442,0.32765087
4443,0.38621894
4444,0.29291686
4445,0.38261068
4446,0.28498492
4447,0.3197946
4448,0.36782965
4449,0.3858588
4450,0.39775273
4451,0.37170815
4452,0.30626267
4453,0.27722692
4454,0.3867474
4455,0.32535878
4456,0.30541754
4457,0.3564306
4458,0.3717956
4459,0.29572383
4460,0.3743922
4461,0.31279066
4462,0.37242925
4463,0.3531447
4464,0.3115612
4465,0.359547
4466,0.3215879
4467,0.32760668
4468,0.29803014
4469,0.2609824
4470,0.259457
4471,0.38040984
4472,0.30680948
4473,0.31234443
4474,0.37112504
4475,0.31607294
4476,0.36715165
4477,0.3172579
4478,0.23897028
4479,0.3030637
4480,0.32394716
4481,0.37145454
4482,0.31504664
4483,0.33765766
4484,0.39046955
4485,0.32919985
4486,0.28041187
4487,0.2754973
4488,0.48935977
4489,0.33854282
4490,0.37372532
4491,0.35968333
4492,0.3073851
4493,0.36974108
4494,0.38332823
4495,0.32649672
4496,0.32568318
4497,0.3237603
4498,0.38296497
4499,0.361288
4500,0.37444738
4501,0.308885
4502,0.38647366
4503,0.2792281
4504,0.218171
4505,0.35138127
4506,0.3011446
4507,0.2653873
4508,0.28826728
4509,0.27984703
4510,0.3842631
4511,0.2561623
4512,0.2965161
4513,0.33392495
4514,0.34709167
4515,0.27881575
4516,0.24539836
4517,0.29831463
4518,0.2792925
4519,0.32662073
4520,0.3802487
4521,0.24076454
4522,0.49198395
4523,0.45747817
4524,0.27719522
4525,0.28698456
4526,0.3571615
4527,0.43703732
4528,0.43765533
4529,0.41603813
4530,0.34092498
4531,0.3627642
4532,0.3516694
4533,0.4540778
4534,0.33763856
4535,0.39891753
4536,0.3466161
4537,0.48874077
4538,0.46854255
4539,0.29471913
4540,0.32321072
4541,0.3192921
4542,0.3814852
4543,0.34593388
4544,0.3742211
4545,0.34020302
4546,0.3290655
4547,0.38329795
4548,0.36709434
4549,0.3887968
4550,0.3639261
4551,0.38906765
4552,0.39472374
4553,0.36991766
4554,0.33170974
4555,0.37716845
4556,0.37971577
4557,0.32163885
4558,0.3537013
4559,0.36175537
4560,0.3096267
4561,0.17699762
4562,0.20770779
4563,0.3323767
4564,0.22251393
4565,0.20514108
4566,0.40073624
4567,0.20351511
4568,0.30743608
4569,0.3709068
4570,0.21578854
4571,0.30048692
4572,0.22171418
4573,0.20925644
4574,0.25493777
4575,0.24989071
4576,0.27679658
4577,0.3384422
4578,0.32990205
4579,0.35775888
4580,0.35244906
4581,0.2601628
4582,0.3631723
4583,0.27620304
4584,0.326423
4585,0.3081929
4586,0.36834502
4587,0.31031725
4588,0.28448814
4589,0.2802036
4590,0.35511494
4591,0.34830663
4592,0.34497207
4593,0.32185018
4594,0.3070632
4595,0.28602841
4596,0.28769714
4597,0.3227141
4598,0.36756095
4599,0.39133897
4600,0.36219668
4601,0.38503847
4602,0.37865993
4603,0.39359576
4604,0.40871522
4605,0.42342502
4606,0.3668635
4607,0.36026725
4608,0.3692327
4609,0.38564128
4610,0.41556925
4611,0.39800304
4612,0.3668418
4613,0.37194028
4614,0.4095544
4615,0.39647612
4616,0.36455327
4617,0.2402723
4618,0.2646953
4619,0.20501618
4620,0.2046629
4621,0.21254118
4622,0.17799845
4623,0.16605069
4624,0.16959032
4625,0.41104323
4626,0.20774767
4627,0.22584018
4628,0.37389362
4629,0.18451844
4630,0.15524513
4631,0.35313094
4632,0.26236406
4633,0.30322498
4634,0.29353327
4635,0.37679115
4636,0.43284717
4637,0.40392804
4638,0.38929886
4639,0.4015754
4640,0.4035037
4641,0.29128572
4642,0.36885965
4643,0.42742866
4644,0.36556655
4645,0.3873612
4646,0.35675967
4647,0.40994978
4648,0.41202968
4649,0.3443586
4650,0.38783556
4651,0.4133435
4652,0.44365615
4653,0.479809
4654,0.4005586
4655,0.35858077
4656,0.24210387
4657,0.28985935
4658,0.3449889
4659,0.34936786
4660,0.35683018
4661,0.35042998
4662,0.2626389
4663,0.29843715
4664,0.27950713
4665,0.2963602
4666,0.36354443
4667,0.25565732
4668,0.30396736
4669,0.31736708
4670,0.3480891
4671,0.25905564
4672,0.39982483
4673,0.24081677
4674,0.33391035
4675,0.37859678
4676,0.33432135
4677,0.38314474
4678,0.36668003
4679,0.398294
4680,0.43678725
4681,0.4108151
4682,0.38442877
4683,0.30730638
4684,0.389775
4685,0.41649202
4686,0.39909264
4687,0.39185515
4688,0.30339628
4689,0.3605546
4690,0.3727325
4691,0.36156622
4692,0.4716116
4693,0.31901258
4694,0.25714955
4695,0.22144814
4696,0.24280657
4697,0.1789807
4698,0.1928357
4699,0.41447413
4700,0.45477384
4701,0.20955077
4702,0.21031468
4703,0.20443961
4704,0.3773117
4705,0.20600072
4706,0.15433973
4707,0.31513202
4708,0.38038993
4709,0.31573462
4710,0.3054455
4711,0.30571508
4712,0.36231685
4713,0.28396368
4714,0.25409582
4715,0.29647368
4716,0.31115603
4717,0.328766
4718,0.31622016
4719,0.33025044
4720,0.24713029
4721,0.31933242
4722,0.3212273
4723,0.33015597
4724,0.27812713
4725,0.28686535
4726,0.31605816
4727,0.26955143
4728,0.37525553
4729,0.24271701
4730,0.28683668
4731,0.2878843
4732,0.21696524
4733,0.1818183
4734,0.2601745
4735,0.28489414
4736,0.30363092
4737,0.27880543
4738,0.27294266
4739,0.21790518
4740,0.2890367
4741,0.30673543
4742,0.24423617
4743,0.28472954
4744,0.29852834
4745,0.20525856
4746,0.21702191
4747,0.26436377
4748,0.227041
4749,0.30106187
4750,0.2218097
4751,0.30828422
4752,0.37410736
4753,0.23278882
4754,0.19669542
4755,0.20554496
4756,0.21357961
4757,0.16035987
4758,0.30072775
4759,0.22780974
4760,0.20853618
4761,0.27282137
4762,0.15155664
4763,0.3021065
4764,0.21609314
4765,0.1769263
4766,0.25791234
4767,0.24536817
4768,0.3526196
4769,0.24302232
4770,0.2945417
4771,0.26961228
4772,0.28297713
4773,0.37068805
4774,0.32306
4775,0.28647828
4776,0.2533217
4777,0.28707972
4778,0.29563987
4779,0.2718519
4780,0.29644307
4781,0.22996715
4782,0.225859
4783,0.24810524
4784,0.22096427
4785,0.29528463
4786,0.2525986
4787,0.30864564
4788,0.35509068
4789,0.28416187
4790,0.23430656
4791,0.26087272
4792,0.31739056
4793,0.32644767
4794,0.2829433
4795,0.30861557
4796,0.21317044
4797,0.36619005
4798,0.25404644
4799,0.26777446
4800,0.22670677
4801,0.3707692
4802,0.2544177
4803,0.32125986
4804,0.30265653
4805,0.3172962
4806,0.23378067
4807,0.28817627
4808,0.41169506
4809,0.45750993
4810,0.29642153
4811,0.35716283
4812,0.33264434
4813,0.34354782
4814,0.37953806
4815,0.29084945
4816,0.33746243
4817,0.36027896
4818,0.32816857
4819,0.4071424
4820,0.35838953
4821,0.37132472
4822,0.37853053
4823,0.37484482
4824,0.30665952
4825,0.36617723
4826,0.27062452
4827,0.20984073
4828,0.34377542
4829,0.40159822
4830,0.24257109
4831,0.36832827
4832,0.33712113
4833,0.31429344
4834,0.29866305
4835,0.46941325
4836,0.27253294
4837,0.27824885
4838,0.3070147
4839,0.2964958
4840,0.24939416
4841,0.28664926
4842,0.28509587
4843,0.38954815
4844,0.3562645
4845,0.3155504
4846,0.3003744
4847,0.28354725
4848,0.33768493
4849,0.2388901
4850,0.26810858
4851,0.28986195
4852,0.32297373
4853,0.26891494
4854,0.31297722
4855,0.325462
4856,0.30199918
4857,0.30088505
4858,0.28754112
4859,0.40241683
4860,0.29149187
4861,0.2954225
4862,0.24950719
4863,0.20870493
4864,0.36575386
4865,0.32098377
4866,0.35893872
4867,0.2627562
4868,0.37228915
4869,0.27473807
4870,0.2800613
4871,0.34201398
4872,0.34533405
4873,0.39431953
4874,0.26315773
4875,0.3319895
4876,0.27090174
4877,0.30652282
4878,0.24525477
4879,0.263036
4880,0.32675478
4881,0.2611103
4882,0.3324778
4883,0.3703043
4884,0.33401498
4885,0.27512294
4886,0.3427137
4887,0.36271295
4888,0.18406326
4889,0.2797394
4890,0.33680564
4891,0.30874485
4892,0.3772977
4893,0.3839973
4894,0.21374959
4895,0.3816381
4896,0.27314976
4897,0.18883723
4898,0.3134224
4899,0.33853582
4900,0.3554284
4901,0.4146781
4902,0.13224
4903,0.1892456
4904,0.20352998
4905,0.32835567
4906,0.17914772
4907,0.2599935
4908,0.23877613
4909,0.24885711
4910,0.22521277
4911,0.20725884
4912,0.19367857
4913,0.13992152
4914,0.36255938
4915,0.35874492
4916,0.3369601
4917,0.15865569
4918,0.18166906
4919,0.43305165
4920,0.19649585
4921,0.4199676
4922,0.33975986
4923,0.39052325
4924,0.44385263
4925,0.41818506
4926,0.3688323
4927,0.38560945
4928,0.41314262
4929,0.32597002
4930,0.34241664
4931,0.4432612
4932,0.3209079
4933,0.38731027
4934,0.39924887
4935,0.30211717
4936,0.39850926
4937,0.30550545
4938,0.3359009
4939,0.30873144
4940,0.36596018
4941,0.27367735
4942,0.3354823
4943,0.36585718
4944,0.29569665
4945,0.41873547
4946,0.33183292
4947,0.3152621
4948,0.3060625
4949,0.2061292
4950,0.41734767
4951,0.35757655
4952,0.35671908
4953,0.31218484
4954,0.2799057
4955,0.31433365
4956,0.33887148
4957,0.39611417
4958,0.3314904
4959,0.23193346
4960,0.20604153
4961,0.3825609
4962,0.323657
4963,0.24542582
4964,0.2651009
4965,0.3229362
4966,0.35509443
4967,0.3853368
4968,0.26872027
4969,0.33640575
4970,0.27318102
4971,0.2701682
4972,0.3694484
4973,0.24452399
4974,0.30105704
4975,0.32270628
4976,0.21116199
4977,0.32567063
4978,0.38826734
4979,0.33887076
4980,0.29811665
4981,0.35432422
4982,0.38228527
4983,0.4059858
4984,0.39369565
4985,0.2716185
4986,0.41642085
4987,0.3286193
4988,0.36022282
4989,0.3964026
4990,0.32974356
4991,0.3697072
4992,0.38128823
4993,0.32450306
4994,0.32289448
4995,0.40669873
4996,0.44587225
4997,0.1948418
4998,0.16512847
4999,0.24939658
5000,0.21952325
5001,0.36224484
5002,0.33480406
5003,0.16058141
5004,0.2847421
5005,0.15532254
5006,0.32138658
5007,0.19331089
5008,0.16937596
5009,0.3452919
5010,0.35994536
5011,0.29785123
5012,0.30652922
5013,0.3109979
5014,0.25851113
5015,0.19310781
5016,0.38166595
5017,0.38722217
5018,0.3677077
5019,0.39974418
5020,0.3955008
5021,0.39567006
5022,0.3969125
5023,0.34731048
5024,0.3704602
5025,0.3690377
5026,0.33141392
5027,0.39583236
5028,0.4019918
5029,0.38859162
5030,0.4128227
5031,0.3347116
5032,0.43997157
5033,0.37420365
5034,0.3873037
5035,0.3827097
5036,0.26246762
5037,0.25029057
5038,0.27801403
5039,0.07826489
5040,0.11111662
5041,0.4497726
5042,0.22898105
5043,0.37480548
5044,0.10105902
5045,0.16664511
5046,0.16765752
5047,0.17162248
5048,0.18093038
5049,0.10571435
5050,0.18595296
5051,0.22874387
5052,0.35956112
5053,0.3423434
5054,0.2242806
5055,0.29756933
5056,0.091653496
5057,0.14713576
5058,0.22601347
5059,0.22333448
5060,0.2220717
5061,0.094480425
5062,0.068948746
5063,0.14547801
5064,0.21512409
5065,0.17600188
5066,0.12927574
5067,0.14454466
5068,0.26500517
5069,0.29166096
5070,0.29332852
5071,0.24613994
5072,0.15854298
5073,0.1372725
5074,0.220333
5075,0.18991716
5076,0.23449087
5077,0.3363154
5078,0.17414522
5079,0.2646501
5080,0.29857165
5081,0.1638433
5082,0.38000137
5083,0.23425268
5084,0.27733177
5085,0.26662925
5086,0.17233275
5087,0.21096751
5088,0.23583238
5089,0.31385255
5090,0.20841329
5091,0.18511015
5092,0.1824806
5093,0.23739345
5094,0.1714128
5095,0.13420385
5096,0.23305617
5097,0.21973859
5098,0.11916298
5099,0.14608058
5100,0.14316127
5101,0.099826396
5102,0.19124563
5103,0.15607603
5104,0.23415188
5105,0.13891229
5106,0.10343844
5107,0.1693574
5108,0.1977257
5109,0.1584846
5110,0.16815716
5111,0.21606502
5112,0.19312915
5113,0.22712871
5114,0.23447852
5115,0.27637202
5116,0.22932714
5117,0.39913425
5118,0.3120679
5119,0.28016052
5120,0.32477623
5121,0.3097985
5122,0.24866477
5123,0.16999274
5124,0.24726166
5125,0.267898
5126,0.25805217
5127,0.30282408
5128,0.27099007
5129,0.2394582
5130,0.18487215
5131,0.19312377
5132,0.20141976
5133,0.1769292
5134,0.22284992
5135,0.1556573
5136,0.21239504
5137,0.25129545
5138,0.18272528
5139,0.2205392
5140,0.1358197
5141,0.22265665
5142,0.22305569
5143,0.24901433
5144,0.13751486
5145,0.26214784
5146,0.15628226
5147,0.18444419
5148,0.1634623
5149,0.379055
5150,0.38551813
5151,0.40444016
5152,0.34779936
5153,0.43208647
5154,0.39923042
5155,0.41179147
5156,0.40910858
5157,0.4530874
5158,0.4271067
5159,0.42921463
5160,0.37958658
5161,0.42205727
5162,0.46562514
5163,0.4198599
5164,0.44019282
5165,0.43030182
5166,0.39291355
5167,0.42129022
5168,0.256065
5169,0.28946573
5170,0.17043842
5171,0.31031808
5172,0.3135741
5173,0.34632957
5174,0.20197049
5175,0.2153991
5176,0.28650963
5177,0.24010216
5178,0.206941
5179,0.19546984
5180,0.27239168
5181,0.20244408
5182,0.30424783
5183,0.21326722
5184,0.20594583
5185,0.21010049
5186,0.24806926
5187,0.34545612
5188,0.18355066
5189,0.2452411
5190,0.2812706
5191,0.2847613
5192,0.31923616
5193,0.32037756
5194,0.26315805
5195,0.21805109
5196,0.27954084
5197,0.25391948
5198,0.23949984
5199,0.3359034
5200,0.37478554
5201,0.41949037
5202,0.3660269
5203,0.22907875
5204,0.18844123
5205,0.18551303
5206,0.38599467
5207,0.38304174
5208,0.38708192
5209,0.37527704
5210,0.4302997
5211,0.4441902
5212,0.46244735
5213,0.3170548
5214,0.4240716
5215,0.34796444
5216,0.417127
5217,0.43808445
5218,0.39849684
5219,0.42991993
5220,0.34991628
5221,0.4037271
5222,0.35877037
5223,0.3861342
5224,0.38164344
5225,0.30428827
5226,0.26659888
5227,0.28128266
5228,0.29878154
5229,0.28326607
5230,0.2967055
5231,0.31573838
5232,0.30438834
5233,0.19021864
5234,0.32924
5235,0.2855842
5236,0.300537
5237,0.32269686
5238,0.28049293
5239,0.25900555
5240,0.29535866
5241,0.34287468
5242,0.23664118
5243,0.32778555
5244,0.19059907
5245,0.2258688
5246,0.10771367
5247,0.2875375
5248,0.1865311
5249,0.14200246
5250,0.3062925
5251,0.15243444
5252,0.33407927
5253,0.27514762
5254,0.2907177
5255,0.038624644
5256,0.24383081
5257,0.20828831
5258,0.31187445
5259,0.176081
5260,0.15606637
5261,0.12758255
5262,0.18133606
5263,0.38608834
5264,0.36130822
5265,0.32556564
5266,0.37413064
5267,0.41781926
5268,0.2809436
5269,0.37168545
5270,0.31144288
5271,0.3975321
5272,0.31611294
5273,0.37303853
5274,0.25923282
5275,0.40257943
5276,0.3860778
5277,0.37979499
5278,0.32794777
5279,0.3151829
5280,0.32226682
5281,0.28260303
5282,0.32568836
5283,0.4063848
5284,0.30526012
5285,0.3450177
5286,0.33879358
5287,0.21632679
5288,0.28029478
5289,0.3575495
5290,0.39534375
5291,0.2782079
5292,0.30692333
5293,0.3122639
5294,0.45130068
5295,0.25617504
5296,0.258233
5297,0.3211239
5298,0.3041346
5299,0.30584824
5300,0.2841556
5301,0.25205067
5302,0.288055
5303,0.27179623
5304,0.28643185
5305,0.2660531
5306,0.25336978
5307,0.25105178
5308,0.2833518
5309,0.29468417
5310,0.2715106
5311,0.30745184
5312,0.280007
5313,0.2642349
5314,0.32505697
5315,0.27293846
5316,0.33754152
5317,0.28676566
5318,0.33395433
5319,0.30875674
5320,0.37962422
5321,0.41692108
5322,0.42753905
5323,0.41568983
5324,0.47974867
5325,0.38973498
5326,0.34248614
5327,0.35781622
5328,0.43698883
5329,0.3455787
5330,0.38486096
5331,0.38475457
5332,0.321873
5333,0.41980824
5334,0.39161405
5335,0.35289022
5336,0.41160372
5337,0.35142875
5338,0.31653264
5339,0.3969206
5340,0.38227773
5341,0.4102894
5342,0.3742888
5343,0.38670805
5344,0.36039197
5345,0.3840236
5346,0.36868626
5347,0.40357292
5348,0.39867932
5349,0.36046636
5350,0.37939534
5351,0.39352527
5352,0.42356288
5353,0.41890967
5354,0.34861627
5355,0.39563954
5356,0.40989366
5357,0.41105843
5358,0.42453122
5359,0.44087124
5360,0.3898694
5361,0.41982275
5362,0.40538225
5363,0.41313997
5364,0.4517774
5365,0.38363034
5366,0.43766373
5367,0.44710028
5368,0.41552192
5369,0.40325004
5370,0.36495227
5371,0.43559313
5372,0.39576986
5373,0.42454392
5374,0.45162117
5375,0.42843065
5376,0.43748778
5377,0.3718845
5378,0.36683598
5379,0.3735793
5380,0.37493154
5381,0.3544782
5382,0.34678435
5383,0.35250616
5384,0.3302803
5385,0.37227678
5386,0.35745606
5387,0.34639847
5388,0.34207365
5389,0.3644016
5390,0.34598967
5391,0.33653802
5392,0.36921233
5393,0.3655936
5394,0.36033684
5395,0.32305416
5396,0.42543945
5397,0.3614871
5398,0.444748
5399,0.41854057
5400,0.41862324
5401,0.39048555
5402,0.4135472
5403,0.40232724
5404,0.37820464
5405,0.39173606
5406,0.42075944
5407,0.40565765
5408,0.42856765
5409,0.3897841
5410,0.3872332
5411,0.3924608
5412,0.3970693
5413,0.38964814
5414,0.40470672
5415,0.35836285
5416,0.3929965
5417,0.3856555
5418,0.38477734
5419,0.3542737
5420,0.3725562
5421,0.3656531
5422,0.3777618
5423,0.40049586
5424,0.36679107
5425,0.3506663
5426,0.40977186
5427,0.3805843
5428,0.38179308
5429,0.38183182
5430,0.38757473
5431,0.327241
5432,0.3701493
5433,0.3457687
5434,0.36863726
5435,0.36284927
5436,0.32496783
5437,0.3580571
5438,0.34425053
5439,0.34259173
5440,0.3724321
5441,0.3550712
5442,0.31944594
5443,0.34942105
5444,0.35567397
5445,0.3750346
5446,0.36747533
5447,0.36241683
5448,0.35921666
5449,0.30724734
5450,0.33280206
5451,0.3620779
5452,0.32055283
5453,0.35953692
5454,0.35625336
5455,0.3901798
5456,0.38626733
5457,0.356446
5458,0.38902858
5459,0.38365695
5460,0.39245275
5461,0.3717487
5462,0.38462055
5463,0.3973394
5464,0.3835402
5465,0.3763031
5466,0.37107244
5467,0.4045916
5468,0.37420684
5469,0.37773994
5470,0.377474
5471,0.37727967
5472,0.44598472
5473,0.4369147
5474,0.45541
5475,0.41813642
5476,0.4436822
5477,0.41987062
5478,0.42081946
5479,0.4448221
5480,0.42055562
5481,0.42359424
5482,0.47218403
5483,0.43522677
5484,0.4464127
5485,0.45512432
5486,0.44058475
5487,0.44072708
5488,0.40740684
5489,0.4555182
5490,0.39813817
5491,0.39113086
5492,0.37337613
5493,0.36535737
5494,0.42765182
5495,0.4197807
5496,0.38327944
5497,0.3968156
5498,0.38522747
5499,0.40617117
5500,0.41151997
5501,0.37384555
5502,0.4062552
5503,0.41845536
5504,0.39936075
5505,0.41091263
5506,0.41386455
5507,0.40609175
5508,0.40362263
5509,0.39648214
5510,0.37629136
5511,0.40255243
5512,0.3810834
5513,0.40434077
5514,0.39497268
5515,0.35689697
5516,0.38664028
5517,0.40177682
5518,0.3968194
5519,0.40095422
5520,0.38206604
5521,0.41256246
5522,0.3849778
5523,0.40602502
5524,0.39681065
5525,0.3991519
5526,0.36771402
5527,0.38314545
5528,0.36709416
5529,0.40209284
5530,0.4116441
5531,0.37689033
5532,0.3813021
5533,0.41664258
5534,0.3784025
5535,0.35668734
5536,0.4013873
5537,0.4033243
5538,0.370296
5539,0.4302679
5540,0.3982755
5541,0.4081564
5542,0.39806634
5543,0.39374253
5544,0.36936432
5545,0.3855113
5546,0.38700795
5547,0.41092816
5548,0.3699038
5549,0.40665385
5550,0.41351137
5551,0.39105982
5552,0.39051703
5553,0.3922971
5554,0.40853566
5555,0.415964
5556,0.40872848
5557,0.39529255
5558,0.3734465
5559,0.3915126
5560,0.40223664
5561,0.40294877
5562,0.3764863
5563,0.4132238
5564,0.4003938
5565,0.4173154
5566,0.41291434
5567,0.41735804
5568,0.42340854
5569,0.42669588
5570,0.43001693
5571,0.4133541
5572,0.44317806
5573,0.40456012
5574,0.42026874
5575,0.42817906
5576,0.4242442
5577,0.42409647
5578,0.4288163
5579,0.43168288
5580,0.38430005
5581,0.43148005
5582,0.44744572
5583,0.4170389
5584,0.40080777
5585,0.43058914
5586,0.37318292
5587,0.38223597
5588,0.3569155
5589,0.38691482
5590,0.40944973
5591,0.38849705
5592,0.39970952
5593,0.37234038
5594,0.38753006
5595,0.39681566
5596,0.41741547
5597,0.3781652
5598,0.3735017
5599,0.39286226
5600,0.4027002
5601,0.39410466
5602,0.38909605
5603,0.39253274
5604,0.39539623
5605,0.40471226
5606,0.4139487
5607,0.41435575
5608,0.39957884
5609,0.42625433
5610,0.3953584
5611,0.37805963
5612,0.41353893
5613,0.40126136
5614,0.39143735
5615,0.41469744
5616,0.4045635
5617,0.42072988
5618,0.4112292
5619,0.37434033
5620,0.41127905
5621,0.4016778
5622,0.42523378
5623,0.39322105
5624,0.39349538
5625,0.38954082
5626,0.40110838
5627,0.3595494
5628,0.3910671
5629,0.40024447
5630,0.39904156
5631,0.39147636
5632,0.37844214
5633,0.40525335
5634,0.39393497
5635,0.38299778
5636,0.375567
5637,0.41957188
5638,0.38182595
5639,0.39070058
5640,0.41204184
5641,0.40316474
5642,0.42428476
5643,0.38408062
5644,0.37958476
5645,0.40968484
5646,0.40621677
5647,0.38225886
5648,0.41262308
5649,0.37837055
5650,0.37600264
5651,0.39923972
5652,0.40967098
5653,0.39025536
5654,0.37053344
5655,0.39301026
5656,0.3865912
5657,0.4042186
5658,0.38730735
5659,0.40506047
5660,0.3527021
5661,0.39513224
5662,0.39111555
5663,0.39035755
5664,0.39136058
5665,0.39014676
5666,0.3673796
5667,0.3963569
5668,0.39785734
5669,0.41810262
5670,0.38635355
5671,0.38193887
5672,0.42250797
5673,0.38154072
5674,0.40257308
5675,0.39213905
5676,0.38680086
5677,0.40138787
5678,0.4005065
5679,0.37080014
5680,0.34897104
5681,0.34845364
5682,0.39029452
5683,0.3709241
5684,0.36879405
5685,0.38981855
5686,0.38138407
5687,0.38903728
5688,0.3924794
5689,0.37191504
5690,0.39017674
5691,0.38787386
5692,0.36559683
5693,0.39571854
5694,0.38758314
5695,0.3795493
5696,0.35876602
5697,0.39335155
5698,0.3748196
5699,0.36863935
5700,0.40907365
5701,0.39901817
5702,0.39940554
5703,0.4082548
5704,0.38856944
5705,0.4133029
5706,0.3871394
5707,0.38765675
5708,0.37591696
5709,0.4051842
5710,0.4019995
5711,0.40991777
5712,0.39363396
5713,0.41761675
5714,0.36215603
5715,0.38944566
5716,0.40622285
5717,0.41582388
5718,0.38116845
5719,0.3967198
5720,0.4213544
5721,0.40202647
5722,0.40916318
5723,0.38968977
5724,0.41657284
5725,0.39170408
5726,0.38026905
5727,0.3955359
5728,0.4028656
5729,0.43476352
5730,0.40275186
5731,0.4077823
5732,0.3995494
5733,0.37449354
5734,0.3977155
5735,0.38100436
5736,0.38651055
5737,0.40110844
5738,0.40243074
5739,0.39170662
5740,0.41976967
5741,0.39544663
5742,0.374723
5743,0.4112167
5744,0.4056985
5745,0.3954788
5746,0.3884134
5747,0.39810485
5748,0.39387912
5749,0.4073929
5750,0.41102007
5751,0.36676177
5752,0.39969862
5753,0.3715731
5754,0.39840806
5755,0.40525183
5756,0.3896825
5757,0.38552508
5758,0.39467847
5759,0.40804735
5760,0.41744438
5761,0.3965487
5762,0.4011857
5763,0.36421242
5764,0.39290607
5765,0.41724157
5766,0.37585533
5767,0.3855726
5768,0.4017183
5769,0.37701908
5770,0.35944015
5771,0.4114663
5772,0.36176273
5773,0.41259438
5774,0.38118324
5775,0.40594134
5776,0.39220127
5777,0.41524234
5778,0.41903663
5779,0.38422215
5780,0.41782767
5781,0.42405814
5782,0.4209181
5783,0.39626592
5784,0.40499106
5785,0.4053103
5786,0.38513434
5787,0.42204407
5788,0.40845346
5789,0.4236608
5790,0.41513658
5791,0.40311706
5792,0.42487633
5793,0.3999738
5794,0.39797717
5795,0.42945313
5796,0.38610592
5797,0.40354952
5798,0.41129103
5799,0.4132335
5800,0.41998333
5801,0.41364548
5802,0.39689395
5803,0.4050969
5804,0.3965144
5805,0.41862303
5806,0.4069452
5807,0.37949008
5808,0.42144173
5809,0.4119491
5810,0.37685776
5811,0.40334547
5812,0.40549076
5813,0.4060992
5814,0.43349352
5815,0.43479174
5816,0.4438944
5817,0.44522038
5818,0.42383152
5819,0.43214694
5820,0.41661146
5821,0.4242751
5822,0.4430341
5823,0.3983453
5824,0.42420095
5825,0.42193186
5826,0.43305096
5827,0.43451402
5828,0.42167172
5829,0.4372198
5830,0.42661446
5831,0.45016748
5832,0.4423828
5833,0.39022958
5834,0.3756551
5835,0.40105492
5836,0.40493232
5837,0.41203
5838,0.37187526
5839,0.41267288
5840,0.41317996
5841,0.41433278
5842,0.38968712
5843,0.39626393
5844,0.4094302
5845,0.40826547
5846,0.38000885
5847,0.40240186
5848,0.41552418
5849,0.3926762
5850,0.39549404
5851,0.41152757
5852,0.40413544
5853,0.3901607
5854,0.3992907
5855,0.39877903
5856,0.39743024
5857,0.37063557
5858,0.37789133
5859,0.40766752
5860,0.4026167
5861,0.41031674
5862,0.39120916
5863,0.40941444
5864,0.3901837
5865,0.3740242
5866,0.40803504
5867,0.40852603
5868,0.39194214
5869,0.387254
5870,0.39769927
5871,0.40514764
5872,0.41383967
5873,0.40837577
5874,0.40466392
5875,0.37875503
5876,0.41962412
5877,0.40394962
5878,0.40337396
5879,0.4125998
5880,0.39905214
5881,0.40589163
5882,0.4009993
5883,0.3834281
5884,0.40734243
5885,0.39181435
5886,0.3982314
5887,0.41905075
5888,0.37614214
5889,0.40788054
5890,0.37701905
5891,0.36496115
5892,0.40515214
5893,0.4048287
5894,0.39111033
5895,0.41194305
5896,0.37857193
5897,0.394158
5898,0.4109218
5899,0.39841902
5900,0.3945657
5901,0.38446498
5902,0.3998325
5903,0.39954197
5904,0.39318568
5905,0.39705127
5906,0.38810584
5907,0.38078684
5908,0.3968468
5909,0.4173592
5910,0.41832957
5911,0.37980875
5912,0.4282486
5913,0.39752343
5914,0.40169898
5915,0.41854417
5916,0.38493767
5917,0.41061
5918,0.40851957
5919,0.39772993
5920,0.4120123
5921,0.41824332
5922,0.40657172
5923,0.4081306
5924,0.38648298
5925,0.40206525
5926,0.41769478
5927,0.4046658
5928,0.41151065
5929,0.3732518
5930,0.40368715
5931,0.39461115
5932,0.39361843
5933,0.3733335
5934,0.40667373
5935,0.39998603
5936,0.40475732
5937,0.389186
5938,0.4124864
5939,0.41158324
5940,0.37974826
5941,0.40966237
5942,0.40249482
5943,0.39794418
5944,0.38696748
5945,0.41602412
5946,0.39743778
5947,0.4091427
5948,0.39549968
5949,0.41031873
5950,0.4099816
5951,0.41898388
5952,0.4071151
5953,0.4179947
5954,0.3978829
5955,0.40708163
5956,0.41422924
5957,0.4115788
5958,0.38785657
5959,0.4011022
5960,0.4164354
5961,0.40098017
5962,0.416447
5963,0.41685557
5964,0.42011812
5965,0.37934893
5966,0.4136316
5967,0.3905598
5968,0.39644232
5969,0.41166055
5970,0.4067421
5971,0.37979713
5972,0.41884664
5973,0.4039761
5974,0.41137066
5975,0.39481953
5976,0.40823948
5977,0.4065465
5978,0.41932425
5979,0.37953812
5980,0.4043765
5981,0.40398178
5982,0.40801182
5983,0.4082224
5984,0.40391865
5985,0.40832257
5986,0.41137835
5987,0.42097816
5988,0.40585187
5989,0.40976268
5990,0.39239034
5991,0.4045936
5992,0.42198506
5993,0.37747487
5994,0.38724393
5995,0.42152405
5996,0.4030573
5997,0.41157255
5998,0.414754
5999,0.4068089
6000,0.4087144
6001,0.39093667
6002,0.3990194
6003,0.4064922
6004,0.3963346
6005,0.37646464
6006,0.3924668
6007,0.40097013
6008,0.40188235
6009,0.39300558
6010,0.40685147
6011,0.38694915
6012,0.387931
6013,0.40198463
6014,0.3706243
6015,0.37396747
6016,0.3986171
6017,0.40745726
6018,0.3895617
6019,0.4115516
6020,0.40866318
6021,0.39394185
6022,0.40614903
6023,0.3875621
6024,0.4081719
6025,0.4108596
6026,0.41247442
6027,0.40025303
6028,0.42068604
6029,0.4080552
6030,0.38519022
6031,0.3927709
6032,0.41110387
6033,0.40521196
6034,0.430291
6035,0.40355706
6036,0.4106246
6037,0.41174898
6038,0.40144038
6039,0.41819632
6040,0.3791155
6041,0.4061386
6042,0.4266387
6043,0.4173267
6044,0.4181804
6045,0.4107915
6046,0.42781556
6047,0.3966546
6048,0.41181633
6049,0.42661276
6050,0.42666715
6051,0.39932218
6052,0.38098446
6053,0.42796528
6054,0.42255569
6055,0.4224181
6056,0.4144909
6057,0.41812003
6058,0.39899814
6059,0.40786254
6060,0.4056335
6061,0.38279533
6062,0.40151775
6063,0.40920484
6064,0.41031542
6065,0.40653476
6066,0.38819095
6067,0.41153237
6068,0.40448493
6069,0.3784529
6070,0.41269806
6071,0.3977055
6072,0.3908976
6073,0.4049574
6074,0.40135023
6075,0.40492192
6076,0.40092164
6077,0.39975277
6078,0.39954013
6079,0.36974645
6080,0.41302827
6081,0.40570697
6082,0.40980503
6083,0.3700473
6084,0.41457918
6085,0.42149487
6086,0.41116056
6087,0.43721446
6088,0.38584238
6089,0.41055566
6090,0.4141632
6091,0.4251894
6092,0.39641628
6093,0.40232265
6094,0.41807926
6095,0.3937955
6096,0.4126542
6097,0.40653184
6098,0.4099093
6099,0.3980656
6100,0.38526562
6101,0.4144889
6102,0.40345493
6103,0.4052751
6104,0.414667
6105,0.399306
6106,0.41674945
6107,0.39489052
6108,0.39081806
6109,0.41699198
6110,0.4078767
6111,0.38872012
6112,0.40941545
6113,0.4077783
6114,0.41914916
6115,0.37302914
6116,0.40494332
6117,0.4015206
6118,0.3983255
6119,0.38686717
6120,0.4101518
6121,0.4090329
6122,0.41700628
6123,0.3825385
6124,0.3965181
6125,0.40014967
6126,0.39354047
6127,0.41307315
6128,0.40387875
6129,0.40006953
6130,0.4105166
6131,0.37807447
6132,0.39971468
6133,0.40330002
6134,0.37653643
6135,0.40026188
6136,0.40257257
6137,0.41059673
6138,0.40439263
6139,0.4029269
6140,0.4045872
6141,0.4281494
6142,0.40735805
6143,0.3695439
6144,0.4154705
6145,0.4051217
6146,0.39268562
6147,0.41013536
6148,0.39100662
6149,0.40547508
6150,0.3981393
6151,0.38977313
6152,0.406677
6153,0.40474114
6154,0.384224
6155,0.40678608
6156,0.40782207
6157,0.40313885
6158,0.42185467
6159,0.40364695
6160,0.43755162
6161,0.41384614
6162,0.41756094
6163,0.40407857
6164,0.42546177
6165,0.403725
6166,0.41931903
6167,0.42312396
6168,0.39619967
6169,0.40524969
6170,0.42024592
6171,0.4145694
6172,0.39458358
6173,0.39263064
6174,0.40799925
6175,0.40839356
6176,0.41549382
6177,0.4028286
6178,0.39492378
6179,0.41481736
6180,0.3765018
6181,0.4158063
6182,0.42461932
6183,0.4058011
6184,0.41958714
6185,0.4224456
6186,0.38541192
6187,0.41505492
6188,0.4121715
6189,0.40937817
6190,0.41813427
6191,0.39080143
6192,0.4021718
6193,0.41169226
6194,0.39346763
6195,0.3825729
6196,0.3968919
6197,0.3887511
6198,0.39944187
6199,0.39652663
6200,0.39958686
6201,0.38153642
6202,0.37269408
6203,0.38101357
6204,0.38991275
6205,0.40911064
6206,0.3921441
6207,0.36441064
6208,0.3771202
6209,0.392711
6210,0.3964722
6211,0.39609227
6212,0.3854391
6213,0.40388885
6214,0.40156293
6215,0.406206
6216,0.3967615
6217,0.37280452
6218,0.39283773
6219,0.39995706
6220,0.40315944
6221,0.3822225
6222,0.4030808
6223,0.40473732
6224,0.37640578
6225,0.38962606
6226,0.40423086
6227,0.38830006
6228,0.38854396
6229,0.40026972
6230,0.40285435
6231,0.4094331
6232,0.4164458
6233,0.39304727
6234,0.40876624
6235,0.4138675
6236,0.41638997
6237,0.42071566
6238,0.39002886
6239,0.42646682
6240,0.41289172
6241,0.41845095
6242,0.39844513
6243,0.41744512
6244,0.41756332
6245,0.40781385
6246,0.4029612
6247,0.3759157
6248,0.40756252
6249,0.41145983
6250,0.38878998
6251,0.40714464
6252,0.4138552
6253,0.38441122
6254,0.40226623
6255,0.39860654
6256,0.37228423
6257,0.420531
6258,0.40808287
6259,0.3875501
6260,0.40516
6261,0.40275764
6262,0.40203193
6263,0.39061335
6264,0.41735187
6265,0.40180513
6266,0.3919544
6267,0.4046178
6268,0.40986052
6269,0.39044634
6270,0.42227218
6271,0.4144655
6272,0.39816836
6273,0.42132565
6274,0.41537002
6275,0.42359954
6276,0.4180509
6277,0.39715746
6278,0.41261062
6279,0.3844619
6280,0.39405996
6281,0.41600358
6282,0.42161253
6283,0.39747107
6284,0.4202614
6285,0.41943026
6286,0.41317657
6287,0.41466507
6288,0.42776224
6289,0.4171146
6290,0.37921432
6291,0.39832866
6292,0.38239253
6293,0.4027744
6294,0.38346803
6295,0.39582595
6296,0.3969694
6297,0.37500432
6298,0.41204444
6299,0.40228415
6300,0.37751043
6301,0.40283418
6302,0.40126732
6303,0.39467508
6304,0.38999707
6305,0.367443
6306,0.39683312
6307,0.39392996
6308,0.3774575
6309,0.4001783
6310,0.39393246
6311,0.39181328
6312,0.39472032
6313,0.36098945
6314,0.3924227
6315,0.39366254
6316,0.39480928
6317,0.40331745
6318,0.36787772
6319,0.3767395
6320,0.39482898
6321,0.3954343
6322,0.38980088
6323,0.38204938
6324,0.39914733
6325,0.38984287
6326,0.39637074
6327,0.3702613
6328,0.38993862
6329,0.37155196
6330,0.39726576
6331,0.39265427
6332,0.39820242
6333,0.38226652
6334,0.39504272
6335,0.40762308
6336,0.4018569
6337,0.39583698
6338,0.3961301
6339,0.39825818
6340,0.39981106
6341,0.39258575
6342,0.39212844
6343,0.41055694
6344,0.36584544
6345,0.39507946
6346,0.39656186
6347,0.4053641
6348,0.39700878
6349,0.40585956
6350,0.383108
6351,0.39755228
6352,0.3896311
6353,0.4097698
6354,0.38366613
6355,0.39034507
6356,0.40911993
6357,0.40531987
6358,0.36285847
6359,0.40411693
6360,0.40257785
6361,0.40247008
6362,0.3816648
6363,0.39389405
6364,0.3995771
6365,0.4092922
6366,0.40276864
6367,0.38261375
6368,0.4089852
6369,0.41468072
6370,0.41023472
6371,0.39079982
6372,0.40474245
6373,0.37785438
6374,0.39851728
6375,0.40515485
6376,0.4021592
6377,0.39068106
6378,0.40961364
6379,0.4032498
6380,0.41190317
6381,0.4052142
6382,0.3699404
6383,0.4157227
6384,0.4070384
6385,0.39236805
6386,0.40598947
6387,0.4014542
6388,0.40811443
6389,0.4152807
6390,0.39290228
6391,0.4099878
6392,0.39714077
6393,0.38097987
6394,0.41536522
6395,0.3996481
6396,0.38676444
6397,0.3682094
6398,0.40745038
6399,0.4138939
6400,0.42030686
6401,0.41010696
6402,0.40832183
6403,0.3880639
6404,0.3669303
6405,0.40860993
6406,0.4198713
6407,0.39009452
6408,0.39246
6409,0.3887611
6410,0.42425963
6411,0.40867367
6412,0.40997145
6413,0.40114734
6414,0.41990834
6415,0.4166181
6416,0.41867483
6417,0.41508248
6418,0.4044653
6419,0.39738727
6420,0.37911507
6421,0.39380977
6422,0.4028733
6423,0.40562308
6424,0.3713746
6425,0.40377063
6426,0.40320507
6427,0.40786436
6428,0.3920778
6429,0.4032069
6430,0.40762138
6431,0.4126293
6432,0.3837274
6433,0.40394977
6434,0.40548506
6435,0.39216745
6436,0.40828657
6437,0.41159266
6438,0.40539685
6439,0.38152853
6440,0.40123782
6441,0.39051294
6442,0.37661728
6443,0.36061943
6444,0.39957243
6445,0.4025732
6446,0.38959712
6447,0.40994015
6448,0.37708718
6449,0.39438602
6450,0.3914333
6451,0.39208743
6452,0.3970924
6453,0.37984285
6454,0.39687842
6455,0.39596987
6456,0.39387235
6457,0.39713696
6458,0.397933
6459,0.37999007
6460,0.3963718
6461,0.40067995
6462,0.3946023
6463,0.40127856
6464,0.40881276
6465,0.38780707
6466,0.4047555
6467,0.37683824
6468,0.39031836
6469,0.38181758
6470,0.41056806
6471,0.39255345
6472,0.3832318
6473,0.4041484
6474,0.39371487
6475,0.40160298
6476,0.3708785
6477,0.4001035
6478,0.39345488
6479,0.38570666
6480,0.37409082
6481,0.34655285
6482,0.37080494
6483,0.38367358
6484,0.3974076
6485,0.38111082
6486,0.3941017
6487,0.39474598
6488,0.3926005
6489,0.3781533
6490,0.35038817
6491,0.39909616
6492,0.36372253
6493,0.40028298
6494,0.35112137
6495,0.36074096
6496,0.39610627
6497,0.37676013
6498,0.42229748
6499,0.3880513
6500,0.4129869
6501,0.41667947
6502,0.40785626
6503,0.42246637
6504,0.39831236
6505,0.40570673
6506,0.42315745
6507,0.42259154
6508,0.4079713
6509,0.40728846
6510,0.40474162
6511,0.42404592
6512,0.4170833
6513,0.40917155
6514,0.41124678
6515,0.38245124
6516,0.38907105
6517,0.39967307
6518,0.41042727
6519,0.39697498
6520,0.41088253
6521,0.41127008
6522,0.40644693
6523,0.3861121
6524,0.41148376
6525,0.4211243
6526,0.41017395
6527,0.40401372
6528,0.39649796
6529,0.40671992
6530,0.40709153
6531,0.40787977
6532,0.38609946
6533,0.41043273
6534,0.404157
6535,0.37983733
6536,0.40115926
6537,0.400968
6538,0.41913897
6539,0.36985734
6540,0.39342844
6541,0.36867642
6542,0.39184126
6543,0.40122774
6544,0.41328734
6545,0.3981951
6546,0.4081485
6547,0.3683901
6548,0.40548858
6549,0.38491765
6550,0.3933515
6551,0.40611506
6552,0.3872041
6553,0.41885403
6554,0.40660274
6555,0.4717858
6556,0.39369762
6557,0.44683707
6558,0.42753175
6559,0.39515927
6560,0.4629823
6561,0.42209014
6562,0.45543292
6563,0.41197136
6564,0.45008585
6565,0.45635465
6566,0.45708796
6567,0.44020694
6568,0.41099483
6569,0.39775664
6570,0.45898986
6571,0.4465301
6572,0.39172933
6573,0.4557824
6574,0.3831826
6575,0.40468535
6576,0.40392005
6577,0.40665013
6578,0.4009109
6579,0.39304224
6580,0.4097346
6581,0.41783288
6582,0.38029864
6583,0.40476224
6584,0.4041169
6585,0.40645787
6586,0.3974074
6587,0.41442814
6588,0.41265786
6589,0.40740237
6590,0.4011378
6591,0.38658056
6592,0.40884948
6593,0.37977
6594,0.386846
6595,0.3895271
6596,0.36595306
6597,0.3835246
6598,0.3832239
6599,0.39305386
6600,0.39240122
6601,0.37602723
6602,0.39142618
6603,0.3914402
6604,0.36377466
6605,0.3911817
6606,0.37644044
6607,0.36864814
6608,0.3964399
6609,0.38851228
6610,0.37874424
6611,0.36473572
6612,0.3831341
6613,0.3855773
6614,0.40600204
6615,0.40142155
6616,0.3869526
6617,0.4025899
6618,0.3973401
6619,0.36489344
6620,0.39989296
6621,0.37892702
6622,0.37956628
6623,0.4060829
6624,0.38491538
6625,0.39688194
6626,0.4023657
6627,0.36275086
6628,0.39594948
6629,0.39467528
6630,0.38141564
6631,0.35424075
6632,0.35528988
6633,0.38035476
6634,0.39650786
6635,0.3980872
6636,0.38780528
6637,0.3957773
6638,0.39836696
6639,0.36287904
6640,0.3889785
6641,0.40198106
6642,0.3663286
6643,0.3794395
6644,0.41992784
6645,0.36538634
6646,0.4181988
6647,0.4164775
6648,0.37464792
6649,0.3935768
6650,0.37848535
6651,0.39874423
6652,0.40973532
6653,0.38667068
6654,0.4151495
6655,0.37792867
6656,0.3883109
6657,0.40680972
6658,0.41400355
6659,0.39516193
6660,0.3880994
6661,0.39965743
6662,0.41257772
6663,0.3974418
6664,0.3927509
6665,0.35959315
6666,0.41112575
6667,0.36702698
6668,0.36480844
6669,0.42072603
6670,0.40420243
6671,0.40771788
6672,0.4053863
6673,0.39438993
6674,0.39397758
6675,0.4344945
6676,0.424121
6677,0.4075319
6678,0.43255088
6679,0.40141603
6680,0.41830122
6681,0.39652884
6682,0.4168489
6683,0.4331889
6684,0.4351756
6685,0.37012523
6686,0.4037302
6687,0.38524827
6688,0.45085806
6689,0.3794701
6690,0.43046167
6691,0.42780587
6692,0.43578732
6693,0.436484
6694,0.43889803
6695,0.41287747
6696,0.39942047
6697,0.43392512
6698,0.3968161
6699,0.44015118
6700,0.4093938
6701,0.41092965
6702,0.4320278
6703,0.4082873
6704,0.45104033
6705,0.43567356
6706,0.39008456
6707,0.3705948
6708,0.3613893
6709,0.40006822
6710,0.40509957
6711,0.4032928
6712,0.390195
6713,0.3753081
6714,0.38897145
6715,0.41478997
6716,0.37571743
6717,0.41166154
6718,0.38976008
6719,0.4079831
6720,0.41169786
6721,0.39132607
6722,0.39606783
6723,0.40397376
6724,0.4081201
6725,0.40707347
6726,0.3101829
6727,0.3596436
6728,0.36023006
6729,0.37183827
6730,0.36758345
6731,0.36501947
6732,0.3843827
6733,0.3553446
6734,0.33640414
6735,0.37701344
6736,0.3471869
6737,0.34063423
6738,0.3681392
6739,0.34195998
6740,0.38228574
6741,0.38051066
6742,0.3662821
6743,0.34697407
6744,0.33029768
6745,0.4008836
6746,0.3750014
6747,0.35238886
6748,0.39181352
6749,0.3901679
6750,0.38202164
6751,0.3948702
6752,0.38250974
6753,0.3629282
6754,0.3730899
6755,0.39475
6756,0.39424953
6757,0.3826382
6758,0.36929438
6759,0.370103
6760,0.3756073
6761,0.3863407
6762,0.34682864
6763,0.3653642
6764,0.35554782
6765,0.38364336
6766,0.36319378
6767,0.37174731
6768,0.3933596
6769,0.36194953
6770,0.35117406
6771,0.36771366
6772,0.35094184
6773,0.3429894
6774,0.34032542
6775,0.36303276
6776,0.35698974
6777,0.3910477
6778,0.3428691
6779,0.34560657
6780,0.38703516
6781,0.36386985
6782,0.33987018
6783,0.38167337
6784,0.34719047
6785,0.3959617
6786,0.3440975
6787,0.36782926
6788,0.3933552
6789,0.3674442
6790,0.36046705
6791,0.38442197
6792,0.38726464
6793,0.34462422
6794,0.3516201
6795,0.358353
6796,0.40032426
6797,0.35277584
6798,0.33957663
6799,0.34023088
6800,0.39817387
6801,0.34836704
6802,0.3334482
6803,0.34183818
6804,0.35815758
6805,0.3652244
6806,0.3826556
6807,0.40233496
6808,0.38067272
6809,0.3536766
6810,0.36446005
6811,0.36873177
6812,0.34345114
6813,0.35120383
6814,0.36744547
6815,0.34322184
6816,0.39790204
6817,0.36938322
6818,0.3266579
6819,0.39070666
6820,0.33608413
6821,0.39385518
6822,0.43703216
6823,0.41786042
6824,0.40111753
6825,0.4327896
6826,0.427245
6827,0.424996
6828,0.42795438
6829,0.4018969
6830,0.4101748
6831,0.45657456
6832,0.45866758
6833,0.4315455
6834,0.41449732
6835,0.410922
6836,0.42240342
6837,0.43886557
6838,0.41179943
6839,0.4491578
6840,0.40237695
6841,0.43052793
6842,0.4395581
6843,0.42662537
6844,0.41268787
6845,0.41216433
6846,0.39233133
6847,0.39650175
6848,0.41447103
6849,0.39606664
6850,0.4176676
6851,0.44036266
6852,0.39888218
6853,0.40640804
6854,0.44671896
6855,0.41165787
6856,0.39795578
6857,0.42758954
6858,0.46120578
6859,0.39944524
6860,0.415363
6861,0.37557533
6862,0.39001247
6863,0.39416242
6864,0.39973077
6865,0.39418063
6866,0.3987561
6867,0.4194874
6868,0.4171751
6869,0.39130276
6870,0.37809175
6871,0.37944552
6872,0.3981847
6873,0.36071673
6874,0.3982815
6875,0.40605024
6876,0.36530766
6877,0.37693352
6878,0.3616364
6879,0.37477732
6880,0.38968217
6881,0.37246937
6882,0.39330834
6883,0.42001066
6884,0.39672434
6885,0.36756018
6886,0.38954592
6887,0.37946135
6888,0.38556004
6889,0.41160768
6890,0.39318678
6891,0.3864591
6892,0.39940548
6893,0.35636175
6894,0.37774748
6895,0.39295453
6896,0.3889936
6897,0.36324006
6898,0.39705557
6899,0.39214322
6900,0.36951816
6901,0.40580326
6902,0.3980537
6903,0.39906296
6904,0.41426498
6905,0.40342203
6906,0.38637623
6907,0.3897863
6908,0.38017106
6909,0.41623384
6910,0.41620448
6911,0.4020512
6912,0.38576284
6913,0.39857364
6914,0.40941784
6915,0.4012656
6916,0.36762697
6917,0.39096192
6918,0.3874112
6919,0.39731523
6920,0.37658855
6921,0.379594
6922,0.3824544
6923,0.3916069
6924,0.37447172
6925,0.3646881
6926,0.36395085
6927,0.39760986
6928,0.35883316
6929,0.38804787
6930,0.3970493
6931,0.3906033
6932,0.37695798
6933,0.35115308
6934,0.39183033
6935,0.4160995
6936,0.39925292
6937,0.37741655
6938,0.41016203
6939,0.40124384
6940,0.41419262
6941,0.4180163
6942,0.40625206
6943,0.37147945
6944,0.38842335
6945,0.41490284
6946,0.39521623
6947,0.40886712
6948,0.4142872
6949,0.4061471
6950,0.36966422
6951,0.37404436
6952,0.3948126
6953,0.40267923
6954,0.35576093
6955,0.4005097
6956,0.3900614
6957,0.36820394
6958,0.40012255
6959,0.39468622
6960,0.40654588
6961,0.41000545
6962,0.385308
6963,0.37562183
6964,0.36598077
6965,0.41249442
6966,0.3855182
6967,0.3719699
6968,0.40156066
6969,0.3851967
6970,0.41488618
6971,0.40179676
6972,0.4050086
6973,0.37693498
6974,0.39991167
6975,0.3925062
6976,0.38594884
6977,0.3661267
6978,0.40078503
6979,0.3926957
6980,0.40118513
6981,0.4056792
6982,0.3982983
6983,0.37616366
6984,0.38591298
6985,0.41015148
6986,0.38757855
6987,0.4017753
6988,0.40300053
6989,0.3900249
6990,0.37488225
6991,0.41545862
6992,0.38989398
6993,0.35245523
6994,0.39688158
6995,0.35194644
6996,0.37154815
6997,0.37925556
6998,0.38807502
6999,0.3953366
7000,0.37907115
7001,0.3962704
7002,0.38942134
7003,0.3920815
7004,0.4035471
7005,0.37302062
7006,0.3700288
7007,0.4005467
7008,0.37207595
7009,0.40046555
7010,0.36405373
7011,0.37879047
7012,0.4069594
7013,0.4218761
7014,0.3574574
7015,0.35810596
7016,0.40826052
7017,0.37775066
7018,0.4161497
7019,0.3852908
7020,0.3996023
7021,0.40187788
7022,0.41742286
7023,0.39231312
7024,0.398949
7025,0.40874875
7026,0.3737085
7027,0.40018502
7028,0.37140658
7029,0.3954599
7030,0.3931494
7031,0.38751215
7032,0.37364498
7033,0.3963892
7034,0.40734047
7035,0.4080579
7036,0.3890066
7037,0.43338618
7038,0.37850988
7039,0.37443388
7040,0.40474594
7041,0.42192638
7042,0.41029012
7043,0.40535837
7044,0.4115287
7045,0.41023082
7046,0.38028145
7047,0.40154013
7048,0.402455
7049,0.4102256
7050,0.39216265
7051,0.4237373
7052,0.4387604
7053,0.41526207
7054,0.4281792
7055,0.41425666
7056,0.42274505
7057,0.424177
7058,0.39685634
7059,0.40432456
7060,0.4397629
7061,0.43039966
7062,0.37951985
7063,0.40712506
7064,0.3925551
7065,0.43504307
7066,0.4088421
7067,0.4252647
7068,0.3952445
7069,0.37741357
7070,0.3586558
7071,0.38055992
7072,0.3867505
7073,0.40343824
7074,0.4126776
7075,0.3957835
7076,0.4132537
7077,0.36082593
7078,0.3609953
7079,0.415757
7080,0.3743891
7081,0.40923926
7082,0.40036193
7083,0.36963686
7084,0.41074514
7085,0.39322552
7086,0.3839252
7087,0.39288598
7088,0.38759297
7089,0.44021428
7090,0.436679
7091,0.40129814
7092,0.42987728
7093,0.41391417
7094,0.4412591
7095,0.44668064
7096,0.39348942
7097,0.42280713
7098,0.40652576
7099,0.3861851
7100,0.42118242
7101,0.42686054
7102,0.44893378
7103,0.4293788
7104,0.4311005
7105,0.43284473
7106,0.42224407
7107,0.39067218
7108,0.4315794
7109,0.4317562
7110,0.43299502
7111,0.40547875
7112,0.40106547
7113,0.43063208
7114,0.42622226
7115,0.39651567
7116,0.4441423
7117,0.41527808
7118,0.429538
7119,0.42653906
7120,0.41465798
7121,0.41074154
7122,0.3825791
7123,0.40215588
7124,0.42027184
7125,0.44966024
7126,0.41189256
7127,0.392376
7128,0.42373753
7129,0.44279346
7130,0.4584259
7131,0.43552208
7132,0.4278042
7133,0.4418456
7134,0.39764202
7135,0.40668482
7136,0.4543607
7137,0.39575687
7138,0.4223693
7139,0.4355247
7140,0.43931758
7141,0.4248172
7142,0.44233117
7143,0.40143415
7144,0.37920642
7145,0.38247058
7146,0.43874317
7147,0.43556294
7148,0.38864875
7149,0.42565876
7150,0.42027116
7151,0.3991018
7152,0.38178444
7153,0.37504998
7154,0.4393871
7155,0.42992643
7156,0.42789724
7157,0.46874225
7158,0.4182606
7159,0.39337784
7160,0.46288577
7161,0.43669903
7162,0.4295554
7163,0.38620687
7164,0.4288996
7165,0.41871747
7166,0.4023914
7167,0.4234772
7168,0.40444013
7169,0.39182857
7170,0.41914842
7171,0.4157753
7172,0.3851964
7173,0.41676587
7174,0.4277693
7175,0.4041361
7176,0.42253414
7177,0.42251512
7178,0.41359857
7179,0.38518816
7180,0.40166155
7181,0.41684318
7182,0.38747972
7183,0.39925745
7184,0.3889168
7185,0.40606025
7186,0.3866002
7187,0.38146916
7188,0.40121895
7189,0.36818105
7190,0.39240602
7191,0.4088893
7192,0.38825306
7193,0.40738755
7194,0.40126052
7195,0.39238787
7196,0.38926715
7197,0.36712953
7198,0.39573514
7199,0.39756915
7200,0.37370962
7201,0.38696954
7202,0.403846
7203,0.40683353
7204,0.39376482
7205,0.39428762
7206,0.4010456
7207,0.37455985
7208,0.40916768
7209,0.3864659
7210,0.41067606
7211,0.38373926
7212,0.40110847
7213,0.3895949
7214,0.4068933
7215,0.40316325
7216,0.37076837
7217,0.39864686
7218,0.3821036
7219,0.36640567
7220,0.36304608
7221,0.38295275
7222,0.39522895
7223,0.4045343
7224,0.40699568
7225,0.3947143
7226,0.40133423
7227,0.39182675
7228,0.38639924
7229,0.39246428
7230,0.40080953
7231,0.40868717
7232,0.37899062
7233,0.38226295
7234,0.3811819
7235,0.40640685
7236,0.36884817
7237,0.36774927
7238,0.40020567
7239,0.373922
7240,0.3985735
7241,0.40339237
7242,0.40623033
7243,0.39274314
7244,0.39344776
7245,0.4038823
7246,0.37907067
7247,0.395912
7248,0.41708878
7249,0.40364277
7250,0.39530334
7251,0.401568
7252,0.39761978
7253,0.4109052
7254,0.3696972
7255,0.39629215
7256,0.40927944
7257,0.40215528
7258,0.42316744
7259,0.38194266
7260,0.39815855
7261,0.42487764
7262,0.4081115
7263,0.40663308
7264,0.41531336
7265,0.39484054
7266,0.42010835
7267,0.39622462
7268,0.44392294
7269,0.38502243
7270,0.41713232
7271,0.41709015
7272,0.42539957
7273,0.4041524
7274,0.4059068
7275,0.41072145
7276,0.41804558
7277,0.3909573
7278,0.408398
7279,0.38314807
7280,0.4219308
7281,0.4126201
7282,0.4180586
7283,0.4121768
7284,0.39451572
7285,0.4002074
7286,0.4200956
7287,0.43299642
7288,0.40955487
7289,0.41656455
7290,0.39522368
7291,0.42341414
7292,0.41340622
7293,0.4138483
7294,0.4126796
7295,0.42041454
7296,0.39493513
7297,0.4170135
7298,0.40026912
7299,0.40683162
7300,0.3786954
7301,0.40516952
7302,0.38623682
7303,0.40665773
7304,0.3743909
7305,0.3873068
7306,0.41820246
7307,0.3907059
7308,0.4060732
7309,0.39497763
7310,0.41482127
7311,0.4072063
7312,0.4061641
7313,0.39428586
7314,0.3657033
7315,0.39897662
7316,0.41986582
7317,0.3855074
7318,0.42315596
7319,0.41759273
7320,0.4116888
7321,0.39560357
7322,0.41130263
7323,0.41309732
7324,0.41289723
7325,0.37344313
7326,0.4080205
7327,0.40837958
7328,0.4128571
7329,0.3972517
7330,0.41290915
7331,0.41893244
7332,0.41529748
7333,0.4115184
7334,0.41357914
7335,0.38043147
7336,0.40294117
7337,0.39180434
7338,0.3855325
7339,0.37265298
7340,0.38417843
7341,0.40164995
7342,0.3811818
7343,0.39975524
7344,0.39550182
7345,0.39266947
7346,0.4012499
7347,0.38170275
7348,0.39666125
7349,0.367995
7350,0.39357355
7351,0.39219636
7352,0.39991584
7353,0.4191692
7354,0.43897253
7355,0.42243692
7356,0.4229817
7357,0.43290216
7358,0.41588634
7359,0.42203864
7360,0.44414085
7361,0.43149537
7362,0.43407297
7363,0.42986685
7364,0.42928815
7365,0.4345488
7366,0.4154813
7367,0.42124754
7368,0.40999705
7369,0.39452285
7370,0.42765304
7371,0.42577133
7372,0.4159733
7373,0.4123183
7374,0.38255027
7375,0.40755403
7376,0.39771897
7377,0.4182074
7378,0.410058
7379,0.41193345
7380,0.41487116
7381,0.39707366
7382,0.402056
7383,0.3936284
7384,0.39347735
7385,0.42684644
7386,0.4148116
7387,0.395735
7388,0.41185156
7389,0.39365807
7390,0.4126199
7391,0.39458075
7392,0.3813556
7393,0.38027087
7394,0.37249288
7395,0.34867203
7396,0.38610852
7397,0.3799799
7398,0.38115945
7399,0.3620952
7400,0.37451515
7401,0.38793445
7402,0.37033302
7403,0.3805033
7404,0.40895155
7405,0.3761148
7406,0.4057647
7407,0.3604402
7408,0.38466066
7409,0.36957964
7410,0.40162298
7411,0.39145103
7412,0.39407283
7413,0.40763694
7414,0.40717685
7415,0.38768616
7416,0.39691326
7417,0.38957885
7418,0.3857388
7419,0.3985162
7420,0.41516536
7421,0.39062867
7422,0.40053222
7423,0.4155351
7424,0.4192522
7425,0.42549548
7426,0.41324958
7427,0.3809782
7428,0.40588233
7429,0.44187456
7430,0.43481052
7431,0.41054583
7432,0.443706
7433,0.422454
7434,0.45644107
7435,0.4098017
7436,0.41703922
7437,0.4319302
7438,0.410203
7439,0.43014508
7440,0.43232247
7441,0.4273672
7442,0.4471988
7443,0.4107888
7444,0.4218391
7445,0.43003988
7446,0.42957342
7447,0.42558455
7448,0.38429242
7449,0.36134377
7450,0.38158476
7451,0.39485982
7452,0.3922178
7453,0.37569365
7454,0.39613864
7455,0.38468513
7456,0.36859033
7457,0.37949097
7458,0.3792556
7459,0.38075745
7460,0.37456453
7461,0.39324412
7462,0.39207092
7463,0.3893511
7464,0.3908276
7465,0.3699653
7466,0.39553902
7467,0.3806706
7468,0.4062481
7469,0.39965403
7470,0.4099529
7471,0.3858502
7472,0.41680005
7473,0.40461704
7474,0.40784594
7475,0.4080212
7476,0.3895262
7477,0.39906928
7478,0.3818625
7479,0.4237589
7480,0.40339482
7481,0.40850553
7482,0.39132148
7483,0.40783525
7484,0.42472726
7485,0.40311876
7486,0.4112631
7487,0.383079
7488,0.4115595
7489,0.41154644
7490,0.42611274
7491,0.4193512
7492,0.42170635
7493,0.39295015
7494,0.41813725
7495,0.42542827
7496,0.4179559
7497,0.41726625
7498,0.40124732
7499,0.42254654
7500,0.40318286
7501,0.41813806
7502,0.4203644
7503,0.4365586
7504,0.3946872
7505,0.39828345
7506,0.41741732
7507,0.3758773
7508,0.40951136
7509,0.4120201
7510,0.416857
7511,0.41393173
7512,0.39868474
7513,0.4110951
7514,0.41064683
7515,0.42089492
7516,0.4180187
7517,0.40467882
7518,0.3879786
7519,0.41703913
7520,0.40387523
7521,0.3889753
7522,0.3907937
7523,0.40880448
7524,0.3982602
7525,0.39653045
7526,0.38585654
7527,0.4062521
7528,0.41212028
7529,0.41123658
7530,0.39805582
7531,0.41866896
7532,0.38674283
7533,0.40480843
7534,0.41192892
7535,0.4024458
7536,0.38463265
7537,0.4247669
7538,0.400016
7539,0.41418287
7540,0.3742339
7541,0.40692693
7542,0.41860688
7543,0.40956485
7544,0.3978231
7545,0.4056053
7546,0.39055032
7547,0.40630388
7548,0.4062136
7549,0.40617928
7550,0.38051784
7551,0.40059277
7552,0.40129068
7553,0.40937665
7554,0.3717679
7555,0.39140856
7556,0.42071146
7557,0.4039796
7558,0.40437415
7559,0.37018025
7560,0.39084363
7561,0.4071838
7562,0.42653623
7563,0.4320144
7564,0.3754133
7565,0.43170735
7566,0.4469635
7567,0.40697184
7568,0.41523147
7569,0.426647
7570,0.39894143
7571,0.38925755
7572,0.399033
7573,0.42003646
7574,0.42689362
7575,0.4336047
7576,0.42234814
7577,0.41701674
7578,0.43634373
7579,0.42988384
7580,0.40116996
7581,0.366645
7582,0.39039722
7583,0.42676383
7584,0.42425948
7585,0.38501674
7586,0.37358847
7587,0.3894492
7588,0.39482158
7589,0.3729884
7590,0.38908935
7591,0.39036155
7592,0.38738188
7593,0.36019716
7594,0.39272323
7595,0.38634822
7596,0.39340758
7597,0.3968273
7598,0.3572047
7599,0.361867
7600,0.4092005
7601,0.3949736
7602,0.39551055
7603,0.41521558
7604,0.4077203
7605,0.4023623
7606,0.40629935
7607,0.41475162
7608,0.40238228
7609,0.3935522
7610,0.418514
7611,0.38709876
7612,0.37437645
7613,0.36338276
7614,0.41409537
7615,0.39436603
7616,0.39809066
7617,0.3786865
7618,0.37785628
7619,0.396958
7620,0.38433373
7621,0.3743603
7622,0.39055312
7623,0.4188122
7624,0.39690912
7625,0.35811386
7626,0.4122934
7627,0.3970423
7628,0.40771195
7629,0.4063584
7630,0.40565363
7631,0.4152306
7632,0.41619873
7633,0.39892986
7634,0.3752985
7635,0.39947248
7636,0.39333797
7637,0.37701294
7638,0.39358336
7639,0.4056521
7640,0.40760598
7641,0.43676803
7642,0.3942074
7643,0.40706933
7644,0.44261754
7645,0.38703924
7646,0.40393737
7647,0.40577972
7648,0.45429307
7649,0.4137465
7650,0.39540723
7651,0.39795327
7652,0.41558385
7653,0.41488284
7654,0.4419583
7655,0.43736184
7656,0.4112241
7657,0.4327513
7658,0.38829017
7659,0.40615684
7660,0.4173317
7661,0.4072366
7662,0.40649313
7663,0.4474789
7664,0.42272568
7665,0.39994547
7666,0.40971386
7667,0.40596578
7668,0.3999915
7669,0.3861072
7670,0.43167138
7671,0.40866157
7672,0.41102743
7673,0.4055072
7674,0.39344022
7675,0.42215252
7676,0.41689345
7677,0.35988486
7678,0.4031205
7679,0.4186794
7680,0.38480848
7681,0.4007386
7682,0.38216966
7683,0.3894322
7684,0.40965354
7685,0.37035924
7686,0.39132428
7687,0.4010977
7688,0.42012313
7689,0.39537027
7690,0.39741322
7691,0.37856296
7692,0.36619356
7693,0.4150761
7694,0.40424734
7695,0.40707442
7696,0.38715672
7697,0.38868457
7698,0.40061453
7699,0.38526338
7700,0.34995908
7701,0.37065104
7702,0.41092438
7703,0.3579275
7704,0.3780768
7705,0.3861543
7706,0.38779256
7707,0.41916475
7708,0.3703925
7709,0.3700648
7710,0.4011732
7711,0.38876918
7712,0.3874067
7713,0.38975254
7714,0.38332433
7715,0.3603016
7716,0.37481222
7717,0.37875894
7718,0.37892014
7719,0.38268417
7720,0.34341428
7721,0.37898597
7722,0.3558574
7723,0.37163717
7724,0.3902975
7725,0.37781078
7726,0.4127435
7727,0.40892413
7728,0.37484366
7729,0.35875577
7730,0.35877493
7731,0.3770131
7732,0.33729514
7733,0.3954124
7734,0.39439562
7735,0.3844626
7736,0.42036533
7737,0.39597327
7738,0.41111523
7739,0.39315888
7740,0.39719588
7741,0.38440746
7742,0.39806154
7743,0.43545446
7744,0.41049105
7745,0.37799877
7746,0.39408493
7747,0.40664986
7748,0.40440154
7749,0.38771832
7750,0.3759792
7751,0.4166161
7752,0.3907915
7753,0.3499665
7754,0.382882
7755,0.35456434
7756,0.34085292
7757,0.3630351
7758,0.37258837
7759,0.3811208
7760,0.3749322
7761,0.3781879
7762,0.3752738
7763,0.34757146
7764,0.3743398
7765,0.3871525
7766,0.35576168
7767,0.35237506
7768,0.38317075
7769,0.38467517
7770,0.33069295
7771,0.40505672
7772,0.4102059
7773,0.40450567
7774,0.39083397
7775,0.38613498
7776,0.3789605
7777,0.37628677
7778,0.37876406
7779,0.37238437
7780,0.3816888
7781,0.38733214
7782,0.3763803
7783,0.39871383
7784,0.39859578
7785,0.38918936
7786,0.3666855
7787,0.4169387
7788,0.38526618
7789,0.38919845
7790,0.37416202
7791,0.38005948
7792,0.34619364
7793,0.3679363
7794,0.3587412
7795,0.3630784
7796,0.36676002
7797,0.36658186
7798,0.36792135
7799,0.3554974
7800,0.38728908
7801,0.36276248
7802,0.38147226
7803,0.3601893
7804,0.3464129
7805,0.3951321
7806,0.3663444
7807,0.36524433
7808,0.39276809
7809,0.372135
7810,0.3553006
7811,0.36975482
7812,0.35528043
7813,0.3871087
7814,0.38623184
7815,0.39970115
7816,0.40350267
7817,0.3961011
7818,0.3881799
7819,0.40659928
7820,0.40540728
7821,0.38492888
7822,0.37134874
7823,0.3874145
7824,0.37505898
7825,0.4205624
7826,0.4052856
7827,0.36639553
7828,0.35567158
7829,0.34687787
7830,0.36997113
7831,0.37613237
7832,0.38483527
7833,0.3842991
7834,0.37575212
7835,0.34329724
7836,0.3892182
7837,0.4111295
7838,0.38324568
7839,0.39479733
7840,0.37721223
7841,0.40463808
7842,0.33517522
7843,0.37794864
7844,0.36032015
7845,0.36115283
7846,0.3602515
7847,0.38844466
7848,0.39523977
7849,0.4233994
7850,0.40478542
7851,0.37824395
7852,0.39008072
7853,0.39531723
7854,0.3902303
7855,0.40023556
7856,0.4111861
7857,0.3968525
7858,0.40249318
7859,0.40425476
7860,0.3850522
7861,0.3852196
7862,0.44370884
7863,0.39378297
7864,0.37710342
7865,0.4091252
7866,0.42942002
7867,0.41697147
7868,0.39110696
7869,0.42513123
7870,0.41104242
7871,0.41863823
7872,0.4084335
7873,0.39920175
7874,0.39995113
7875,0.43943453
7876,0.41308585
7877,0.4236487
7878,0.4031795
7879,0.4283078
7880,0.42214257
7881,0.41295624
7882,0.4054999
7883,0.40241304
7884,0.415821
7885,0.3641167
7886,0.3838706
7887,0.38848647
7888,0.3988202
7889,0.41229922
7890,0.39478382
7891,0.41057488
7892,0.38353536
7893,0.39451566
7894,0.40333825
7895,0.4064101
7896,0.39346173
7897,0.43564144
7898,0.3985408
7899,0.4116727
7900,0.39237398
7901,0.39967394
7902,0.41009203
7903,0.35949576
7904,0.3993512
7905,0.41938606
7906,0.42448866
7907,0.42689365
7908,0.4000147
7909,0.41734022
7910,0.39753455
7911,0.40351975
7912,0.41844866
7913,0.38242322
7914,0.41606626
7915,0.4127903
7916,0.41748732
7917,0.41480023
7918,0.41476846
7919,0.40799984
7920,0.40837416
7921,0.37624574
7922,0.3852619
7923,0.3984114
7924,0.36384785
7925,0.38785324
7926,0.39529607
7927,0.3787655
7928,0.38919884
7929,0.38852185
7930,0.3686948
7931,0.40373644
7932,0.38898045
7933,0.38897064
7934,0.3832843
7935,0.39015418
7936,0.38174194
7937,0.38521004
7938,0.39232227
7939,0.38905787
7940,0.3635976
7941,0.39760256
7942,0.38217947
7943,0.3729514
7944,0.40768796
7945,0.3977436
7946,0.39723736
7947,0.40598518
7948,0.3884893
7949,0.391912
7950,0.3909025
7951,0.37711477
7952,0.40435693
7953,0.38313696
7954,0.403664
7955,0.4023951
7956,0.3967772
7957,0.38593623
7958,0.39500397
7959,0.41637138
7960,0.39777935
7961,0.37120986
7962,0.38728786
7963,0.39148614
7964,0.37733197
7965,0.36563876
7966,0.39648232
7967,0.38219246
7968,0.36367488
7969,0.35994142
7970,0.36968294
7971,0.37312323
7972,0.38718382
7973,0.38451213
7974,0.3820122
7975,0.39902243
7976,0.36954877
7977,0.3835133
7978,0.37740117
7979,0.38427305
7980,0.41001156
7981,0.40855455
7982,0.41134328
7983,0.39622158
7984,0.3955999
7985,0.39800575
7986,0.38075703
7987,0.415588
7988,0.40094534
7989,0.40405765
7990,0.39363375
7991,0.40730146
7992,0.40347016
7993,0.40714657
7994,0.40073133
7995,0.38048437
7996,0.39935696
7997,0.38559157
7998,0.41044608
7999,0.4085483
8000,0.39306274
8001,0.3750358
8002,0.39346364
8003,0.37658802
8004,0.37488008
8005,0.41282195
8006,0.38306385
8007,0.39657623
8008,0.3741477
8009,0.40180638
8010,0.38791665
8011,0.38425365
8012,0.36736074
8013,0.3952664
8014,0.39383724
8015,0.38680673
8016,0.39819986
8017,0.3911745
8018,0.4076321
8019,0.41044283
8020,0.41213274
8021,0.42082217
8022,0.40131077
8023,0.4084084
8024,0.4031054
8025,0.4233933
8026,0.40647393
8027,0.38548395
8028,0.4006334
8029,0.41160047
8030,0.42249307
8031,0.41460204
8032,0.41355723
8033,0.3905167
8034,0.41436765
8035,0.39044213
8036,0.41489944
8037,0.38188875
8038,0.38468796
8039,0.38798922
8040,0.4138847
8041,0.40192363
8042,0.4001426
8043,0.38799435
8044,0.40854228
8045,0.39360166
8046,0.40316778
8047,0.4234924
8048,0.3883946
8049,0.4129546
8050,0.38966528
8051,0.41080323
8052,0.41182372
8053,0.39451775
8054,0.39300647
8055,0.40715566
8056,0.40118894
8057,0.4216316
8058,0.42321402
8059,0.41976097
8060,0.41049877
8061,0.4224495
8062,0.41237003
8063,0.42313853
8064,0.41256398
8065,0.41802725
8066,0.43250033
8067,0.41990304
8068,0.41489813
8069,0.4222587
8070,0.4252906
8071,0.41732863
8072,0.42280534
8073,0.397246
8074,0.3921714
8075,0.39087823
8076,0.41618016
8077,0.37519342
8078,0.4026091
8079,0.40309343
8080,0.4074399
8081,0.40595445
8082,0.39119822
8083,0.3865004
8084,0.41901106
8085,0.38930893
8086,0.41038463
8087,0.40142867
8088,0.40215933
8089,0.39225715
8090,0.41465145
8091,0.40512246
8092,0.38460404
8093,0.4033412
8094,0.41236043
8095,0.4146061
8096,0.4175835
8097,0.41644835
8098,0.42359847
8099,0.4175809
8100,0.39985767
8101,0.42624104
8102,0.38458326
8103,0.4378996
8104,0.41374975
8105,0.4024627
8106,0.41773418
8107,0.41929808
8108,0.41774127
8109,0.43079087
8110,0.40703633
8111,0.41921985
8112,0.4014037
8113,0.39498463
8114,0.41488126
8115,0.4046703
8116,0.38433748
8117,0.40768173
8118,0.4185298
8119,0.3783851
8120,0.41167423
8121,0.42973942
8122,0.39545763
8123,0.3646281
8124,0.41169482
8125,0.40032792
8126,0.4070446
8127,0.39618224
8128,0.39254743
8129,0.41112086
8130,0.41238463
8131,0.3999472
8132,0.4118953
8133,0.37698984
8134,0.41485068
8135,0.41399515
8136,0.41890466
8137,0.4190777
8138,0.41671687
8139,0.40007424
8140,0.41118035
8141,0.40453336
8142,0.4264002
8143,0.38943663
8144,0.42831853
8145,0.40472904
8146,0.41071844
8147,0.41358906
8148,0.41402084
8149,0.4200909
8150,0.41486305
8151,0.3874478
8152,0.35466692
8153,0.37930867
8154,0.38595408
8155,0.39425257
8156,0.36779344
8157,0.39344865
8158,0.37855345
8159,0.40626252
8160,0.3656118
8161,0.3989533
8162,0.3754446
8163,0.38981286
8164,0.39132726
8165,0.39373872
8166,0.37801737
8167,0.388291
8168,0.38241324
8169,0.38495928
8170,0.398174
8171,0.40001717
8172,0.405277
8173,0.39849085
8174,0.40238354
8175,0.40500748
8176,0.39277694
8177,0.39825204
8178,0.38060638
8179,0.4146174
8180,0.379695
8181,0.40548712
8182,0.40003502
8183,0.39887583
8184,0.40119547
8185,0.40959302
8186,0.36514983
8187,0.3857315
8188,0.39528242
8189,0.39146125
8190,0.39612576
8191,0.39264736
8192,0.37116805
8193,0.39148265
8194,0.3966289
8195,0.3782572
8196,0.38890168
8197,0.3819394
8198,0.36656365
8199,0.404015
8200,0.38926947
8201,0.39476764
8202,0.3699389
8203,0.39535305
8204,0.3923116
8205,0.38879675
8206,0.39090815
8207,0.3508456
8208,0.41262105
8209,0.39997163
8210,0.3900029
8211,0.3800511
8212,0.40229407
8213,0.38396373
8214,0.41742948
8215,0.40558606
8216,0.40818104
8217,0.37644556
8218,0.3802669
8219,0.40123567
8220,0.39538172
8221,0.39246413
8222,0.37073502
8223,0.39946645
8224,0.3890067
8225,0.39676505
8226,0.37527952
8227,0.3620038
8228,0.3955565
8229,0.379317
8230,0.39859733
8231,0.39845863
8232,0.39605835
8233,0.3847788
8234,0.40580067
8235,0.39105248
8236,0.37109953
8237,0.39151457
8238,0.39813596
8239,0.39490816
8240,0.37709782
8241,0.4048986
8242,0.39765057
8243,0.40294647
8244,0.4003873
8245,0.40886596
8246,0.40833855
8247,0.40858984
8248,0.37885752
8249,0.41646922
8250,0.3959566
8251,0.4101239
8252,0.4079681
8253,0.42159414
8254,0.39898723
8255,0.4017174
8256,0.4093314
8257,0.4093518
8258,0.41526273
8259,0.40608475
8260,0.41232914
8261,0.40442106
8262,0.38728407
8263,0.38506827
8264,0.40890843
8265,0.4077809
8266,0.40716854
8267,0.3818232
8268,0.406916
8269,0.41296571
8270,0.41509265
8271,0.38763675
8272,0.41396406
8273,0.40063053
8274,0.4018679
8275,0.42105845
8276,0.3954449
8277,0.39035866
8278,0.40538776
8279,0.40678868
8280,0.40206757
8281,0.41799828
8282,0.38803723
8283,0.39166594
8284,0.39839363
8285,0.37399217
8286,0.40580726
8287,0.40818605
8288,0.38773727
8289,0.4041577
8290,0.41811517
8291,0.38744837
8292,0.40700513
8293,0.40240777
8294,0.39222926
8295,0.41196525
8296,0.414236
8297,0.40646866
8298,0.4118837
8299,0.38925523
8300,0.40487808
8301,0.40512452
8302,0.40206975
8303,0.4051773
8304,0.40179467
8305,0.40391526
8306,0.3731575
8307,0.39345157
8308,0.40342712
8309,0.3891019
8310,0.41061398
8311,0.4041564
8312,0.40574723
8313,0.41808894
8314,0.39092597
8315,0.38329726
8316,0.4145288
8317,0.4029593
8318,0.4037884
8319,0.38720462
8320,0.41070253
8321,0.39123878
8322,0.38356087
8323,0.38931662
8324,0.40619367
8325,0.39827442
8326,0.41398132
8327,0.39310738
8328,0.3808758
8329,0.392262
8330,0.40407407
8331,0.408828
8332,0.40605783
8333,0.41302612
8334,0.40626583
8335,0.40319455
8336,0.3976497
8337,0.4005099
8338,0.4036239
8339,0.38144976
8340,0.3918173
8341,0.42293906
8342,0.42871675
8343,0.42437014
8344,0.397309
8345,0.4136451
8346,0.42210925
8347,0.4273057
8348,0.43536144
8349,0.4058285
8350,0.41948497
8351,0.43358243
8352,0.4061612
8353,0.42402643
8354,0.40906364
8355,0.42361543
8356,0.42887875
8357,0.42413443
8358,0.42792332
8359,0.41040072
8360,0.39778957
8361,0.36778793
8362,0.37323382
8363,0.4024009
8364,0.40069214
8365,0.4052125
8366,0.3996627
8367,0.38773075
8368,0.3881258
8369,0.39333004
8370,0.39771467
8371,0.409701
8372,0.3959215
8373,0.3990907
8374,0.3891822
8375,0.39509475
8376,0.39381894
8377,0.4006624
8378,0.38061914
8379,0.40902984
8380,0.3787976
8381,0.3915177
8382,0.4015162
8383,0.38663507
8384,0.4083101
8385,0.40707734
8386,0.41473493
8387,0.4058492
8388,0.39931738
8389,0.3854671
8390,0.4114382
8391,0.39990854
8392,0.40515047
8393,0.42599332
8394,0.4035647
8395,0.4047174
8396,0.40006092
8397,0.391015
8398,0.37744862
8399,0.4002016
8400,0.3682949
8401,0.40169945
8402,0.4038321
8403,0.3921125
8404,0.41258782
8405,0.3913481
8406,0.39082363
8407,0.39735204
8408,0.38851115
8409,0.40263054
8410,0.37652504
8411,0.39706632
8412,0.39378148
8413,0.38947153
8414,0.39939603
8415,0.39686412
8416,0.3978958
8417,0.39260644
8418,0.38600388
8419,0.3775829
8420,0.38377637
8421,0.3892361
8422,0.397342
8423,0.3929603
8424,0.38298762
8425,0.36929858
8426,0.38112476
8427,0.39218372
8428,0.40017337
8429,0.3915471
8430,0.38899332
8431,0.37107706
8432,0.38586223
8433,0.38979068
8434,0.39431906
8435,0.3625608
8436,0.39329803
8437,0.38279024
8438,0.3636999
8439,0.38911295
8440,0.3931208
8441,0.40022013
8442,0.3856519
8443,0.39433202
8444,0.39189872
8445,0.36545825
8446,0.39909655
8447,0.39865994
8448,0.38340592
8449,0.38136554
8450,0.3830629
8451,0.3991051
8452,0.3978252
8453,0.36586705
8454,0.39227113
8455,0.41552567
8456,0.41055858
8457,0.39816377
8458,0.41127932
8459,0.40830013
8460,0.41658226
8461,0.41923764
8462,0.42731816
8463,0.39572537
8464,0.37911722
8465,0.41773978
8466,0.40365192
8467,0.41813412
8468,0.41934532
8469,0.4144201
8470,0.41587391
8471,0.3914278
8472,0.41515946
8473,0.40799406
8474,0.41192383
8475,0.40420377
8476,0.40511656
8477,0.40781742
8478,0.41643065
8479,0.4095497
8480,0.39520636
8481,0.41254917
8482,0.3800192
8483,0.40968713
8484,0.39785755
8485,0.3992198
8486,0.39802912
8487,0.42093164
8488,0.40172127
8489,0.38230595
8490,0.4066996
8491,0.38305926
8492,0.4036237
8493,0.39757487
8494,0.40576473
8495,0.38648912
8496,0.4103952
8497,0.40795338
8498,0.4088693
8499,0.41650993
8500,0.4070491
8501,0.3970319
8502,0.41785017
8503,0.4080141
8504,0.38555813
8505,0.38078576
8506,0.40803793
8507,0.40262645
8508,0.4147514
8509,0.42319024
8510,0.40912893
8511,0.4019796
8512,0.4030727
8513,0.42301783
8514,0.41514787
8515,0.42213213
8516,0.41491163
8517,0.38458234
8518,0.41335174
8519,0.41070396
8520,0.39805508
8521,0.4011093
8522,0.40057364
8523,0.416954
8524,0.42029834
8525,0.3862661
8526,0.41244903
8527,0.38315237
8528,0.42948866
8529,0.40863046
8530,0.414966
8531,0.37949306
8532,0.40670034
8533,0.41208488
8534,0.40955418
8535,0.39176273
8536,0.42460364
8537,0.39567834
8538,0.40264538
8539,0.38296944
8540,0.39182186
8541,0.40928108
8542,0.3973383
8543,0.41079527
8544,0.41403925
8545,0.4093335
8546,0.40130383
8547,0.3756678
8548,0.39732563
8549,0.40791735
8550,0.40477142
8551,0.410479
8552,0.37948674
8553,0.3932016
8554,0.39933997
8555,0.39795104
8556,0.40721574
8557,0.40345314
8558,0.40469873
8559,0.40758592
8560,0.38923508
8561,0.40616825
8562,0.40133387
8563,0.40707394
8564,0.37336317
8565,0.378272
8566,0.39669505
8567,0.42309633
8568,0.3952435
8569,0.3839168
8570,0.4114202
8571,0.4091119
8572,0.38737354
8573,0.40370306
8574,0.40384948
8575,0.4045636
8576,0.39858723
8577,0.40132925
8578,0.40224183
8579,0.41910535
8580,0.388334
8581,0.401201
8582,0.4010347
8583,0.39379817
8584,0.40927243
8585,0.41204467
8586,0.40900978
8587,0.41153893
8588,0.37640584
8589,0.38971937
8590,0.38750464
8591,0.3621331
8592,0.3996258
8593,0.38045076
8594,0.3895318
8595,0.38396966
8596,0.37840322
8597,0.3924659
8598,0.3854736
8599,0.39299867
8600,0.36991793
8601,0.39463723
8602,0.38965207
8603,0.38698834
8604,0.38376933
8605,0.3662666
8606,0.37292433
8607,0.42794386
8608,0.38659716
8609,0.41961417
8610,0.41879818
8611,0.429848
8612,0.40702575
8613,0.41106087
8614,0.40210044
8615,0.43678495
8616,0.4018203
8617,0.4054111
8618,0.41287374
8619,0.39732975
8620,0.4098803
8621,0.41466558
8622,0.4105369
8623,0.40409392
8624,0.42519
8625,0.42534631
8626,0.37550816
8627,0.39337182
8628,0.40681937
8629,0.406637
8630,0.38650724
8631,0.41787317
8632,0.4075999
8633,0.41174603
8634,0.3973264
8635,0.42810726
8636,0.40867788
8637,0.4113434
8638,0.3882315
8639,0.411689
8640,0.4212688
8641,0.40895995
8642,0.41028202
8643,0.403813
8644,0.4136878
8645,0.39325872
8646,0.3706411
8647,0.39273417
8648,0.40323335
8649,0.39341787
8650,0.39612123
8651,0.39198604
8652,0.39098027
8653,0.40077588
8654,0.3702812
8655,0.39701957
8656,0.38084835
8657,0.3994565
8658,0.39825854
8659,0.40363944
8660,0.39799276
8661,0.38909352
8662,0.39234996
8663,0.41185313
8664,0.40395105
8665,0.37916523
8666,0.35429394
8667,0.4108816
8668,0.4086322
8669,0.3939689
8670,0.38540447
8671,0.41110396
8672,0.40607804
8673,0.40165302
8674,0.3993918
8675,0.38453317
8676,0.40987468
8677,0.38947943
8678,0.3930671
8679,0.39665258
8680,0.37432247
8681,0.37723106
8682,0.3913698
8683,0.4032894
8684,0.3447435
8685,0.3644036
8686,0.35657132
8687,0.33069527
8688,0.3566783
8689,0.40371677
8690,0.38619635
8691,0.3618103
8692,0.3916555
8693,0.38893956
8694,0.32694125
8695,0.3673908
8696,0.38536865
8697,0.3427156
8698,0.3663449
8699,0.36889797
8700,0.3488332
8701,0.38107896
8702,0.38883913
8703,0.34694633
8704,0.35787138
8705,0.3835003
8706,0.38095444
8707,0.38492924
8708,0.39087424
8709,0.40803227
8710,0.3686989
8711,0.35725933
8712,0.39205012
8713,0.41270116
8714,0.36976993
8715,0.35922664
8716,0.37912697
8717,0.36017808
8718,0.40093958
8719,0.37915385
8720,0.32849354
8721,0.34648845
8722,0.32864326
8723,0.37927568
8724,0.37514228
8725,0.32303464
8726,0.35030517
8727,0.3646687
8728,0.35007086
8729,0.37973803
8730,0.3648686
8731,0.34434938
8732,0.35566977
8733,0.3690055
8734,0.36461878
8735,0.36716995
8736,0.37211305
8737,0.3624187
8738,0.3596071
8739,0.33985764
8740,0.3833872
8741,0.41793483
8742,0.36347634
8743,0.41845262
8744,0.43328026
8745,0.3723052
8746,0.4044976
8747,0.4204055
8748,0.3915412
8749,0.378574
8750,0.4075306
8751,0.37076113
8752,0.41281584
8753,0.40791884
8754,0.40880585
8755,0.34390718
8756,0.37513155
8757,0.39669597
8758,0.40228495
8759,0.38918516
8760,0.3774606
8761,0.3734747
8762,0.35833246
8763,0.3802319
8764,0.38351575
8765,0.40329114
8766,0.37413585
8767,0.35849303
8768,0.36356688
8769,0.374502
8770,0.3905113
8771,0.3700607
8772,0.3780542
8773,0.39463654
8774,0.35522053
8775,0.38003188
8776,0.35043937
8777,0.35021788
8778,0.36553192
8779,0.3826868
8780,0.3620932
8781,0.3598015
8782,0.3708344
8783,0.33900616
8784,0.3620861
8785,0.34507114
8786,0.31883883
8787,0.3765276
8788,0.34110516
8789,0.34317508
8790,0.34303382
8791,0.38561052
8792,0.31336868
8793,0.37222883
8794,0.3610738
8795,0.3372575
8796,0.36771363
8797,0.38766992
8798,0.37217748
8799,0.34454107
8800,0.34412497
8801,0.37555265
8802,0.4085299
8803,0.36721957
8804,0.38515013
8805,0.3772876
8806,0.37786654
8807,0.38168776
8808,0.3931668
8809,0.36060852
8810,0.38340592
8811,0.3597709
8812,0.3930202
8813,0.41251752
8814,0.38834372
8815,0.4190599
8816,0.3263162
8817,0.3811446
8818,0.3398611
8819,0.40757343
8820,0.36459777
8821,0.3431096
8822,0.39656836
8823,0.33578563
8824,0.3436402
8825,0.33663884
8826,0.3514384
8827,0.36095256
8828,0.37883428
8829,0.41124627
8830,0.36501193
8831,0.39306486
8832,0.3764535
8833,0.30732208
8834,0.41962463
8835,0.38507688
8836,0.350863
8837,0.39866918
8838,0.37767076
8839,0.38805604
8840,0.39225304
8841,0.38529706
8842,0.3790147
8843,0.3647808
8844,0.39167893
8845,0.3515617
8846,0.37862557
8847,0.38171503
8848,0.3825056
8849,0.39984274
8850,0.38050485
8851,0.36968154
8852,0.40337247
8853,0.3883423
8854,0.34896687
8855,0.40047878
8856,0.42248353
8857,0.39697585
8858,0.32688054
8859,0.37488246
8860,0.37959567
8861,0.34915808
8862,0.42096716
8863,0.40762097
8864,0.37250352
8865,0.40146434
8866,0.34606022
8867,0.42647523
8868,0.40591916
8869,0.34258154
8870,0.42083025
8871,0.4116503
8872,0.35426205
8873,0.37512085
8874,0.39400774
8875,0.41428992
8876,0.37585297
8877,0.38792303
8878,0.37131828
8879,0.35125014
8880,0.39010802
8881,0.38323548
8882,0.39197844
8883,0.37426418
8884,0.4004091
8885,0.36999455
8886,0.3722742
8887,0.35382554
8888,0.39992437
8889,0.38918984
8890,0.36596715
8891,0.36127624
8892,0.3351571
8893,0.34822333
8894,0.38338494
8895,0.36548656
8896,0.37677965
8897,0.3642865
8898,0.37589765
8899,0.339126
8900,0.37547007
8901,0.4064861
8902,0.38316974
8903,0.34607708
8904,0.3722245
8905,0.38318455
8906,0.36589575
8907,0.3470318
8908,0.36427638
8909,0.36366317
8910,0.3647303
8911,0.33251795
8912,0.38310546
8913,0.38879853
8914,0.4044816
8915,0.33616224
8916,0.37968862
8917,0.34561217
8918,0.3727968
8919,0.33918226
8920,0.36413988
8921,0.3667405
8922,0.39051747
8923,0.3975868
8924,0.38600188
8925,0.3673803
8926,0.35518017
8927,0.32792693
8928,0.34296444
8929,0.37820637
8930,0.39279503
8931,0.33882552
8932,0.3143661
8933,0.35169908
8934,0.37080693
8935,0.37616965
8936,0.37411505
8937,0.373073
8938,0.3698539
8939,0.33373234
8940,0.3606378
8941,0.3427831
8942,0.35704744
8943,0.37646896
8944,0.33762145
8945,0.39056394
8946,0.3900246
8947,0.39062315
8948,0.32391715
8949,0.3818738
8950,0.36563775
8951,0.39816394
8952,0.36041698
8953,0.38708314
8954,0.40508163
8955,0.3828302
8956,0.390897
8957,0.40292165
8958,0.37338296
8959,0.40132654
8960,0.4053984
8961,0.37135455
8962,0.39484546
8963,0.39553103
8964,0.38272205
8965,0.4029339
8966,0.39179707
8967,0.38293457
8968,0.37720594
8969,0.34869602
8970,0.3742948
8971,0.38604683
8972,0.3749496
8973,0.42222267
8974,0.37902486
8975,0.4340164
8976,0.3987569
8977,0.415647
8978,0.36861032
8979,0.3565983
8980,0.4298594
8981,0.4137478
8982,0.41072452
8983,0.40182263
8984,0.41183773
8985,0.38560948
8986,0.39298466
8987,0.36540565
8988,0.36530152
8989,0.39744022
8990,0.38278228
8991,0.39497808
8992,0.4067779
8993,0.39755002
8994,0.38526696
8995,0.39723805
8996,0.4032064
8997,0.3643484
8998,0.4107013
8999,0.3944351
9000,0.38805944
9001,0.42480695
9002,0.38670915
9003,0.4106439
9004,0.41680884
9005,0.40645823
9006,0.43445945
9007,0.38486093
9008,0.37091857
9009,0.39976817
9010,0.40071273
9011,0.40730083
9012,0.39829645
9013,0.39936388
9014,0.41414636
9015,0.40670764
9016,0.37178195
9017,0.40313622
9018,0.40948412
9019,0.38971975
9020,0.36707008
9021,0.38580984
9022,0.3912384
9023,0.41372463
9024,0.40946266
9025,0.40183064
9026,0.38814765
9027,0.39909893
9028,0.37998667
9029,0.3985427
9030,0.40287766
9031,0.40443754
9032,0.4108123
9033,0.39782605
9034,0.37559715
9035,0.41111004
9036,0.40362278
9037,0.39230478
9038,0.41863692
9039,0.40098536
9040,0.40878233
9041,0.38008046
9042,0.3985061
9043,0.40293515
9044,0.39506412
9045,0.3978972
9046,0.39482182
9047,0.40759447
9048,0.37970966
9049,0.40932438
9050,0.39915758
9051,0.4217097
9052,0.39365134
9053,0.40601164
9054,0.40696594
9055,0.37724373
9056,0.41592172
9057,0.41189688
9058,0.4123858
9059,0.40334043
9060,0.4037349
9061,0.37604222
9062,0.41112906
9063,0.41903305
9064,0.39548585
9065,0.4079794
9066,0.41153213
9067,0.40898275
9068,0.3954199
9069,0.4184986
9070,0.4006823
9071,0.38548586
9072,0.42612296
9073,0.43068898
9074,0.40275735
9075,0.41830653
9076,0.39332783
9077,0.43466505
9078,0.41306558
9079,0.4081861
9080,0.39125127
9081,0.40726203
9082,0.40988404
9083,0.4249001
9084,0.42021644
9085,0.38720462
9086,0.41867018
9087,0.40975598
9088,0.40936795
9089,0.41363767
9090,0.41055778
9091,0.40903446
9092,0.4221081
9093,0.41571292
9094,0.4206138
9095,0.41129893
9096,0.41561106
9097,0.4107576
9098,0.41748887
9099,0.39097843
9100,0.39566085
9101,0.3871461
9102,0.3673432
9103,0.36861777
9104,0.36254534
9105,0.3758475
9106,0.3815247
9107,0.38455075
9108,0.39067492
9109,0.39177948
9110,0.38371468
9111,0.39800876
9112,0.37834078
9113,0.36713067
9114,0.37190968
9115,0.391401
9116,0.37127
9117,0.38619828
9118,0.38510996
9119,0.3935834
9120,0.39616412
9121,0.39733765
9122,0.39829695
9123,0.3966632
9124,0.3952805
9125,0.40766242
9126,0.3759771
9127,0.38558936
9128,0.39541537
9129,0.3854219
9130,0.40061927
9131,0.3961702
9132,0.39532763
9133,0.38252416
9134,0.39643344
9135,0.39469418
9136,0.36859855
9137,0.38286567
9138,0.38776028
9139,0.41136414
9140,0.41494402
9141,0.41332358
9142,0.41276962
9143,0.41386697
9144,0.41480365
9145,0.4012946
9146,0.41985464
9147,0.38591725
9148,0.42144918
9149,0.40265274
9150,0.39507282
9151,0.4067161
9152,0.4216903
9153,0.41517383
9154,0.3825832
9155,0.3866672
9156,0.40365118
9157,0.41324872
9158,0.4329297
9159,0.39705908
9160,0.38689825
9161,0.3999496
9162,0.42208666
9163,0.4112295
9164,0.39744115
9165,0.41115126
9166,0.39700234
9167,0.41182694
9168,0.38331515
9169,0.41690105
9170,0.40977368
9171,0.40056726
9172,0.3892038
9173,0.41053036
9174,0.4166218
9175,0.3939976
9176,0.37365022
9177,0.39998156
9178,0.39828318
9179,0.39718518
9180,0.38856718
9181,0.3935527
9182,0.40844136
9183,0.37554303
9184,0.40304366
9185,0.40561265
9186,0.38807052
9187,0.40437096
9188,0.40643215
9189,0.4064753
9190,0.39881703
9191,0.38156375
9192,0.39858317
9193,0.36896893
9194,0.404011
9195,0.4030052
9196,0.3504461
9197,0.39708418
9198,0.39888352
9199,0.37491107
9200,0.38331568
9201,0.38962469
9202,0.39033657
9203,0.38228738
9204,0.41237134
9205,0.37377006
9206,0.38278717
9207,0.39904574
9208,0.38884962
9209,0.37155578
9210,0.3833125
9211,0.40760297
9212,0.39726284
9213,0.39631853
9214,0.40479
9215,0.40099788
9216,0.37489963
9217,0.39270303
9218,0.38020715
9219,0.36422354
9220,0.39369375
9221,0.3965426
9222,0.3887957
9223,0.4059657
9224,0.4018246
9225,0.38250864
9226,0.39090282
9227,0.3854651
9228,0.400458
9229,0.3942668
9230,0.3920262
9231,0.4032544
9232,0.39035666
9233,0.3766866
9234,0.43224847
9235,0.3942932
9236,0.42982015
9237,0.39188883
9238,0.4229101
9239,0.4046855
9240,0.4205934
9241,0.43565658
9242,0.39775506
9243,0.42588568
9244,0.42533568
9245,0.4069625
9246,0.40888172
9247,0.42719612
9248,0.37976712
9249,0.4146268
9250,0.41156197
9251,0.39061877
9252,0.41071308
9253,0.38937876
9254,0.39172906
9255,0.3871229
9256,0.3856962
9257,0.37328494
9258,0.40452674
9259,0.37633428
9260,0.37108824
9261,0.41364738
9262,0.3843882
9263,0.3654776
9264,0.39626193
9265,0.39034542
9266,0.38747758
9267,0.38117236
9268,0.3564344
9269,0.39196602
9270,0.40396726
9271,0.39880604
9272,0.4040178
9273,0.38559586
9274,0.40972653
9275,0.40853244
9276,0.42643204
9277,0.40050536
9278,0.39269006
9279,0.42233098
9280,0.40797147
9281,0.41116992
9282,0.41196063
9283,0.3986943
9284,0.40797338
9285,0.4167842
9286,0.41287893
9287,0.3744109
9288,0.40839502
9289,0.3951348
9290,0.3816386
9291,0.38260788
9292,0.39447293
9293,0.41412503
9294,0.4207382
9295,0.41868675
9296,0.41744444
9297,0.3916805
9298,0.42292184
9299,0.41634107
9300,0.43472385
9301,0.3897372
9302,0.42450935
9303,0.40143567
9304,0.4135476
9305,0.41988072
9306,0.41614377
9307,0.42898875
9308,0.40921038
9309,0.41672018
9310,0.41780493
9311,0.3943904
9312,0.40821937
9313,0.41390425
9314,0.42142826
9315,0.40039632
9316,0.43384114
9317,0.41023892
9318,0.41891932
9319,0.3893294
9320,0.387442
9321,0.41159916
9322,0.39845327
9323,0.4080254
9324,0.39153937
9325,0.38069624
9326,0.40209886
9327,0.409828
9328,0.41418734
9329,0.41437793
9330,0.40044695
9331,0.4163821
9332,0.3969431
9333,0.39877623
9334,0.37608612
9335,0.3978932
9336,0.40759966
9337,0.3817237
9338,0.36015886
9339,0.39050362
9340,0.4035584
9341,0.4053306
9342,0.39794022
9343,0.4047413
9344,0.37962455
9345,0.38987923
9346,0.3860051
9347,0.4047472
9348,0.39808917
9349,0.40063602
9350,0.408194
9351,0.36731958
9352,0.40395483
9353,0.39453822
9354,0.4028801
9355,0.39674902
9356,0.38543054
9357,0.38203448
9358,0.39494583
9359,0.41200045
9360,0.39418897
9361,0.398456
9362,0.39006785
9363,0.40534312
9364,0.40070468
9365,0.37262335
9366,0.39703777
9367,0.3540962
9368,0.38146752
9369,0.39707065
9370,0.39406952
9371,0.3917504
9372,0.41054618
9373,0.37448213
9374,0.39197174
9375,0.3870506
9376,0.38551867
9377,0.39171472
9378,0.39744592
9379,0.37364072
9380,0.38793254
9381,0.39079985
9382,0.39336362
9383,0.36673483
9384,0.38971242
9385,0.38490143
9386,0.42036673
9387,0.4192075
9388,0.39657024
9389,0.4128377
9390,0.4216355
9391,0.41831756
9392,0.4448086
9393,0.3926722
9394,0.4343788
9395,0.4208135
9396,0.41878814
9397,0.41297364
9398,0.42395374
9399,0.42482725
9400,0.4171787
9401,0.43291286
9402,0.38639343
9403,0.41781375
9404,0.42050895
9405,0.4137459
9406,0.40389046
9407,0.39929965
9408,0.41342402
9409,0.3918111
9410,0.41060236
9411,0.397926
9412,0.40748018
9413,0.3808475
9414,0.3943499
9415,0.39332592
9416,0.41322967
9417,0.39952248
9418,0.3888656
9419,0.3643589
9420,0.37788573
9421,0.37858564
9422,0.40416405
9423,0.392831
9424,0.39710853
9425,0.40923655
9426,0.41475925
9427,0.418163
9428,0.41066363
9429,0.43035802
9430,0.37801334
9431,0.4059108
9432,0.3936032
9433,0.4075944
9434,0.40831718
9435,0.38922772
9436,0.40826878
9437,0.39788514
9438,0.4081477
9439,0.40946165
9440,0.40277442
9441,0.4119897
9442,0.42411005
9443,0.40441844
9444,0.40641555
9445,0.4050813
9446,0.38482624
9447,0.40807244
9448,0.40552485
9449,0.40911567
9450,0.37739265
9451,0.41320455
9452,0.38874078
9453,0.41318882
9454,0.40514025
9455,0.39864647
9456,0.39132938
9457,0.4140118
9458,0.39832655
9459,0.40708822
9460,0.396792
9461,0.39320585
9462,0.39492288
9463,0.3997853
9464,0.3989579
9465,0.3829488
9466,0.40428737
9467,0.38858342
9468,0.40479836
9469,0.39174086
9470,0.37799063
9471,0.39725482
9472,0.40835318
9473,0.4001451
9474,0.40379056
9475,0.397799
9476,0.4052674
9477,0.3958215
9478,0.36425203
9479,0.40571448
9480,0.38349757
9481,0.4095271
9482,0.38277
9483,0.3931792
9484,0.40974635
9485,0.4084946
9486,0.40615982
9487,0.39878064
9488,0.4077058
9489,0.40985796
9490,0.42007774
9491,0.39753252
9492,0.40850908
9493,0.3959947
9494,0.41222036
9495,0.4095304
9496,0.41697562
9497,0.40590578
9498,0.38598228
9499,0.38646844
9500,0.4256624
9501,0.40023017
9502,0.42771387
9503,0.42115188
9504,0.4129128
9505,0.4296724
9506,0.43185776
9507,0.42045465
9508,0.44068402
9509,0.40775126
9510,0.4094686
9511,0.42173404
9512,0.4054324
9513,0.42531517
9514,0.4241705
9515,0.42134324
9516,0.43739942
9517,0.42351326
9518,0.4072421
9519,0.4010066
9520,0.40151653
9521,0.4114733
9522,0.3938701
9523,0.3920086
9524,0.399049
9525,0.3787861
9526,0.39178893
9527,0.4065739
9528,0.39161825
9529,0.3909227
9530,0.40633875
9531,0.4006696
9532,0.3727346
9533,0.40344223
9534,0.37193173
9535,0.4009948
9536,0.3923661
9537,0.40412235
9538,0.40991914
9539,0.38249496
9540,0.4099444
9541,0.41148525
9542,0.39497563
9543,0.40703782
9544,0.40046197
9545,0.38278374
9546,0.40358984
9547,0.40689176
9548,0.40857664
9549,0.39100486
9550,0.4063083
9551,0.40092528
9552,0.4031716
9553,0.41403636
9554,0.4130862
9555,0.3782108
9556,0.41378796
9557,0.41317445
9558,0.40633577
9559,0.40805802
9560,0.4115918
9561,0.39817065
9562,0.41038013
9563,0.4091035
9564,0.3833689
9565,0.41905493
9566,0.40866575
9567,0.3967512
9568,0.41113114
9569,0.40362903
9570,0.3996797
9571,0.4085957
9572,0.38490337
9573,0.40654215
9574,0.4049256
9575,0.37579116
9576,0.39168423
9577,0.37426668
9578,0.39631778
9579,0.39947903
9580,0.4071376
9581,0.41043782
9582,0.41152
9583,0.40857673
9584,0.3776632
9585,0.40783495
9586,0.41086093
9587,0.3908268
9588,0.39045614
9589,0.41033828
9590,0.3909901
9591,0.41103703
9592,0.3999249
9593,0.37720615
9594,0.40074837
9595,0.4040059
9596,0.3896727
9597,0.3728105
9598,0.39471847
9599,0.39769012
9600,0.39879256
9601,0.38413733
9602,0.40124732
9603,0.39729697
9604,0.36753651
9605,0.40382499
9606,0.38926232
9607,0.38367495
9608,0.3884684
9609,0.40461797
9610,0.40416658
9611,0.36488923
9612,0.39260435
9613,0.39707357
9614,0.38816252
9615,0.37485504
9616,0.39872378
9617,0.39915726
9618,0.4044582
9619,0.39562178
9620,0.39528322
9621,0.39253032
9622,0.4123084
9623,0.40279618
9624,0.4102948
9625,0.40249392
9626,0.3895189
9627,0.38246036
9628,0.3678448
9629,0.3986051
9630,0.4176985
9631,0.38246748
9632,0.38770223
9633,0.39611787
9634,0.40166762
9635,0.39107862
9636,0.3753885
9637,0.40119117
9638,0.39792857
9639,0.39967215
9640,0.38732898
9641,0.40368724
9642,0.37636304
9643,0.39430544
9644,0.4020234
9645,0.3941728
9646,0.38184112
9647,0.4074312
9648,0.39102444
9649,0.39953905
9650,0.36823004
9651,0.40293223
9652,0.40102053
9653,0.41209576
9654,0.43157408
9655,0.42006817
9656,0.39400563
9657,0.3697588
9658,0.40809873
9659,0.4125122
9660,0.42151278
9661,0.38419253
9662,0.40679425
9663,0.4159903
9664,0.39431208
9665,0.4116371
9666,0.40951553
9667,0.4010161
9668,0.41127992
9669,0.3870054
9670,0.4122447
9671,0.40420434
9672,0.3906685
9673,0.41522884
9674,0.37426305
9675,0.40889984
9676,0.4063701
9677,0.41603744
9678,0.40464965
9679,0.37767228
9680,0.40059832
9681,0.4231124
9682,0.3944096
9683,0.4065821
9684,0.4121483
9685,0.40625963
9686,0.40835106
9687,0.3848344
9688,0.40235907
9689,0.40137726
9690,0.42023423
9691,0.41633055
9692,0.42258263
9693,0.4191452
9694,0.42694288
9695,0.4162612
9696,0.41642246
9697,0.4281004
9698,0.38709176
9699,0.41626292
9700,0.40897572
9701,0.41782033
9702,0.39268118
9703,0.41453654
9704,0.41990152
9705,0.41509712
9706,0.3924461
9707,0.4277438
9708,0.41232747
9709,0.39606553
9710,0.4084423
9711,0.40651774
9712,0.37492567
9713,0.42066985
9714,0.38817954
9715,0.38208887
9716,0.41354185
9717,0.40859646
9718,0.39201778
9719,0.36986706
9720,0.3956262
9721,0.41173127
9722,0.40920317
9723,0.4032884
9724,0.4073835
9725,0.4090147
9726,0.40026554
9727,0.40237573
9728,0.40230685
9729,0.3830245
9730,0.41048512
9731,0.40846622
9732,0.39753094
9733,0.41288403
9734,0.40143654
9735,0.38472658
9736,0.41445535
9737,0.40726265
9738,0.39172617
9739,0.42472604
9740,0.4018461
9741,0.41729265
9742,0.41235593
9743,0.3752265
9744,0.40452406
9745,0.41112587
9746,0.39854935
9747,0.41086462
9748,0.37765154
9749,0.39289325
9750,0.4139107
9751,0.3956626
9752,0.38020587
9753,0.41173255
9754,0.4059751
9755,0.39822084
9756,0.38750193
9757,0.41381758
9758,0.3970338
9759,0.40952638
9760,0.4064059
9761,0.36972877
9762,0.4028575
9763,0.39526644
9764,0.40457538
9765,0.4049641
9766,0.41078767
9767,0.4099053
9768,0.405375
9769,0.37237054
9770,0.4126633
9771,0.41746178
9772,0.4012892
9773,0.4127524
9774,0.3899637
9775,0.39938524
9776,0.41477048
9777,0.41234607
9778,0.38282856
9779,0.40566128
9780,0.41313156
9781,0.39816788
9782,0.37961638
9783,0.41403058
9784,0.39979112
9785,0.37766665
9786,0.3966117
9787,0.3664781
9788,0.40683606
9789,0.40394107
9790,0.39440775
9791,0.40384585
9792,0.40190056
9793,0.4000573
9794,0.41059276
9795,0.40346673
9796,0.39984837
9797,0.3914529
9798,0.4049723
9799,0.39847568
9800,0.40683866
9801,0.38112193
9802,0.4026958
9803,0.40669218
9804,0.39593512
9805,0.40864652
9806,0.4089751
9807,0.4018204
9808,0.3866018
9809,0.40882984
9810,0.40563446
9811,0.40343726
9812,0.39536822
9813,0.42018074
9814,0.40001142
9815,0.40992367
9816,0.40924537
9817,0.38020208
9818,0.40802702
9819,0.39092535
9820,0.37729135
9821,0.40359405
9822,0.39980793
9823,0.40536058
9824,0.37560377
9825,0.39866632
9826,0.4068172
9827,0.40268248
9828,0.3669357
9829,0.39643523
9830,0.40616697
9831,0.40959063
9832,0.39690432
9833,0.40036643
9834,0.39862418
9835,0.40428415
9836,0.4078607
9837,0.37800968
9838,0.40101913
9839,0.39862522
9840,0.39142522
9841,0.38661164
9842,0.39080405
9843,0.40776658
9844,0.40133104
9845,0.37668282
9846,0.37436256
9847,0.40247628
9848,0.39988598
9849,0.40231785
9850,0.3950864
9851,0.38076517
9852,0.4067828
9853,0.39997527
9854,0.3937556
9855,0.40125698
9856,0.39187217
9857,0.40308353
9858,0.40198877
9859,0.3998419
9860,0.3959663
9861,0.41110632
9862,0.38126016
9863,0.39594424
9864,0.404715
9865,0.41817868
9866,0.4190378
9867,0.39286047
9868,0.42054138
9869,0.41007045
9870,0.4068255
9871,0.420305
9872,0.41291997
9873,0.40442848
9874,0.4128979
9875,0.38618088
9876,0.40441588
9877,0.41193065
9878,0.40717137
9879,0.43114242
9880,0.43980658
9881,0.4233016
9882,0.40907967
9883,0.4313856
9884,0.4062377
9885,0.43155473
9886,0.43405148
9887,0.4420186
9888,0.44090867
9889,0.4410364
9890,0.43749723
9891,0.43057925
9892,0.43782473
9893,0.42447028
9894,0.424972
9895,0.4378487
9896,0.4266591
9897,0.434657
9898,0.43365386
9899,0.44087604
9900,0.37945485
9901,0.41837576
9902,0.42063856
9903,0.40880132
9904,0.41671103
9905,0.41506168
9906,0.39098728
9907,0.42337295
9908,0.42335105
9909,0.40071982
9910,0.40661442
9911,0.42071253
9912,0.4255842
9913,0.42394054
9914,0.380279
9915,0.4179326
9916,0.41516492
9917,0.4001224
9918,0.4274455
9919,0.42370847
9920,0.42772505
9921,0.4099325
9922,0.42074075
9923,0.39782307
9924,0.43742782
9925,0.43675464
9926,0.43860713
9927,0.43877992
9928,0.43421268
9929,0.41445664
9930,0.42828572
9931,0.42008677
9932,0.43428198
9933,0.4441362
9934,0.43885604
9935,0.41820353
9936,0.43301553
9937,0.38389352
9938,0.42001104
9939,0.43077552
9940,0.40393806
9941,0.38537154
9942,0.39440027
9943,0.3667019
9944,0.39004192
9945,0.37606704
9946,0.41075507
9947,0.37732172
9948,0.40638942
9949,0.42475763
9950,0.4177345
9951,0.38099417
9952,0.38848254
9953,0.3681954
9954,0.37815484
9955,0.3611527
9956,0.36534864
9957,0.3441258
9958,0.3589388
9959,0.329062
9960,0.38479283
9961,0.41125378
9962,0.38626814
9963,0.3690036
9964,0.3527431
9965,0.34597558
9966,0.3704237
9967,0.38091865
9968,0.41387844
9969,0.40485552
9970,0.38432738
9971,0.39068022
9972,0.38594976
9973,0.35202113
9974,0.41962937
9975,0.37731954
9976,0.3645674
9977,0.34194034
9978,0.37026867
9979,0.37610006
9980,0.3837614
9981,0.39698103
9982,0.4046071
9983,0.38816845
9984,0.35311237
9985,0.3770792
9986,0.40092567
9987,0.36322942
9988,0.36432886
9989,0.38226122
9990,0.35711342
9991,0.38368383
9992,0.37508935
9993,0.3366204
9994,0.42402443
9995,0.36056107
9996,0.3822592
9997,0.39707848
9998,0.36196312
9999,0.3981073
10000,0.4027121
10001,0.40480044
10002,0.41314825
10003,0.4004448
10004,0.38857216
10005,0.41153648
10006,0.4050895
10007,0.39244354
10008,0.38842577
10009,0.42213082
10010,0.40236217
10011,0.3736639
10012,0.4109748
10013,0.3812254
10014,0.42099577
10015,0.41624746
10016,0.44439536
10017,0.41240516
10018,0.41798115
10019,0.40978304
10020,0.4011769
10021,0.42990875
10022,0.4135207
10023,0.41299912
10024,0.42668435
10025,0.4145848
10026,0.40199217
10027,0.38307327
10028,0.42392263
10029,0.4524155
10030,0.39895552
10031,0.41792974
10032,0.37177348
10033,0.41720122
10034,0.38104594
10035,0.42718387
10036,0.4115383
10037,0.39685786
10038,0.36635917
10039,0.39948097
10040,0.42961165
10041,0.373987
10042,0.39244145
10043,0.40429777
10044,0.41868222
10045,0.42278886
10046,0.36610186
10047,0.36525634
10048,0.37572277
10049,0.4195924
10050,0.41270778
10051,0.4415516
10052,0.3644491
10053,0.42588684
10054,0.38483745
10055,0.37406623
10056,0.39195162
10057,0.42115375
10058,0.3966008
10059,0.3834653
10060,0.43640468
10061,0.37282264
10062,0.42383924
10063,0.42823088
10064,0.4196293
10065,0.4274224
10066,0.42729434
10067,0.41134247
10068,0.39800882
10069,0.41207698
10070,0.4156608
10071,0.4181483
10072,0.4157849
10073,0.41559044
10074,0.40461025
10075,0.4133577
10076,0.4166688
10077,0.45067066
10078,0.4174717
10079,0.42103708
10080,0.40767652
10081,0.43564674
10082,0.434814
10083,0.42154777
10084,0.4435347
10085,0.4270634
10086,0.4170887
10087,0.41360614
10088,0.40029392
10089,0.3902403
10090,0.39776632
10091,0.41092962
10092,0.43606895
10093,0.42070198
10094,0.39916185
10095,0.4118729
10096,0.404711
10097,0.40585378
10098,0.43237516
10099,0.40629348
10100,0.3994668
10101,0.4301383
10102,0.4076577
10103,0.39818528
10104,0.41845506
10105,0.44720244
10106,0.41809967
10107,0.39785895
10108,0.34488648
10109,0.37953535
10110,0.38579682
10111,0.33831897
10112,0.35564402
10113,0.3655797
10114,0.38303772
10115,0.38644168
10116,0.38328192
10117,0.33253846
10118,0.36249542
10119,0.37113783
10120,0.3591028
10121,0.35110152
10122,0.35544574
10123,0.37347105
10124,0.3402428
10125,0.3762318
10126,0.3962457
10127,0.3537117
10128,0.3736424
10129,0.38445705
10130,0.38261363
10131,0.3841498
10132,0.39264295
10133,0.35589802
10134,0.3851198
10135,0.36838764
10136,0.3801981
10137,0.3745289
10138,0.3664155
10139,0.4035113
10140,0.38105348
10141,0.34742665
10142,0.3886422
10143,0.40948552
10144,0.3828049
10145,0.35838768
10146,0.42949098
10147,0.41975933
10148,0.4094873
10149,0.41636103
10150,0.42212176
10151,0.41278052
10152,0.44172174
10153,0.41893974
10154,0.4283981
10155,0.41290477
10156,0.3873748
10157,0.42430466
10158,0.41740257
10159,0.40648443
10160,0.39542344
10161,0.4195917
10162,0.421077
10163,0.42790607
10164,0.4146511
10165,0.37826794
10166,0.40694138
10167,0.40524733
10168,0.40417436
10169,0.4249153
10170,0.39993286
10171,0.37577918
10172,0.38365346
10173,0.43529496
10174,0.41631556
10175,0.3896188
10176,0.40623432
10177,0.39173535
10178,0.4172402
10179,0.44260293
10180,0.4040487
10181,0.39129066
10182,0.38471246
10183,0.41839406
10184,0.3868694
10185,0.35507858
10186,0.39462993
10187,0.40062845
10188,0.37944046
10189,0.38849616
10190,0.37970182
10191,0.38621277
10192,0.3942347
10193,0.35830688
10194,0.38277638
10195,0.38146332
10196,0.39933357
10197,0.39267284
10198,0.3872905
10199,0.36689425
10200,0.3811444
10201,0.39543077
10202,0.38138044
10203,0.35372227
10204,0.38487545
10205,0.3953645
10206,0.3678332
10207,0.39895615
10208,0.3956137
10209,0.3948931
10210,0.38506666
10211,0.40278575
10212,0.3854161
10213,0.4026747
10214,0.40525648
10215,0.3929918
10216,0.37701914
10217,0.39727095
10218,0.38412794
10219,0.41020894
10220,0.40047684
10221,0.36821294
10222,0.4271204
10223,0.4070267
10224,0.41833955
10225,0.42021054
10226,0.41184244
10227,0.39063245
10228,0.42410606
10229,0.42408007
10230,0.40703478
10231,0.40228885
10232,0.43273377
10233,0.40608782
10234,0.41854942
10235,0.4182488
10236,0.38819793
10237,0.45034656
10238,0.42031488
10239,0.39630926
10240,0.42913583
10241,0.35967183
10242,0.40343183
10243,0.35922033
10244,0.37727842
10245,0.41622546
10246,0.3756432
10247,0.3764335
10248,0.40300387
10249,0.35898978
10250,0.3912659
10251,0.39013308
10252,0.40112585
10253,0.41157717
10254,0.41016033
10255,0.38872153
10256,0.37365997
10257,0.4244038
10258,0.39881402
10259,0.39542374
10260,0.38329574
10261,0.38536257
10262,0.3897707
10263,0.38628778
10264,0.3763857
10265,0.39288768
10266,0.37612835
10267,0.34718105
10268,0.3870329
10269,0.37367317
10270,0.3575902
10271,0.4034407
10272,0.36211294
10273,0.387038
10274,0.34111688
10275,0.3863182
10276,0.3974478
10277,0.3597418
10278,0.3592592
10279,0.4055744
10280,0.3787069
10281,0.38795006
10282,0.40216938
10283,0.4012181
10284,0.36887306
10285,0.40140173
10286,0.39243856
10287,0.41946703
10288,0.38156834
10289,0.39737722
10290,0.39329633
10291,0.38959703
10292,0.3555984
10293,0.39127553
10294,0.3574473
10295,0.38102612
10296,0.39294368
10297,0.38137317
10298,0.36509216
10299,0.39017013
10300,0.4054518
10301,0.400145
10302,0.3716464
10303,0.4187727
10304,0.40851593
10305,0.39779106
10306,0.39345622
10307,0.4015554
10308,0.3975796
10309,0.4042123
10310,0.41362822
10311,0.41325444
10312,0.38047844
10313,0.41241905
10314,0.40398127
10315,0.4130301
10316,0.40759602
10317,0.3831909
10318,0.36846864
10319,0.39614552
10320,0.36308092
10321,0.39502826
10322,0.3973585
10323,0.39615852
10324,0.39689094
10325,0.37430573
10326,0.4009256
10327,0.39957377
10328,0.3680127
10329,0.38617283
10330,0.38158247
10331,0.39961463
10332,0.40166268
10333,0.39451036
10334,0.40225506
10335,0.41359442
10336,0.40819788
10337,0.40355924
10338,0.41606012
10339,0.40726644
10340,0.3761057
10341,0.39347878
10342,0.40096793
10343,0.4100282
10344,0.3841304
10345,0.3856265
10346,0.3924304
10347,0.3976235
10348,0.3950988
10349,0.4140852
10350,0.40249512
10351,0.41771153
10352,0.42770824
10353,0.41162086
10354,0.41166022
10355,0.3941852
10356,0.37528688
10357,0.35822362
10358,0.3777238
10359,0.38358757
10360,0.39714095
10361,0.39152387
10362,0.38974983
10363,0.38850507
10364,0.35429233
10365,0.34978664
10366,0.40712604
10367,0.3661255
10368,0.37511098
10369,0.40299115
10370,0.37134
10371,0.40694997
10372,0.39506468
10373,0.38607472
10374,0.40697873
10375,0.4138978
10376,0.42964023
10377,0.38262594
10378,0.4193634
10379,0.40584064
10380,0.3993585
10381,0.41065893
10382,0.38711298
10383,0.40953434
10384,0.43050438
10385,0.39585283
10386,0.41223288
10387,0.40164608
10388,0.42991373
10389,0.4173365
10390,0.37948033
10391,0.41676143
10392,0.41517857
10393,0.3762435
10394,0.40861845
10395,0.39238796
10396,0.40392396
10397,0.36644325
10398,0.3883847
10399,0.39166197
10400,0.40499565
10401,0.37976128
10402,0.38977337
10403,0.3931158
10404,0.38320172
10405,0.38163435
10406,0.39107513
10407,0.3796633
10408,0.3979459
10409,0.3912197
10410,0.39402443
10411,0.41867173
10412,0.4249911
10413,0.42288023
10414,0.40522924
10415,0.40492344
10416,0.39609772
10417,0.3889026
10418,0.4105002
10419,0.40187806
10420,0.40824178
10421,0.40376607
10422,0.41351888
10423,0.40009886
10424,0.37949488
10425,0.41655973
10426,0.41189992
10427,0.39462486
10428,0.3894109
10429,0.4074229
10430,0.40363145
10431,0.41398054
10432,0.4009141
10433,0.37536454
10434,0.3931374
10435,0.39895648
10436,0.41004124
10437,0.41812643
10438,0.40663743
10439,0.40660033
10440,0.36686197
10441,0.40142715
10442,0.41243806
10443,0.38434815
10444,0.39492846
10445,0.4084387
10446,0.39241436
10447,0.40850428
10448,0.36738473
10449,0.38599527
10450,0.40537313
10451,0.3843611
10452,0.41551632
10453,0.40418512
10454,0.4198522
10455,0.41606674
10456,0.39404652
10457,0.41215307
10458,0.42216256
10459,0.40281245
10460,0.42524934
10461,0.41854578
10462,0.41404742
10463,0.4090457
10464,0.39197826
10465,0.41684243
10466,0.40844345
10467,0.41306728
10468,0.40114313
10469,0.3970072
10470,0.37873387
10471,0.39242217
10472,0.38887867
10473,0.40240118
10474,0.40373912
10475,0.3837769
10476,0.3891803
10477,0.38581496
10478,0.38940245
10479,0.42354605
10480,0.38206664
10481,0.39820486
10482,0.3737469
10483,0.40173286
10484,0.39340603
10485,0.39628625
10486,0.39823204
10487,0.39120075
10488,0.41425508
10489,0.4298769
10490,0.3926992
10491,0.4237824
10492,0.40776652
10493,0.41869676
10494,0.41459814
10495,0.43639386
10496,0.39794636
10497,0.4179028
10498,0.4153322
10499,0.41789728
10500,0.41939664
10501,0.3884663
10502,0.41122293
10503,0.41999665
10504,0.43657368
10505,0.4168107
10506,0.41616613
10507,0.38747025
10508,0.37650362
10509,0.35824254
10510,0.3703652
10511,0.3853886
10512,0.3956807
10513,0.39969268
10514,0.38551444
10515,0.35507727
10516,0.35954142
10517,0.401339
10518,0.39582437
10519,0.37287816
10520,0.3970192
10521,0.40118214
10522,0.36643168
10523,0.38062692
10524,0.3926667
10525,0.3885108
10526,0.3891359
10527,0.39279622
10528,0.3660704
10529,0.41207606
10530,0.39194852
10531,0.40338433
10532,0.3753587
10533,0.40483057
10534,0.39970285
10535,0.4044779
10536,0.39720067
10537,0.40969583
10538,0.3894344
10539,0.39620295
10540,0.4008088
10541,0.37497887
10542,0.39903462
10543,0.386805
10544,0.39460486
10545,0.42336735
10546,0.41211516
10547,0.3891118
10548,0.411046
10549,0.41938087
10550,0.39898956
10551,0.4402319
10552,0.40482718
10553,0.40468505
10554,0.41925508
10555,0.41521323
10556,0.38759482
10557,0.41732872
10558,0.43182322
10559,0.40933487
10560,0.41913873
10561,0.42250973
10562,0.38063216
10563,0.40720758
10564,0.3901374
10565,0.41242492
10566,0.41092533
10567,0.40352705
10568,0.41848263
10569,0.41860303
10570,0.42356807
10571,0.42817867
10572,0.38590586
10573,0.42485517
10574,0.40858173
10575,0.4229985
10576,0.42224425
10577,0.4117587
10578,0.40742266
10579,0.38532194
10580,0.40737063
10581,0.42793247
10582,0.41795832
10583,0.40207836
10584,0.40679124
10585,0.39393893
10586,0.37623712
10587,0.40715638
10588,0.3941962
10589,0.4114335
10590,0.40017697
10591,0.37850422
10592,0.406419
10593,0.39032865
10594,0.39098752
10595,0.41014865
10596,0.39130342
10597,0.40361917
10598,0.40665948
10599,0.37180257
10600,0.3991302
10601,0.3979141
10602,0.39899105
10603,0.4080733
10604,0.37951538
10605,0.41484287
10606,0.4003892
10607,0.39705533
10608,0.41599032
10609,0.4120919
10610,0.3866038
10611,0.41986477
10612,0.40904278
10613,0.41333207
10614,0.4227206
10615,0.4143144
10616,0.40839007
10617,0.3893781
10618,0.40265056
10619,0.42466202
10620,0.42602307
10621,0.40392083
10622,0.40040502
10623,0.39274865
10624,0.4107163
10625,0.4104214
10626,0.39587352
10627,0.41286603
10628,0.3764428
10629,0.4037984
10630,0.40724763
10631,0.38936532
10632,0.39310429
10633,0.41216958
10634,0.39403298
10635,0.41019234
10636,0.41617572
10637,0.3798494
10638,0.37074775
10639,0.40148208
10640,0.3742187
10641,0.3987449
10642,0.39653414
10643,0.40104625
10644,0.40264103
10645,0.38745406
10646,0.40640116
10647,0.39283285
10648,0.39839888
10649,0.39187297
10650,0.38489354
10651,0.4068107
10652,0.39156446
10653,0.40049008
10654,0.40080842
10655,0.39804196
10656,0.37748817
10657,0.3924165
10658,0.3745338
10659,0.40324914
10660,0.37047276
10661,0.40886256
10662,0.4128534
10663,0.39780787
10664,0.4080429
10665,0.38892683
10666,0.39892432
10667,0.4149486
10668,0.383532
10669,0.40080267
10670,0.41613945
10671,0.39663908
10672,0.41183
10673,0.40815097
10674,0.40274808
10675,0.38452873
10676,0.41247872
10677,0.3989715
10678,0.4017013
10679,0.374473
10680,0.4091736
10681,0.38849828
10682,0.39921668
10683,0.41166806
10684,0.40995368
10685,0.38040498
10686,0.40125805
10687,0.41316524
10688,0.40872175
10689,0.41071016
10690,0.4039622
10691,0.39991066
10692,0.40556875
10693,0.37670898
10694,0.39440882
10695,0.39391688
10696,0.39527377
10697,0.38144857
10698,0.41617462
10699,0.40488607
10700,0.40627018
10701,0.41788742
10702,0.39635047
10703,0.40361005
10704,0.42374623
10705,0.41989136
10706,0.41078928
10707,0.39141506
10708,0.40473133
10709,0.42090553
10710,0.41684848
10711,0.41015288
10712,0.40997118
10713,0.3880713
10714,0.43077794
10715,0.42618155
10716,0.39600772
10717,0.3729506
10718,0.39285406
10719,0.39006612
10720,0.4213566
10721,0.38658944
10722,0.395155
10723,0.40173745
10724,0.40346467
10725,0.37035507
10726,0.40204632
10727,0.41154903
10728,0.39224586
10729,0.40624657
10730,0.4071686
10731,0.3998858
10732,0.3994626
10733,0.36648384
10734,0.4034603
10735,0.4117738
10736,0.40263316
10737,0.4254654
10738,0.37828425
10739,0.42658588
10740,0.4164663
10741,0.41132975
10742,0.41853866
10743,0.4129876
10744,0.41014695
10745,0.40608785
10746,0.39728367
10747,0.43062365
10748,0.42544731
10749,0.42431304
10750,0.3964145
10751,0.41041216
10752,0.40522036
10753,0.38278797
10754,0.3993681
10755,0.39927542
10756,0.40163755
10757,0.37866497
10758,0.4095597
10759,0.40446576
10760,0.40972313
10761,0.40112454
10762,0.38878146
10763,0.40126663
10764,0.37959048
10765,0.41334713
10766,0.40499184
10767,0.38892332
10768,0.4009206
10769,0.3996695
10770,0.40563643
10771,0.41240504
10772,0.3739169
10773,0.3947717
10774,0.37321362
10775,0.38862032
10776,0.39750174
10777,0.3993722
10778,0.39328757
10779,0.35709524
10780,0.3951877
10781,0.40833437
10782,0.3870784
10783,0.38525194
10784,0.39144433
10785,0.3905161
10786,0.40000826
10787,0.37311766
10788,0.38107988
10789,0.39961693
10790,0.38392025
10791,0.37103322
10792,0.41803098
10793,0.36517596
10794,0.40825507
10795,0.39165756
10796,0.38791296
10797,0.39415258
10798,0.40976638
10799,0.4080861
10800,0.37866634
10801,0.39639273
10802,0.41307202
10803,0.39710292
10804,0.41210502
10805,0.4078013
10806,0.3999087
10807,0.4025947
10808,0.37860328
10809,0.39362904
10810,0.40236095
10811,0.3750691
10812,0.39921823
10813,0.41539696
10814,0.39864808
10815,0.39997524
10816,0.42047095
10817,0.41385236
10818,0.40254983
10819,0.38395393
10820,0.41115052
10821,0.42143896
10822,0.41729075
10823,0.41004944
10824,0.40714118
10825,0.38179046
10826,0.41832957
10827,0.42260027
10828,0.4303291
10829,0.4102721
10830,0.44515413
10831,0.44329324
10832,0.45392403
10833,0.4315537
10834,0.43805957
10835,0.43705013
10836,0.44669473
10837,0.44910562
10838,0.41416618
10839,0.42830706
10840,0.45664483
10841,0.4345585
10842,0.4528569
10843,0.44823533
10844,0.44389614
10845,0.4427883
10846,0.41045165
10847,0.43620896
10848,0.4348154
10849,0.40695164
10850,0.38403553
10851,0.39998755
10852,0.3918287
10853,0.40301374
10854,0.3979413
10855,0.39250627
10856,0.4054232
10857,0.3696668
10858,0.36921272
10859,0.3932807
10860,0.382951
10861,0.39489156
10862,0.3932197
10863,0.3936672
10864,0.3986342
10865,0.37014285
10866,0.39240888
10867,0.39225197
10868,0.4580361
10869,0.44186115
10870,0.44597822
10871,0.43179166
10872,0.4103067
10873,0.44309407
10874,0.45605856
10875,0.42051792
10876,0.42149243
10877,0.43329245
10878,0.43928254
10879,0.44983327
10880,0.44353727
10881,0.39935663
10882,0.4382598
10883,0.42936608
10884,0.4320359
10885,0.43627164
10886,0.42263258
10887,0.40571067
10888,0.39080194
10889,0.3752413
10890,0.39937264
10891,0.40375754
10892,0.40751627
10893,0.41402167
10894,0.4097202
10895,0.40023923
10896,0.3832411
10897,0.42000848
10898,0.3890615
10899,0.38856295
10900,0.40549296
10901,0.38981774
10902,0.41228992
10903,0.36649135
10904,0.40429258
10905,0.4198526
10906,0.37082377
10907,0.4069793
10908,0.40045753
10909,0.4062094
10910,0.39031738
10911,0.39675197
10912,0.38262877
10913,0.39870608
10914,0.4021474
10915,0.40821174
10916,0.38678506
10917,0.3939241
10918,0.3939834
10919,0.38969785
10920,0.40206036
10921,0.40947104
10922,0.4079785
10923,0.3710583
10924,0.38841474
10925,0.40550753
10926,0.394683
10927,0.40866742
10928,0.4047902
10929,0.3834072
10930,0.41220906
10931,0.3977114
10932,0.38153553
10933,0.41008836
10934,0.40352395
10935,0.3977217
10936,0.38397363
10937,0.39011845
10938,0.39183122
10939,0.40077168
10940,0.4151768
10941,0.36765817
10942,0.3725492
10943,0.39856175
10944,0.35841808
10945,0.35122016
10946,0.39520973
10947,0.36423358
10948,0.3846374
10949,0.37185848
10950,0.36810383
10951,0.40413144
10952,0.38784835
10953,0.38497293
10954,0.39264935
10955,0.36266607
10956,0.38011608
10957,0.38304844
10958,0.36819524
10959,0.39980823
10960,0.3915511
10961,0.38596222
10962,0.3910137
10963,0.39879736
10964,0.3776531
10965,0.36759862
10966,0.41936165
10967,0.38282087
10968,0.36327037
10969,0.3928975
10970,0.3927281
10971,0.41167882
10972,0.393162
10973,0.3755499
10974,0.35286146
10975,0.3727384
10976,0.34574637
10977,0.36320534
10978,0.39506683
10979,0.3904057
10980,0.3895958
10981,0.41886315
10982,0.3681063
10983,0.40462762
10984,0.41089472
10985,0.38260788
10986,0.39960682
10987,0.40833575
10988,0.4042207
10989,0.39031225
10990,0.39864564
10991,0.3980209
10992,0.40822625
10993,0.40412775
10994,0.40233302
10995,0.410795
10996,0.39067706
10997,0.40471542
10998,0.40270036
10999,0.38331127
11000,0.3924183
11001,0.36890385
11002,0.39278725
11003,0.37330103
11004,0.37225485
11005,0.39786777
11006,0.37734047
11007,0.38720217
11008,0.37236735
11009,0.3839695
11010,0.38951686
11011,0.35621297
11012,0.37234142
11013,0.37372142
11014,0.39566848
11015,0.3706146
11016,0.3486588
11017,0.3625964
11018,0.3994795
11019,0.37151894
11020,0.35446864
11021,0.37651187
11022,0.35656518
11023,0.38641378
11024,0.38994184
11025,0.3982175
11026,0.4039946
11027,0.39785606
11028,0.38956937
11029,0.35466534
11030,0.38685796
11031,0.4053616
11032,0.37562737
11033,0.37553048
11034,0.38662726
11035,0.37211072
11036,0.39589125
11037,0.40216854
11038,0.3906696
11039,0.38474548
11040,0.39801636
11041,0.39063835
11042,0.39636773
11043,0.41090605
11044,0.38860548
11045,0.37770063
11046,0.4038325
11047,0.35733348
11048,0.40940854
11049,0.39802167
11050,0.3812453
11051,0.38673678
11052,0.39496383
11053,0.41349316
11054,0.391511
11055,0.39836696
11056,0.37510145
11057,0.3756082
11058,0.3633574
11059,0.36411944
11060,0.37699923
11061,0.36379963
11062,0.3852548
11063,0.36915183
11064,0.37644237
11065,0.38162103
11066,0.3524646
11067,0.37189454
11068,0.36760297
11069,0.385685
11070,0.35996956
11071,0.37020016
11072,0.3794558
11073,0.38583168
11074,0.37863782
11075,0.38077074
11076,0.3796996
11077,0.38581267
11078,0.370167
11079,0.4054014
11080,0.41639522
11081,0.384191
11082,0.41389602
11083,0.38546875
11084,0.38189334
11085,0.40201312
11086,0.4185874
11087,0.36507356
11088,0.41065323
11089,0.40402043
11090,0.41847384
11091,0.41399348
11092,0.39879814
11093,0.39049706
11094,0.36347994
11095,0.4058013
11096,0.3583214
11097,0.37281376
11098,0.3988974
11099,0.39722672
11100,0.40903598
11101,0.40002993
11102,0.36261845
11103,0.40120438
11104,0.3777002
11105,0.3793841
11106,0.3941831
11107,0.40744963
11108,0.41706896
11109,0.36939022
11110,0.3977966
11111,0.41018176
11112,0.40020156
11113,0.40338305
11114,0.40187958
11115,0.4021439
11116,0.41340032
11117,0.39476433
11118,0.40531325
11119,0.4244282
11120,0.41810155
11121,0.37706304
11122,0.40080664
11123,0.42499042
11124,0.41908294
11125,0.40053263
11126,0.39318085
11127,0.38737345
11128,0.41084793
11129,0.404664
11130,0.40338132
11131,0.42165545
11132,0.40862545
11133,0.4111423
11134,0.4167233
11135,0.3734151
11136,0.4085823
11137,0.42041197
11138,0.39974463
11139,0.41359708
11140,0.38838926
11141,0.4064737
11142,0.41247278
11143,0.42608804
11144,0.4000934
11145,0.40501428
11146,0.4151279
11147,0.42191756
11148,0.41614273
11149,0.3817333
11150,0.39243814
11151,0.3753064
11152,0.42663604
11153,0.42646953
11154,0.3824123
11155,0.38685992
11156,0.41387114
11157,0.41288927
11158,0.42452055
11159,0.40321967
11160,0.3745012
11161,0.41676572
11162,0.4125914
11163,0.39943016
11164,0.38159484
11165,0.42113143
11166,0.39486098
11167,0.4307672
11168,0.41105905
11169,0.3712636
11170,0.4202841
11171,0.41517755
11172,0.3691107
11173,0.3845458
11174,0.44478837
11175,0.3791623
11176,0.421622
11177,0.42624417
11178,0.42802978
11179,0.41987476
11180,0.42088777
11181,0.4350462
11182,0.43903273
11183,0.42046705
11184,0.42370078
11185,0.40354303
11186,0.38700885
11187,0.42287982
11188,0.3891911
11189,0.38649377
11190,0.4173849
11191,0.36895567
11192,0.41202524
11193,0.39913678
11194,0.38440466
11195,0.40981525
11196,0.3842024
11197,0.3959877
11198,0.4066196
11199,0.4125592
11200,0.3651725
11201,0.41604736
11202,0.40444306
11203,0.41075283
11204,0.41868612
11205,0.4070743
11206,0.40074587
11207,0.37164584
11208,0.3976273
11209,0.37906465
11210,0.36245617
11211,0.36795604
11212,0.43420917
11213,0.41674134
11214,0.43030092
11215,0.4075635
11216,0.3893486
11217,0.41662595
11218,0.3774192
11219,0.39848098
11220,0.41972008
11221,0.42212325
11222,0.3810796
11223,0.4383847
11224,0.41276965
11225,0.36979544
11226,0.43346846
11227,0.41882747
11228,0.43400317
11229,0.40440717
11230,0.39063734
11231,0.37978613
11232,0.3696761
11233,0.35973188
11234,0.39816812
11235,0.4008484
11236,0.4094888
11237,0.401816
11238,0.35858607
11239,0.39249918
11240,0.38967282
11241,0.36191323
11242,0.40366536
11243,0.39103624
11244,0.36945254
11245,0.39940616
11246,0.40877694
11247,0.4018726
11248,0.39661676
11249,0.42331758
11250,0.35628593
11251,0.3618383
11252,0.35570994
11253,0.40511006
11254,0.40804428
11255,0.40325627
11256,0.39725104
11257,0.413702
11258,0.405656
11259,0.37352386
11260,0.4037127
11261,0.40988466
11262,0.3892936
11263,0.36620227
11264,0.41414168
11265,0.37016106
11266,0.39139047
11267,0.35976157
11268,0.39095676
11269,0.3872362
11270,0.36732188
11271,0.38121593
11272,0.40039104
11273,0.3719344
11274,0.3915057
11275,0.40204006
11276,0.40981236
11277,0.3687903
11278,0.4140025
11279,0.39470494
11280,0.39826337
11281,0.4170487
11282,0.40820956
11283,0.4029302
11284,0.36968946
11285,0.41401368
11286,0.40564486
11287,0.36776415
11288,0.3928406
11289,0.3582716
11290,0.34664184
11291,0.3926739
11292,0.40915528
11293,0.41011286
11294,0.40334675
11295,0.36239535
11296,0.3979963
11297,0.40105313
11298,0.3696382
11299,0.40171108
11300,0.40878373
11301,0.38762355
11302,0.37453485
11303,0.38275397
11304,0.38390374
11305,0.3857655
11306,0.37393892
11307,0.40427682
11308,0.4252197
11309,0.38949803
11310,0.40868706
11311,0.38690192
11312,0.39980453
11313,0.41705978
11314,0.4190229
11315,0.37861153
11316,0.40541872
11317,0.4089629
11318,0.41165704
11319,0.4284268
11320,0.40941858
11321,0.41702998
11322,0.4292651
11323,0.36145946
