mutant,DMS_score_predicted
V1D,0.28033774999999994
V1Y,0.28934224999999997
V1C,0.2771549999999994
V1A,0.2786702499999998
V1E,0.2629377500000016
V1W,0.34565000000000085
V1T,0.29474225000000065
V1R,0.25786850000000167
V1Q,0.30659125000000087
V1S,0.2047517500000012
V1N,0.24961350000000113
V1M,0.22860924999999963
V1L,0.3242329999999989
V1K,0.29346900000000187
V1I,0.2933604999999994
V1H,0.2702604999999998
V1G,0.2387540000000005
V1F,0.2772065000000002
V1P,0.29416774999999845
N2R,0.34913500000000014
N2Y,0.35951924999999973
N2W,0.3721715000000006
N2V,0.24986474999999975
N2T,0.31684875000000107
N2S,0.4205115000000001
N2Q,0.27359799999999956
N2I,0.3009152500000005
N2M,0.1865119999999996
N2A,0.37233575000000024
N2P,0.5668600000000004
N2D,0.5572117500000013
N2E,0.2827410000000001
N2F,0.28576250000000053
N2C,0.3667969999999992
N2H,0.2113317500000001
N2K,0.3080087500000008
N2L,0.2373782499999993
N2G,0.3330544999999998
E3K,0.300105500000001
E3C,0.32430649999999905
E3D,0.41740925000000045
E3F,0.2395847500000001
E3G,0.2575942499999999
E3H,0.23017025000000008
E3I,0.2944477500000005
E3L,0.2231777499999995
E3A,0.28298825
E3N,0.310894000000001
E3M,0.19007774999999963
E3W,0.3464227500000009
E3V,0.22034399999999973
E3T,0.31789675000000084
E3Y,0.3455717499999998
E3R,0.3341302500000007
E3Q,0.27016074999999995
E3P,0.5241622499999989
E3S,0.3436094999999996
A4M,0.17048850000000013
A4F,0.2573640000000006
A4G,0.5335089999999986
A4I,0.25726850000000046
A4K,0.2787620000000015
A4L,0.22272324999999932
A4N,0.30688350000000136
A4S,0.3752302499999997
A4Q,0.25670124999999994
A4R,0.28452900000000086
A4E,0.24890200000000015
A4T,0.41685450000000024
A4V,0.3255407500000001
A4W,0.2832420000000001
A4Y,0.3713785
A4P,0.5959245000000021
A4D,0.4733227500000005
A4H,0.19332750000000032
A4C,0.41886824999999833
R5W,0.4243972500000001
R5A,0.31269699999999984
R5C,0.3283427499999992
R5D,0.41611525000000066
R5E,0.26928850000000026
R5F,0.3002060000000001
R5G,0.27076075
R5H,0.2501777499999998
R5I,0.31147525000000026
R5Y,0.36665849999999994
R5L,0.24903499999999915
R5M,0.19354899999999972
R5N,0.32165450000000056
R5P,0.480019499999999
R5Q,0.3067977500000001
R5S,0.3259347499999999
R5T,0.3359957500000003
R5V,0.25045724999999974
R5K,0.3128277500000011
G6V,0.3115497500000001
G6T,0.3705907500000008
G6S,0.4288094999999995
G6R,0.32853400000000055
G6Q,0.27799424999999967
G6P,0.5708855000000014
G6N,0.3263085000000005
G6H,0.20953425000000017
G6L,0.24896149999999906
G6K,0.3039370000000012
G6I,0.2838385000000003
G6F,0.3275317500000008
G6E,0.29666400000000026
G6D,0.5722737500000018
G6C,0.4098387499999987
G6M,0.17750574999999988
G6A,0.44802000000000014
G6Y,0.37611075000000005
G6W,0.36966800000000044
N7A,0.37233575000000024
N7W,0.3721715000000006
N7V,0.24986474999999975
N7T,0.31684875000000107
N7S,0.4205115000000001
N7R,0.34913500000000014
N7Q,0.27359799999999956
N7P,0.5668600000000004
N7M,0.1865119999999996
N7Y,0.35951924999999973
N7K,0.3080087500000008
N7C,0.3667969999999992
N7D,0.5572117500000013
N7E,0.2827410000000001
N7L,0.2373782499999993
N7G,0.3330544999999998
N7H,0.2113317500000001
N7I,0.3009152500000005
N7F,0.28576250000000053
S8D,0.5771105000000017
S8E,0.28968200000000016
S8F,0.3278815000000007
S8G,0.4749084999999993
S8H,0.20897425000000017
S8I,0.2859647500000003
S8K,0.3069287500000011
S8L,0.24846974999999916
S8N,0.32668725000000043
S8P,0.5878090000000012
S8C,0.42064699999999855
S8R,0.33579600000000037
S8T,0.3698615000000007
S8V,0.31116925000000006
S8W,0.3812752500000005
S8Y,0.38455325000000007
S8M,0.17937274999999986
S8Q,0.2820689999999997
S8A,0.46320900000000037
S9C,0.42064699999999855
S9D,0.5771105000000017
S9E,0.28968200000000016
S9F,0.3278815000000007
S9G,0.4749084999999993
S9H,0.20897425000000017
S9I,0.2859647500000003
S9K,0.3069287500000011
S9L,0.24846974999999916
S9M,0.17937274999999986
S9N,0.32668725000000043
S9P,0.5878090000000012
S9Q,0.2820689999999997
S9R,0.33579600000000037
S9T,0.3698615000000007
S9V,0.31116925000000006
S9A,0.46320900000000037
S9W,0.3812752500000005
S9Y,0.38455325000000007
L10V,0.2792497499999989
L10A,0.3631409999999996
L10C,0.272642749999999
L10D,0.27558400000000044
L10E,0.2921762500000014
L10F,0.3174374999999999
L10G,0.2587567500000006
L10H,0.2582822499999995
L10K,0.2998055000000016
L10M,0.2232827499999996
L10N,0.30586400000000036
L10P,0.28045149999999824
L10Q,0.3688664999999989
L10R,0.2569885000000013
L10S,0.18532400000000088
L10T,0.3201857500000007
L10W,0.42049149999999974
L10Y,0.29772150000000014
L10I,0.3198887499999989
N11Y,0.35951924999999973
N11C,0.3667969999999992
N11D,0.5572117500000013
N11E,0.2827410000000001
N11F,0.28576250000000053
N11G,0.3330544999999998
N11H,0.2113317500000001
N11A,0.37233575000000024
N11I,0.3009152500000005
N11L,0.2373782499999993
N11M,0.1865119999999996
N11P,0.5668600000000004
N11Q,0.27359799999999956
N11R,0.34913500000000014
N11S,0.4205115000000001
N11K,0.3080087500000008
N11W,0.3721715000000006
N11V,0.24986474999999975
N11T,0.31684875000000107
P12W,0.47658899999999954
P12D,0.6441587500000027
P12E,0.35191650000000024
P12F,0.40399024999999944
P12G,0.3123045000000001
P12H,0.23782575
P12I,0.3265479999999995
P12K,0.33559325
P12L,0.34563849999999957
P12N,0.32181349999999986
P12Q,0.30335249999999975
P12R,0.37641999999999937
P12S,0.4474240000000004
P12T,0.2691402500000008
P12V,0.28161424999999984
P12M,0.21018049999999927
P12Y,0.3489119999999994
P12A,0.4195357500000005
P12C,0.3801707499999992
C13A,0.33043349999999977
C13D,0.39709950000000077
C13E,0.2796632500000014
C13F,0.3058780000000004
C13G,0.3117127500000003
C13H,0.25235925000000015
C13K,0.30458075000000145
C13L,0.324556999999999
C13M,0.22192974999999948
C13I,0.29698774999999955
C13P,0.3632477499999995
C13N,0.2662440000000012
C13W,0.3567905000000005
C13V,0.26375574999999957
C13T,0.2977382500000007
C13Y,0.3096897499999995
C13R,0.2893572500000017
C13Q,0.2862875000000006
C13S,0.28560400000000113
L14K,0.2998055000000016
L14D,0.27558400000000044
L14E,0.2921762500000014
L14F,0.3174374999999999
L14G,0.2587567500000006
L14H,0.2582822499999995
L14I,0.3198887499999989
L14M,0.2232827499999996
L14C,0.272642749999999
L14P,0.28045149999999824
L14Q,0.3688664999999989
L14R,0.2569885000000013
L14S,0.18532400000000088
L14T,0.3201857500000007
L14V,0.2792497499999989
L14W,0.42049149999999974
L14Y,0.29772150000000014
L14N,0.30586400000000036
L14A,0.3631409999999996
E15C,0.32430649999999905
E15T,0.31789675000000084
E15A,0.28298825
E15Y,0.3455717499999998
E15W,0.3464227500000009
E15V,0.22034399999999973
E15D,0.41740925000000045
E15F,0.2395847500000001
E15G,0.2575942499999999
E15H,0.23017025000000008
E15S,0.3436094999999996
E15K,0.300105500000001
E15L,0.2231777499999995
E15M,0.19007774999999963
E15N,0.310894000000001
E15P,0.5241622499999989
E15Q,0.27016074999999995
E15R,0.3341302500000007
E15I,0.2944477500000005
G16D,0.5722737500000018
G16E,0.29666400000000026
G16F,0.3275317500000008
G16H,0.20953425000000017
G16I,0.2838385000000003
G16K,0.3039370000000012
G16L,0.24896149999999906
G16R,0.32853400000000055
G16P,0.5708855000000014
G16Q,0.27799424999999967
G16S,0.4288094999999995
G16T,0.3705907500000008
G16V,0.3115497500000001
G16C,0.4098387499999987
G16Y,0.37611075000000005
G16N,0.3263085000000005
G16W,0.36966800000000044
G16M,0.17750574999999988
G16A,0.44802000000000014
S17A,0.46320900000000037
S17Y,0.38455325000000007
S17D,0.5771105000000017
S17V,0.31116925000000006
S17T,0.3698615000000007
S17R,0.33579600000000037
S17Q,0.2820689999999997
S17P,0.5878090000000012
S17N,0.32668725000000043
S17W,0.3812752500000005
S17M,0.17937274999999986
S17E,0.28968200000000016
S17F,0.3278815000000007
S17G,0.4749084999999993
S17C,0.42064699999999855
S17I,0.2859647500000003
S17K,0.3069287500000011
S17L,0.24846974999999916
S17H,0.20897425000000017
A18D,0.4733227500000005
A18E,0.24890200000000015
A18F,0.2573640000000006
A18G,0.5335089999999986
A18H,0.19332750000000032
A18I,0.25726850000000046
A18K,0.2787620000000015
A18M,0.17048850000000013
A18N,0.30688350000000136
A18V,0.3255407500000001
A18Q,0.25670124999999994
A18R,0.28452900000000086
A18S,0.3752302499999997
A18T,0.41685450000000024
A18L,0.22272324999999932
A18P,0.5959245000000021
A18C,0.41886824999999833
A18Y,0.3713785
A18W,0.2832420000000001
S19R,0.33579600000000037
S19Q,0.2820689999999997
S19P,0.5878090000000012
S19N,0.32668725000000043
S19M,0.17937274999999986
S19L,0.24846974999999916
S19W,0.3812752500000005
S19I,0.2859647500000003
S19G,0.4749084999999993
S19F,0.3278815000000007
S19E,0.28968200000000016
S19D,0.5771105000000017
S19C,0.42064699999999855
S19A,0.46320900000000037
S19Y,0.38455325000000007
S19H,0.20897425000000017
S19K,0.3069287500000011
S19V,0.31116925000000006
S19T,0.3698615000000007
S20R,0.33579600000000037
S20A,0.46320900000000037
S20C,0.42064699999999855
S20D,0.5771105000000017
S20E,0.28968200000000016
S20F,0.3278815000000007
S20G,0.4749084999999993
S20H,0.20897425000000017
S20I,0.2859647500000003
S20Y,0.38455325000000007
S20K,0.3069287500000011
S20L,0.24846974999999916
S20M,0.17937274999999986
S20N,0.32668725000000043
S20P,0.5878090000000012
S20Q,0.2820689999999997
S20T,0.3698615000000007
S20V,0.31116925000000006
S20W,0.3812752500000005
G21A,0.44802000000000014
G21W,0.36966800000000044
G21N,0.3263085000000005
G21Y,0.37611075000000005
G21V,0.3115497500000001
G21T,0.3705907500000008
G21S,0.4288094999999995
G21R,0.32853400000000055
G21P,0.5708855000000014
G21M,0.17750574999999988
G21L,0.24896149999999906
G21Q,0.27799424999999967
G21I,0.2838385000000003
G21H,0.20953425000000017
G21F,0.3275317500000008
G21E,0.29666400000000026
G21D,0.5722737500000018
G21C,0.4098387499999987
G21K,0.3039370000000012
S22I,0.2859647500000003
S22C,0.42064699999999855
S22A,0.46320900000000037
S22D,0.5771105000000017
S22E,0.28968200000000016
S22F,0.3278815000000007
S22G,0.4749084999999993
S22H,0.20897425000000017
S22W,0.3812752500000005
S22K,0.3069287500000011
S22M,0.17937274999999986
S22L,0.24846974999999916
S22V,0.31116925000000006
S22T,0.3698615000000007
S22Y,0.38455325000000007
S22Q,0.2820689999999997
S22P,0.5878090000000012
S22N,0.32668725000000043
S22R,0.33579600000000037
E23A,0.28298825
E23I,0.2944477500000005
E23C,0.32430649999999905
E23D,0.41740925000000045
E23F,0.2395847500000001
E23G,0.2575942499999999
E23H,0.23017025000000008
E23K,0.300105500000001
E23Q,0.27016074999999995
E23M,0.19007774999999963
E23N,0.310894000000001
E23P,0.5241622499999989
E23R,0.3341302500000007
E23S,0.3436094999999996
E23T,0.31789675000000084
E23V,0.22034399999999973
E23W,0.3464227500000009
E23L,0.2231777499999995
E23Y,0.3455717499999998
S24Y,0.38455325000000007
S24H,0.20897425000000017
S24D,0.5771105000000017
S24E,0.28968200000000016
S24F,0.3278815000000007
S24G,0.4749084999999993
S24I,0.2859647500000003
S24K,0.3069287500000011
S24A,0.46320900000000037
S24L,0.24846974999999916
S24N,0.32668725000000043
S24P,0.5878090000000012
S24Q,0.2820689999999997
S24R,0.33579600000000037
S24T,0.3698615000000007
S24V,0.31116925000000006
S24M,0.17937274999999986
S24W,0.3812752500000005
S24C,0.42064699999999855
S25E,0.29088624999999957
S25A,0.4663012500000013
S25C,0.44678974999999865
S25Y,0.4145292500000005
S25W,0.4131862500000004
S25V,0.3482705
S25T,0.3529680000000004
S25F,0.36995925000000085
S25Q,0.2942617499999996
S25P,0.5771775000000008
S25R,0.33656225000000006
S25M,0.19844774999999962
S25L,0.26983274999999945
S25K,0.32572500000000076
S25I,0.3442525000000006
S25H,0.21803100000000034
S25D,0.5781547500000014
S25G,0.47187599999999963
S25N,0.2966882499999997
K26G,0.2603207500000001
K26M,0.21389899999999978
K26F,0.33511125000000047
K26E,0.27359599999999973
K26H,0.2643032500000004
K26I,0.3686317500000004
K26L,0.2718304999999994
K26N,0.2846447499999993
K26C,0.3524557499999992
K26Q,0.32477499999999987
K26R,0.3220607500000006
K26S,0.30361599999999955
K26T,0.313783
K26V,0.28401875000000015
K26D,0.41463450000000046
K26Y,0.3968902500000002
K26W,0.4582784999999998
K26P,0.46054049999999874
K26A,0.31296075000000056
D27A,0.37600450000000096
D27Y,0.38940675000000013
D27C,0.39145299999999916
D27E,0.2890767499999995
D27F,0.328560250000001
D27G,0.32236075
D27I,0.35668425000000054
D27K,0.32591325000000054
D27L,0.2599464999999996
D27M,0.20475199999999943
D27H,0.22049800000000033
D27P,0.5593600000000001
D27Q,0.28498874999999957
D27R,0.35411124999999977
D27S,0.40620224999999993
D27T,0.29339125000000055
D27V,0.2816012500000002
D27W,0.41034800000000016
D27N,0.2975419999999995
S28H,0.21803100000000034
S28G,0.47187599999999963
S28F,0.36995925000000085
S28A,0.4663012500000013
S28D,0.5781547500000014
S28C,0.44678974999999865
S28I,0.3442525000000006
S28E,0.29088624999999957
S28K,0.32572500000000076
S28L,0.26983274999999945
S28M,0.19844774999999962
S28W,0.4131862500000004
S28V,0.3482705
S28T,0.3529680000000004
S28Y,0.4145292500000005
S28Q,0.2942617499999996
S28P,0.5771775000000008
S28N,0.2966882499999997
S28R,0.33656225000000006
S29M,0.19844774999999962
S29V,0.3482705
S29T,0.3529680000000004
S29R,0.33656225000000006
S29Q,0.2942617499999996
S29P,0.5771775000000008
S29N,0.2966882499999997
S29L,0.26983274999999945
S29F,0.36995925000000085
S29I,0.3442525000000006
S29H,0.21803100000000034
S29G,0.47187599999999963
S29W,0.4131862500000004
S29E,0.29088624999999957
S29D,0.5781547500000014
S29C,0.44678974999999865
S29A,0.4663012500000013
S29K,0.32572500000000076
S29Y,0.4145292500000005
R30D,0.41425025000000043
R30W,0.46075174999999985
R30Y,0.3991777500000003
R30C,0.35044574999999917
R30E,0.2734437499999997
R30F,0.33708575000000063
R30G,0.2595695000000001
R30I,0.3676007500000004
R30K,0.3347115000000007
R30L,0.2704894999999994
R30H,0.2649672500000004
R30N,0.28449249999999926
R30A,0.3130605000000006
R30P,0.4614677499999987
R30Q,0.3256502499999999
R30S,0.30187224999999956
R30T,0.31429450000000003
R30V,0.2822552500000001
R30M,0.21444874999999974
C31P,0.32355399999999823
C31W,0.44904324999999995
C31V,0.35527449999999994
C31T,0.24731349999999946
C31S,0.23608850000000065
C31R,0.2649067500000008
C31Q,0.32879750000000063
C31N,0.18411100000000005
C31E,0.28575849999999986
C31L,0.3993974999999997
C31K,0.35028524999999966
C31I,0.48805325000000077
C31H,0.2828310000000013
C31G,0.2984307500000007
C31F,0.4089865000000011
C31D,0.3937727500000006
C31A,0.3459705000000015
C31M,0.2554439999999998
C31Y,0.38170574999999973
S32W,0.4131862500000004
S32Y,0.4145292500000005
S32I,0.3442525000000006
S32R,0.33656225000000006
S32Q,0.2942617499999996
S32P,0.5771775000000008
S32N,0.2966882499999997
S32M,0.19844774999999962
S32L,0.26983274999999945
S32K,0.32572500000000076
S32T,0.3529680000000004
S32H,0.21803100000000034
S32F,0.36995925000000085
S32E,0.29088624999999957
S32D,0.5781547500000014
S32C,0.44678974999999865
S32A,0.4663012500000013
S32G,0.47187599999999963
S32V,0.3482705
T33W,0.44403700000000035
T33A,0.4119575000000013
T33Y,0.40405500000000044
T33C,0.42994849999999873
T33R,0.3461914999999997
T33Q,0.3066367499999997
T33P,0.5271687500000002
T33M,0.20653624999999953
T33L,0.3032967499999992
T33K,0.33828125000000037
T33N,0.2893892499999993
T33I,0.37284550000000016
T33H,0.2338427500000004
T33G,0.35321850000000027
T33F,0.39311350000000067
T33E,0.3077839999999996
T33D,0.5887952500000018
T33V,0.34336274999999994
T33S,0.41758499999999993
P34K,0.36237474999999925
P34D,0.6454797500000024
P34E,0.3602794999999994
P34F,0.4957102500000003
P34G,0.30043525000000026
P34H,0.2514342500000006
P34I,0.4404782499999991
P34T,0.23607875000000045
P34M,0.2324597499999994
P34N,0.2813952499999989
P34Q,0.3209807499999996
P34R,0.3816027499999988
P34S,0.43013375000000026
P34A,0.4255767500000017
P34W,0.5524737499999997
P34V,0.3350302500000001
P34C,0.421041749999999
P34L,0.39469849999999995
P34Y,0.39030374999999995
G35K,0.3227000000000008
G35C,0.4356847499999988
G35Y,0.40612325000000055
G35A,0.4510795000000011
G35W,0.40116100000000027
G35V,0.34939824999999997
G35T,0.35406350000000053
G35S,0.4116352499999996
G35Q,0.2901837499999996
G35P,0.5602540000000009
G35R,0.32966650000000025
G35M,0.1962342499999997
G35L,0.2695894999999993
G35I,0.3409592500000007
G35H,0.21835800000000036
G35F,0.369240750000001
G35E,0.29794099999999957
G35D,0.5733180000000015
G35N,0.2963822499999998
L36K,0.32608975000000073
L36S,0.12686900000000012
L36R,0.2420765000000006
L36Q,0.415026999999999
L36P,0.24765749999999861
L36N,0.25341774999999866
L36M,0.25910449999999974
L36I,0.4947892500000011
L36W,0.5255927499999999
L36G,0.2436977500000007
L36F,0.4295582500000008
L36E,0.29874875000000034
L36D,0.26385300000000067
L36C,0.3094054999999993
L36A,0.3870942500000007
L36Y,0.3468732500000009
L36T,0.2911449999999996
L36H,0.27608100000000013
L36V,0.3696459999999992
D37M,0.20475199999999943
D37C,0.39145299999999916
D37A,0.37600450000000096
D37Y,0.38940675000000013
D37W,0.41034800000000016
D37V,0.2816012500000002
D37T,0.29339125000000055
D37R,0.35411124999999977
D37Q,0.28498874999999957
D37P,0.5593600000000001
D37S,0.40620224999999993
D37L,0.2599464999999996
D37K,0.32591325000000054
D37I,0.35668425000000054
D37H,0.22049800000000033
D37G,0.32236075
D37F,0.328560250000001
D37E,0.2890767499999995
D37N,0.2975419999999995
P38N,0.2813952499999989
P38W,0.5524737499999997
P38V,0.3350302500000001
P38T,0.23607875000000045
P38S,0.43013375000000026
P38R,0.3816027499999988
P38Q,0.3209807499999996
P38M,0.2324597499999994
P38C,0.421041749999999
P38K,0.36237474999999925
P38I,0.4404782499999991
P38H,0.2514342500000006
P38G,0.30043525000000026
P38F,0.4957102500000003
P38E,0.3602794999999994
P38D,0.6454797500000024
P38L,0.39469849999999995
P38A,0.4255767500000017
P38Y,0.39030374999999995
E39G,0.2454782500000001
E39Q,0.2901984999999998
E39V,0.2557667500000001
E39T,0.2931180000000003
E39A,0.2785387500000006
E39C,0.3508154999999993
E39D,0.4155550000000003
E39F,0.2815245000000006
E39S,0.32265399999999944
E39H,0.24509100000000036
E39I,0.3635672500000006
E39K,0.32413600000000065
E39L,0.24881074999999986
E39M,0.21350599999999964
E39N,0.27223449999999966
E39P,0.5058054999999984
E39W,0.3885380000000002
E39Y,0.38345375000000004
E39R,0.3360395000000002
R40Y,0.3991777500000003
R40M,0.21444874999999974
R40L,0.2704894999999994
R40K,0.3347115000000007
R40I,0.3676007500000004
R40H,0.2649672500000004
R40G,0.2595695000000001
R40Q,0.3256502499999999
R40N,0.28449249999999926
R40S,0.30187224999999956
R40E,0.2734437499999997
R40D,0.41425025000000043
R40C,0.35044574999999917
R40W,0.46075174999999985
R40A,0.3130605000000006
R40T,0.31429450000000003
R40V,0.2822552500000001
R40F,0.33708575000000063
R40P,0.4614677499999987
H41W,0.3939015000000001
H41V,0.25796525000000015
H41R,0.3340535000000002
H41S,0.3155624999999994
H41Y,0.38932199999999995
H41Q,0.29539649999999995
H41P,0.5075254999999983
H41N,0.2701359999999996
H41M,0.21441099999999966
H41L,0.24801249999999983
H41K,0.3261812500000007
H41I,0.3637425000000007
H41F,0.2856790000000006
H41E,0.2486102499999995
H41D,0.4041935000000001
H41C,0.35211549999999936
H41A,0.2688285000000005
H41T,0.2978490000000002
H41G,0.23672400000000018
E42H,0.24509100000000036
E42Y,0.38345375000000004
E42A,0.2785387500000006
E42C,0.3508154999999993
E42D,0.4155550000000003
E42F,0.2815245000000006
E42I,0.3635672500000006
E42K,0.32413600000000065
E42L,0.24881074999999986
E42M,0.21350599999999964
E42G,0.2454782500000001
E42P,0.5058054999999984
E42Q,0.2901984999999998
E42R,0.3360395000000002
E42S,0.32265399999999944
E42T,0.2931180000000003
E42V,0.2557667500000001
E42W,0.3885380000000002
E42N,0.27223449999999966
R43M,0.21444874999999974
R43N,0.28449249999999926
R43P,0.4614677499999987
R43V,0.2822552500000001
R43S,0.30187224999999956
R43T,0.31429450000000003
R43L,0.2704894999999994
R43Q,0.3256502499999999
R43K,0.3347115000000007
R43A,0.3130605000000006
R43H,0.2649672500000004
R43G,0.2595695000000001
R43F,0.33708575000000063
R43E,0.2734437499999997
R43D,0.41425025000000043
R43C,0.35044574999999917
R43W,0.46075174999999985
R43I,0.3676007500000004
R43Y,0.3991777500000003
L44A,0.3881507500000007
L44E,0.2990075000000003
L44V,0.3708737499999992
L44G,0.24294550000000073
L44H,0.27326400000000023
L44I,0.4961865000000011
L44K,0.3262750000000007
L44M,0.2563482499999997
L44N,0.2539317499999986
L44P,0.24773699999999862
L44D,0.2654132500000007
L44Q,0.4159742499999989
L44S,0.1265170000000001
L44T,0.2911449999999996
L44W,0.5403155
L44Y,0.3468475000000009
L44C,0.3094054999999993
L44R,0.2421390000000006
L44F,0.43182400000000093
R45Y,0.39929700000000035
R45W,0.4713132499999999
R45V,0.2822065000000001
R45A,0.31506825000000055
R45Q,0.32572574999999987
R45S,0.3023824999999996
R45P,0.4617062499999987
R45N,0.28449249999999926
R45M,0.21315499999999976
R45L,0.2705342499999994
R45K,0.3347115000000007
R45T,0.31429450000000003
R45H,0.26267625000000033
R45G,0.25845050000000014
R45F,0.33772750000000057
R45E,0.2734437499999997
R45D,0.4150140000000004
R45C,0.35044574999999917
R45I,0.3676007500000004
E46R,0.3360395000000002
E46A,0.28054650000000064
E46Y,0.38369975000000006
E46W,0.3994527500000001
E46V,0.25578500000000015
E46T,0.2931180000000003
E46S,0.3231642499999994
E46Q,0.2902739999999998
E46M,0.21221224999999966
E46N,0.27223449999999966
E46P,0.5058054999999984
E46F,0.28243250000000064
E46G,0.24423700000000012
E46H,0.2426255000000004
E46D,0.41631875000000035
E46K,0.32413600000000065
E46L,0.24885549999999984
E46C,0.3508154999999993
E46I,0.3635672500000006
K47W,0.46883999999999987
K47M,0.21260524999999977
K47Y,0.3970095000000003
K47S,0.3041262499999996
K47R,0.3220607500000006
K47Q,0.3248504999999998
K47P,0.4607789999999988
K47N,0.2846447499999993
K47L,0.27187524999999946
K47V,0.28397000000000017
K47H,0.26201225000000034
K47G,0.2592017500000001
K47F,0.3357530000000006
K47E,0.27359599999999973
K47D,0.4153982500000004
K47C,0.3524557499999992
K47A,0.31496850000000054
K47T,0.313783
K47I,0.3686317500000004
R49Q,0.32572574999999987
R49S,0.3023824999999996
R49Y,0.39929700000000035
R49V,0.2822065000000001
R49W,0.4713132499999999
R49P,0.4617062499999987
R49T,0.31429450000000003
R49N,0.28449249999999926
R49I,0.3676007500000004
R49L,0.2705342499999994
R49K,0.3347115000000007
R49G,0.25845050000000014
R49F,0.33772750000000057
R49E,0.2734437499999997
R49D,0.4150140000000004
R49C,0.35044574999999917
R49A,0.31506825000000055
R49M,0.21315499999999976
R49H,0.26267625000000033
R50A,0.31506825000000055
R50Y,0.39929700000000035
R50C,0.35044574999999917
R50D,0.4150140000000004
R50E,0.2734437499999997
R50G,0.25845050000000014
R50H,0.26267625000000033
R50I,0.3676007500000004
R50K,0.3347115000000007
R50F,0.33772750000000057
R50M,0.21315499999999976
R50V,0.2822065000000001
R50L,0.2705342499999994
R50T,0.31429450000000003
R50S,0.3023824999999996
R50W,0.4713132499999999
R50Q,0.32572574999999987
R50P,0.4617062499999987
R50N,0.28449249999999926
R51A,0.31506825000000055
R51C,0.35044574999999917
R51E,0.2734437499999997
R51F,0.33772750000000057
R51G,0.25845050000000014
R51H,0.26267625000000033
R51I,0.3676007500000004
R51K,0.3347115000000007
R51M,0.21315499999999976
R51D,0.4150140000000004
R51L,0.2705342499999994
R51Q,0.32572574999999987
R51P,0.4617062499999987
R51Y,0.39929700000000035
R51W,0.4713132499999999
R51N,0.28449249999999926
R51T,0.31429450000000003
R51S,0.3023824999999996
R51V,0.2822065000000001
L52A,0.39026375000000074
L52C,0.30883949999999927
L52D,0.26392950000000076
L52E,0.29930875000000035
L52F,0.43304250000000094
L52G,0.24229075000000072
L52H,0.2712875000000001
L52K,0.32626525000000073
L52M,0.2567797499999997
L52P,0.24866474999999863
L52R,0.24210000000000056
L52S,0.12470675000000007
L52T,0.2911449999999996
L52V,0.3708737499999992
L52W,0.54241
L52Y,0.3467725000000009
L52N,0.2539317499999986
L52Q,0.4159742499999989
L52I,0.4967632500000011
E53R,0.3360395000000002
E53Y,0.38369975000000006
E53W,0.3994527500000001
E53T,0.2931180000000003
E53S,0.3231642499999994
E53A,0.28054650000000064
E53C,0.3508154999999993
E53D,0.41631875000000035
E53F,0.28243250000000064
E53V,0.25578500000000015
E53Q,0.2902739999999998
E53H,0.2426255000000004
E53I,0.3635672500000006
E53K,0.32413600000000065
E53G,0.24423700000000012
E53L,0.24885549999999984
E53M,0.21221224999999966
E53P,0.5058054999999984
E53N,0.27223449999999966
S54L,0.26983274999999945
S54M,0.19713749999999966
S54P,0.5771775000000008
S54K,0.32572500000000076
S54Q,0.29490749999999966
S54R,0.33656225000000006
S54N,0.2966882499999997
S54I,0.3442525000000006
S54D,0.5797150000000014
S54G,0.4711312499999996
S54F,0.36995925000000085
S54E,0.29088624999999957
S54W,0.42134125000000033
S54Y,0.4147752500000005
S54T,0.3529680000000004
S54A,0.4673577500000013
S54C,0.44678974999999865
S54H,0.21578125000000037
S54V,0.34828875000000004
G55C,0.4356847499999988
G55A,0.45213600000000115
G55D,0.5748782500000015
G55E,0.29794099999999957
G55F,0.369240750000001
G55H,0.21665050000000033
G55I,0.3409592500000007
G55K,0.3227000000000008
G55L,0.2695894999999993
G55M,0.19510824999999965
G55N,0.2963822499999998
G55P,0.5602540000000009
G55Q,0.29082949999999963
G55R,0.32966650000000025
G55S,0.41214549999999966
G55T,0.35406350000000053
G55V,0.3498907499999999
G55W,0.40931600000000024
G55Y,0.40636925000000057
D56V,0.2816195000000002
D56S,0.4067124999999999
D56R,0.35411124999999977
D56Q,0.2850642499999995
D56P,0.5593600000000001
D56N,0.2975419999999995
D56M,0.20345824999999945
D56L,0.25999124999999956
D56K,0.32591325000000054
D56H,0.2185610000000003
D56G,0.32111949999999995
D56F,0.329468250000001
D56E,0.2890767499999995
D56C,0.39145299999999916
D56A,0.37801225000000094
D56I,0.35668425000000054
D56T,0.29339125000000055
D56Y,0.3896527500000002
D56W,0.41962125000000006
K57Y,0.3970095000000003
K57W,0.46883999999999987
K57V,0.28397000000000017
K57T,0.313783
K57S,0.3041262499999996
K57Q,0.3248504999999998
K57P,0.4607789999999988
K57N,0.2846447499999993
K57M,0.21260524999999977
K57R,0.3220607500000006
K57I,0.3686317500000004
K57L,0.27187524999999946
K57C,0.3524557499999992
K57D,0.4153982500000004
K57E,0.27359599999999973
K57A,0.31496850000000054
K57G,0.2592017500000001
K57H,0.26201225000000034
K57F,0.3357530000000006
W58P,0.3438644999999982
W58A,0.3506637499999993
W58Y,0.5851712499999999
W58V,0.4108890000000007
W58T,0.3419617499999984
W58S,0.29680199999999934
W58R,0.3182959999999996
W58Q,0.4477352500000017
W58N,0.302986249999999
W58C,0.402087749999999
W58L,0.4454252499999991
W58K,0.4126002500000004
W58I,0.4340012500000011
W58H,0.4067179999999999
W58G,0.3118272500000004
W58F,0.6854295000000025
W58E,0.3753277500000008
W58D,0.475480250000002
W58M,0.25982050000000034
F59Y,0.521952
F59T,0.3300289999999987
F59V,0.39927675000000046
F59A,0.35393775000000005
F59C,0.3710919999999993
F59D,0.3640350000000008
F59E,0.34936775000000025
F59G,0.2897642500000006
F59H,0.3728375000000002
F59I,0.4627605000000012
F59K,0.3839445000000003
F59L,0.44200749999999894
F59M,0.2700840000000002
F59N,0.28133949999999874
F59P,0.2940494999999983
F59Q,0.4431392500000005
F59R,0.291016
F59W,0.6890002499999989
F59S,0.21553550000000013
S60V,0.34834000000000004
S60Y,0.4147752500000005
S60C,0.44678974999999865
S60E,0.29088624999999957
S60F,0.36995925000000085
S60G,0.4711312499999996
S60H,0.21578125000000037
S60I,0.3445867500000006
S60K,0.32572500000000076
S60L,0.26983274999999945
S60M,0.19713749999999966
S60N,0.2966882499999997
S60P,0.5771775000000008
S60Q,0.29490749999999966
S60R,0.33656225000000006
S60T,0.3529680000000004
S60W,0.42134125000000033
S60A,0.4673577500000013
S60D,0.5797150000000014
L61F,0.43304250000000094
L61C,0.30883949999999927
L61E,0.2989152500000003
L61G,0.2440625000000007
L61H,0.2712875000000001
L61I,0.4967632500000011
L61A,0.39026375000000074
L61M,0.2567797499999997
L61N,0.2539317499999986
L61K,0.32626525000000073
L61Q,0.4159742499999989
L61D,0.26392950000000076
L61R,0.24210000000000056
L61S,0.12470675000000007
L61T,0.2911449999999996
L61V,0.3708737499999992
L61W,0.54241
L61Y,0.3467725000000009
L61P,0.24866474999999863
E62N,0.27223449999999966
E62H,0.2426255000000004
E62I,0.3639015000000006
E62K,0.32413600000000065
E62L,0.24885549999999984
E62M,0.21221224999999966
E62C,0.3508154999999993
E62D,0.41631875000000035
E62R,0.3360395000000002
E62S,0.3231642499999994
E62T,0.2931180000000003
E62V,0.2558362500000001
E62W,0.3994527500000001
E62G,0.24423700000000012
E62Q,0.2902739999999998
E62A,0.28054650000000064
E62P,0.5058054999999984
E62F,0.28243250000000064
E62Y,0.38369975000000006
F63S,0.21553550000000013
F63K,0.3839445000000003
F63I,0.4627605000000012
F63H,0.3728375000000002
F63G,0.2897642500000006
F63E,0.34936775000000025
F63D,0.3640350000000008
F63C,0.3710919999999993
F63M,0.2700840000000002
F63N,0.28133949999999874
F63P,0.2940494999999983
F63Q,0.4431392500000005
F63R,0.291016
F63T,0.3300289999999987
F63V,0.39927675000000046
F63W,0.6890002499999989
F63Y,0.521952
F63A,0.35393775000000005
F63L,0.44200749999999894
F64I,0.4627605000000012
F64A,0.35393775000000005
F64D,0.3640350000000008
F64H,0.3728375000000002
F64E,0.34936775000000025
F64V,0.39927675000000046
F64T,0.3300289999999987
F64S,0.21553550000000013
F64R,0.291016
F64Q,0.4431392500000005
F64P,0.2940494999999983
F64C,0.3710919999999993
F64N,0.28133949999999874
F64L,0.44200749999999894
F64G,0.2897642500000006
F64K,0.3839445000000003
F64Y,0.521952
F64M,0.2700840000000002
F64W,0.6890002499999989
P65E,0.3606089999999994
P65D,0.6470400000000022
P65F,0.49850850000000024
P65H,0.24756775000000047
P65I,0.44211299999999915
P65K,0.36255999999999927
P65L,0.3954667499999999
P65M,0.2294994999999994
P65N,0.28164799999999884
P65Q,0.3220997499999995
P65R,0.38166524999999885
P65S,0.43064400000000025
P65T,0.2357222500000005
P65W,0.5687369999999997
P65Y,0.3905209999999999
P65G,0.2985007500000003
P65V,0.33618100000000006
P65C,0.420900249999999
P65A,0.42758450000000175
P66C,0.420900249999999
P66Y,0.3905209999999999
P66W,0.5687369999999997
P66V,0.33618100000000006
P66T,0.2357222500000005
P66R,0.38166524999999885
P66Q,0.3220997499999995
P66N,0.28164799999999884
P66S,0.43064400000000025
P66L,0.3954667499999999
P66D,0.6470400000000022
P66M,0.2294994999999994
P66E,0.3606089999999994
P66F,0.49850850000000024
P66A,0.42758450000000175
P66H,0.24756775000000047
P66I,0.44211299999999915
P66K,0.36255999999999927
P66G,0.2985007500000003
R67K,0.3347115000000007
R67A,0.31456475000000056
R67E,0.27251124999999965
R67F,0.33772750000000057
R67G,0.2579987500000001
R67H,0.26267625000000033
R67I,0.3676007500000004
R67D,0.4150140000000004
R67L,0.26968324999999943
R67N,0.28449249999999926
R67M,0.21315499999999976
R67Y,0.39929700000000035
R67W,0.4713132499999999
R67V,0.2822065000000001
R67C,0.3506242499999992
R67S,0.3023824999999996
R67Q,0.32572574999999987
R67P,0.4617062499999987
R67T,0.3144805
T68I,0.33259375000000024
T68C,0.45838149999999883
T68D,0.6649112500000016
T68E,0.32746599999999965
T68F,0.41502925000000035
T68G,0.38205124999999973
T68H,0.19490774999999988
T68K,0.3302007500000002
T68Q,0.30658874999999897
T68M,0.16803724999999953
T68N,0.362753749999999
T68P,0.6213910000000015
T68R,0.3795039999999991
T68S,0.4857985000000005
T68V,0.34460699999999983
T68W,0.4873995000000004
T68Y,0.40480475000000055
T68L,0.2866039999999988
T68A,0.4848237500000013
A69E,0.2526454999999992
A69D,0.5403442499999997
A69Y,0.42069950000000067
A69W,0.3385694999999997
A69V,0.4001934999999993
A69S,0.414738999999999
A69R,0.30585450000000036
A69Q,0.2765792499999992
A69P,0.695766500000003
A69N,0.34436150000000043
A69M,0.14083525000000008
A69L,0.2203767499999994
A69K,0.27599975000000104
A69I,0.2886935000000011
A69H,0.14946524999999963
A69G,0.6038269999999979
A69F,0.30523300000000136
A69T,0.45949575000000087
A69C,0.4947282499999984
E70S,0.3806427499999993
E70R,0.36874924999999975
E70W,0.4232485000000002
E70A,0.3387077500000006
E70Y,0.3832442499999999
E70D,0.4567857500000003
E70F,0.28596600000000055
E70G,0.2591979999999998
E70H,0.21026625
E70C,0.37040799999999907
E70K,0.30959850000000055
E70L,0.22274024999999972
E70M,0.17582224999999965
E70N,0.34741474999999966
E70P,0.6272854999999987
E70Q,0.28983349999999924
E70V,0.24770699999999987
E70I,0.3280582500000007
E70T,0.3212257500000008
G71Q,0.28535174999999907
G71R,0.35785949999999983
G71S,0.4709789999999998
G71Y,0.4057997500000006
G71V,0.3573734999999998
G71W,0.42929350000000055
G71P,0.6505620000000021
G71T,0.39307550000000097
G71N,0.3602882499999995
G71F,0.37785300000000044
G71L,0.250329999999999
G71K,0.3126510000000005
G71I,0.3012272500000006
G71H,0.18078699999999984
G71E,0.30995074999999955
G71D,0.6397587500000015
G71C,0.46560049999999875
G71A,0.5126147500000007
G71M,0.15650499999999978
A72Q,0.2765792499999992
A72R,0.30585450000000036
A72S,0.414738999999999
A72P,0.695766500000003
A72V,0.4001934999999993
A72W,0.3385694999999997
A72Y,0.42069950000000067
A72T,0.45949575000000087
A72N,0.34436150000000043
A72C,0.4947282499999984
A72L,0.2203767499999994
A72K,0.27599975000000104
A72I,0.2886935000000011
A72H,0.14946524999999963
A72G,0.6038269999999979
A72F,0.30523300000000136
A72E,0.2526454999999992
A72D,0.5403442499999997
A72M,0.14083525000000008
V73Q,0.41022049999999893
V73P,0.36328749999999876
V73N,0.29258074999999883
V73M,0.22017649999999922
V73L,0.3933492499999995
V73K,0.30643550000000097
V73F,0.43117350000000093
V73H,0.2410352499999997
V73G,0.25125750000000086
V73R,0.2608670000000006
V73E,0.30648475000000025
V73D,0.29196775000000097
V73C,0.33787224999999926
V73A,0.41533150000000013
V73I,0.47184550000000053
V73S,0.18369275000000004
V73Y,0.3565787500000006
V73W,0.5381454999999997
V73T,0.3077004999999998
N74T,0.3156592500000011
N74S,0.46638625000000056
N74Y,0.38671450000000007
N74R,0.38336449999999944
N74Q,0.2836929999999991
N74P,0.6538847500000007
N74M,0.16971049999999938
N74L,0.23533249999999942
N74I,0.3212060000000009
N74H,0.1878094999999998
N74A,0.4309482500000007
N74G,0.34177199999999963
N74F,0.3299777500000009
N74E,0.3005522499999996
N74D,0.6221447500000015
N74K,0.3162607500000003
N74C,0.4137617499999989
N74W,0.43963825000000006
N74V,0.274169
L75D,0.27156375000000127
L75E,0.33487675000000017
L75F,0.46843975000000154
L75G,0.27488925000000086
L75H,0.21630299999999894
L75I,0.45676050000000046
L75K,0.2894655000000012
L75M,0.2018632499999992
L75N,0.3866169999999983
L75P,0.33658174999999885
L75Q,0.47119924999999724
L75R,0.2765577500000007
L75S,0.16169274999999955
L75T,0.35438825000000074
L75V,0.37854349999999903
L75A,0.5076392499999982
L75W,0.6088470000000001
L75C,0.29784299999999836
L75Y,0.33432600000000123
I76C,0.29858324999999836
I76Y,0.3344927500000012
I76W,0.6076170000000002
I76V,0.3800317499999991
I76T,0.3545685000000007
I76D,0.2718032500000012
I76R,0.27619800000000067
I76Q,0.4707244999999973
I76P,0.33536299999999886
I76S,0.16169274999999955
I76M,0.20197574999999918
I76N,0.38678424999999833
I76F,0.46804500000000154
I76A,0.5080017499999981
I76E,0.3342032500000001
I76H,0.21626099999999898
I76K,0.2893162500000012
I76L,0.3993652499999994
I76G,0.27461000000000085
S77Y,0.4148702500000007
S77W,0.4420657500000005
S77V,0.3557714999999998
S77T,0.39178500000000094
S77R,0.3652867499999997
S77Q,0.289429749999999
S77P,0.6709365000000019
S77N,0.36035874999999956
S77M,0.1577382499999997
S77K,0.31566300000000047
S77I,0.3041575000000007
S77H,0.1792377499999998
S77G,0.5202737499999989
S77F,0.37798625000000025
S77E,0.3029677499999995
S77D,0.6455317500000013
S77C,0.4789247499999987
S77A,0.530625250000001
S77L,0.24987049999999905
R78A,0.373613
R78C,0.36597049999999903
R78D,0.4506147500000004
R78E,0.2856414999999996
R78F,0.34314250000000024
R78G,0.2701524999999998
R78Y,0.3998512500000004
R78I,0.3340550000000004
R78V,0.27644074999999985
R78H,0.23395249999999987
R78T,0.3428007500000004
R78S,0.35546424999999926
R78W,0.4944624999999998
R78K,0.3212352500000008
R78P,0.5576752499999993
R78N,0.36396324999999935
R78M,0.17718924999999972
R78L,0.24621324999999925
R78Q,0.33351724999999915
F79D,0.3890125000000007
F79E,0.37644475000000044
F79G,0.3111555000000006
F79H,0.3538637499999998
F79I,0.4322817500000005
F79K,0.3641367500000009
F79L,0.432502999999999
F79N,0.3704084999999997
F79P,0.3586337499999989
F79Q,0.48482374999999983
F79S,0.2467354999999998
F79T,0.378647749999999
F79V,0.4128827500000007
F79W,0.7423667499999995
F79M,0.23157424999999957
F79R,0.31816299999999986
F79C,0.3691709999999989
F79A,0.4267274999999984
F79Y,0.5318465000000008
D80Y,0.3906645
D80C,0.41525024999999893
D80E,0.3043874999999996
D80F,0.3366602500000008
D80G,0.3426189999999996
D80H,0.1881727499999998
D80I,0.32186825000000074
D80K,0.31582600000000033
D80L,0.23632624999999938
D80N,0.36616874999999915
D80P,0.6541707500000007
D80Q,0.28280624999999904
D80R,0.38669274999999936
D80S,0.46806800000000065
D80T,0.31182225000000113
D80V,0.27519899999999997
D80W,0.4449470000000001
D80M,0.17034949999999938
D80A,0.4322597500000008
R81I,0.3340550000000004
R81W,0.4934617499999998
R81A,0.373613
R81C,0.36597049999999903
R81D,0.45013775000000034
R81E,0.2856414999999996
R81F,0.34314250000000024
R81G,0.2701524999999998
R81H,0.23395249999999987
R81K,0.3212352500000008
R81Y,0.3998512500000004
R81M,0.17718924999999972
R81N,0.36396324999999935
R81P,0.5615044999999992
R81Q,0.33351724999999915
R81S,0.35546424999999926
R81T,0.3428007500000004
R81V,0.27644074999999985
R81L,0.24621324999999925
M82A,0.39314750000000076
M82C,0.35711024999999935
M82D,0.3054517500000009
M82E,0.3008137500000002
M82G,0.2525177500000009
M82H,0.255324
M82I,0.47202950000000066
M82K,0.318465750000001
M82F,0.4291650000000012
M82N,0.255841749999999
M82V,0.3666529999999998
M82T,0.2842179999999996
M82S,0.1808900000000003
M82W,0.5289337499999998
M82R,0.26107400000000064
M82Q,0.39651924999999966
M82P,0.2969627499999984
M82Y,0.3670895000000003
M82L,0.39474574999999956
A83Y,0.42162550000000076
A83Q,0.27432974999999915
A83W,0.3368337499999996
A83V,0.40008749999999926
A83T,0.46161900000000095
A83S,0.417689249999999
A83R,0.30936350000000035
A83P,0.6995957500000028
A83M,0.13879150000000007
A83N,0.34843725000000025
A83C,0.4958887499999984
A83D,0.5449632499999995
A83F,0.3038295000000013
A83E,0.25049749999999915
A83H,0.14817749999999963
A83I,0.28622425000000107
A83K,0.27468375000000106
A83L,0.2176824999999994
A83G,0.6071449999999978
A84C,0.4958887499999984
A84D,0.5449632499999995
A84E,0.25049749999999915
A84F,0.3038295000000013
A84G,0.6071449999999978
A84H,0.14817749999999963
A84I,0.28622425000000107
A84K,0.27468375000000106
A84L,0.2176824999999994
A84N,0.34843725000000025
A84Y,0.42162550000000076
A84W,0.3368337499999996
A84V,0.40008749999999926
A84T,0.46161900000000095
A84M,0.13879150000000007
A84R,0.30936350000000035
A84Q,0.27432974999999915
A84P,0.6995957500000028
A84S,0.417689249999999
G85N,0.3602882499999995
G85Y,0.40616900000000067
G85W,0.4282927500000006
G85V,0.3565029999999998
G85T,0.39307550000000097
G85S,0.47101024999999985
G85R,0.3588449999999998
G85P,0.654391250000002
G85M,0.1556899999999998
G85Q,0.28535174999999907
G85K,0.3122907500000005
G85I,0.3012272500000006
G85H,0.18078699999999984
G85F,0.37785300000000044
G85E,0.30995074999999955
G85D,0.6402332500000014
G85C,0.46560049999999875
G85L,0.249518499999999
G85A,0.5126147500000007
G86E,0.30995074999999955
G86F,0.37785300000000044
G86H,0.18078699999999984
G86I,0.3012272500000006
G86K,0.3122907500000005
G86L,0.249518499999999
G86N,0.3602882499999995
G86S,0.47101024999999985
G86Q,0.28535174999999907
G86R,0.3588449999999998
G86T,0.39307550000000097
G86V,0.3565029999999998
G86W,0.4282927500000006
G86Y,0.40616900000000067
G86D,0.6402332500000014
G86P,0.654391250000002
G86C,0.46560049999999875
G86M,0.1556899999999998
G86A,0.5126147500000007
I90Y,0.3479795000000012
I90A,0.4846134999999983
I90C,0.3105507499999986
I90D,0.28677550000000107
I90E,0.3307340000000003
I90G,0.3240570000000008
I90H,0.2429859999999989
I90K,0.3119375000000013
I90L,0.4018977499999991
I90M,0.20809449999999935
I90N,0.3810639999999985
I90P,0.37758749999999963
I90Q,0.4763794999999979
I90R,0.27214725000000045
I90S,0.16393074999999957
I90T,0.38228475000000045
I90V,0.3950809999999997
I90W,0.6159957500000001
I90F,0.4674430000000017
D91L,0.2275652499999995
D91T,0.34761075000000075
D91V,0.28517950000000003
D91S,0.44792824999999986
D91R,0.36867499999999964
D91Q,0.2915979999999993
D91P,0.6967267500000017
D91N,0.3676707499999995
D91M,0.16636324999999946
D91K,0.3130345000000007
D91I,0.30599400000000077
D91H,0.2036825
D91G,0.37144174999999957
D91F,0.34208575000000074
D91E,0.29600499999999946
D91C,0.42372274999999904
D91A,0.42155924999999994
D91W,0.45156324999999997
D91Y,0.4098977500000005
V92W,0.5427972499999996
V92Y,0.3667097500000007
V92S,0.19047425
V92R,0.2570435000000005
V92Q,0.4134722499999993
V92P,0.4145557499999994
V92T,0.34685074999999976
V92M,0.2122759999999994
V92L,0.3819117499999992
V92K,0.3136475000000012
V92N,0.3028389999999988
V92H,0.2574804999999996
V92G,0.2944067500000006
V92F,0.4243162500000011
V92E,0.30128700000000014
V92D,0.2989365000000007
V92C,0.3454357499999991
V92A,0.4076342499999999
V92I,0.4451622500000008
T93N,0.36666174999999934
T93P,0.6806210000000023
T93Q,0.3155532499999993
T93W,0.49731050000000016
T93S,0.46146599999999954
T93V,0.36493199999999987
T93M,0.16343549999999957
T93R,0.36013074999999944
T93L,0.27374549999999886
T93Y,0.42748150000000074
T93I,0.3100492500000005
T93A,0.4823822500000001
T93C,0.4694867499999989
T93D,0.6386087500000017
T93K,0.32728150000000045
T93F,0.4157775000000006
T93G,0.42721724999999905
T93H,0.20984425
T93E,0.3172037499999996
W94C,0.42665124999999887
W94D,0.5262467500000025
W94E,0.4040337500000019
W94F,0.7458430000000024
W94G,0.3586552499999997
W94H,0.4320034999999992
W94I,0.38788175000000047
W94L,0.4453779999999988
W94M,0.22872050000000022
W94N,0.3678710000000006
W94A,0.36666374999999773
W94Q,0.49328325000000217
W94R,0.34664049999999874
W94S,0.32599624999999877
W94T,0.41116949999999763
W94K,0.43842875000000087
W94P,0.43133899999999853
W94Y,0.6189920000000003
W94V,0.44128150000000166
H95I,0.31260100000000096
H95W,0.43445524999999985
H95R,0.35228975000000007
H95Q,0.3088462499999995
H95P,0.6769874999999989
H95N,0.34993750000000007
H95M,0.17078499999999966
H95L,0.21714749999999963
H95K,0.3106042500000011
H95S,0.35698199999999886
H95Y,0.40851125000000016
H95G,0.26184499999999983
H95F,0.2946125000000003
H95E,0.25114199999999937
H95V,0.2581774999999998
H95D,0.4083667499999998
H95C,0.37294499999999897
H95A,0.30176875000000025
H95T,0.3663567499999999
P96Y,0.40840150000000086
P96A,0.501614750000001
P96D,0.7081742500000009
P96E,0.38745799999999925
P96F,0.5462295000000004
P96G,0.367144
P96H,0.22274649999999985
P96I,0.3702117499999993
P96K,0.3593897499999994
P96M,0.18243949999999917
P96N,0.37318899999999877
P96Q,0.34231749999999894
P96S,0.47836275000000056
P96T,0.31404800000000077
P96V,0.3575199999999999
P96W,0.6418649999999999
P96C,0.4502557499999992
P96R,0.4061247499999985
P96L,0.3693607499999994
A97N,0.3507702500000004
A97V,0.4171052499999995
A97T,0.502321250000001
A97S,0.40829274999999887
A97R,0.29406925000000017
A97Q,0.27616299999999927
A97P,0.7445417500000034
A97M,0.13289100000000004
A97L,0.1997109999999995
A97K,0.26740400000000125
A97I,0.26568825000000107
A97H,0.15664224999999957
A97G,0.6470537499999972
A97F,0.2961942500000011
A97E,0.24265449999999913
A97D,0.5301784999999994
A97W,0.33836374999999974
A97Y,0.4365782500000009
A97C,0.5062389999999984
G98C,0.4769752499999988
G98F,0.38100150000000044
G98H,0.19508849999999994
G98I,0.2839725000000005
G98K,0.3094677500000008
G98L,0.23595024999999908
G98M,0.1530912499999998
G98E,0.30211949999999943
G98N,0.3617192499999998
G98Q,0.29326799999999925
G98R,0.341077
G98S,0.4478369999999991
G98T,0.4373330000000006
G98V,0.37418775
G98W,0.4381890000000005
G98P,0.6983810000000029
G98D,0.6136685000000012
G98A,0.5063759999999997
G98Y,0.4277580000000008
D99E,0.29600499999999946
D99F,0.34208575000000074
D99G,0.37144174999999957
D99H,0.2036825
D99I,0.30599400000000077
D99K,0.3130345000000007
D99L,0.2275652499999995
D99W,0.45156324999999997
D99A,0.42155924999999994
D99N,0.3676707499999995
D99P,0.6967267500000017
D99Q,0.2915979999999993
D99R,0.36867499999999964
D99S,0.44792824999999986
D99T,0.34761075000000075
D99V,0.28517950000000003
D99M,0.16636324999999946
D99C,0.42372274999999904
D99Y,0.4098977500000005
P100K,0.3515919999999996
P100D,0.6808610000000012
P100E,0.3720154999999993
P100F,0.4990952500000007
P100G,0.3940112499999996
P100H,0.21572924999999987
P100I,0.35344049999999966
P100Y,0.42390275000000116
P100L,0.3433984999999993
P100M,0.18109424999999932
P100N,0.36941424999999917
P100Q,0.3336452499999989
P100R,0.3932952499999986
P100S,0.4749160000000001
P100T,0.3473570000000008
P100V,0.3652162499999999
P100C,0.452189249999999
P100A,0.49895275000000067
P100W,0.6056657500000001
G101A,0.5035547499999994
G101C,0.47327074999999874
G101D,0.5706110000000004
G101E,0.2652594999999992
G101F,0.28545400000000093
G101H,0.16455474999999983
G101K,0.28472300000000117
G101L,0.1785869999999994
G101M,0.13644524999999993
G101I,0.24908800000000067
G101P,0.7163895000000032
G101N,0.34612625000000063
G101W,0.34650400000000015
G101V,0.36927124999999994
G101T,0.47454250000000087
G101Y,0.42954150000000124
G101R,0.3123682500000001
G101Q,0.2584537499999995
G101S,0.4423322499999988
S102M,0.1394634999999999
S102E,0.2543314999999991
S102F,0.2855145000000009
S102G,0.5960204999999972
S102H,0.16417299999999976
S102I,0.2528825000000007
S102K,0.28948450000000114
S102L,0.17770399999999953
S102A,0.5201324999999994
S102C,0.48829699999999876
S102P,0.7421977500000031
S102Q,0.26357274999999936
S102R,0.32143425000000014
S102T,0.4746490000000009
S102V,0.36769149999999995
S102W,0.3608602500000003
S102Y,0.4386412500000011
S102D,0.5711557500000004
S102N,0.3469765000000006
D103C,0.4211137499999991
D103A,0.42390374999999997
D103W,0.3790460000000005
D103E,0.2621137499999992
D103F,0.2593807500000004
D103G,0.4071997499999991
D103H,0.18929699999999997
D103I,0.277752750000001
D103K,0.290670500000001
D103L,0.18044125
D103Y,0.40817425000000057
D103N,0.35547050000000024
D103P,0.7163417500000022
D103Q,0.26841599999999916
D103R,0.34154275000000006
D103S,0.4460464999999995
D103T,0.3757922500000006
D103V,0.2725489999999998
D103M,0.15637499999999968
K104W,0.43762575
K104V,0.2809719999999998
K104T,0.3809922499999997
K104S,0.3453947499999989
K104R,0.32431700000000035
K104Q,0.3143944999999995
K104P,0.623390999999999
K104N,0.3505725000000001
K104H,0.2307294999999999
K104L,0.21210124999999963
K104I,0.3004167500000006
K104G,0.3033474999999997
K104F,0.28598475000000007
K104E,0.2438384999999993
K104D,0.4005912499999997
K104Y,0.4063675000000002
K104A,0.33710324999999974
K104M,0.16973174999999968
K104C,0.3739239999999988
E105N,0.3407760000000004
E105P,0.6959012499999996
E105F,0.2193869999999998
E105G,0.30191799999999963
E105H,0.20507149999999993
E105I,0.28897650000000114
E105K,0.28829950000000115
E105L,0.17078350000000012
E105D,0.3950137499999994
E105M,0.16273574999999968
E105R,0.33035300000000023
E105S,0.37171024999999885
E105T,0.3690447500000002
E105V,0.23856999999999962
E105W,0.35825425000000055
E105Y,0.3923717500000001
E105Q,0.27344849999999926
E105C,0.37296049999999903
E105A,0.31771550000000043
T106Y,0.43135600000000096
T106C,0.4713047499999988
T106F,0.3201610000000011
T106G,0.4679397499999985
T106H,0.17857274999999984
T106I,0.27688925000000064
T106K,0.3017985000000009
T106L,0.2170344999999991
T106M,0.14588774999999984
T106A,0.4788452499999998
T106N,0.3496155
T106D,0.5941902500000009
T106W,0.40653650000000086
T106V,0.3639554999999999
T106E,0.27739349999999924
T106R,0.33191675
T106Q,0.28087949999999917
T106P,0.7024025000000027
T106S,0.455593749999999
S107T,0.4755447500000008
S107R,0.32067000000000007
S107Q,0.2616899999999994
S107P,0.7420877500000032
S107N,0.34723425000000063
S107M,0.1379849999999999
S107L,0.17591249999999956
S107I,0.2523805000000007
S107H,0.16456199999999982
S107G,0.5952064999999971
S107E,0.2523249999999991
S107D,0.5688275000000003
S107C,0.48809274999999874
S107A,0.5197934999999994
S107Y,0.4390362500000011
S107K,0.2889052500000012
S107F,0.2840422500000009
S107W,0.3606725000000004
S107V,0.36697099999999994
S108D,0.5588772500000003
S108E,0.24605649999999912
S108F,0.2793320000000008
S108G,0.5930624999999972
S108H,0.16459199999999982
S108I,0.2524335000000007
S108K,0.28769250000000124
S108C,0.48781299999999866
S108A,0.5171194999999994
S108N,0.34646225000000075
S108P,0.7541275000000032
S108Q,0.2601112499999994
S108R,0.32133075000000005
S108T,0.4750690000000008
S108V,0.3648034999999999
S108W,0.3541120000000003
S108M,0.1383177499999999
S108L,0.17269299999999962
S108Y,0.4379395000000011
M109C,0.3628969999999996
M109Y,0.37910500000000064
M109W,0.47371150000000034
M109V,0.3699747500000001
M109T,0.3550797499999996
M109R,0.24631775000000034
M109Q,0.34762275000000015
M109P,0.40661299999999906
M109N,0.25685824999999957
M109S,0.19736800000000013
M109K,0.3324550000000007
M109D,0.30941725000000014
M109L,0.3464844999999993
M109E,0.24148874999999972
M109F,0.35621075000000085
M109A,0.37325350000000057
M109H,0.23572999999999988
M109I,0.41548950000000046
M109G,0.3267277500000002
M110L,0.3464844999999993
M110W,0.47371150000000034
M110T,0.3550797499999996
M110S,0.19736800000000013
M110R,0.24631775000000034
M110Q,0.34762275000000015
M110P,0.40661299999999906
M110N,0.25685824999999957
M110V,0.3699747500000001
M110K,0.3324550000000007
M110H,0.23572999999999988
M110G,0.3267277500000002
M110F,0.35621075000000085
M110E,0.24148874999999972
M110D,0.30941725000000014
M110C,0.3628969999999996
M110A,0.37325350000000057
M110Y,0.37910500000000064
M110I,0.41548950000000046
I111P,0.42962075000000055
I111Q,0.41640299999999897
I111V,0.3922714999999995
I111S,0.17580299999999965
I111T,0.39187025000000025
I111N,0.36146999999999885
I111R,0.25895475000000023
I111M,0.21696024999999947
I111F,0.40504025000000077
I111K,0.32705125000000074
I111H,0.21659674999999912
I111G,0.35271275
I111E,0.27500174999999993
I111D,0.2955767500000004
I111C,0.31452549999999896
I111A,0.462124499999999
I111Y,0.35027425000000123
I111L,0.3696854999999989
I111W,0.5548852500000007
S113L,0.17269299999999962
S113M,0.1383177499999999
S113D,0.5588772500000003
S113E,0.24605649999999912
S113F,0.2793320000000008
S113G,0.5930624999999972
S113H,0.16459199999999982
S113I,0.2524335000000007
S113C,0.48781299999999866
S113K,0.28769250000000124
S113A,0.5171194999999994
S113N,0.34646225000000075
S113P,0.7541275000000032
S113Q,0.2601112499999994
S113R,0.32133075000000005
S113T,0.4750690000000008
S113Y,0.4379395000000011
S113V,0.3648034999999999
S113W,0.3541120000000003
T114D,0.5765842500000007
T114V,0.3575807499999998
T114S,0.45232624999999893
T114R,0.330126
T114Q,0.27318524999999927
T114P,0.7189050000000029
T114N,0.3495457500000001
T114C,0.4671949999999988
T114M,0.14634749999999985
T114K,0.29972025000000085
T114I,0.2757325000000007
T114H,0.17944974999999988
T114G,0.46383374999999843
T114F,0.31101100000000104
T114E,0.2614399999999992
T114L,0.2087094999999992
T114A,0.46750974999999967
T114W,0.3959400000000008
T114Y,0.43208525000000086
A115D,0.5014514999999986
A115W,0.2342679999999994
A115V,0.4235937499999991
A115T,0.5558195000000015
A115S,0.4123569999999985
A115R,0.26762700000000006
A115Q,0.22464974999999923
A115P,0.7946672500000045
A115N,0.3331587500000013
A115L,0.13592774999999954
A115K,0.24492625000000123
A115I,0.21841775000000113
A115H,0.11210474999999998
A115G,0.7160172499999962
A115F,0.1965607500000001
A115E,0.187999999999999
A115M,0.11586775000000006
A115Y,0.44775200000000154
A115C,0.5217059999999987
V116C,0.3438997499999997
V116A,0.36036199999999985
V116Y,0.37340450000000047
V116W,0.4518545000000003
V116T,0.3650039999999995
V116S,0.2022369999999997
V116R,0.25037025
V116Q,0.32211399999999996
V116P,0.5055547500000002
V116D,0.33026649999999996
V116M,0.2581282499999999
V116L,0.3356437499999993
V116K,0.3830614999999996
V116I,0.4182435000000002
V116H,0.2182364999999996
V116G,0.3664022499999996
V116F,0.3183900000000001
V116E,0.21814974999999934
V116N,0.28574949999999943
N117P,0.7323332500000022
N117Q,0.26054324999999917
N117V,0.26708949999999976
N117S,0.4398614999999994
N117T,0.38008925000000054
N117M,0.15557524999999972
N117R,0.33327375000000004
N117L,0.17218925000000007
N117G,0.40426899999999877
N117I,0.278004750000001
N117H,0.18295974999999987
N117F,0.2436860000000002
N117E,0.2415659999999993
N117D,0.5291365000000006
N117C,0.41892724999999914
N117W,0.35515450000000043
N117K,0.290906000000001
N117A,0.4120559999999998
N117Y,0.40688575000000027
Y118V,0.4282752500000012
Y118W,0.8072162499999977
Y118C,0.4420164999999993
Y118D,0.5387072500000025
Y118E,0.36944575000000074
Y118F,0.7034535000000028
Y118G,0.3793532499999987
Y118H,0.4071869999999997
Y118I,0.35313349999999966
Y118A,0.34668749999999776
Y118L,0.41493399999999886
Y118K,0.4540047500000009
Y118S,0.34985249999999835
Y118R,0.34936599999999884
Y118T,0.42729649999999775
Y118P,0.48965374999999867
Y118N,0.3613892500000007
Y118M,0.25509925000000055
Y118Q,0.4416697500000023
C119Y,0.4051527500000005
C119Q,0.2956854999999997
C119W,0.4359315000000006
C119V,0.37308474999999974
C119T,0.39768725000000016
C119S,0.29100449999999967
C119R,0.28329700000000013
C119P,0.5511805000000014
C119I,0.38227300000000014
C119L,0.3196329999999993
C119K,0.3670364999999998
C119H,0.19419174999999966
C119G,0.4686114999999988
C119F,0.33694600000000063
C119E,0.2392524999999992
C119A,0.45321624999999977
C119N,0.29921774999999956
C119D,0.4610837499999997
C119M,0.2347572499999998
G120C,0.3693247499999995
G120A,0.40376849999999875
G120D,0.4872782500000001
G120E,0.2761987499999996
G120F,0.20174475000000006
G120H,0.17589424999999995
G120K,0.27579275000000136
G120L,0.1300077499999997
G120M,0.1575065000000001
G120I,0.25675425000000085
G120P,0.6135675000000003
G120Q,0.22878749999999992
G120R,0.3053927500000003
G120S,0.38752374999999967
G120T,0.4133425000000011
G120V,0.2687914999999999
G120W,0.2818559999999997
G120N,0.33450250000000087
G120Y,0.36532550000000064
L121P,0.4826607500000003
L121Q,0.30018425000000076
L121R,0.22944199999999948
L121V,0.3524979999999992
L121T,0.35895599999999883
L121M,0.3530112500000009
L121S,0.1466722500000001
L121K,0.48086149999999855
L121A,0.31707299999999927
L121H,0.20754799999999904
L121G,0.39513324999999894
L121F,0.3139487500000001
L121E,0.19556824999999928
L121D,0.35575549999999995
L121C,0.27595400000000025
L121W,0.5006242500000013
L121I,0.44535875000000014
L121Y,0.3900782500000002
L121N,0.31613599999999825
E122C,0.3174852499999984
E122Y,0.3472830000000009
E122A,0.23263075000000036
E122W,0.29148650000000137
E122V,0.1583097499999992
E122S,0.34233524999999865
E122R,0.3044812500000005
E122Q,0.24346399999999924
E122P,0.6647844999999978
E122T,0.33337225000000054
E122N,0.331936750000001
E122M,0.18202424999999964
E122L,0.11921900000000031
E122K,0.27141600000000143
E122I,0.29449725000000165
E122H,0.20676749999999974
E122G,0.22710299999999958
E122F,0.11673849999999972
E122D,0.27757824999999914
T123N,0.346506
T123P,0.6440204999999999
T123Q,0.2482994999999994
T123R,0.31989375000000037
T123Y,0.38367750000000056
T123V,0.26696074999999975
T123W,0.33054775
T123M,0.17491524999999988
T123S,0.41108124999999945
T123L,0.16312725
T123K,0.3011042500000011
T123I,0.29360300000000117
T123H,0.18623849999999986
T123G,0.37295849999999914
T123F,0.21513050000000006
T123E,0.2442319999999992
T123D,0.48134675
T123C,0.3951152499999995
T123A,0.38854499999999953
I124S,0.14913350000000003
I124R,0.22669524999999977
I124Q,0.2870705000000006
I124P,0.4418422499999998
I124N,0.31064874999999875
I124M,0.31768750000000046
I124L,0.352330749999999
I124K,0.4319914999999988
I124E,0.19197474999999933
I124G,0.3639282499999993
I124F,0.2731572499999997
I124W,0.4551742500000004
I124D,0.3396407500000001
I124C,0.2825692500000003
I124A,0.3117029999999997
I124V,0.40546275000000004
I124Y,0.3559847500000005
I124H,0.19301324999999941
I124T,0.3626464999999987
L125Y,0.3900782500000002
L125M,0.3530112500000009
L125S,0.1466722500000001
L125R,0.22944199999999948
L125Q,0.30018425000000076
L125P,0.4826607500000003
L125N,0.31613599999999825
L125K,0.48086149999999855
L125I,0.44535875000000014
L125H,0.20754799999999904
L125G,0.39513324999999894
L125F,0.3139487500000001
L125E,0.19556824999999928
L125D,0.35575549999999995
L125C,0.27595400000000025
L125W,0.5006242500000013
L125T,0.35895599999999883
L125V,0.3524979999999992
L125A,0.31707299999999927
M127F,0.27736324999999995
M127D,0.3186307499999997
M127A,0.2766182500000001
M127K,0.4333099999999988
M127L,0.31734399999999907
M127N,0.2636622499999994
M127P,0.42351474999999916
M127Q,0.2790690000000009
M127R,0.23348549999999985
M127S,0.18036999999999978
M127C,0.32426650000000073
M127T,0.3377567499999993
M127V,0.3109989999999996
M127W,0.43204224999999974
M127Y,0.3810962500000001
M127E,0.2140122499999993
M127G,0.2971874999999997
M127I,0.4226292500000004
M127H,0.22812024999999966
T128W,0.33308175
T128D,0.4823110000000001
T128E,0.24476849999999917
T128F,0.21497800000000006
T128G,0.37052724999999925
T128H,0.18815899999999983
T128I,0.2952812500000011
T128K,0.30650525000000106
T128L,0.16557299999999991
T128C,0.39288199999999945
T128M,0.1795359999999998
T128P,0.6428524999999999
T128Q,0.24890624999999947
T128R,0.3179687500000003
T128S,0.4079149999999994
T128V,0.26416574999999964
T128Y,0.38306725000000064
T128N,0.34734475
T128A,0.38499499999999953
C129W,0.4164559999999999
C129R,0.26676100000000014
C129Q,0.25983125000000024
C129P,0.4919082500000004
C129N,0.3001352499999996
C129M,0.2779702499999999
C129L,0.3120877499999991
C129S,0.28400649999999916
C129K,0.4071614999999991
C129H,0.19901324999999964
C129G,0.3970047499999991
C129F,0.2932395000000001
C129E,0.2427827499999993
C129D,0.43402424999999967
C129A,0.385251
C129I,0.3803554999999998
C129T,0.3637909999999999
C129V,0.33916424999999956
C129Y,0.3815395000000003
C130V,0.33916424999999956
C130A,0.385251
C130D,0.43402424999999967
C130E,0.2427827499999993
C130F,0.2932395000000001
C130G,0.3970047499999991
C130H,0.19901324999999964
C130T,0.3637909999999999
C130I,0.3803554999999998
C130L,0.3120877499999991
C130M,0.2779702499999999
C130N,0.3001352499999996
C130P,0.4919082500000004
C130Q,0.25983125000000024
C130R,0.26676100000000014
C130S,0.28400649999999916
C130Y,0.3815395000000003
C130K,0.4071614999999991
C130W,0.4164559999999999
R131Y,0.3587997500000008
R131W,0.3439785000000007
R131I,0.2988502500000009
R131S,0.3166224999999982
R131Q,0.3037567499999996
R131P,0.6064357499999978
R131N,0.3395565
R131M,0.19615124999999967
R131L,0.13948575000000013
R131K,0.4195007500000014
R131T,0.35090699999999947
R131V,0.17557099999999945
R131G,0.22455149999999918
R131F,0.1621654999999993
R131E,0.20708849999999943
R131D,0.2887892499999991
R131C,0.2890807499999984
R131A,0.23675475000000015
R131H,0.25417299999999976
Q132Y,0.3485877500000008
Q132W,0.2877007500000013
Q132T,0.3576114999999999
Q132R,0.3173455000000009
Q132S,0.33420724999999846
Q132V,0.13491599999999945
Q132A,0.1814190000000001
Q132C,0.30165449999999827
Q132E,0.15604524999999936
Q132F,0.10951049999999968
Q132G,0.18071174999999942
Q132D,0.266181999999999
Q132I,0.28877250000000165
Q132K,0.28443425000000155
Q132L,0.09985575000000012
Q132M,0.18397349999999973
Q132N,0.35790825000000026
Q132P,0.7004364999999977
Q132H,0.21445799999999982
R133N,0.3395565
R133Y,0.3587997500000008
R133W,0.3439785000000007
R133V,0.17557099999999945
R133S,0.3166224999999982
R133Q,0.3037567499999996
R133P,0.6064357499999978
R133M,0.19615124999999967
R133T,0.35090699999999947
R133K,0.4195007500000014
R133A,0.23675475000000015
R133C,0.2890807499999984
R133D,0.2887892499999991
R133E,0.20708849999999943
R133L,0.13948575000000013
R133F,0.1621654999999993
R133G,0.22455149999999918
R133H,0.25417299999999976
R133I,0.2988502500000009
L134E,0.19402574999999905
L134F,0.3126252500000002
L134G,0.42193399999999875
L134H,0.2082037499999989
L134I,0.45577550000000044
L134K,0.5630844999999985
L134M,0.3840947500000016
L134N,0.3114074999999979
L134Q,0.2864447500000012
L134Y,0.38966575
L134R,0.2243667499999992
L134D,0.4040727499999999
L134T,0.3474549999999985
L134V,0.3555567499999993
L134W,0.5090317500000016
L134C,0.2730482500000005
L134A,0.30313249999999897
L134P,0.4678752500000006
L134S,0.1430812500000002
E135W,0.2991432500000013
E135V,0.16847074999999925
E135C,0.31256674999999867
E135D,0.32235099999999905
E135Y,0.3427050000000009
E135G,0.26352424999999957
E135I,0.30140075000000144
E135K,0.3189197500000014
E135L,0.1281725000000004
E135F,0.11954174999999961
E135A,0.24871175000000037
E135M,0.1953474999999997
E135T,0.32600200000000035
E135S,0.3399502499999987
E135H,0.20584624999999965
E135Q,0.2401777499999994
E135P,0.6367419999999979
E135N,0.3327912500000007
E135R,0.29950150000000025
E136L,0.1281725000000004
E136C,0.31256674999999867
E136D,0.32235099999999905
E136F,0.11954174999999961
E136G,0.26352424999999957
E136H,0.20584624999999965
E136I,0.30140075000000144
E136K,0.3189197500000014
E136A,0.24871175000000037
E136M,0.1953474999999997
E136P,0.6367419999999979
E136Q,0.2401777499999994
E136R,0.29950150000000025
E136S,0.3399502499999987
E136T,0.32600200000000035
E136V,0.16847074999999925
E136W,0.2991432500000013
E136Y,0.3427050000000009
E136N,0.3327912500000007
I137G,0.388181999999999
I137F,0.2700742499999997
I137A,0.29825549999999945
I137D,0.38662025000000044
I137C,0.28106350000000063
I137H,0.1918147499999994
I137E,0.18932449999999912
I137K,0.5113794999999987
I137Q,0.27061275000000096
I137N,0.30687374999999845
I137P,0.42410775
I137R,0.22134099999999954
I137S,0.14714575000000016
I137T,0.35375599999999857
I137V,0.4098940000000001
I137W,0.4588725000000005
I137Y,0.3538465000000005
I137L,0.361488249999999
I137M,0.3460135000000008
T138A,0.39180799999999955
T138C,0.38141574999999955
T138I,0.29647875000000096
T138E,0.25773299999999943
T138F,0.2167277500000002
T138G,0.3970492499999988
T138H,0.1902699999999999
T138K,0.3331207500000009
T138L,0.16857124999999978
T138M,0.19103574999999978
T138D,0.49375850000000016
T138P,0.6055252500000002
T138Q,0.24363099999999963
T138R,0.30839625000000015
T138S,0.3991687499999994
T138V,0.2645594999999998
T138W,0.3343424999999998
T138Y,0.37229050000000075
T138N,0.34552974999999997
G139P,0.5798187500000003
G139W,0.2864242499999996
G139V,0.26287674999999994
G139T,0.40137800000000107
G139S,0.37121124999999966
G139R,0.30420375000000016
G139Q,0.22766975000000012
G139E,0.2905499999999998
G139F,0.20405875000000007
G139M,0.16920474999999993
G139L,0.13517724999999964
G139K,0.3051580000000012
G139I,0.2609272500000008
G139H,0.1821125000000001
G139C,0.3505109999999996
G139N,0.33609700000000076
G139A,0.39687049999999885
G139Y,0.35193900000000056
G139D,0.49223250000000013
H140C,0.2898012499999985
H140W,0.29139425000000124
H140V,0.1458147499999994
H140T,0.35237399999999985
H140S,0.32762274999999846
H140R,0.3171577500000008
H140Q,0.24126799999999965
H140P,0.6704947499999976
H140A,0.18702075
H140M,0.2009904999999997
H140D,0.297488249999999
H140N,0.34575050000000035
H140E,0.1618927499999992
H140F,0.11441549999999957
H140Y,0.342790500000001
H140I,0.29853500000000144
H140L,0.10885000000000025
H140K,0.3347090000000015
H140G,0.21139124999999923
H142Y,0.342790500000001
H142W,0.2909427500000012
H142V,0.1458097499999994
H142T,0.35237399999999985
H142S,0.32762274999999846
H142R,0.3171577500000008
H142N,0.34575050000000035
H142M,0.20096674999999972
H142L,0.10877250000000024
H142I,0.29772125000000144
H142G,0.21139124999999923
H142F,0.11436849999999957
H142E,0.1618134999999992
H142D,0.297488249999999
H142P,0.6704947499999976
H142K,0.3347090000000015
H142Q,0.24126799999999965
H142A,0.18702075
H142C,0.28897174999999853
K143W,0.3477135000000007
K143Y,0.3475067500000008
K143V,0.19477574999999964
K143T,0.3320187499999996
K143S,0.3079777499999986
K143R,0.29280150000000016
K143P,0.5726574999999987
K143N,0.318948
K143M,0.2100214999999997
K143Q,0.2571819999999999
K143I,0.30376450000000077
K143L,0.15498475000000014
K143C,0.29185774999999897
K143D,0.322362499999999
K143E,0.19839324999999927
K143A,0.24727725000000017
K143G,0.2614639999999992
K143H,0.21623574999999964
K143F,0.16561724999999947
A144Q,0.2160224999999999
A144Y,0.3843392500000008
A144W,0.2540542499999994
A144V,0.35058949999999983
A144T,0.45264025000000063
A144S,0.3604609999999996
A144R,0.26590024999999995
A144P,0.6334510000000013
A144G,0.5777174999999977
A144M,0.17439950000000015
A144C,0.4660404999999988
A144N,0.3245705000000008
A144E,0.22710849999999908
A144F,0.17769774999999957
A144D,0.4524779999999993
A144H,0.15135149999999983
A144I,0.26188100000000075
A144K,0.31621475000000115
A144L,0.14341324999999971
K145A,0.31492824999999963
K145C,0.21433849999999996
K145D,0.30276774999999984
K145E,0.27746825000000025
K145F,0.10995475000000025
K145G,0.21262074999999986
K145H,0.22618599999999967
K145I,0.2789830000000005
K145Y,0.2205387500000003
K145L,0.11552075000000007
K145V,0.16210424999999964
K145T,0.22511849999999992
K145S,0.2887487499999995
K145W,0.22322000000000053
K145Q,0.2323369999999996
K145P,0.21228074999999968
K145N,0.2607435000000001
K145M,0.15302924999999928
K145R,0.2326612499999997
Q146K,0.2996742500000014
Q146V,0.14361799999999977
Q146R,0.23527424999999977
Q146P,0.23972925000000006
Q146N,0.33003950000000054
Q146M,0.15129974999999957
Q146L,0.09835800000000017
Q146I,0.2813632500000008
Q146D,0.43310199999999993
Q146G,0.20566549999999992
Q146F,0.09584575000000019
Q146E,0.28350925000000027
Q146T,0.24966775000000052
Q146C,0.22144175
Q146Y,0.2153265000000004
Q146A,0.29876700000000017
Q146W,0.20645550000000046
Q146H,0.24719199999999983
Q146S,0.3067854999999993
L147A,0.25750199999999945
L147C,0.2926145000000012
L147E,0.1957272499999996
L147Y,0.3772210000000005
L147W,0.30728674999999916
L147V,0.2947807499999995
L147T,0.34124574999999885
L147S,0.16236350000000013
L147R,0.15168724999999977
L147D,0.24410375
L147Q,0.18853975000000045
L147N,0.29766849999999934
L147M,0.4940412500000001
L147K,0.29033999999999943
L147I,0.45310125000000007
L147H,0.25765125
L147F,0.37272450000000107
L147P,0.2778217499999991
L147G,0.23418200000000033
L149N,0.29766849999999934
L149G,0.23418200000000033
L149V,0.2947807499999995
L149T,0.34124574999999885
L149S,0.16236350000000013
L149R,0.15168724999999977
L149Q,0.18853975000000045
L149P,0.2778217499999991
L149M,0.4940412500000001
L149K,0.29033999999999943
L149I,0.45310125000000007
L149H,0.25765125
L149F,0.37272450000000107
L149E,0.1957272499999996
L149D,0.24410375
L149A,0.25750199999999945
L149C,0.2926145000000012
L149W,0.30728674999999916
L149Y,0.3772210000000005
K150V,0.1671247499999995
K150W,0.22007875000000068
K150Y,0.2169935000000004
K150R,0.22679099999999966
K150Q,0.23517749999999957
K150T,0.22049850000000004
K150S,0.2947277499999994
K150A,0.31879174999999965
K150C,0.21831200000000003
K150P,0.19998499999999986
K150D,0.30081974999999983
K150F,0.10839525000000032
K150E,0.28013150000000026
K150N,0.2578062500000001
K150M,0.14828274999999924
K150L,0.11774325000000006
K150I,0.2789405000000005
K150H,0.22293999999999972
K150G,0.21560724999999983
M153Y,0.2952374999999996
M153E,0.2059764999999997
M153W,0.26391424999999974
M153F,0.1647472500000002
M153V,0.2678480000000004
M153D,0.17722399999999974
M153C,0.3222355000000015
M153A,0.2644552499999996
M153G,0.11764350000000016
M153H,0.20308750000000053
M153I,0.3741195000000001
M153K,0.2621559999999996
M153L,0.22620024999999977
M153N,0.22747475000000023
M153P,0.20620124999999973
M153Q,0.15539924999999996
M153R,0.14251899999999984
M153S,0.17109250000000006
M153T,0.3208444999999984
A154R,0.17129099999999986
A154S,0.21321700000000013
A154T,0.1743569999999991
A154Y,0.1529849999999998
A154W,0.1711119999999999
A154Q,0.1299727499999997
A154V,0.32471899999999887
A154P,0.1545025000000003
A154I,0.26736374999999934
A154M,0.19106474999999962
A154L,0.10949525000000015
A154K,0.20468025000000056
A154H,0.18083274999999988
A154G,0.21387399999999984
A154F,0.07421449999999981
A154E,0.14293274999999953
A154D,0.15863999999999956
A154C,0.4672847499999992
A154N,0.164887
L155S,0.13274450000000018
L155R,0.13737699999999983
L155Q,0.16509975000000032
L155K,0.23906249999999957
L155N,0.28125699999999965
L155M,0.5207579999999996
L155T,0.3406779999999987
L155I,0.44729824999999956
L155P,0.2519799999999993
L155V,0.2919662499999997
L155C,0.29550450000000134
L155F,0.38475125000000077
L155E,0.1634085000000002
L155D,0.18669950000000005
L155A,0.22117649999999944
L155Y,0.38615050000000023
L155G,0.1721012500000001
L155W,0.2875842499999994
L155H,0.2588205000000004
R156C,0.09017674999999986
R156D,0.26680299999999973
R156A,0.25797149999999985
R156M,0.11246374999999925
R156F,0.05620550000000012
R156E,0.3180515
R156Y,0.1294389999999998
R156W,0.13832374999999975
R156T,0.22128575000000036
R156S,0.2469664999999987
R156Q,0.3944484999999982
R156V,0.11677025000000009
R156N,0.2759325000000007
R156L,0.04330449999999989
R156K,0.6382897500000008
R156I,0.16611949999999936
R156H,0.40659624999999866
R156G,0.12220750000000014
R156P,0.1198655000000001
P159H,0.21512949999999986
P159C,0.13925749999999973
P159A,0.23800399999999972
P159D,0.16420749999999973
P159E,0.15538024999999953
P159F,0.05188149999999998
P159G,0.13250749999999986
P159I,0.15160724999999994
P159K,0.20626675000000066
P159V,0.14143400000000006
P159M,0.1364347499999995
P159N,0.16705750000000028
P159Q,0.16285599999999958
P159R,0.17104125000000003
P159S,0.12344050000000005
P159T,0.14655649999999942
P159W,0.17753324999999998
P159L,0.051653249999999956
P159Y,0.13402399999999953
I160K,0.14710274999999987
I160H,0.14748025000000042
I160E,0.1494565000000004
I160L,0.23038549999999966
I160F,0.092888
I160G,0.10715949999999998
I160M,0.27564375000000035
I160T,0.3659372499999982
I160P,0.1714097499999992
I160Q,0.1323702500000004
I160R,0.1360047499999999
I160S,0.13116324999999995
I160V,0.5243012500000013
I160Y,0.21380349999999995
I160N,0.2582997500000007
I160D,0.18223324999999974
I160W,0.15924475000000074
I160A,0.20554099999999978
I160C,0.2864770000000021
G161A,0.15930774999999905
G161Y,0.13530649999999952
G161W,0.11828124999999988
G161V,0.05093324999999981
G161S,0.0727097500000004
G161R,0.18421849999999956
G161Q,0.10339749999999975
G161P,0.09448850000000007
G161N,0.12259700000000005
G161K,0.14077650000000058
G161I,0.060077999999999514
G161H,0.15107699999999957
G161F,0.03570149999999987
G161E,0.10693949999999955
G161D,0.13760274999999933
G161C,0.09091974999999945
G161L,0.029302249999999877
G161T,0.08322025000000005
G161M,0.1468394999999994
D162W,0.410382999999999
D162T,0.16423424999999917
D162S,0.13380675000000025
D162R,0.20967475000000071
D162Q,0.2092797500000005
D162P,0.25649624999999854
D162N,0.11698850000000037
D162V,0.1673512499999993
D162M,0.12552299999999905
D162K,0.1703940000000001
D162I,0.1010777499999999
D162H,0.4409807500000004
D162G,0.24161525000000014
D162F,0.06351225
D162E,0.23711550000000162
D162L,0.05429950000000019
D162C,0.13538074999999902
D162A,0.3332379999999995
D162Y,0.12268749999999931
Q163C,0.12879274999999943
Q163V,0.11122775000000001
Q163T,0.20212424999999992
Q163S,0.17949874999999998
Q163R,0.20935850000000017
Q163P,0.17608899999999983
Q163N,0.2684125000000003
Q163M,0.12519924999999948
Q163L,0.04684424999999998
Q163I,0.1415842499999994
Q163H,0.28413650000000046
Q163G,0.11965775000000008
Q163F,0.04899925000000004
Q163E,0.2137427499999999
Q163D,0.38982224999999987
Q163W,0.1737749999999999
Q163K,0.27174450000000144
Q163A,0.23035325000000004
Q163Y,0.1313799999999996
W164L,0.17585850000000047
W164V,0.15594824999999995
W164T,0.270409749999999
W164S,0.1649727500000003
W164R,0.17662499999999995
W164Q,0.20053150000000022
W164P,0.20529475000000005
W164Y,0.4025885000000004
W164N,0.30265974999999984
W164C,0.32127675000000105
W164K,0.3465534999999998
W164I,0.27652275
W164H,0.3360507500000006
W164G,0.11218550000000041
W164F,0.30707900000000005
W164M,0.287700249999999
W164E,0.25310899999999975
W164A,0.2489502499999998
W164D,0.1813647500000001
E165D,0.3329007499999996
E165F,0.06691275000000017
E165G,0.21653550000000008
E165H,0.29456825000000025
E165I,0.16786349999999936
E165K,0.21443875000000126
E165Y,0.18312099999999987
E165W,0.2977185000000011
E165P,0.2006387499999993
E165Q,0.1979072500000001
E165R,0.1902735000000001
E165S,0.19561599999999976
E165T,0.17268674999999992
E165V,0.16212524999999936
E165M,0.13664999999999916
E165L,0.07925525000000014
E165N,0.19420625000000025
E165A,0.3190237499999995
E165C,0.20615199999999947
E166Y,0.18312099999999987
E166W,0.2977185000000011
E166V,0.16212524999999936
E166T,0.17268674999999992
E166S,0.19561599999999976
E166R,0.1902735000000001
E166Q,0.1979072500000001
E166P,0.2006387499999993
E166C,0.20615199999999947
E166K,0.21443875000000126
E166I,0.16786349999999936
E166H,0.29456825000000025
E166G,0.21653550000000008
E166F,0.06668125000000018
E166D,0.3329007499999996
E166A,0.3190237499999995
E166L,0.07925525000000014
E166M,0.13664999999999916
E166N,0.19420625000000025
E167M,0.13587774999999921
E167C,0.2043967499999995
E167D,0.32946949999999975
E167F,0.06622875000000017
E167G,0.21016100000000001
E167H,0.2977865000000003
E167I,0.16330899999999932
E167K,0.21793375000000137
E167L,0.07828275000000015
E167Y,0.18267899999999987
E167N,0.19381150000000022
E167P,0.20010474999999933
E167Q,0.20149550000000005
E167R,0.19098625000000014
E167S,0.1917942499999997
E167T,0.1750032499999999
E167V,0.15915574999999935
E167W,0.29656650000000107
E167A,0.3134614999999995
E168C,0.20359549999999949
E168A,0.3134614999999995
E168D,0.32946949999999975
E168H,0.30052150000000033
E168I,0.16330899999999932
E168K,0.2192232500000014
E168L,0.07810425000000015
E168M,0.13587774999999921
E168N,0.19300125000000024
E168G,0.20958674999999996
E168P,0.19949374999999928
E168R,0.19135925000000012
E168S,0.19165699999999972
E168T,0.17439899999999992
E168V,0.15915574999999935
E168W,0.2959652500000011
E168Y,0.1824684999999998
E168Q,0.20171850000000005
E168F,0.06587925000000018
G169E,0.10693949999999955
G169A,0.15961649999999905
G169F,0.03546999999999987
G169H,0.15139674999999955
G169I,0.05779774999999953
G169K,0.14077650000000058
G169L,0.029269999999999876
G169M,0.1466082499999994
G169C,0.09086449999999945
G169N,0.12259700000000005
G169P,0.09436800000000006
G169Q,0.10339749999999975
G169R,0.18354749999999956
G169S,0.07273975000000041
G169T,0.08322025000000005
G169V,0.050141999999999805
G169W,0.11790449999999986
G169D,0.13682124999999934
G169Y,0.13500024999999957
G170V,0.052233499999999794
G170K,0.16193425000000056
G170C,0.09570899999999952
G170D,0.1440217499999993
G170E,0.12938124999999923
G170F,0.035469999999999884
G170H,0.17730224999999952
G170I,0.06020199999999953
G170Y,0.1315417499999995
G170A,0.20689799999999903
G170L,0.030888249999999867
G170N,0.13370800000000013
G170P,0.10302675000000021
G170Q,0.13559024999999947
G170R,0.19078774999999965
G170S,0.10440925000000009
G170T,0.1031359999999996
G170M,0.14601274999999947
G170W,0.11835974999999987
F171Y,0.5936750000000028
F171A,0.24477824999999917
F171C,0.2547272500000013
F171W,0.5429777499999989
F171D,0.16551199999999966
F171E,0.27569724999999967
F171G,0.07228600000000043
F171H,0.2859490000000014
F171K,0.41565574999999877
F171L,0.23993249999999972
F171M,0.39945974999999784
F171I,0.40286050000000095
F171P,0.26382875000000033
F171Q,0.19431075
F171R,0.1534552500000001
F171S,0.14252125000000068
F171T,0.32550074999999806
F171V,0.14171399999999956
F171N,0.18229149999999966
N172A,0.36017874999999955
N172H,0.3083235000000001
N172C,0.20464549999999943
N172D,0.3029849999999998
N172E,0.24737125000000096
N172F,0.06814700000000018
N172G,0.2106374999999999
N172I,0.16600749999999942
N172Y,0.18880274999999996
N172L,0.07653675000000013
N172M,0.13761074999999923
N172P,0.19786174999999934
N172Q,0.22730124999999998
N172R,0.1957562500000002
N172S,0.21164824999999943
N172T,0.17462625000000012
N172V,0.15653899999999957
N172K,0.2643477500000016
N172W,0.2422425000000008
Y173A,0.2712519999999999
Y173R,0.1963775
Y173W,0.32635474999999997
Y173V,0.13077250000000012
Y173T,0.26342274999999943
Y173S,0.17435650000000003
Y173Q,0.2311080000000005
Y173P,0.20790125
Y173M,0.27692174999999897
Y173N,0.3652002499999996
Y173K,0.41047774999999953
Y173I,0.2475845000000002
Y173H,0.3801234999999999
Y173G,0.11069725000000054
Y173F,0.30896575000000026
Y173E,0.2821387499999999
Y173D,0.19559800000000027
Y173L,0.15259950000000053
Y173C,0.34006250000000066
A174W,0.18220224999999998
A174S,0.2499070000000001
A174V,0.33389824999999873
A174T,0.19213324999999906
A174C,0.4947122499999989
A174D,0.15827674999999952
A174R,0.1717482499999999
A174Y,0.15919274999999972
A174Q,0.17265199999999958
A174K,0.2640462500000005
A174N,0.16370974999999993
A174E,0.1724734999999996
A174P,0.1769120000000001
A174G,0.22625649999999978
A174H,0.23723375000000016
A174F,0.0678774999999998
A174L,0.11318450000000013
A174M,0.19849924999999952
A174I,0.26759699999999914
V175M,0.2483207500000002
V175Y,0.2008357499999994
V175W,0.20997325000000008
V175T,0.25636824999999913
V175S,0.11258725000000014
V175R,0.11305074999999977
V175Q,0.14476599999999978
V175P,0.1821212499999998
V175N,0.17477450000000047
V175L,0.4158252499999989
V175H,0.15743249999999992
V175I,0.6416837500000004
V175G,0.10031949999999994
V175F,0.10107575000000019
V175E,0.1629582499999998
V175D,0.14229575
V175C,0.33291275000000115
V175A,0.33000249999999914
V175K,0.19167900000000004
D176V,0.1624712499999994
D176W,0.36210824999999985
D176Q,0.22906525000000078
D176T,0.16982424999999923
D176S,0.1460515000000002
D176R,0.20732650000000072
D176P,0.25599149999999854
D176F,0.0626145
D176M,0.12555549999999913
D176L,0.05690250000000018
D176K,0.21786250000000085
D176I,0.10385749999999984
D176H,0.43538550000000015
D176G,0.23080450000000002
D176Y,0.11675374999999946
D176N,0.12949100000000033
D176A,0.3466582499999995
D176C,0.147430999999999
D176E,0.2481962500000015
L177W,0.3294537499999995
L177D,0.1736335000000001
L177E,0.17566699999999993
L177F,0.39809900000000115
L177G,0.15588450000000012
L177H,0.2883470000000007
L177I,0.5063674999999995
L177K,0.2824919999999996
L177M,0.5532029999999994
L177P,0.2735114999999999
L177Q,0.17469625000000036
L177R,0.12551199999999985
L177S,0.12917575000000028
L177T,0.3149727499999988
L177V,0.31577149999999976
L177Y,0.43910725000000056
L177N,0.24799374999999974
L177C,0.27768550000000114
L177A,0.22552674999999933
V178T,0.25626749999999915
V178S,0.11258375000000015
V178A,0.3320289999999993
V178C,0.33387850000000113
V178D,0.14237125
V178E,0.16215324999999978
V178F,0.10064250000000019
V178G,0.09990549999999992
V178H,0.15618724999999992
V178K,0.19174775000000005
V178W,0.2071105000000001
V178L,0.4182534999999989
V178M,0.2478410000000002
V178N,0.17491400000000046
V178P,0.1820934999999998
V178Q,0.14467974999999977
V178R,0.11146324999999979
V178Y,0.1998117499999994
V178I,0.6457297500000004
K179R,0.2402515000000004
K179S,0.2221649999999994
K179T,0.2090424999999997
K179H,0.32170525000000016
K179W,0.13472574999999978
K179Y,0.11894349999999963
K179Q,0.2828627499999994
K179V,0.09770650000000013
K179P,0.15059949999999972
K179A,0.2610784999999997
K179M,0.12449949999999939
K179L,0.05240150000000009
K179I,0.1345082499999993
K179G,0.11623524999999998
K179F,0.05593350000000012
K179E,0.25341425000000006
K179D,0.21342449999999968
K179C,0.1382609999999993
K179N,0.2069637500000004
H180Y,0.12696999999999956
H180W,0.12913299999999986
H180V,0.09387950000000014
H180C,0.15776024999999938
H180D,0.33230599999999955
H180E,0.26338350000000016
H180F,0.04967025000000004
H180G,0.11885750000000009
H180I,0.14283849999999945
H180K,0.37807625000000095
H180T,0.24081125000000006
H180L,0.05006599999999995
H180M,0.14261949999999965
H180N,0.26681650000000057
H180P,0.2063232499999998
H180Q,0.3014522499999998
H180R,0.2195515000000003
H180S,0.22515299999999935
H180A,0.2693170000000001
I181Y,0.2899005000000011
I181W,0.24173750000000055
I181D,0.17869199999999982
I181V,0.7127932499999987
I181T,0.29757049999999874
I181S,0.11930175000000004
I181R,0.1090259999999998
I181Q,0.1400190000000002
I181P,0.2105229999999999
I181C,0.23931000000000155
I181N,0.19413425000000037
I181L,0.42056199999999955
I181K,0.19111649999999994
I181H,0.16826575000000052
I181G,0.07917125000000015
I181F,0.09608725000000037
I181E,0.1548804999999997
I181M,0.36249399999999893
I181A,0.2064332499999999
S183K,0.2972232500000008
S183C,0.29558699999999977
S183V,0.15754800000000008
S183T,0.2449479999999993
S183R,0.18642675000000014
S183Q,0.2835335000000001
S183P,0.23156649999999954
S183N,0.2118147500000003
S183A,0.4377029999999991
S183M,0.17822099999999957
S183I,0.13359524999999972
S183H,0.35687275000000007
S183G,0.2602754999999998
S183F,0.06342199999999981
S183E,0.25654525000000034
S183D,0.23589299999999977
S183L,0.08162399999999984
S183W,0.15961975000000006
S183Y,0.12578649999999947
E184Y,0.19584600000000002
E184V,0.14428749999999962
E184T,0.18655474999999996
E184S,0.20149324999999974
E184R,0.19082175000000012
E184Q,0.22792699999999985
E184P,0.2091819999999994
E184N,0.20520800000000025
E184M,0.14991399999999933
E184W,0.25477600000000084
E184K,0.2705890000000015
E184I,0.16575299999999943
E184H,0.3111035000000002
E184G,0.19240124999999986
E184F,0.07394150000000019
E184D,0.3318762499999997
E184C,0.21953099999999967
E184A,0.3127227499999995
E184L,0.08202300000000014
G186I,0.0559579999999996
G186H,0.36014024999999883
G186C,0.32974999999999954
G186E,0.27122750000000034
G186D,0.17034274999999913
G186K,0.2985270000000008
G186F,0.04647224999999992
G186L,0.06295649999999965
G186Q,0.3565754999999992
G186N,0.2175267500000007
G186P,0.2887617499999988
G186R,0.1993820000000001
G186S,0.3584567499999989
G186T,0.2611582499999984
G186V,0.07713924999999947
G186A,0.5699092499999977
G186M,0.19172249999999946
G186W,0.13389600000000043
G186Y,0.13065049999999923
D187T,0.17838724999999925
D187A,0.3607402499999995
D187V,0.15952324999999942
D187W,0.3567049999999999
D187Y,0.13248849999999923
D187S,0.16167325000000013
D187Q,0.23919775000000087
D187P,0.26480574999999856
D187N,0.13425600000000038
D187R,0.2026692500000006
D187L,0.06350500000000023
D187M,0.1361834999999992
D187E,0.2542070000000015
D187F,0.06758224999999997
D187G,0.24208749999999998
D187C,0.17618149999999907
D187I,0.10335799999999976
D187K,0.2233660000000009
D187H,0.4343540000000001
Y188P,0.16915074999999988
Y188W,0.1924594999999999
Y188V,0.1088757500000001
Y188T,0.2110205000000003
Y188S,0.18124949999999962
Y188R,0.17026574999999933
Y188Q,0.22206100000000084
Y188N,0.4165562499999988
Y188A,0.2349087500000002
Y188L,0.1079745000000004
Y188K,0.3096112500000013
Y188I,0.1674402500000005
Y188H,0.403952499999999
Y188G,0.14240000000000022
Y188F,0.2717107500000005
Y188E,0.23896175000000053
Y188D,0.17775725000000037
Y188M,0.20215174999999946
Y188C,0.366043000000001
D190Y,0.09800949999999974
D190C,0.2152249999999993
D190V,0.14226649999999963
D190T,0.16485799999999945
D190S,0.1714179999999999
D190R,0.18083175000000032
D190Q,0.22817725000000055
D190P,0.26438824999999877
D190A,0.35094349999999946
D190M,0.12738699999999933
D190K,0.20105950000000056
D190W,0.29082900000000067
D190H,0.3886772500000005
D190G,0.2385522499999999
D190F,0.05516850000000002
D190E,0.2448982500000013
D190L,0.06581375000000018
D190I,0.09243649999999995
D190N,0.14001550000000026
C192D,0.1090395
C192V,0.37640050000000114
C192T,0.24094099999999943
C192S,0.30161099999999935
C192R,0.11397699999999969
C192Q,0.15870425000000005
C192P,0.14991699999999974
C192N,0.12325850000000027
C192W,0.1175325000000002
C192Y,0.10686475
C192L,0.28681274999999945
C192K,0.15899049999999992
C192I,0.2616237499999995
C192H,0.17753075
C192G,0.19354375000000015
C192F,0.09561549999999991
C192E,0.16808075000000022
C192M,0.20174249999999994
C192A,0.41279625000000036
A194Y,0.08015500000000031
A194E,0.22088149999999998
A194W,0.11932824999999996
A194V,0.38155074999999916
A194T,0.23611099999999888
A194S,0.41606174999999934
A194R,0.15996599999999966
A194Q,0.27910224999999983
A194P,0.24459224999999993
A194N,0.1949197500000004
A194M,0.1963387499999997
A194L,0.13208824999999996
A194K,0.26626050000000107
A194I,0.2615007499999988
A194H,0.3021634999999996
A194G,0.38727824999999955
A194F,0.05772949999999982
A194D,0.14182649999999947
A194C,0.688730499999999
P197M,0.13829974999999983
P197W,0.08848374999999997
P197D,0.1740454999999997
P197E,0.23407324999999987
P197F,0.05027949999999996
P197G,0.24181424999999973
P197H,0.32544399999999946
P197I,0.13723349999999984
P197Y,0.07513224999999996
P197K,0.2527230000000007
P197N,0.2612782500000008
P197Q,0.3032697499999997
P197R,0.1596989999999997
P197S,0.27204849999999897
P197T,0.22621074999999943
P197V,0.13533925000000033
P197L,0.07061399999999997
P197C,0.32284325000000097
P197A,0.4063597499999998
K198Y,0.08024049999999998
K198C,0.20985649999999975
K198D,0.17839049999999967
K198E,0.19815024999999978
K198F,0.06349300000000017
K198G,0.12472199999999982
K198H,0.27996700000000013
K198I,0.09351999999999963
K198L,0.05105950000000013
K198A,0.20918274999999933
K198N,0.20998050000000024
K198P,0.14976149999999935
K198Q,0.2275359999999994
K198R,0.21972550000000016
K198S,0.19359924999999975
K198T,0.17524525000000005
K198V,0.07552225000000014
K198W,0.08844249999999994
K198M,0.1093172499999995
G199N,0.24699400000000107
G199P,0.32407024999999906
G199T,0.2793054999999985
G199R,0.20421975000000017
G199S,0.40184124999999865
G199M,0.1976344999999995
G199Q,0.3824074999999991
G199L,0.07386599999999957
G199F,0.050585249999999755
G199I,0.051072499999999736
G199H,0.38813699999999857
G199E,0.2809360000000005
G199D,0.16351624999999895
G199C,0.4564712500000007
G199A,0.611341749999998
G199V,0.07794099999999946
G199K,0.2918417500000009
G199W,0.12069400000000034
G199Y,0.10315924999999955
H200C,0.2509095000000004
H200W,0.07816424999999974
H200V,0.06836600000000004
H200T,0.20874774999999993
H200S,0.18449375000000007
H200R,0.15981524999999994
H200Q,0.23360599999999973
H200P,0.21538349999999956
H200A,0.22797575000000006
H200N,0.2958210000000003
H200Y,0.08404224999999997
H200K,0.2611952500000011
H200I,0.09785099999999966
H200G,0.1331570000000001
H200F,0.05462125
H200E,0.20978899999999992
H200D,0.3756154999999994
H200M,0.12393099999999985
H200L,0.054171250000000074
P201L,0.07022999999999996
P201C,0.32147225000000096
P201Y,0.07300399999999994
P201W,0.08649224999999994
P201V,0.13666825000000038
P201T,0.2250272499999994
P201R,0.1551024999999997
P201Q,0.3002234999999997
P201N,0.2579112500000007
P201M,0.1357562499999999
P201S,0.270034499999999
P201K,0.2464452500000007
P201D,0.17626049999999974
P201E,0.2292749999999998
P201F,0.050008499999999956
P201A,0.40436024999999987
P201H,0.3184892499999996
P201I,0.1363049999999999
P201G,0.24018199999999976
E202N,0.22303200000000006
E202Y,0.14786324999999959
E202V,0.11666249999999989
E202T,0.16591749999999997
E202S,0.16271325000000003
E202R,0.15299925000000023
E202Q,0.18637674999999995
E202P,0.20783899999999925
E202W,0.19044175000000013
E202M,0.1292799999999995
E202K,0.21038725000000105
E202I,0.1299544999999996
E202H,0.27376375000000014
E202G,0.17584824999999976
E202F,0.06527975000000014
E202D,0.3461074999999994
E202C,0.25943474999999994
E202A,0.25574099999999955
E202L,0.07514050000000012
A203Q,0.27465374999999986
A203R,0.16808199999999981
A203W,0.12049349999999995
A203T,0.2348114999999988
A203V,0.37924649999999915
A203P,0.23924149999999997
A203S,0.4255909999999994
A203D,0.14481174999999943
A203I,0.25881424999999875
A203M,0.20078249999999964
A203L,0.12839924999999996
A203K,0.27753800000000106
A203H,0.3125364999999997
A203G,0.3942994999999996
A203F,0.05862749999999983
A203E,0.22232600000000002
A203Y,0.0808282500000003
A203N,0.21408175000000054
A203C,0.7041632499999995
G204A,0.611679499999998
G204V,0.07838999999999946
G204W,0.12069850000000032
G204T,0.2793054999999985
G204S,0.40184124999999865
G204R,0.20421975000000017
G204Q,0.3824074999999991
G204P,0.324009499999999
G204N,0.24699400000000107
G204M,0.1976344999999995
G204Y,0.10319324999999958
G204K,0.2918417500000009
G204I,0.05097399999999975
G204H,0.38813699999999857
G204F,0.050585249999999755
G204E,0.2809360000000005
G204D,0.16351624999999895
G204C,0.4564712500000007
G204L,0.07386599999999957
S205D,0.2412209999999997
S205W,0.10866725000000006
S205V,0.16601700000000016
S205T,0.2570239999999993
S205Q,0.2860609999999999
S205P,0.2558884999999998
S205N,0.2583265000000007
S205M,0.17424249999999972
S205H,0.3373927499999997
S205K,0.24449500000000068
S205I,0.1266704999999997
S205G,0.3163569999999998
S205F,0.06433149999999975
S205E,0.2504762500000002
S205Y,0.08405500000000007
S205L,0.0949877499999998
S205R,0.15660674999999982
S205A,0.4754019999999992
S205C,0.4596722500000003
F206D,0.10140625000000021
F206Y,0.2726492499999999
F206W,0.2695692500000002
F206V,0.16605825000000002
F206T,0.1530564999999998
F206S,0.1307774999999998
F206R,0.10053149999999994
F206Q,0.13713624999999985
F206P,0.12085150000000035
F206N,0.18622125000000056
F206L,0.19911350000000103
F206K,0.15879275000000015
F206A,0.1507979999999996
F206I,0.26411925000000125
F206H,0.2290245000000005
F206G,0.08580450000000013
F206E,0.1381102500000001
F206C,0.25320300000000123
F206M,0.2303962499999991
E207M,0.09478674999999978
E207A,0.1861284999999997
E207Y,0.13937124999999964
E207W,0.16143675000000002
E207V,0.08855175000000017
E207T,0.14222574999999987
E207R,0.1487177500000003
E207Q,0.16243025000000003
E207P,0.19084699999999952
E207N,0.17972775000000027
E207S,0.11673450000000012
E207K,0.16819725000000066
E207I,0.10129599999999993
E207H,0.21902150000000012
E207G,0.14311049999999978
E207F,0.05029925000000013
E207D,0.35863499999999915
E207C,0.17420174999999932
E207L,0.05387850000000011
A208I,0.2754732499999983
A208H,0.2073082499999999
A208G,0.35940325000000006
A208C,0.6925209999999987
A208E,0.13615650000000024
A208D,0.09853399999999958
A208K,0.25180925000000093
A208F,0.04782675
A208L,0.110693
A208W,0.09913399999999982
A208N,0.16932799999999967
A208M,0.17150624999999914
A208V,0.42847749999999946
A208T,0.17800649999999954
A208Y,0.06359900000000022
A208R,0.1473470000000001
A208Q,0.16558500000000018
A208P,0.14387175000000035
A208S,0.40309550000000044
D209K,0.17506200000000027
D209A,0.2675162499999996
D209C,0.1327209999999993
D209E,0.22460675000000074
D209F,0.042322750000000145
D209H,0.3123820000000014
D209I,0.07861325000000019
D209L,0.047304500000000124
D209G,0.1932982499999997
D209N,0.15176225000000035
D209M,0.09461499999999963
D209Y,0.08695799999999985
D209V,0.11979174999999988
D209T,0.1465204999999996
D209W,0.23947025000000022
D209R,0.16598875000000038
D209Q,0.19660850000000007
D209P,0.2613424999999991
D209S,0.13792025000000008
L210D,0.12482275000000051
L210I,0.4933867499999976
L210E,0.11247275000000034
L210F,0.5219372499999999
L210G,0.17977100000000024
L210H,0.36001600000000084
L210K,0.1964334999999997
L210Q,0.13904900000000028
L210N,0.2456499999999995
L210P,0.2336202500000005
L210V,0.27323874999999903
L210R,0.11864424999999992
L210S,0.10647850000000006
L210T,0.26188249999999946
L210C,0.3399037500000002
L210M,0.6510952500000005
L210A,0.1462620000000001
L210W,0.16996675000000036
L210Y,0.40283325000000075
K211A,0.061698250000000156
K211Y,0.04955699999999975
K211W,0.05521324999999989
K211V,0.03530025000000012
K211T,0.12172700000000009
K211R,0.18222524999999964
K211Q,0.1408405000000002
K211P,0.09109374999999989
K211N,0.08654074999999972
K211M,0.04540750000000011
K211L,0.019917999999999936
K211I,0.04699850000000019
K211H,0.1392935000000003
K211G,0.06458900000000041
K211F,0.046323250000000094
K211E,0.09875750000000016
K211D,0.1494339999999995
K211C,0.051212250000000153
K211S,0.09324474999999978
H212N,0.22558199999999984
H212A,0.08828425000000024
H212Y,0.051353999999999816
H212V,0.03925849999999999
H212T,0.17321499999999979
H212S,0.07975699999999979
H212R,0.13605375000000014
H212Q,0.17004724999999976
H212P,0.16505424999999957
H212M,0.05416299999999987
H212W,0.04455374999999992
H212K,0.16621100000000022
H212I,0.05682149999999999
H212G,0.06567700000000026
H212F,0.03325849999999998
H212E,0.1407094999999999
H212D,0.4271257499999998
H212C,0.08711050000000008
H212L,0.02289350000000004
L213D,0.12367900000000052
L213V,0.2695904999999992
L213T,0.2643342499999994
L213S,0.10544100000000006
L213R,0.11634199999999989
L213Q,0.13799800000000031
L213P,0.23664500000000055
L213N,0.23584549999999954
L213H,0.362813000000001
L213K,0.19771249999999965
L213I,0.4997697499999971
L213G,0.1834275000000002
L213F,0.5503397499999996
L213E,0.10900200000000031
L213W,0.17118675000000036
L213M,0.6752242499999999
L213Y,0.4137665000000007
L213A,0.14438250000000014
L213C,0.33215475000000033
K214W,0.05502799999999988
K214Y,0.049442499999999744
K214V,0.03463100000000012
K214T,0.12172700000000009
K214S,0.09324474999999978
K214R,0.18228199999999967
K214P,0.09109374999999989
K214N,0.08495549999999973
K214M,0.04540750000000011
K214Q,0.1408405000000002
K214I,0.04653775000000019
K214H,0.1393502500000003
K214G,0.06458900000000041
K214F,0.04896525000000013
K214E,0.09788275000000018
K214D,0.1494339999999995
K214C,0.04965100000000015
K214A,0.06095550000000012
K214L,0.019917999999999936
E215R,0.14951900000000037
E215Y,0.13713699999999968
E215W,0.15850525
E215V,0.0873300000000002
E215T,0.14480524999999986
E215S,0.10954650000000006
E215Q,0.16002200000000016
E215D,0.3720292499999992
E215N,0.18290600000000024
E215L,0.05120750000000009
E215K,0.16652825000000063
E215I,0.09700124999999997
E215H,0.2175645000000002
E215G,0.1344812499999998
E215F,0.04878225000000011
E215C,0.1660917499999993
E215P,0.1883204999999995
E215A,0.17939224999999975
E215M,0.0934744999999998
V217G,0.11397424999999987
V217Y,0.10102824999999989
V217W,0.09072100000000013
V217T,0.2065164999999995
V217R,0.1174289999999998
V217Q,0.1192272499999998
V217P,0.11109299999999958
V217N,0.09149099999999999
V217M,0.24915624999999986
V217L,0.45800624999999967
V217K,0.12287725000000017
V217S,0.09671200000000008
V217H,0.13033724999999974
V217F,0.08276625000000028
V217E,0.12130600000000012
V217D,0.12088550000000019
V217C,0.45700324999999886
V217A,0.3391487499999987
V217I,0.6371369999999995
S218E,0.17954925000000008
S218F,0.04991624999999999
S218G,0.2256174999999999
S218H,0.22106950000000022
S218I,0.11405475000000012
S218K,0.18320325000000004
S218L,0.06524400000000014
S218M,0.0975559999999997
S218N,0.22255425000000004
S218R,0.14557874999999995
S218Q,0.20794899999999983
S218T,0.2074009999999996
S218V,0.15492424999999996
S218Y,0.059346249999999975
S218W,0.06632524999999978
S218C,0.27515900000000015
S218A,0.2997307499999997
S218P,0.15897850000000027
S218D,0.22927849999999997
A219C,0.6938824999999987
A219D,0.08440749999999973
A219S,0.4062035000000006
A219Y,0.06248500000000022
A219T,0.16370024999999988
A219R,0.14583025000000016
A219Q,0.14810475000000037
A219P,0.12461750000000028
A219N,0.1495222499999994
A219M,0.1709327499999991
A219W,0.0979402499999998
A219L,0.1117825
A219I,0.27996074999999815
A219H,0.1815794999999997
A219G,0.3576310000000001
A219F,0.04783775000000003
A219E,0.12357900000000026
A219K,0.24699425000000091
A219V,0.43556849999999947
D222V,0.12660074999999987
D222W,0.2340730000000002
D222Y,0.08606649999999991
D222A,0.26450274999999956
D222G,0.1951612499999998
D222C,0.13591249999999938
D222E,0.23415625000000082
D222F,0.03826275000000018
D222T,0.1546832499999995
D222H,0.3192035000000016
D222I,0.07914425000000018
D222K,0.18064375000000032
D222M,0.09403774999999975
D222N,0.16938050000000018
D222P,0.27257749999999925
D222Q,0.1995230000000002
D222R,0.1542145000000003
D222S,0.1419990000000001
D222L,0.04412625000000014
F223S,0.12808250000000015
F223R,0.10045524999999994
F223T,0.20330274999999978
F223Q,0.11227700000000013
F223W,0.2338122500000002
F223Y,0.25578649999999986
F223V,0.18953350000000044
F223N,0.12853050000000035
F223P,0.10271699999999997
F223L,0.21428700000000073
F223M,0.2756232499999988
F223A,0.14071474999999975
F223D,0.12106700000000015
F223E,0.1139232500000003
F223C,0.3149920000000012
F223H,0.19589275000000003
F223I,0.278735000000001
F223K,0.14038649999999994
F223G,0.09284175000000003
I225Q,0.08879975000000039
I225Y,0.20848624999999982
I225A,0.1294894999999992
I225V,0.7571480000000007
I225W,0.07502225000000014
I225S,0.05066549999999975
I225R,0.14381475000000024
I225P,0.10496524999999961
I225T,0.29499874999999937
I225M,0.38570724999999884
I225L,0.442293500000002
I225K,0.11759024999999994
I225H,0.14409125000000025
I225G,0.08288399999999975
I225F,0.07735475000000039
I225E,0.10645550000000027
I225D,0.21069099999999974
I225C,0.44138074999999893
I225N,0.054684749999999845
T226N,0.20813350000000028
T226P,0.13542900000000013
T226W,0.04829199999999991
T226R,0.10560175000000005
T226S,0.14352275000000003
T226M,0.09073849999999993
T226Q,0.20593175000000002
T226L,0.06530300000000014
T226G,0.14714974999999997
T226I,0.12413100000000009
T226H,0.15866324999999973
T226F,0.04656075000000003
T226E,0.13992250000000006
T226D,0.21213599999999969
T226C,0.23949200000000026
T226A,0.21419725000000017
T226Y,0.05705374999999975
T226K,0.15621325000000028
T226V,0.13962325000000017
F229Y,0.26602024999999985
F229N,0.16907750000000055
F229P,0.12364550000000003
F229T,0.22310874999999988
F229V,0.1800225000000003
F229W,0.2286870000000002
F229C,0.2720977500000008
F229D,0.12634350000000022
F229E,0.11730650000000033
F229G,0.10733075000000007
F229A,0.13974499999999998
F229I,0.29273250000000095
F229K,0.15065074999999994
F229L,0.22975775000000062
F229M,0.3012489999999987
F229S,0.13081175000000006
F229R,0.09278199999999993
F229Q,0.12131450000000019
F229H,0.24267625000000057
F230P,0.12364550000000003
F230R,0.09278199999999993
F230S,0.13081175000000006
F230W,0.2286870000000002
F230V,0.1800225000000003
F230Y,0.26602024999999985
F230N,0.16907750000000055
F230T,0.22310874999999988
F230M,0.3012489999999987
F230Q,0.12131450000000019
F230K,0.15065074999999994
F230I,0.29273250000000095
F230H,0.24267625000000057
F230G,0.10733075000000007
F230E,0.11730650000000033
F230D,0.12634350000000022
F230C,0.2720977500000008
F230A,0.13974499999999998
F230L,0.22975775000000062
E231I,0.07364175000000012
E231H,0.23501999999999995
E231G,0.10531799999999977
E231A,0.13347925000000005
E231D,0.4431844999999989
E231C,0.15803899999999968
E231Y,0.1409064999999997
E231F,0.037298000000000005
E231K,0.16390500000000074
E231M,0.10239600000000001
E231V,0.06450000000000032
E231T,0.14020599999999953
E231S,0.08494274999999993
E231R,0.09543100000000032
E231Q,0.16341350000000016
E231N,0.24598624999999996
E231P,0.218766
E231L,0.039668499999999975
E231W,0.09829324999999971
A232E,0.13478875000000035
A232Y,0.0495117500000001
A232F,0.05159149999999994
A232D,0.10268274999999956
A232C,0.6453632499999982
A232W,0.07768849999999991
A232N,0.1580304999999995
A232Q,0.1438955000000004
A232P,0.1349497500000002
A232M,0.1776587499999993
A232L,0.13416925
A232K,0.21810775000000043
A232I,0.2584907499999983
A232H,0.17331274999999965
A232G,0.3368047500000003
A232T,0.19089749999999928
A232R,0.11845225
A232V,0.40568224999999947
A232S,0.4110787500000002
D233F,0.029976750000000104
D233G,0.18459974999999976
D233Y,0.07683649999999981
D233H,0.2569380000000007
D233I,0.061562
D233K,0.20145575000000043
D233R,0.09863225000000016
D233S,0.14999975000000007
D233N,0.21373050000000007
D233W,0.15732725000000017
D233V,0.09524250000000013
D233P,0.31864375000000006
D233Q,0.2125535000000003
D233T,0.1407392499999996
D233M,0.09768549999999994
D233L,0.0477367500000001
D233C,0.12122399999999964
D233A,0.2621447499999996
D233E,0.2817555000000005
T234S,0.14509975000000006
T234A,0.21321900000000016
T234C,0.20843775000000023
T234D,0.2017417499999997
T234E,0.14147475000000004
T234F,0.05352824999999992
T234G,0.14207299999999995
T234H,0.16493974999999986
T234I,0.13028325000000007
T234L,0.07170400000000016
T234M,0.10321750000000002
T234N,0.2064567500000003
T234P,0.1325877500000001
T234Q,0.21441349999999992
T234R,0.10178325000000006
T234K,0.14801100000000025
T234Y,0.06059699999999977
T234W,0.046339749999999943
T234V,0.1354347500000001
F235P,0.12026275
F235W,0.22387650000000026
F235V,0.17884150000000024
F235T,0.23630124999999988
F235Y,0.2606174999999998
F235S,0.13663775
F235R,0.08949374999999998
F235Q,0.12144925000000026
F235N,0.1588395000000007
F235M,0.29764449999999876
F235K,0.14079874999999986
F235I,0.2821012500000008
F235H,0.23721650000000039
F235G,0.10187050000000004
F235E,0.12033175000000033
F235D,0.11709000000000015
F235C,0.25082075000000065
F235A,0.14333150000000006
F235L,0.24042650000000054
F236T,0.26620525000000006
F236S,0.15658124999999976
F236V,0.19917725000000058
F236P,0.11374225000000013
F236Y,0.2606897499999996
F236R,0.08550925000000001
F236W,0.22284625000000047
F236Q,0.12377400000000029
F236K,0.13485824999999987
F236N,0.1472522500000006
F236A,0.14171325000000018
F236D,0.1319362500000002
F236E,0.12680050000000037
F236G,0.10875349999999999
F236C,0.2028402500000003
F236I,0.26577950000000056
F236L,0.2512840000000004
F236M,0.2806924999999991
F236H,0.23246500000000037
R237M,0.07634549999999979
R237F,0.06151300000000007
R237G,0.09635875000000008
R237H,0.2918670000000004
R237I,0.10499824999999952
R237K,0.4267640000000007
R237L,0.031806750000000016
R237N,0.273333
R237V,0.06461375000000016
R237Q,0.30846274999999906
R237S,0.1504015
R237T,0.20554375000000039
R237E,0.23856899999999978
R237W,0.058547999999999815
R237Y,0.07182499999999989
R237C,0.06155725000000021
R237P,0.14283474999999973
R237D,0.3634869999999995
R237A,0.13337775000000016
F238N,0.1394942500000005
F238W,0.2231300000000005
F238V,0.19928275000000062
F238T,0.2812382500000002
F238S,0.15990274999999968
F238R,0.08576825000000005
F238Q,0.12640950000000023
F238P,0.11225875000000016
F238M,0.27996949999999915
F238L,0.2509260000000004
F238K,0.13392774999999987
F238I,0.2642122500000006
F238H,0.22680650000000033
F238G,0.10995275000000002
F238E,0.13151050000000036
F238D,0.14115575000000022
F238C,0.1876707500000003
F238A,0.14413975000000018
F238Y,0.2605364999999996
V239A,0.31636324999999815
V239Y,0.11551400000000012
V239L,0.5128882500000006
V239E,0.14220275000000016
V239F,0.09192725000000035
V239G,0.12380324999999988
V239H,0.168303
V239I,0.638151249999999
V239K,0.12652925000000018
V239M,0.3190814999999999
V239C,0.38385824999999957
V239N,0.12152150000000032
V239Q,0.13453899999999996
V239R,0.09507199999999996
V239S,0.1826312499999995
V239T,0.29882349999999963
V239W,0.08578950000000017
V239P,0.14681549999999974
V239D,0.17849349999999975
K240A,0.06725575000000017
K240D,0.2565914999999997
K240E,0.12590074999999976
K240Y,0.05657274999999975
K240C,0.046274500000000066
K240G,0.06922050000000028
K240H,0.1537967500000002
K240I,0.06377300000000002
K240L,0.020625749999999998
K240M,0.056960999999999984
K240N,0.14330250000000025
K240P,0.12014099999999937
K240F,0.047654500000000065
K240R,0.1315402500000001
K240S,0.08547774999999982
K240T,0.15101249999999986
K240V,0.0563395000000002
K240W,0.047885249999999865
K240Q,0.16266074999999997
A241W,0.0715115
A241V,0.3871697499999994
A241T,0.19426124999999939
A241S,0.3916615000000001
A241R,0.10459524999999982
A241Q,0.14627750000000025
A241P,0.12595325000000016
A241L,0.13352149999999993
A241M,0.1569544999999994
A241K,0.1787945
A241I,0.24445824999999857
A241H,0.14724374999999973
A241G,0.28965225000000044
A241F,0.04775125000000008
A241Y,0.04547750000000004
A241N,0.1346514999999996
A241C,0.5898237499999986
A241D,0.08342599999999976
A241E,0.13965675000000036
T243C,0.1876117500000003
T243W,0.04844299999999997
T243V,0.15042450000000035
T243S,0.13253425000000008
T243R,0.06922950000000003
T243Q,0.2174094999999996
T243P,0.12158549999999996
T243A,0.22433625000000043
T243N,0.15508149999999982
T243K,0.11137325000000028
T243I,0.1349357500000002
T243H,0.13536825000000008
T243G,0.12303499999999996
T243F,0.04986200000000005
T243E,0.14651774999999992
T243D,0.1536814999999996
T243M,0.09682125000000003
T243Y,0.06169799999999971
T243L,0.07192500000000013
D244W,0.15509900000000007
D244Y,0.07492724999999982
D244A,0.2675684999999996
D244C,0.11387524999999962
D244E,0.28115775000000043
D244G,0.18216049999999978
D244H,0.24924675000000068
D244I,0.0721412500000001
D244K,0.19347925000000035
D244F,0.027805000000000076
D244M,0.09735224999999995
D244L,0.04837750000000009
D244T,0.13968299999999959
D244S,0.14794650000000012
D244R,0.0886565000000001
D244V,0.10982250000000013
D244P,0.31383075
D244N,0.19378400000000018
D244Q,0.21623475000000028
M245N,0.13490800000000036
M245W,0.08631850000000017
M245V,0.31907600000000075
M245T,0.31991149999999996
M245S,0.23472224999999927
M245R,0.08060400000000016
M245Q,0.13257175000000032
M245P,0.1322104999999999
M245Y,0.15363925000000017
M245L,0.30197524999999936
M245I,0.2745417499999996
M245H,0.2060030000000003
M245G,0.14072950000000004
M245F,0.13545399999999966
M245E,0.14540775000000047
M245D,0.14900575000000013
M245C,0.27548150000000066
M245A,0.23155225000000002
M245K,0.1370829999999999
G246K,0.06616899999999969
G246I,0.05273175000000022
G246H,0.07299050000000008
G246C,0.08469474999999978
G246E,0.07305450000000027
G246D,0.04671375000000027
G246L,0.03258000000000023
G246F,0.027295250000000115
G246M,0.053628749999999836
G246R,0.0755822499999999
G246P,0.07213074999999985
G246Q,0.1745122499999995
G246S,0.052991000000000135
G246T,0.0981305000000002
G246V,0.06202724999999974
G246W,0.04292874999999995
G246Y,0.03170824999999995
G246N,0.07246350000000024
G246A,0.20942600000000056
T248A,0.2149457500000004
T248C,0.18393125000000016
T248Y,0.06284449999999969
T248W,0.04887799999999997
T248V,0.15129725000000036
T248S,0.10896225000000005
T248R,0.06650475000000004
T248P,0.12218174999999994
T248N,0.15214274999999972
T248M,0.10378100000000004
T248Q,0.22924799999999934
T248K,0.10618000000000018
T248I,0.13792400000000016
T248H,0.14015675000000008
T248G,0.11253999999999989
T248F,0.04994975000000004
T248E,0.14756224999999978
T248D,0.1565979999999996
T248L,0.07437250000000013
C249L,0.29695199999999905
C249E,0.17671525000000113
C249F,0.07578400000000025
C249G,0.1503822500000001
C249H,0.13219075000000058
C249I,0.215561749999999
C249K,0.11831525000000008
C249N,0.09570974999999997
C249M,0.17713675000000034
C249Q,0.17016925000000058
C249R,0.09652599999999982
C249S,0.3547549999999997
C249T,0.253190499999999
C249V,0.39948300000000186
C249W,0.05999625000000023
C249Y,0.06748550000000014
C249D,0.13082374999999993
C249P,0.10756024999999968
C249A,0.32480100000000045
F256Y,0.25578575000000014
F256C,0.1601192499999999
F256W,0.2370067500000007
F256V,0.21216975000000063
F256T,0.13976524999999987
F256S,0.1445559999999994
F256R,0.10042125000000002
F256P,0.10977174999999993
F256N,0.16219150000000002
F256M,0.212629
F256Q,0.2870220000000005
F256A,0.15537849999999997
F256L,0.21313225000000013
F256K,0.17411174999999962
F256I,0.2720720000000006
F256H,0.24569075000000093
F256G,0.10059724999999997
F256E,0.12704500000000038
F256D,0.14997749999999985
P257L,0.0360339999999999
P257M,0.05308499999999995
P257N,0.1491439999999996
P257V,0.050868500000000025
P257R,0.04113050000000014
P257T,0.09782100000000021
P257K,0.07170175000000022
P257Q,0.17459175000000018
P257S,0.18325474999999994
P257I,0.07042225000000023
P257G,0.23365724999999937
P257H,0.07680099999999988
P257Y,0.030715499999999892
P257A,0.46994949999999913
P257W,0.04644724999999997
P257D,0.11987849999999974
P257E,0.15091800000000022
P257F,0.04689699999999993
P257C,0.07335099999999976
Q259W,0.07466949999999957
Q259V,0.04755050000000012
Q259T,0.15108499999999972
Q259S,0.1081667500000001
Q259R,0.08270575000000006
Q259P,0.20987675000000042
Q259N,0.2897934999999998
Q259M,0.0774357499999998
Q259K,0.15571425000000066
Q259I,0.06272250000000006
Q259H,0.20490350000000038
Q259F,0.07906125000000004
Q259E,0.16291224999999993
Q259D,0.5196757499999984
Q259C,0.09699975000000002
Q259Y,0.08843599999999979
Q259A,0.18518800000000013
Q259L,0.03992375000000001
Q259G,0.11400624999999998
G260Y,0.03027974999999994
G260A,0.262216000000001
G260W,0.047826999999999883
G260V,0.030129499999999917
G260T,0.08849175000000012
G260S,0.05857875000000028
G260R,0.06749824999999979
G260Q,0.1484797499999995
G260P,0.07998399999999989
G260N,0.06710100000000017
G260M,0.045336749999999836
G260L,0.026717000000000136
G260K,0.0566132499999997
G260I,0.03692125000000022
G260H,0.06766474999999988
G260F,0.0372520000000002
G260E,0.0680245000000003
G260C,0.05683024999999981
G260D,0.03773225000000018
Y261K,0.15790400000000013
Y261V,0.15021325000000002
Y261E,0.19408775000000034
Y261F,0.46513224999999847
Y261G,0.15334925000000024
Y261H,0.30515075000000125
Y261I,0.21143750000000006
Y261A,0.3292959999999999
Y261W,0.21980350000000054
Y261L,0.20979575000000003
Y261N,0.2474755000000007
Y261P,0.17692649999999996
Y261Q,0.21937050000000036
Y261R,0.11535775000000005
Y261S,0.14393475000000014
Y261T,0.17198650000000046
Y261M,0.22489849999999983
Y261D,0.16436749999999964
Y261C,0.2319982500000006
H262Y,0.09322474999999983
H262W,0.08116649999999964
H262S,0.1033660000000001
H262R,0.08535300000000007
H262Q,0.16858949999999992
H262P,0.20435350000000035
H262N,0.2306325000000002
H262M,0.09058249999999989
H262L,0.047179250000000124
H262T,0.1452635
H262I,0.07018675000000003
H262K,0.1365270000000003
H262A,0.21402449999999987
H262C,0.1026919999999999
H262V,0.049887000000000084
H262E,0.17781349999999993
H262F,0.09038675000000002
H262G,0.12064349999999986
H262D,0.400894499999999
S263V,0.09540300000000002
S263T,0.21248100000000023
S263R,0.07530850000000004
S263Q,0.19921174999999994
S263P,0.21306650000000005
S263N,0.2315300000000001
S263M,0.09500424999999968
S263K,0.14967150000000037
S263I,0.08890750000000022
S263H,0.19905950000000008
S263F,0.07154000000000008
S263E,0.22386799999999976
S263D,0.24421524999999963
S263C,0.14175450000000012
S263A,0.3956192499999996
S263L,0.07557700000000012
S263G,0.23027874999999998
S263Y,0.04848324999999989
S263W,0.05882774999999991
L264T,0.27338525000000014
L264Q,0.16409250000000064
L264P,0.2696930000000013
L264N,0.24024399999999954
L264M,0.6020930000000007
L264K,0.1702249999999995
L264I,0.5263207499999981
L264H,0.305410750000001
L264S,0.13336524999999974
L264G,0.18352375000000024
L264E,0.13598750000000062
L264D,0.20266000000000062
L264C,0.2675224999999997
L264A,0.22022299999999922
L264Y,0.3696955000000012
L264W,0.30811900000000014
L264V,0.32870625000000026
L264F,0.655464749999999
L264R,0.12066699999999987
R265A,0.22050724999999968
R265C,0.09225524999999993
R265W,0.13428950000000006
R265Y,0.12621224999999994
R265D,0.31343074999999954
R265E,0.27297500000000013
R265F,0.12165850000000017
R265G,0.14570375000000013
R265I,0.12088049999999967
R265K,0.3951470000000002
R265L,0.062378250000000246
R265H,0.2794762500000003
R265N,0.25191125000000014
R265P,0.17213749999999986
R265Q,0.297476749999999
R265S,0.16705474999999978
R265T,0.19767400000000002
R265V,0.08290050000000017
R265M,0.11906974999999966
Q266D,0.5303372499999979
Q266K,0.1723970000000006
Q266E,0.20141050000000005
Q266F,0.08168450000000017
Q266G,0.11764000000000002
Q266H,0.22676000000000016
Q266I,0.06196500000000003
Q266L,0.04529175000000013
Q266Y,0.10541399999999992
Q266N,0.2847735
Q266P,0.2304147500000003
Q266R,0.09592950000000026
Q266S,0.14041924999999997
Q266T,0.18345825
Q266V,0.05380200000000021
Q266W,0.09243749999999983
Q266A,0.17764650000000007
Q266M,0.09177924999999978
Q266C,0.11112649999999974
L267H,0.2923635000000007
L267Y,0.34951950000000076
L267C,0.27145474999999947
L267D,0.21297500000000064
L267E,0.14082600000000062
L267F,0.6162892499999997
L267G,0.18680075000000015
L267I,0.497832249999998
L267A,0.23775924999999923
L267K,0.1669442499999995
L267N,0.23530299999999965
L267P,0.2677407500000014
L267Q,0.16463675000000064
L267R,0.11996624999999989
L267S,0.14113349999999966
L267T,0.29359250000000015
L267M,0.5662057500000003
L267W,0.30387925000000016
L267V,0.3482217500000003
V268S,0.18174874999999965
V268C,0.33880899999999925
V268D,0.19172499999999984
V268E,0.1575275000000006
V268F,0.53802275
V268G,0.11574799999999953
V268H,0.16125599999999993
V268I,0.7141954999999989
V268K,0.12003474999999993
V268L,0.7095780000000025
V268M,0.4215445000000004
V268N,0.1760255000000001
V268P,0.20617324999999997
V268Q,0.15232100000000046
V268R,0.13459624999999936
V268Y,0.29391775000000037
V268T,0.27157424999999974
V268W,0.3498352500000007
V268A,0.3307244999999985
K269C,0.09399149999999981
K269V,0.05167225000000024
K269T,0.1446454999999998
K269S,0.11863299999999972
K269R,0.12424100000000023
K269Q,0.15455300000000033
K269P,0.17126249999999943
K269W,0.10981050000000002
K269N,0.14609250000000015
K269L,0.043307500000000124
K269I,0.05659400000000012
K269H,0.19237975000000024
K269G,0.11176024999999981
K269F,0.09316450000000023
K269E,0.17366474999999995
K269M,0.09702174999999968
K269A,0.1645507499999999
K269D,0.24452624999999956
K269Y,0.11367474999999994
L270V,0.34800750000000014
L270T,0.29647750000000017
L270A,0.24732649999999912
L270C,0.2689182499999995
L270D,0.2175235000000006
L270E,0.14747650000000065
L270F,0.5986099999999998
L270G,0.1877405000000002
L270H,0.2882317500000006
L270I,0.4820082499999981
L270K,0.16906049999999959
L270M,0.5577897500000001
L270N,0.23535449999999977
L270P,0.2669815000000014
L270Q,0.16899575000000047
L270R,0.12034074999999987
L270Y,0.3458372500000007
L270S,0.14966649999999965
L270W,0.3020815000000001
S271A,0.38268224999999967
S271H,0.22269599999999967
S271E,0.2800219999999999
S271D,0.27863174999999935
S271C,0.14718849999999978
S271I,0.07679150000000017
S271G,0.24182525000000038
S271Y,0.05363374999999999
S271W,0.07364274999999988
S271V,0.08661650000000007
S271F,0.061514500000000145
S271R,0.0921275
S271Q,0.21261649999999996
S271P,0.2463057500000002
S271N,0.26007075000000046
S271M,0.10289224999999952
S271L,0.07311450000000014
S271K,0.18337425000000024
S271T,0.25379750000000045
K272L,0.04327275000000011
K272I,0.05608575000000013
K272H,0.19284175000000023
K272D,0.24461049999999956
K272F,0.0931842500000002
K272E,0.17426274999999994
K272C,0.09602049999999976
K272G,0.1121232499999998
K272M,0.0972834999999997
K272A,0.16146274999999993
K272Q,0.15445025000000034
K272N,0.14625625000000014
K272Y,0.11397124999999994
K272W,0.10933349999999999
K272P,0.17029499999999942
K272T,0.14448449999999982
K272S,0.11863299999999972
K272R,0.12429825000000021
K272V,0.05121150000000025
L273A,0.24732649999999912
L273C,0.26843099999999953
L273D,0.21797475000000063
L273E,0.14747650000000065
L273F,0.5986199999999997
L273G,0.18798250000000022
L273I,0.4810664999999981
L273M,0.5565762500000001
L273P,0.2669910000000014
L273Q,0.16938725000000043
L273R,0.12034074999999987
L273S,0.14926649999999964
L273H,0.2883422500000006
L273N,0.23535449999999977
L273K,0.16906049999999959
L273T,0.29833250000000017
L273V,0.34597175
L273W,0.3022597500000001
L273Y,0.34612375000000073
E274C,0.19799299999999928
E274H,0.25757649999999954
E274I,0.051986250000000116
E274K,0.16907700000000098
E274L,0.03731524999999988
E274M,0.12488699999999973
E274N,0.19505775000000028
E274P,0.236923
E274D,0.36171749999999847
E274R,0.08092074999999996
E274S,0.0976087499999999
E274T,0.0990284999999998
E274V,0.05878375000000033
E274W,0.1069659999999997
E274Y,0.1866802500000005
E274Q,0.15116100000000066
E274G,0.12050274999999959
E274F,0.039388750000000056
E274A,0.1579070000000002
V275T,0.2762237499999997
V275D,0.19166424999999987
V275E,0.1612050000000006
V275F,0.5083304999999997
V275G,0.11553624999999956
V275H,0.16522650000000005
V275I,0.6666854999999989
V275K,0.12487699999999993
V275C,0.3326457499999993
V275L,0.6591610000000023
V275N,0.1778855
V275P,0.207103
V275Q,0.15691300000000044
V275R,0.1352662499999994
V275S,0.1830084999999996
V275W,0.3346180000000007
V275Y,0.29381550000000045
V275M,0.39503450000000034
V275A,0.3447772499999987
Q277D,0.5290759999999977
Q277A,0.18298725000000005
Q277C,0.11401099999999977
Q277E,0.21104125000000007
Q277F,0.05101675000000002
Q277G,0.12013225000000002
Q277H,0.22853750000000006
Q277K,0.1773312500000006
Q277L,0.03402575000000003
Q277M,0.08508624999999986
Q277I,0.048079500000000115
Q277P,0.23460675000000034
Q277R,0.09589650000000026
Q277S,0.1442879999999999
Q277T,0.18299149999999995
Q277V,0.050233500000000174
Q277W,0.07611699999999966
Q277Y,0.09766899999999978
Q277N,0.2857507500000002
E278I,0.051986250000000116
E278H,0.25757649999999954
E278G,0.12063674999999957
E278A,0.1620110000000002
E278D,0.3637342499999984
E278C,0.1987317499999993
E278K,0.16907700000000098
E278F,0.035793750000000034
E278L,0.03731524999999988
E278N,0.19505775000000028
E278P,0.23790575
E278Q,0.15116100000000066
E278R,0.08152199999999997
E278S,0.0966989999999999
E278T,0.0990284999999998
E278V,0.05878375000000033
E278W,0.1054592499999997
E278Y,0.18572925000000043
E278M,0.12488699999999973
I279C,0.1526299999999998
I279T,0.34184825000000013
I279S,0.12522925000000007
I279R,0.22717424999999886
I279Q,0.2594154999999994
I279P,0.17990174999999986
I279N,0.21827249999999981
I279G,0.23982325000000027
I279L,0.4948240000000026
I279K,0.31790024999999994
I279H,0.3099340000000007
I279F,0.3217312499999984
I279E,0.2346402500000005
I279D,0.3595960000000011
I279M,0.34820099999999926
I279A,0.2741707499999995
I279Y,0.4511242499999997
I279W,0.2716872500000009
I279V,0.6681027499999979
K280V,0.04901200000000025
K280T,0.14418424999999976
K280S,0.11872149999999974
K280R,0.12447925000000021
K280Q,0.15676625000000036
K280P,0.17314799999999952
K280N,0.14564425000000011
K280M,0.09425974999999973
K280W,0.09906524999999985
K280H,0.19622900000000026
K280G,0.11575924999999974
K280F,0.07160975000000022
K280E,0.17743699999999993
K280D,0.24436799999999953
K280C,0.09838799999999974
K280A,0.17884224999999965
K280I,0.049422250000000174
K280L,0.03719400000000004
K280Y,0.11427749999999996
D281A,0.30668299999999893
D281W,0.16230375000000033
D281V,0.05881125000000031
D281T,0.12317774999999971
D281S,0.1887652500000003
D281R,0.08205100000000007
D281Q,0.21822075000000032
D281Y,0.0970774999999997
D281P,0.3727152499999996
D281M,0.11561199999999977
D281L,0.053400500000000094
D281K,0.2269027500000006
D281I,0.038186749999999915
D281H,0.2541982500000006
D281G,0.2054782499999999
D281N,0.21527500000000024
D281C,0.11711174999999951
D281E,0.34759625000000033
D281F,0.028920000000000123
V282Y,0.34787549999999995
V282E,0.19043400000000016
V282F,0.3338869999999999
V282G,0.14725049999999956
V282H,0.19142875000000042
V282I,0.5578422499999999
V282K,0.17504775000000017
V282L,0.3955842500000003
V282M,0.2608852499999993
V282P,0.1816587500000001
V282Q,0.19514424999999988
V282R,0.1616987499999993
V282S,0.20917825000000012
V282T,0.4124877500000004
V282W,0.25894575000000053
V282N,0.2052184999999999
V282D,0.19795575000000024
V282C,0.31967699999999977
V282A,0.49318599999999846
I283T,0.3446285
I283S,0.12714075000000008
I283R,0.22746549999999885
I283Q,0.2598512499999994
I283P,0.18023449999999985
I283N,0.21834299999999982
I283M,0.34670624999999916
I283L,0.47383025000000223
I283K,0.31886049999999994
I283H,0.3112615000000007
I283G,0.2392855000000003
I283F,0.3123067499999986
I283E,0.23546350000000055
I283D,0.36048700000000106
I283C,0.1555287499999998
I283V,0.660574999999998
I283Y,0.44787024999999986
I283W,0.2650322500000008
I283A,0.2766694999999995
E284A,0.1542662500000003
E284Y,0.20702925000000083
E284W,0.1037899999999996
E284V,0.05840150000000034
E284T,0.0903087499999998
E284S,0.09117874999999996
E284R,0.08229424999999996
E284Q,0.14865475000000059
E284P,0.2429365
E284N,0.19340475000000018
E284L,0.03979449999999982
E284K,0.16974875000000098
E284I,0.05655450000000018
E284H,0.26694824999999955
E284G,0.11610774999999952
E284F,0.03573400000000005
E284D,0.3640989999999985
E284C,0.2219182499999989
E284M,0.13766549999999975
P285A,0.39500799999999975
P285Y,0.0645067499999998
P285W,0.07564674999999989
P285V,0.054615500000000206
P285T,0.19407425000000017
P285S,0.33815525000000163
P285Q,0.1650780000000008
P285N,0.1657487499999999
P285M,0.08733149999999996
P285R,0.11267825000000023
P285K,0.15376925000000058
P285L,0.0464962500000001
P285D,0.24614275000000002
P285E,0.27011850000000115
P285F,0.040371499999999935
P285C,0.11516324999999968
P285H,0.11087750000000028
P285I,0.06267699999999997
P285G,0.2538105000000005
I286N,0.21834299999999982
I286Y,0.44787024999999986
I286V,0.6589644999999981
I286T,0.34429375000000007
I286S,0.12714075000000008
I286R,0.22792399999999888
I286Q,0.2602402499999994
I286P,0.18023449999999985
I286M,0.34670624999999916
I286W,0.2650322500000008
I286K,0.31886049999999994
I286H,0.3112615000000007
I286G,0.2392855000000003
I286F,0.3123067499999986
I286E,0.23545325000000056
I286D,0.36048700000000106
I286C,0.1555287499999998
I286A,0.2766694999999995
I286L,0.47383025000000223
K287W,0.1018074999999998
K287V,0.05389625000000022
K287T,0.1351079999999998
K287S,0.11289049999999978
K287R,0.12695475000000017
K287Q,0.15515750000000034
K287I,0.06105300000000013
K287N,0.14520275000000013
K287M,0.11554249999999971
K287L,0.0456125000000001
K287H,0.2059855000000002
K287G,0.10926974999999976
K287F,0.08894475000000018
K287P,0.17704849999999958
K287Y,0.1404364999999999
K287D,0.24549624999999944
K287E,0.1729457499999999
K287C,0.12008899999999971
K287A,0.16569824999999994
D288G,0.2030854999999999
D288Y,0.10838349999999963
D288W,0.16580300000000028
D288V,0.05707875000000031
D288T,0.11470599999999978
D288S,0.18656625000000027
D288R,0.08297575000000007
D288Q,0.2186655000000003
D288P,0.3799302499999996
D288N,0.2145352500000002
D288M,0.12941449999999985
D288L,0.057715500000000086
D288I,0.04134249999999988
D288E,0.34740400000000027
D288F,0.028385750000000133
D288H,0.26308200000000065
D288K,0.2295037500000006
D288A,0.3017082499999989
D288C,0.12579499999999955
A291C,0.43327525000000056
A291D,0.08394549999999992
A291E,0.18853700000000043
A291F,0.058393250000000334
A291G,0.1317632499999997
A291H,0.10872149999999949
A291I,0.14708775000000002
A291K,0.16126574999999937
A291W,0.04563775000000019
A291M,0.14420899999999917
A291N,0.19283399999999978
A291P,0.22958199999999893
A291Q,0.12691924999999996
A291R,0.17659049999999918
A291S,0.3470357500000012
A291T,0.13058975000000028
A291V,0.12659649999999947
A291Y,0.04519249999999997
A291L,0.12594324999999978
I293Y,0.4650252499999994
I293D,0.38169825000000107
I293C,0.15957424999999964
I293A,0.3437629999999993
I293W,0.24641425000000072
I293T,0.38966774999999954
I293S,0.1301847500000004
I293R,0.253735749999999
I293Q,0.2904562499999994
I293V,0.6444204999999981
I293N,0.23834200000000016
I293P,0.17636899999999975
I293F,0.27919874999999833
I293G,0.2682660000000004
I293H,0.34811800000000104
I293E,0.27616475000000074
I293K,0.3890617499999997
I293L,0.39759050000000146
I293M,0.3060522499999984
R294V,0.2025164999999999
R294T,0.3295127499999995
R294S,0.2582619999999994
R294Q,0.38558299999999845
R294P,0.23256674999999977
R294N,0.3576015
R294M,0.21297650000000018
R294L,0.11831574999999976
R294W,0.24560625000000058
R294Y,0.27276050000000057
R294H,0.3437597500000004
R294I,0.24665124999999877
R294A,0.41475724999999874
R294C,0.11330050000000001
R294K,0.47159399999999946
R294E,0.4572994999999986
R294F,0.18123900000000037
R294G,0.21914599999999979
R294D,0.359223499999999
E299S,0.4449037500000004
E299R,0.3476645
E299Q,0.394229499999998
E299P,0.3215132499999994
E299N,0.44033599999999956
E299M,0.22638475000000097
E299L,0.14406124999999972
E299H,0.4178519999999991
E299G,0.2725417499999988
E299D,0.5566509999999976
E299C,0.16817000000000057
E299A,0.5229094999999985
E299W,0.30374800000000074
E299Y,0.35906525000000145
E299I,0.26706099999999894
E299F,0.15583800000000064
E299K,0.4767365
E299V,0.2813427500000002
E299T,0.4103857499999986
L300V,0.31864249999999905
L300T,0.5118245000000015
L300S,0.17169449999999972
L300R,0.11184275000000002
L300Q,0.1889299999999995
L300P,0.2611562500000012
L300N,0.1887172500000009
L300W,0.16905725000000088
L300A,0.5214130000000008
L300I,0.2642082500000002
L300H,0.1851242499999994
L300G,0.21070874999999994
L300F,0.36305275000000037
L300E,0.1987630000000005
L300D,0.3622920000000005
L300C,0.28271899999999905
L300K,0.20083650000000017
L300M,0.39729674999999803
L300Y,0.25981874999999877
A301K,0.23325875000000085
A301E,0.28530999999999973
A301F,0.14980349999999978
A301G,0.16667249999999995
A301H,0.1833329999999997
A301I,0.2158537499999989
A301L,0.11836924999999987
A301M,0.1963347499999997
A301N,0.2344707500000003
A301P,0.19637374999999968
A301Q,0.20835350000000016
A301R,0.20546249999999966
A301S,0.30004725000000093
A301T,0.24735599999999966
A301V,0.15077849999999945
A301W,0.08134825000000026
A301D,0.18184424999999949
A301C,0.3639775000000007
A301Y,0.08694475000000013
S303E,0.4446644999999997
S303V,0.1082055000000001
S303T,0.4778962500000008
S303R,0.13867249999999992
S303Q,0.342357749999999
S303P,0.27831025000000104
S303A,0.5320312500000006
S303N,0.40332924999999875
S303M,0.2096792499999998
S303L,0.07171950000000021
S303K,0.2471557499999996
S303I,0.1555332500000004
S303H,0.37124649999999854
S303G,0.3185980000000003
S303F,0.17563524999999955
S303D,0.32055199999999945
S303W,0.09597249999999984
S303Y,0.10519974999999974
S303C,0.1349380000000004
Q306N,0.35948349999999957
Q306F,0.13555850000000003
Q306G,0.21002524999999955
Q306H,0.3069367500000005
Q306I,0.2234704999999995
Q306K,0.31861849999999947
Q306L,0.09723025000000007
Q306M,0.2276840000000004
Q306C,0.13445925000000022
Q306P,0.2713382500000003
Q306R,0.21930249999999968
Q306S,0.25854399999999955
Q306T,0.3675477499999992
Q306V,0.18103674999999997
Q306W,0.16286950000000033
Q306Y,0.19861625000000038
Q306A,0.41897424999999927
Q306E,0.41990374999999985
Q306D,0.45706849999999855
E307C,0.1578190000000006
E307W,0.27106600000000053
E307D,0.5265279999999978
E307A,0.48692249999999865
E307Y,0.3149267500000015
E307V,0.23625225000000014
E307T,0.38655549999999883
E307R,0.31536099999999967
E307Q,0.3690194999999985
E307P,0.3178142499999997
E307S,0.41350449999999983
E307M,0.24716200000000085
E307L,0.12654999999999994
E307K,0.45616124999999996
E307I,0.2603749999999991
E307H,0.38117074999999984
E307G,0.257870249999999
E307F,0.1177680000000005
E307N,0.4265619999999995
A310Q,0.23924925000000008
A310Y,0.11462474999999986
A310W,0.07289775000000018
A310V,0.14023774999999974
A310T,0.21837649999999986
A310S,0.2789230000000007
A310R,0.1952719999999997
A310P,0.21003799999999961
A310E,0.3021692499999994
A310M,0.2078369999999996
A310L,0.09811925000000005
A310K,0.27564825000000015
A310I,0.2221052499999989
A310H,0.2152404999999996
A310G,0.21388325000000039
A310F,0.09855725000000001
A310C,0.29405225000000085
A310N,0.2707775
A310D,0.20246649999999966
G312Y,0.23066000000000084
G312W,0.06809199999999994
G312A,0.12994275000000058
G312C,0.04132174999999994
G312D,0.0719384999999997
G312E,0.1589914999999998
G312F,0.13539099999999996
G312H,0.17285599999999998
G312I,0.17947499999999908
G312K,0.26196124999999987
G312V,0.058738999999999805
G312M,0.10911150000000021
G312N,0.17718800000000046
G312P,0.1313142499999998
G312Q,0.15355075000000032
G312R,0.2596589999999991
G312S,0.0609460000000002
G312T,0.0953017499999999
G312L,0.044443999999999886
L313I,0.19218499999999974
L313H,0.1832522500000002
L313G,0.12160600000000041
L313D,0.17942625
L313E,0.1890097500000004
L313K,0.267035499999999
L313C,0.1988210000000001
L313F,0.18971175000000037
L313M,0.3163972500000013
L313R,0.12110349999999968
L313P,0.2214067500000003
L313Q,0.1792070000000004
L313S,0.14316124999999974
L313T,0.1507517500000003
L313V,0.19392125000000096
L313W,0.21968499999999952
L313A,0.19076749999999962
L313N,0.2591479999999996
L313Y,0.23225374999999937
L317Y,0.20118049999999996
L317W,0.20970549999999974
L317A,0.16379075
L317C,0.19956174999999982
L317D,0.15154400000000023
L317E,0.1783895000000004
L317F,0.19818700000000028
L317H,0.19625099999999995
L317I,0.18017149999999993
L317K,0.23382799999999918
L317G,0.10875125000000031
L317N,0.2068850000000004
L317P,0.16594099999999978
L317Q,0.15866450000000037
L317R,0.1557364999999999
L317S,0.15828699999999973
L317T,0.15036125000000022
L317V,0.16316475000000052
L317M,0.3251217500000008
T321L,0.07302325000000011
T321S,0.12498225000000007
T321R,0.19119799999999998
T321Q,0.1718800000000002
T321P,0.20928500000000003
T321N,0.16773250000000015
T321M,0.1754572499999999
T321K,0.20627199999999973
T321W,0.11298100000000004
T321H,0.18255425000000003
T321G,0.18049249999999975
T321F,0.15559499999999984
T321E,0.19671724999999973
T321D,0.15447850000000035
T321C,0.1019224999999998
T321A,0.22574075000000043
T321V,0.11799924999999993
T321I,0.17388949999999959
T321Y,0.17900549999999993
L322D,0.1379230000000002
L322A,0.15664125000000004
L322E,0.17317675000000046
L322C,0.19152724999999987
L322F,0.20347100000000026
L322G,0.10969775000000032
L322H,0.19399225
L322I,0.17460424999999996
L322K,0.21997374999999939
L322M,0.29806900000000097
L322Y,0.19843624999999993
L322P,0.1575034999999997
L322Q,0.15432625000000041
L322R,0.14939600000000003
L322S,0.1555517499999997
L322T,0.1704135000000002
L322V,0.1615342500000004
L322N,0.19192925000000055
L322W,0.2057482499999997
N323C,0.15690700000000032
N323D,0.4633897499999978
N323E,0.5099594999999991
N323F,0.12852150000000034
N323G,0.26362574999999894
N323H,0.35477175000000005
N323I,0.23512899999999956
N323M,0.2370887500000007
N323L,0.11656275000000002
N323P,0.31928424999999944
N323Q,0.36016074999999875
N323R,0.32612300000000005
N323S,0.3781682499999998
N323V,0.23496725000000004
N323W,0.24918575000000068
N323K,0.43237075
N323T,0.34832874999999897
N323Y,0.2976052500000015
N323A,0.42599999999999866
R324E,0.419245999999999
R324D,0.2608977499999995
R324F,0.15690724999999994
R324G,0.15771700000000016
R324H,0.2357240000000003
R324I,0.21419024999999953
R324K,0.4116267500000004
R324M,0.24882649999999984
R324N,0.28332000000000057
R324L,0.08051575000000027
R324Q,0.33285599999999943
R324A,0.2540977499999992
R324P,0.1994065000000003
R324Y,0.1983957500000005
R324W,0.1914815000000002
R324C,0.11269974999999968
R324T,0.26823449999999943
R324S,0.1285842500000002
R324V,0.16186624999999946
E325C,0.1685820000000003
E325M,0.23418200000000056
E325G,0.21928899999999937
E325H,0.3143920000000003
E325I,0.23209874999999966
E325K,0.3951117500000001
E325L,0.12325775000000007
E325A,0.37055449999999857
E325N,0.35076674999999946
E325Q,0.33289199999999897
E325R,0.30154549999999974
E325S,0.32124599999999914
E325T,0.3214047499999989
E325V,0.22264350000000005
E325W,0.24700050000000057
E325D,0.4462882499999982
E325Y,0.2904155000000015
E325P,0.3106799999999997
E325F,0.13418875000000036
M326F,0.15132775
M326W,0.19001525000000016
M326D,0.18195274999999989
M326C,0.30405375000000007
M326A,0.34595875000000065
M326G,0.18769375000000008
M326H,0.2153709999999997
M326I,0.4911950000000002
M326K,0.24007524999999957
M326L,0.3697307499999991
M326N,0.19293150000000064
M326P,0.25288199999999955
M326E,0.2506715000000002
M326R,0.24965474999999976
M326S,0.2192600000000007
M326T,0.27821149999999917
M326V,0.2611597500000004
M326Y,0.2623169999999996
M326Q,0.25367024999999943
A327M,0.2266702499999996
A327C,0.3084442500000007
A327W,0.1552947500000003
A327V,0.2131367500000001
A327T,0.2807852499999999
A327S,0.25070150000000085
A327R,0.2522162499999994
A327Q,0.33172324999999975
A327P,0.30272075000000004
A327N,0.3022087500000005
A327Y,0.2678422499999995
A327K,0.2684729999999997
A327I,0.3890919999999993
A327H,0.18930549999999968
A327G,0.25975400000000026
A327F,0.15565899999999996
A327E,0.2547445000000003
A327D,0.2098585000000002
A327L,0.3873860000000003
T328S,0.2100217500000004
T328R,0.29975124999999925
T328Q,0.35743174999999927
T328P,0.30095225000000014
T328N,0.31634025000000093
T328M,0.2369187499999998
T328L,0.3796430000000002
T328F,0.17904975000000004
T328H,0.19272674999999992
T328G,0.26547275000000004
T328E,0.2801445000000006
T328D,0.22150450000000027
T328C,0.23896425000000054
T328A,0.4515089999999989
T328V,0.22195025000000013
T328I,0.3910274999999994
T328Y,0.30299949999999987
T328W,0.20715349999999982
T328K,0.2890114999999996
T329E,0.28601350000000064
T329F,0.17501950000000005
T329G,0.2801642500000001
T329H,0.1988989999999999
T329I,0.3900272499999992
T329K,0.2900519999999995
T329L,0.3861420000000003
T329D,0.22728575000000023
T329M,0.23901799999999984
T329P,0.30625525000000026
T329Q,0.3755137499999992
T329R,0.2967297499999992
T329S,0.22326000000000043
T329V,0.22135650000000012
T329W,0.20689449999999976
T329A,0.4684279999999987
T329N,0.3340125000000008
T329Y,0.3017824999999998
T329C,0.24209075000000055
E330N,0.45614274999999915
E330F,0.2008235000000005
E330G,0.2862062499999999
E330H,0.2576942500000005
E330I,0.3973932499999988
E330K,0.4879279999999987
E330L,0.26361649999999925
E330M,0.29356550000000037
E330P,0.3221467500000001
E330Q,0.47679449999999785
E330R,0.4990407499999996
E330S,0.2689094999999999
E330T,0.38207849999999893
E330V,0.2738884999999998
E330W,0.36828950000000016
E330Y,0.37782425000000075
E330D,0.3649527499999995
E330C,0.20970400000000045
E330A,0.46698999999999813
L332W,0.14704900000000057
L332Y,0.24165624999999977
L332E,0.23031875000000002
L332F,0.1141210000000001
L332G,0.2752312499999996
L332H,0.2251924999999998
L332I,0.6068100000000015
L332K,0.23470624999999884
L332M,0.1614637500000008
L332A,0.40318275000000114
L332C,0.30241674999999946
L332D,0.1896204999999998
L332T,0.3045207499999982
L332S,0.2258212500000009
L332V,0.32895825000000106
L332Q,0.1757872499999994
L332P,0.19527749999999966
L332N,0.1804100000000007
L332R,0.21253074999999966
K333A,0.4436697499999984
K333H,0.22361350000000077
K333C,0.1334859999999999
K333D,0.3193622499999998
K333E,0.5326884999999977
K333F,0.15828425
K333G,0.29167350000000075
K333I,0.40470074999999883
K333Q,0.48838824999999714
K333M,0.3040524999999999
K333N,0.4717802499999986
K333P,0.25592025000000035
K333R,0.5155757499999997
K333S,0.18155175000000004
K333T,0.3785929999999986
K333V,0.24398124999999937
K333Y,0.34868550000000037
K333L,0.1809247499999992
K333W,0.3760730000000011
M337Y,0.22092924999999983
M337I,0.5449767500000011
M337W,0.16788325000000068
M337A,0.4107382500000009
M337C,0.27041324999999966
M337D,0.1956952499999999
M337E,0.2603767499999999
M337F,0.13263125000000023
M337V,0.2561870000000005
M337G,0.2795404999999998
M337T,0.30094174999999895
M337K,0.23972449999999898
M337L,0.39475350000000026
M337N,0.22602300000000064
M337P,0.18316575000000004
M337Q,0.24147224999999936
M337H,0.22922499999999982
M337R,0.21166299999999974
M337S,0.22081000000000073
W338D,0.17316725
W338T,0.2827139999999994
W338S,0.1873035000000003
W338R,0.17405400000000001
W338Q,0.2317934999999996
W338P,0.1444865000000002
W338N,0.22610950000000066
W338C,0.19453524999999952
W338M,0.18272375000000057
W338K,0.21294874999999913
W338I,0.4456312500000007
W338H,0.21119174999999984
W338G,0.27193100000000003
W338F,0.20873425000000018
W338E,0.22385075000000004
W338L,0.32209824999999964
W338A,0.3562897500000001
W338Y,0.19137325
W338V,0.2194987500000002
T339V,0.18407775000000023
T339S,0.21610525000000036
T339R,0.25348624999999936
T339Q,0.371179999999999
T339P,0.25319800000000026
T339N,0.3626810000000001
T339M,0.21596125000000016
T339L,0.394810500000001
T339K,0.2782317499999992
T339I,0.36503849999999916
T339H,0.2033942499999999
T339G,0.3143335000000006
T339F,0.1707575000000001
T339E,0.2688040000000006
T339D,0.22869150000000016
T339C,0.20437850000000019
T339A,0.4760052499999986
T339Y,0.2551902499999996
T339W,0.17639650000000023
E340N,0.46404574999999904
E340Y,0.35616350000000047
E340A,0.46924849999999824
E340C,0.18633425000000023
E340D,0.3679037499999992
E340F,0.20520675000000047
E340H,0.25520500000000046
E340I,0.40218549999999886
E340K,0.48344574999999873
E340G,0.3000260000000001
E340M,0.28271475000000046
E340L,0.2724932499999994
E340V,0.2584689999999999
E340T,0.3720432499999993
E340S,0.2643200000000001
E340W,0.35338600000000026
E340Q,0.46515974999999754
E340P,0.2901097500000003
E340R,0.4938267499999997
D341L,0.28265749999999934
D341E,0.5386694999999975
D341F,0.23039800000000007
D341G,0.3227362500000006
D341H,0.24992825000000074
D341I,0.35545424999999914
D341K,0.46452249999999834
D341C,0.16091575000000005
D341A,0.47875374999999815
D341P,0.3432385000000005
D341N,0.465551749999999
D341Y,0.32792550000000026
D341W,0.33010475000000006
D341V,0.22846550000000002
D341M,0.26914850000000057
D341S,0.2874257500000005
D341R,0.47311299999999945
D341Q,0.47743824999999745
D341T,0.35693874999999975
P342V,0.2774860000000019
P342T,0.4084377500000012
P342S,0.36064625000000095
P342R,0.7528300000000023
P342Q,0.5389164999999972
P342N,0.4785144999999977
P342Y,0.5272217499999978
P342M,0.29730775000000176
P342K,0.43584049999999874
P342I,0.41166449999999927
P342H,0.27481175000000124
P342F,0.6127377499999969
P342E,0.43358249999999765
P342D,0.3950632499999999
P342C,0.24771025000000135
P342A,0.43503199999999836
P342L,0.4278779999999998
P342G,0.3470905000000015
P342W,0.5175162499999977
R343A,0.44528149999999833
R343W,0.4897409999999994
R343V,0.2712752500000005
R343T,0.4006890000000001
R343S,0.2771755000000009
R343Q,0.5522814999999967
R343P,0.3336412500000009
R343N,0.5052764999999976
R343M,0.3185845000000008
R343C,0.20466925000000058
R343L,0.31498524999999844
R343K,0.5091512499999973
R343I,0.41915524999999887
R343H,0.2676997500000009
R343G,0.3392857500000012
R343F,0.4554874999999995
R343E,0.49923899999999727
R343D,0.36924599999999996
R343Y,0.4766477499999999
R344Y,0.4766477499999999
R344L,0.31498524999999844
R344A,0.44528149999999833
R344E,0.49923899999999727
R344F,0.4554874999999995
R344G,0.3392857500000012
R344H,0.2676997500000009
R344I,0.41915524999999887
R344K,0.5091512499999973
R344D,0.36924599999999996
R344M,0.3185845000000008
R344P,0.3336412500000009
R344Q,0.5522814999999967
R344S,0.2771755000000009
R344T,0.4006890000000001
R344V,0.2712752500000005
R344W,0.4897409999999994
R344N,0.5052764999999976
R344C,0.20466925000000058
P345E,0.43358249999999765
P345A,0.43503199999999836
P345F,0.6127377499999969
P345G,0.3470905000000015
P345H,0.27481175000000124
P345I,0.41166449999999927
P345K,0.43584049999999874
P345L,0.4278779999999998
P345C,0.24771025000000135
P345N,0.4785144999999977
P345Q,0.5389164999999972
P345R,0.7528300000000023
P345S,0.36064625000000095
P345T,0.4084377500000012
P345V,0.2774860000000019
P345W,0.5175162499999977
P345Y,0.5272217499999978
P345D,0.3950632499999999
P345M,0.29730775000000176
L346M,0.22070200000000093
L346C,0.27104125000000034
L346A,0.4164512500000005
L346Y,0.3708384999999997
L346W,0.32142949999999987
L346V,0.2887590000000014
L346T,0.35170500000000016
L346R,0.46961599999999976
L346Q,0.3404777499999986
L346P,0.2676012500000001
L346S,0.29797875000000174
L346K,0.31043074999999964
L346I,0.523766750000001
L346H,0.27361500000000033
L346G,0.33291725000000055
L346F,0.3926619999999999
L346E,0.30742749999999913
L346D,0.2951579999999999
L346N,0.3282672500000005
W348K,0.3256017499999999
W348D,0.3018137500000003
W348E,0.32163124999999954
W348F,0.43344474999999916
W348G,0.3284385000000007
W348H,0.2662642500000004
W348I,0.46202875000000015
W348L,0.40196725000000005
W348Y,0.39019124999999943
W348N,0.3592039999999999
W348P,0.2826982500000004
W348Q,0.3833627499999984
W348R,0.5015459999999999
W348S,0.29931225000000156
W348T,0.3546810000000003
W348V,0.2643042500000009
W348M,0.23318250000000096
W348A,0.4112485000000001
W348C,0.25110075000000054
A349Y,0.44258924999999905
A349W,0.36977224999999825
A349C,0.2586530000000009
A349D,0.32846575000000056
A349E,0.3439372499999993
A349F,0.4628059999999983
A349H,0.25159700000000057
A349I,0.3941784999999994
A349K,0.34928900000000007
A349G,0.3331590000000012
A349M,0.2551967500000006
A349N,0.43031024999999945
A349P,0.3534202500000005
A349Q,0.46049924999999786
A349R,0.5339525000000002
A349S,0.3198067500000016
A349T,0.3626962500000008
A349L,0.44260775000000047
A349V,0.24018525000000082
L350H,0.27361500000000033
L350G,0.33291725000000055
L350F,0.3926619999999999
L350A,0.4164512500000005
L350D,0.2951579999999999
L350C,0.27104125000000034
L350I,0.523766750000001
L350E,0.30742749999999913
L350K,0.31043074999999964
L350R,0.46961599999999976
L350N,0.3282672500000005
L350P,0.2676012500000001
L350Q,0.3404777499999986
L350S,0.29797875000000174
L350T,0.35170500000000016
L350V,0.2887590000000014
L350W,0.32142949999999987
L350Y,0.3708384999999997
L350M,0.22070200000000093
S351L,0.4370367500000006
S351K,0.36014375
S351I,0.3597764999999995
S351H,0.25946500000000056
S351E,0.36698124999999915
S351F,0.4828252499999978
S351C,0.23899425000000105
S351D,0.3428290000000004
S351G,0.34084550000000136
S351M,0.26666775000000076
S351P,0.3610900000000005
S351Q,0.49564749999999747
S351R,0.5663387500000003
S351T,0.37859125000000077
S351V,0.22724425000000067
S351W,0.3952304999999983
S351Y,0.4506952499999985
S351N,0.45871999999999885
S351A,0.4672369999999982
A352C,0.2586530000000009
A352D,0.32846575000000056
A352E,0.3439372499999993
A352F,0.4628059999999983
A352H,0.25159700000000057
A352I,0.3941784999999994
A352K,0.34928900000000007
A352L,0.44260775000000047
A352G,0.3331590000000012
A352N,0.43031024999999945
A352M,0.2551967500000006
A352Y,0.44258924999999905
A352V,0.24018525000000082
A352T,0.3626962500000008
A352W,0.36977224999999825
A352R,0.5339525000000002
A352Q,0.46049924999999786
A352P,0.3534202500000005
A352S,0.3198067500000016
H353N,0.48649099999999784
H353T,0.4038047500000003
H353S,0.2995920000000012
H353R,0.7238715000000014
H353Q,0.540521249999997
H353P,0.3616150000000004
H353M,0.310863500000001
H353F,0.4987424999999988
H353K,0.47262724999999806
H353I,0.4139569999999989
H353G,0.3365295000000013
H353E,0.46885049999999767
H353D,0.3788562499999999
H353C,0.22612975000000068
H353A,0.44067524999999846
H353L,0.35064949999999884
H353Y,0.4868987499999996
H353W,0.4881702499999991
H353V,0.2689802500000008
P354W,0.5175162499999977
P354Y,0.5272217499999978
P354C,0.24771025000000135
P354D,0.3950632499999999
P354E,0.43358249999999765
P354F,0.6127377499999969
P354G,0.3470905000000015
P354H,0.27481175000000124
P354I,0.41166449999999927
P354A,0.43503199999999836
P354L,0.4278779999999998
P354M,0.29730775000000176
P354N,0.4785144999999977
P354Q,0.5389164999999972
P354R,0.7528300000000023
P354S,0.36064625000000095
P354T,0.4084377500000012
P354K,0.43584049999999874
P354V,0.2774860000000019
K355T,0.4033527500000001
K355S,0.29989400000000105
K355R,0.7238600000000011
K355Q,0.5438344999999968
K355P,0.3393315000000007
K355N,0.5006272499999977
K355M,0.3122127500000008
K355G,0.33954250000000125
K355I,0.41507399999999905
K355H,0.27482475000000084
K355V,0.27091550000000064
K355F,0.4592272499999993
K355E,0.49401799999999746
K355D,0.38187874999999977
K355C,0.21285075000000056
K355A,0.44768449999999843
K355Y,0.47218250000000006
K355L,0.3187904999999985
K355W,0.4832982499999994
R356T,0.4006890000000001
R356W,0.4897409999999994
R356A,0.44528149999999833
R356C,0.20466925000000058
R356D,0.36924599999999996
R356E,0.49923899999999727
R356F,0.4554874999999995
R356G,0.3392857500000012
R356H,0.2676997500000009
R356I,0.41915524999999887
R356K,0.5091512499999973
R356M,0.3185845000000008
R356N,0.5052764999999976
R356P,0.3336412500000009
R356Q,0.5522814999999967
R356S,0.2771755000000009
R356V,0.2712752500000005
R356Y,0.4766477499999999
R356L,0.31498524999999844
R357Y,0.4766477499999999
R357W,0.4897409999999994
R357T,0.4006890000000001
R357S,0.2771755000000009
R357Q,0.5522814999999967
R357P,0.3336412500000009
R357N,0.5052764999999976
R357M,0.3185845000000008
R357V,0.2712752500000005
R357L,0.31498524999999844
R357I,0.41915524999999887
R357H,0.2676997500000009
R357G,0.3392857500000012
R357F,0.4554874999999995
R357E,0.49923899999999727
R357D,0.36924599999999996
R357K,0.5091512499999973
R357C,0.20466925000000058
R357A,0.44528149999999833
E358W,0.49303074999999885
E358D,0.3999889999999997
E358F,0.5001744999999985
E358G,0.3409882500000011
E358H,0.28609775000000087
E358I,0.407217249999999
E358K,0.4842814999999981
E358L,0.36578174999999896
E358Y,0.4964324999999994
E358M,0.30913900000000116
E358P,0.3623175000000004
E358Q,0.546512499999997
E358R,0.727494250000001
E358S,0.3347192500000011
E358T,0.40926825000000044
E358V,0.277551000000001
E358A,0.45487149999999815
E358N,0.5005339999999979
E358C,0.23217700000000094
E359C,0.23217700000000094
E359D,0.3999889999999997
E359Y,0.4964324999999994
E359W,0.49303074999999885
E359V,0.277551000000001
E359T,0.40926825000000044
E359S,0.3347192500000011
E359R,0.727494250000001
E359Q,0.546512499999997
E359P,0.3623175000000004
E359A,0.45487149999999815
E359M,0.30913900000000116
E359L,0.36578174999999896
E359K,0.4842814999999981
E359I,0.407217249999999
E359H,0.28609775000000087
E359G,0.3409882500000011
E359F,0.5001744999999985
E359N,0.5005339999999979
D360V,0.27238775000000115
D360T,0.4033775000000005
D360S,0.33686875000000116
D360R,0.7359370000000014
D360Q,0.5455344999999968
D360P,0.3789832500000003
D360N,0.5016147499999978
D360M,0.3029152500000012
D360H,0.281387000000001
D360K,0.479255999999998
D360I,0.39260674999999906
D360G,0.34483550000000124
D360F,0.5220319999999979
D360E,0.49896249999999726
D360C,0.22340350000000087
D360Y,0.4956237499999989
D360A,0.4510417499999981
D360L,0.3667179999999991
D360W,0.49766549999999876
V361Y,0.47186375
V361L,0.510772000000001
V361S,0.3138105000000014
V361R,0.5248137499999997
V361Q,0.42273749999999927
V361P,0.41263350000000004
V361N,0.3578507500000005
V361M,0.25831000000000004
V361T,0.36356825
V361I,0.5105407499999997
V361G,0.29333250000000033
V361F,0.4137537500000002
V361E,0.32788550000000005
V361D,0.305269750000001
V361C,0.33587800000000073
V361A,0.45782924999999886
V361H,0.2578280000000003
V361W,0.3622077499999983
V361K,0.32662650000000043
R362V,0.2712752500000005
R362Q,0.5522814999999967
R362P,0.3336412500000009
R362N,0.5052764999999976
R362M,0.3185845000000008
R362L,0.31498524999999844
R362K,0.5091512499999973
R362I,0.41915524999999887
R362H,0.2676997500000009
R362G,0.3392857500000012
R362F,0.4554874999999995
R362E,0.49923899999999727
R362D,0.36924599999999996
R362C,0.20466925000000058
R362A,0.44528149999999833
R362W,0.4897409999999994
R362T,0.4006890000000001
R362S,0.2771755000000009
R362Y,0.4766477499999999
P363V,0.2774860000000019
P363T,0.4084377500000012
P363S,0.36064625000000095
P363R,0.7528300000000023
P363Q,0.5389164999999972
P363N,0.4785144999999977
P363M,0.29730775000000176
P363L,0.4278779999999998
P363E,0.43358249999999765
P363I,0.41166449999999927
P363H,0.27481175000000124
P363G,0.3470905000000015
P363F,0.6127377499999969
P363C,0.24771025000000135
P363D,0.3950632499999999
P363W,0.5175162499999977
P363K,0.43584049999999874
P363Y,0.5272217499999978
P363A,0.43503199999999836
I364W,0.33448349999999927
I364V,0.3299680000000012
I364A,0.4176715000000002
I364C,0.2900580000000003
I364D,0.3033272500000002
I364E,0.3125894999999996
I364G,0.3233437500000003
I364H,0.2842985000000003
I364K,0.32341025
I364F,0.38691374999999995
I364M,0.2407657500000007
I364L,0.4500102500000008
I364T,0.3561535
I364S,0.29164775000000165
I364R,0.4775547499999997
I364Y,0.40811649999999966
I364P,0.30248775000000017
I364N,0.3261060000000007
I364Q,0.35511199999999876
F365P,0.2751055000000002
F365W,0.3501324999999994
F365Y,0.37961799999999946
F365V,0.26806675000000113
F365T,0.34695675000000015
F365S,0.3011547500000016
F365R,0.48515649999999994
F365Q,0.3550432499999985
F365N,0.33823725000000027
F365H,0.2711990000000004
F365L,0.41728000000000043
F365A,0.40668575000000035
F365M,0.230982750000001
F365D,0.29431550000000023
F365E,0.3127054999999992
F365C,0.25985550000000046
F365I,0.4986612500000007
F365K,0.3135739999999998
F365G,0.32515800000000056
W366A,0.4112485000000001
W366K,0.3256017499999999
W366D,0.3018137500000003
W366E,0.32163124999999954
W366F,0.43344474999999916
W366G,0.3284385000000007
W366H,0.2662642500000004
W366I,0.46202875000000015
W366L,0.40196725000000005
W366C,0.25110075000000054
W366N,0.3592039999999999
W366Y,0.39019124999999943
W366V,0.2643042500000009
W366T,0.3546810000000003
W366M,0.23318250000000096
W366R,0.5015459999999999
W366Q,0.3833627499999984
W366P,0.2826982500000004
W366S,0.29931225000000156
A367Y,0.44258924999999905
A367W,0.36977224999999825
A367V,0.24018525000000082
A367T,0.3626962500000008
A367S,0.3198067500000016
A367C,0.2586530000000009
A367D,0.32846575000000056
A367E,0.3439372499999993
A367G,0.3331590000000012
A367H,0.25159700000000057
A367Q,0.46049924999999786
A367K,0.34928900000000007
A367L,0.44260775000000047
A367M,0.2551967500000006
A367N,0.43031024999999945
A367P,0.3534202500000005
A367F,0.4628059999999983
A367I,0.3941784999999994
A367R,0.5339525000000002
S368R,0.5663387500000003
S368Q,0.49564749999999747
S368N,0.45871999999999885
S368T,0.37859125000000077
S368V,0.22724425000000067
S368C,0.23899425000000105
S368M,0.26666775000000076
S368L,0.4370367500000006
S368K,0.36014375
S368P,0.3610900000000005
S368I,0.3597764999999995
S368G,0.34084550000000136
S368F,0.4828252499999978
S368W,0.3952304999999983
S368E,0.36698124999999915
S368D,0.3428290000000004
S368Y,0.4506952499999985
S368H,0.25946500000000056
S368A,0.4672369999999982
R369T,0.4006890000000001
R369S,0.2771755000000009
R369P,0.3336412500000009
R369A,0.44528149999999833
R369C,0.20466925000000058
R369D,0.36924599999999996
R369E,0.49923899999999727
R369F,0.4554874999999995
R369G,0.3392857500000012
R369H,0.2676997500000009
R369I,0.41915524999999887
R369K,0.5091512499999973
R369M,0.3185845000000008
R369N,0.5052764999999976
R369Q,0.5522814999999967
R369Y,0.4766477499999999
R369L,0.31498524999999844
R369W,0.4897409999999994
R369V,0.2712752500000005
P370W,0.5175162499999977
P370C,0.24771025000000135
P370D,0.3950632499999999
P370E,0.43358249999999765
P370F,0.6127377499999969
P370G,0.3470905000000015
P370H,0.27481175000000124
P370I,0.41166449999999927
P370L,0.4278779999999998
P370A,0.43503199999999836
P370N,0.4785144999999977
P370Q,0.5389164999999972
P370R,0.7528300000000023
P370S,0.36064625000000095
P370T,0.4084377500000012
P370V,0.2774860000000019
P370Y,0.5272217499999978
P370M,0.29730775000000176
P370K,0.43584049999999874
K371E,0.49401799999999746
K371D,0.38187874999999977
K371C,0.21285075000000056
K371G,0.33954250000000125
K371H,0.27482475000000084
K371I,0.41507399999999905
K371L,0.3187904999999985
K371M,0.3122127500000008
K371A,0.44768449999999843
K371N,0.5006272499999977
K371Q,0.5438344999999968
K371R,0.7238600000000011
K371S,0.29989400000000105
K371T,0.4033527500000001
K371V,0.27091550000000064
K371W,0.4832982499999994
K371Y,0.47218250000000006
K371P,0.3393315000000007
K371F,0.4592272499999993
S372D,0.3428290000000004
S372C,0.23899425000000105
S372A,0.4672369999999982
S372F,0.4828252499999978
S372Y,0.4506952499999985
S372W,0.3952304999999983
S372V,0.22724425000000067
S372T,0.37859125000000077
S372R,0.5663387500000003
S372Q,0.49564749999999747
S372E,0.36698124999999915
S372P,0.3610900000000005
S372M,0.26666775000000076
S372L,0.4370367500000006
S372K,0.36014375
S372I,0.3597764999999995
S372H,0.25946500000000056
S372G,0.34084550000000136
S372N,0.45871999999999885
Y373T,0.3890315000000007
Y373W,0.4791302499999983
Y373A,0.4195569999999991
Y373D,0.3603590000000005
Y373E,0.4181832499999979
Y373F,0.5346669999999986
Y373G,0.32176525000000117
Y373H,0.2720787500000009
Y373I,0.4522737499999996
Y373V,0.2803927500000012
Y373K,0.424673999999999
Y373M,0.2908392500000011
Y373N,0.44200374999999836
Y373P,0.35445675000000065
Y373Q,0.5055282499999975
Y373R,0.7009750000000013
Y373S,0.32050475000000156
Y373L,0.38409524999999933
Y373C,0.24558950000000082
I374R,0.4775547499999997
I374W,0.33448349999999927
I374Q,0.35511199999999876
I374P,0.30248775000000017
I374N,0.3261060000000007
I374M,0.2407657500000007
I374L,0.4500102500000008
I374K,0.32341025
I374S,0.29164775000000165
I374H,0.2842985000000003
I374F,0.38691374999999995
I374E,0.3125894999999996
I374D,0.3033272500000002
I374C,0.2900580000000003
I374A,0.4176715000000002
I374T,0.3561535
I374G,0.3233437500000003
I374V,0.3299680000000012
I374Y,0.40811649999999966
Y375K,0.424673999999999
Y375D,0.3603590000000005
Y375E,0.4181832499999979
Y375F,0.5346669999999986
Y375G,0.32176525000000117
Y375H,0.2720787500000009
Y375I,0.4522737499999996
Y375L,0.38409524999999933
Y375C,0.24558950000000082
Y375M,0.2908392500000011
Y375P,0.35445675000000065
Y375Q,0.5055282499999975
Y375R,0.7009750000000013
Y375S,0.32050475000000156
Y375T,0.3890315000000007
Y375V,0.2803927500000012
Y375W,0.4791302499999983
Y375N,0.44200374999999836
Y375A,0.4195569999999991
R376A,0.44528149999999833
R376W,0.4897409999999994
R376Y,0.4766477499999999
R376D,0.36924599999999996
R376E,0.49923899999999727
R376F,0.4554874999999995
R376G,0.3392857500000012
R376H,0.2676997500000009
R376I,0.41915524999999887
R376K,0.5091512499999973
R376C,0.20466925000000058
R376M,0.3185845000000008
R376N,0.5052764999999976
R376P,0.3336412500000009
R376Q,0.5522814999999967
R376S,0.2771755000000009
R376T,0.4006890000000001
R376V,0.2712752500000005
R376L,0.31498524999999844
T377W,0.4040132499999982
T377V,0.24137225000000082
T377S,0.3232737500000015
T377R,0.5757207500000003
T377Q,0.48755149999999753
T377P,0.3649880000000005
T377N,0.451551499999999
T377M,0.26984900000000084
T377H,0.26070275000000065
T377K,0.3668632499999999
T377I,0.38651149999999906
T377G,0.3362915000000013
T377F,0.48281299999999794
T377E,0.36580449999999914
T377D,0.3459585000000005
T377Y,0.4593979999999987
T377L,0.4488205000000006
T377C,0.2487772500000011
T377A,0.4634102499999981
Q378E,0.4882039999999976
Q378D,0.3803104999999999
Q378A,0.4474074999999982
Q378F,0.4849769999999989
Q378G,0.33733800000000125
Q378H,0.2695837500000009
Q378I,0.4122697499999988
Q378K,0.4961634999999977
Q378L,0.34745524999999877
Q378M,0.3180250000000009
Q378C,0.22189050000000077
Q378P,0.3525200000000005
Q378R,0.7312197500000015
Q378S,0.294192000000001
Q378T,0.4019672500000003
Q378V,0.2715525000000007
Q378W,0.4896359999999993
Q378Y,0.48971474999999975
Q378N,0.5049002499999977
E379W,0.49303074999999885
E379V,0.277551000000001
E379T,0.40926825000000044
E379S,0.3347192500000011
E379R,0.727494250000001
E379Q,0.546512499999997
E379P,0.3623175000000004
E379K,0.4842814999999981
E379M,0.30913900000000116
E379L,0.36578174999999896
E379I,0.407217249999999
E379H,0.28609775000000087
E379G,0.3409882500000011
E379F,0.5001744999999985
E379D,0.3999889999999997
E379N,0.5005339999999979
E379Y,0.4964324999999994
E379A,0.45487149999999815
E379C,0.23217700000000094
W380R,0.5015459999999999
W380Y,0.39019124999999943
W380A,0.4112485000000001
W380C,0.25110075000000054
W380D,0.3018137500000003
W380E,0.32163124999999954
W380F,0.43344474999999916
W380G,0.3284385000000007
W380H,0.2662642500000004
W380S,0.29931225000000156
W380K,0.3256017499999999
W380L,0.40196725000000005
W380M,0.23318250000000096
W380N,0.3592039999999999
W380P,0.2826982500000004
W380Q,0.3833627499999984
W380V,0.2643042500000009
W380T,0.3546810000000003
W380I,0.46202875000000015
D381Y,0.4956237499999989
D381W,0.49766549999999876
D381V,0.27238775000000115
D381T,0.4033775000000005
D381S,0.33686875000000116
D381R,0.7359370000000014
D381Q,0.5455344999999968
D381L,0.3667179999999991
D381N,0.5016147499999978
D381M,0.3029152500000012
D381K,0.479255999999998
D381I,0.39260674999999906
D381H,0.281387000000001
D381G,0.34483550000000124
D381P,0.3789832500000003
D381E,0.49896249999999726
D381C,0.22340350000000087
D381A,0.4510417499999981
D381F,0.5220319999999979
E382P,0.3623175000000004
E382H,0.28609775000000087
E382I,0.407217249999999
E382K,0.4842814999999981
E382L,0.36578174999999896
E382M,0.30913900000000116
E382N,0.5005339999999979
E382A,0.45487149999999815
E382Q,0.546512499999997
E382R,0.727494250000001
E382S,0.3347192500000011
E382T,0.40926825000000044
E382V,0.277551000000001
E382W,0.49303074999999885
E382Y,0.4964324999999994
E382D,0.3999889999999997
E382C,0.23217700000000094
E382G,0.3409882500000011
E382F,0.5001744999999985
F383V,0.26806675000000113
F383A,0.40668575000000035
F383Y,0.37961799999999946
F383T,0.34695675000000015
F383L,0.41728000000000043
F383G,0.32515800000000056
F383C,0.25985550000000046
F383D,0.29431550000000023
F383E,0.3127054999999992
F383H,0.2711990000000004
F383I,0.4986612500000007
F383M,0.230982750000001
F383K,0.3135739999999998
F383P,0.2751055000000002
F383Q,0.3550432499999985
F383R,0.48515649999999994
F383S,0.3011547500000016
F383W,0.3501324999999994
F383N,0.33823725000000027
P384S,0.36064625000000095
P384Q,0.5389164999999972
P384R,0.7528300000000023
P384T,0.4084377500000012
P384L,0.4278779999999998
P384W,0.5175162499999977
P384Y,0.5272217499999978
P384N,0.4785144999999977
P384V,0.2774860000000019
P384M,0.29730775000000176
P384K,0.43584049999999874
P384I,0.41166449999999927
P384H,0.27481175000000124
P384G,0.3470905000000015
P384F,0.6127377499999969
P384E,0.43358249999999765
P384D,0.3950632499999999
P384C,0.24771025000000135
P384A,0.43503199999999836
N385I,0.40021149999999905
N385K,0.48263824999999805
N385Y,0.49782724999999894
N385W,0.5007834999999988
N385V,0.2762672500000012
N385C,0.2248040000000009
N385S,0.341655000000001
N385E,0.4875179999999976
N385T,0.40893775000000054
N385D,0.4085692499999995
N385L,0.36767849999999913
N385M,0.30731725000000115
N385P,0.3632990000000004
N385A,0.45254449999999813
N385F,0.5184522499999982
N385G,0.34422100000000116
N385H,0.2856415000000009
N385Q,0.5461914999999968
N385R,0.7344722500000012
G386Y,0.37827224999999937
G386N,0.43668025000000016
G386V,0.18322575000000021
G386T,0.3240682500000013
G386S,0.2853092500000014
G386R,0.4385192499999996
G386P,0.3075710000000014
G386W,0.3008037499999988
G386M,0.24306875000000022
G386Q,0.4447897499999977
G386K,0.31924074999999996
G386L,0.42291875000000095
G386A,0.45359999999999867
G386C,0.21958225000000073
G386H,0.24436300000000025
G386E,0.2878907500000001
G386F,0.3786952499999981
G386I,0.30702725000000003
G386D,0.29224225000000026
R387S,0.2771755000000009
R387T,0.4006890000000001
R387V,0.2712752500000005
R387A,0.44528149999999833
R387C,0.20466925000000058
R387D,0.36924599999999996
R387E,0.49923899999999727
R387F,0.4554874999999995
R387H,0.2676997500000009
R387I,0.41915524999999887
R387K,0.5091512499999973
R387M,0.3185845000000008
R387N,0.5052764999999976
R387P,0.3336412500000009
R387Q,0.5522814999999967
R387W,0.4897409999999994
R387Y,0.4766477499999999
R387G,0.3392857500000012
R387L,0.31498524999999844
W388V,0.2643042500000009
W388Q,0.3833627499999984
W388T,0.3546810000000003
W388S,0.29931225000000156
W388R,0.5015459999999999
W388P,0.2826982500000004
W388M,0.23318250000000096
W388L,0.40196725000000005
W388K,0.3256017499999999
W388I,0.46202875000000015
W388N,0.3592039999999999
W388G,0.3284385000000007
W388F,0.43344474999999916
W388E,0.32163124999999954
W388D,0.3018137500000003
W388C,0.25110075000000054
W388A,0.4112485000000001
W388Y,0.39019124999999943
W388H,0.2662642500000004
G389K,0.31924074999999996
G389I,0.30702725000000003
G389H,0.24436300000000025
G389A,0.45359999999999867
G389D,0.29224225000000026
G389C,0.21958225000000073
G389L,0.42291875000000095
G389E,0.2878907500000001
G389M,0.24306875000000022
G389F,0.3786952499999981
G389P,0.3075710000000014
G389Y,0.37827224999999937
G389W,0.3008037499999988
G389V,0.18322575000000021
G389T,0.3240682500000013
G389N,0.43668025000000016
G389S,0.2853092500000014
G389R,0.4385192499999996
G389Q,0.4447897499999977
N390P,0.3632990000000004
N390Y,0.49782724999999894
N390W,0.5007834999999988
N390V,0.2762672500000012
N390T,0.40893775000000054
N390S,0.341655000000001
N390R,0.7344722500000012
N390Q,0.5461914999999968
N390A,0.45254449999999813
N390C,0.2248040000000009
N390M,0.30731725000000115
N390K,0.48263824999999805
N390I,0.40021149999999905
N390H,0.2856415000000009
N390G,0.34422100000000116
N390F,0.5184522499999982
N390E,0.4875179999999976
N390D,0.4085692499999995
N390L,0.36767849999999913
S391P,0.3610900000000005
S391Q,0.49564749999999747
S391R,0.5663387500000003
S391N,0.45871999999999885
S391V,0.22724425000000067
S391W,0.3952304999999983
S391Y,0.4506952499999985
S391T,0.37859125000000077
S391M,0.26666775000000076
S391L,0.4370367500000006
S391I,0.3597764999999995
S391H,0.25946500000000056
S391G,0.34084550000000136
S391F,0.4828252499999978
S391E,0.36698124999999915
S391D,0.3428290000000004
S391C,0.23899425000000105
S391A,0.4672369999999982
S391K,0.36014375
S392H,0.25946500000000056
S392G,0.34084550000000136
S392F,0.4828252499999978
S392I,0.3597764999999995
S392D,0.3428290000000004
S392C,0.23899425000000105
S392A,0.4672369999999982
S392E,0.36698124999999915
S392K,0.36014375
S392L,0.4370367500000006
S392M,0.26666775000000076
S392W,0.3952304999999983
S392V,0.22724425000000067
S392T,0.37859125000000077
S392Y,0.4506952499999985
S392Q,0.49564749999999747
S392P,0.3610900000000005
S392N,0.45871999999999885
S392R,0.5663387500000003
S393M,0.26666775000000076
S393Y,0.4506952499999985
S393W,0.3952304999999983
S393V,0.22724425000000067
S393T,0.37859125000000077
S393R,0.5663387500000003
S393Q,0.49564749999999747
S393P,0.3610900000000005
S393L,0.4370367500000006
S393N,0.45871999999999885
S393K,0.36014375
S393I,0.3597764999999995
S393H,0.25946500000000056
S393G,0.34084550000000136
S393F,0.4828252499999978
S393E,0.36698124999999915
S393D,0.3428290000000004
S393C,0.23899425000000105
S393A,0.4672369999999982
P394D,0.3950632499999999
P394E,0.43358249999999765
P394F,0.6127377499999969
P394G,0.3470905000000015
P394H,0.27481175000000124
P394I,0.41166449999999927
P394Q,0.5389164999999972
P394L,0.4278779999999998
P394M,0.29730775000000176
P394N,0.4785144999999977
P394S,0.36064625000000095
P394R,0.7528300000000023
P394C,0.24771025000000135
P394K,0.43584049999999874
P394A,0.43503199999999836
P394V,0.2774860000000019
P394W,0.5175162499999977
P394Y,0.5272217499999978
P394T,0.4084377500000012
A395T,0.3626962500000008
A395Y,0.44258924999999905
A395W,0.36977224999999825
A395V,0.24018525000000082
A395S,0.3198067500000016
A395R,0.5339525000000002
A395Q,0.46049924999999786
A395P,0.3534202500000005
A395M,0.2551967500000006
A395N,0.43031024999999945
A395K,0.34928900000000007
A395I,0.3941784999999994
A395H,0.25159700000000057
A395G,0.3331590000000012
A395F,0.4628059999999983
A395E,0.3439372499999993
A395D,0.32846575000000056
A395C,0.2586530000000009
A395L,0.44260775000000047
F396R,0.48515649999999994
F396W,0.3501324999999994
F396V,0.26806675000000113
F396Y,0.37961799999999946
F396T,0.34695675000000015
F396S,0.3011547500000016
F396Q,0.3550432499999985
F396G,0.32515800000000056
F396N,0.33823725000000027
F396M,0.230982750000001
F396L,0.41728000000000043
F396I,0.4986612500000007
F396H,0.2711990000000004
F396C,0.25985550000000046
F396D,0.29431550000000023
F396E,0.3127054999999992
F396P,0.2751055000000002
F396K,0.3135739999999998
F396A,0.40668575000000035
G397W,0.3008037499999988
G397C,0.21958225000000073
G397D,0.29224225000000026
G397E,0.2878907500000001
G397F,0.3786952499999981
G397H,0.24436300000000025
G397I,0.30702725000000003
G397K,0.31924074999999996
G397A,0.45359999999999867
G397L,0.42291875000000095
G397N,0.43668025000000016
G397P,0.3075710000000014
G397Q,0.4447897499999977
G397R,0.4385192499999996
G397S,0.2853092500000014
G397T,0.3240682500000013
G397V,0.18322575000000021
G397M,0.24306875000000022
G397Y,0.37827224999999937
E398A,0.45487149999999815
E398V,0.277551000000001
E398C,0.23217700000000094
E398D,0.3999889999999997
E398F,0.5001744999999985
E398G,0.3409882500000011
E398H,0.28609775000000087
E398I,0.407217249999999
E398K,0.4842814999999981
E398L,0.36578174999999896
E398M,0.30913900000000116
E398N,0.5005339999999979
E398P,0.3623175000000004
E398Q,0.546512499999997
E398R,0.727494250000001
E398S,0.3347192500000011
E398T,0.40926825000000044
E398W,0.49303074999999885
E398Y,0.4964324999999994
L399Y,0.3708384999999997
L399M,0.22070200000000093
L399C,0.27104125000000034
L399D,0.2951579999999999
L399E,0.30742749999999913
L399F,0.3926619999999999
L399G,0.33291725000000055
L399H,0.27361500000000033
L399A,0.4164512500000005
L399I,0.523766750000001
L399N,0.3282672500000005
L399P,0.2676012500000001
L399Q,0.3404777499999986
L399R,0.46961599999999976
L399S,0.29797875000000174
L399T,0.35170500000000016
L399K,0.31043074999999964
L399V,0.2887590000000014
L399W,0.32142949999999987
K400D,0.38187874999999977
K400V,0.27091550000000064
K400T,0.4033527500000001
K400S,0.29989400000000105
K400R,0.7238600000000011
K400Q,0.5438344999999968
K400P,0.3393315000000007
K400W,0.4832982499999994
K400N,0.5006272499999977
K400M,0.3122127500000008
K400L,0.3187904999999985
K400I,0.41507399999999905
K400H,0.27482475000000084
K400G,0.33954250000000125
K400F,0.4592272499999993
K400E,0.49401799999999746
K400C,0.21285075000000056
K400A,0.44768449999999843
K400Y,0.47218250000000006
D401A,0.4510417499999981
D401Y,0.4956237499999989
D401W,0.49766549999999876
D401V,0.27238775000000115
D401T,0.4033775000000005
D401R,0.7359370000000014
D401Q,0.5455344999999968
D401P,0.3789832500000003
D401N,0.5016147499999978
D401S,0.33686875000000116
D401L,0.3667179999999991
D401M,0.3029152500000012
D401E,0.49896249999999726
D401F,0.5220319999999979
D401G,0.34483550000000124
D401C,0.22340350000000087
D401I,0.39260674999999906
D401K,0.479255999999998
D401H,0.281387000000001
Y402K,0.424673999999999
Y402C,0.24558950000000082
Y402D,0.3603590000000005
Y402E,0.4181832499999979
Y402F,0.5346669999999986
Y402G,0.32176525000000117
Y402H,0.2720787500000009
Y402I,0.4522737499999996
Y402A,0.4195569999999991
Y402L,0.38409524999999933
Y402N,0.44200374999999836
Y402P,0.35445675000000065
Y402Q,0.5055282499999975
Y402R,0.7009750000000013
Y402S,0.32050475000000156
Y402T,0.3890315000000007
Y402V,0.2803927500000012
Y402W,0.4791302499999983
Y402M,0.2908392500000011
Y403N,0.44200374999999836
Y403P,0.35445675000000065
Y403Q,0.5055282499999975
Y403V,0.2803927500000012
Y403S,0.32050475000000156
Y403T,0.3890315000000007
Y403M,0.2908392500000011
Y403R,0.7009750000000013
Y403L,0.38409524999999933
Y403G,0.32176525000000117
Y403I,0.4522737499999996
Y403H,0.2720787500000009
Y403F,0.5346669999999986
Y403E,0.4181832499999979
Y403D,0.3603590000000005
Y403C,0.24558950000000082
Y403A,0.4195569999999991
Y403K,0.424673999999999
Y403W,0.4791302499999983
L404A,0.4164512500000005
L404P,0.2676012500000001
L404D,0.2951579999999999
L404C,0.27104125000000034
L404Y,0.3708384999999997
L404W,0.32142949999999987
L404V,0.2887590000000014
L404T,0.35170500000000016
L404R,0.46961599999999976
L404Q,0.3404777499999986
L404S,0.29797875000000174
L404M,0.22070200000000093
L404K,0.31043074999999964
L404I,0.523766750000001
L404H,0.27361500000000033
L404G,0.33291725000000055
L404F,0.3926619999999999
L404E,0.30742749999999913
L404N,0.3282672500000005
F405E,0.3127054999999992
F405M,0.230982750000001
F405G,0.32515800000000056
F405H,0.2711990000000004
F405I,0.4986612500000007
F405K,0.3135739999999998
F405L,0.41728000000000043
F405N,0.33823725000000027
F405Y,0.37961799999999946
F405Q,0.3550432499999985
F405R,0.48515649999999994
F405S,0.3011547500000016
F405T,0.34695675000000015
F405V,0.26806675000000113
F405W,0.3501324999999994
F405D,0.29431550000000023
F405P,0.2751055000000002
F405C,0.25985550000000046
F405A,0.40668575000000035
Y406C,0.24558950000000082
Y406E,0.4181832499999979
Y406F,0.5346669999999986
Y406G,0.32176525000000117
Y406H,0.2720787500000009
Y406I,0.4522737499999996
Y406K,0.424673999999999
Y406L,0.38409524999999933
Y406M,0.2908392500000011
Y406A,0.4195569999999991
Y406N,0.44200374999999836
Y406P,0.35445675000000065
Y406Q,0.5055282499999975
Y406R,0.7009750000000013
Y406S,0.32050475000000156
Y406T,0.3890315000000007
Y406V,0.2803927500000012
Y406W,0.4791302499999983
Y406D,0.3603590000000005
L407Y,0.3708384999999997
L407A,0.4164512500000005
L407E,0.30742749999999913
L407W,0.32142949999999987
L407V,0.2887590000000014
L407T,0.35170500000000016
L407S,0.29797875000000174
L407R,0.46961599999999976
L407Q,0.3404777499999986
L407D,0.2951579999999999
L407P,0.2676012500000001
L407M,0.22070200000000093
L407K,0.31043074999999964
L407I,0.523766750000001
L407H,0.27361500000000033
L407G,0.33291725000000055
L407F,0.3926619999999999
L407N,0.3282672500000005
L407C,0.27104125000000034
K408Y,0.47218250000000006
K408V,0.27091550000000064
K408S,0.29989400000000105
K408R,0.7238600000000011
K408Q,0.5438344999999968
K408P,0.3393315000000007
K408N,0.5006272499999977
K408M,0.3122127500000008
K408L,0.3187904999999985
K408I,0.41507399999999905
K408H,0.27482475000000084
K408G,0.33954250000000125
K408F,0.4592272499999993
K408E,0.49401799999999746
K408D,0.38187874999999977
K408C,0.21285075000000056
K408A,0.44768449999999843
K408T,0.4033527500000001
K408W,0.4832982499999994
S409W,0.3952304999999983
S409C,0.23899425000000105
S409V,0.22724425000000067
S409T,0.37859125000000077
S409R,0.5663387500000003
S409Q,0.49564749999999747
S409P,0.3610900000000005
S409N,0.45871999999999885
S409M,0.26666775000000076
S409L,0.4370367500000006
S409K,0.36014375
S409I,0.3597764999999995
S409H,0.25946500000000056
S409G,0.34084550000000136
S409F,0.4828252499999978
S409E,0.36698124999999915
S409D,0.3428290000000004
S409Y,0.4506952499999985
S409A,0.4672369999999982
K410Y,0.47218250000000006
K410A,0.44768449999999843
K410E,0.49401799999999746
K410F,0.4592272499999993
K410G,0.33954250000000125
K410H,0.27482475000000084
K410I,0.41507399999999905
K410L,0.3187904999999985
K410D,0.38187874999999977
K410N,0.5006272499999977
K410Q,0.5438344999999968
K410R,0.7238600000000011
K410S,0.29989400000000105
K410T,0.4033527500000001
K410V,0.27091550000000064
K410W,0.4832982499999994
K410P,0.3393315000000007
K410C,0.21285075000000056
K410M,0.3122127500000008
S411A,0.4672369999999982
S411D,0.3428290000000004
S411E,0.36698124999999915
S411F,0.4828252499999978
S411G,0.34084550000000136
S411H,0.25946500000000056
S411I,0.3597764999999995
S411K,0.36014375
S411Y,0.4506952499999985
S411L,0.4370367500000006
S411N,0.45871999999999885
S411P,0.3610900000000005
S411Q,0.49564749999999747
S411R,0.5663387500000003
S411T,0.37859125000000077
S411V,0.22724425000000067
S411W,0.3952304999999983
S411M,0.26666775000000076
S411C,0.23899425000000105
P412A,0.43503199999999836
P412W,0.5175162499999977
P412V,0.2774860000000019
P412T,0.4084377500000012
P412S,0.36064625000000095
P412R,0.7528300000000023
P412Q,0.5389164999999972
P412N,0.4785144999999977
P412M,0.29730775000000176
P412L,0.4278779999999998
P412Y,0.5272217499999978
P412K,0.43584049999999874
P412I,0.41166449999999927
P412H,0.27481175000000124
P412G,0.3470905000000015
P412F,0.6127377499999969
P412E,0.43358249999999765
P412D,0.3950632499999999
P412C,0.24771025000000135
K413W,0.4832982499999994
K413C,0.21285075000000056
K413D,0.38187874999999977
K413E,0.49401799999999746
K413F,0.4592272499999993
K413G,0.33954250000000125
K413H,0.27482475000000084
K413N,0.5006272499999977
K413L,0.3187904999999985
K413M,0.3122127500000008
K413P,0.3393315000000007
K413Q,0.5438344999999968
K413R,0.7238600000000011
K413S,0.29989400000000105
K413Y,0.47218250000000006
K413I,0.41507399999999905
K413A,0.44768449999999843
K413V,0.27091550000000064
K413T,0.4033527500000001
E414C,0.23217700000000094
E414V,0.277551000000001
E414T,0.40926825000000044
E414S,0.3347192500000011
E414R,0.727494250000001
E414Q,0.546512499999997
E414P,0.3623175000000004
E414N,0.5005339999999979
E414M,0.30913900000000116
E414K,0.4842814999999981
E414I,0.407217249999999
E414H,0.28609775000000087
E414G,0.3409882500000011
E414F,0.5001744999999985
E414D,0.3999889999999997
E414A,0.45487149999999815
E414L,0.36578174999999896
E414Y,0.4964324999999994
E414W,0.49303074999999885
E415A,0.45487149999999815
E415Y,0.4964324999999994
E415W,0.49303074999999885
E415V,0.277551000000001
E415T,0.40926825000000044
E415S,0.3347192500000011
E415R,0.727494250000001
E415Q,0.546512499999997
E415P,0.3623175000000004
E415N,0.5005339999999979
E415L,0.36578174999999896
E415K,0.4842814999999981
E415I,0.407217249999999
E415H,0.28609775000000087
E415G,0.3409882500000011
E415F,0.5001744999999985
E415D,0.3999889999999997
E415C,0.23217700000000094
E415M,0.30913900000000116
L416D,0.2951579999999999
L416A,0.4164512500000005
L416R,0.46961599999999976
L416W,0.32142949999999987
L416V,0.2887590000000014
L416T,0.35170500000000016
L416S,0.29797875000000174
L416Y,0.3708384999999997
L416Q,0.3404777499999986
L416P,0.2676012500000001
L416N,0.3282672500000005
L416M,0.22070200000000093
L416K,0.31043074999999964
L416I,0.523766750000001
L416H,0.27361500000000033
L416G,0.33291725000000055
L416F,0.3926619999999999
L416E,0.30742749999999913
L416C,0.27104125000000034
L417Q,0.3404777499999986
L417P,0.2676012500000001
L417R,0.46961599999999976
L417N,0.3282672500000005
L417T,0.35170500000000016
L417V,0.2887590000000014
L417S,0.29797875000000174
L417M,0.22070200000000093
L417A,0.4164512500000005
L417I,0.523766750000001
L417H,0.27361500000000033
L417G,0.33291725000000055
L417F,0.3926619999999999
L417E,0.30742749999999913
L417D,0.2951579999999999
L417C,0.27104125000000034
L417W,0.32142949999999987
L417K,0.31043074999999964
L417Y,0.3708384999999997
K418W,0.4832982499999994
K418Y,0.47218250000000006
K418V,0.27091550000000064
K418T,0.4033527500000001
K418S,0.29989400000000105
K418R,0.7238600000000011
K418Q,0.5438344999999968
K418P,0.3393315000000007
K418N,0.5006272499999977
K418L,0.3187904999999985
K418I,0.41507399999999905
K418H,0.27482475000000084
K418G,0.33954250000000125
K418F,0.4592272499999993
K418E,0.49401799999999746
K418D,0.38187874999999977
K418C,0.21285075000000056
K418A,0.44768449999999843
K418M,0.3122127500000008
M419C,0.28070900000000065
M419A,0.4340867499999998
M419Y,0.42316949999999937
M419W,0.363701249999999
M419V,0.2840302500000012
M419T,0.35905875000000037
M419S,0.30798750000000163
M419Q,0.40087799999999846
M419P,0.3251080000000004
M419N,0.36552149999999983
M419R,0.52223325
M419K,0.3411439999999997
M419I,0.5101212500000003
M419H,0.2617802500000004
M419G,0.32335175000000066
M419F,0.4289497499999998
M419E,0.341637999999999
M419D,0.3140320000000003
M419L,0.45289850000000065
W420P,0.2826982500000004
W420Y,0.39019124999999943
W420V,0.2643042500000009
W420T,0.3546810000000003
W420S,0.29931225000000156
W420R,0.5015459999999999
W420Q,0.3833627499999984
W420N,0.3592039999999999
W420M,0.23318250000000096
W420C,0.25110075000000054
W420K,0.3256017499999999
W420I,0.46202875000000015
W420H,0.2662642500000004
W420G,0.3284385000000007
W420F,0.43344474999999916
W420E,0.32163124999999954
W420D,0.3018137500000003
W420A,0.4112485000000001
W420L,0.40196725000000005
G421Q,0.4447897499999977
G421R,0.4385192499999996
G421Y,0.37827224999999937
G421T,0.3240682500000013
G421V,0.18322575000000021
G421P,0.3075710000000014
G421S,0.2853092500000014
G421N,0.43668025000000016
G421E,0.2878907500000001
G421K,0.31924074999999996
G421I,0.30702725000000003
G421H,0.24436300000000025
G421F,0.3786952499999981
G421D,0.29224225000000026
G421C,0.21958225000000073
G421A,0.45359999999999867
G421L,0.42291875000000095
G421W,0.3008037499999988
G421M,0.24306875000000022
E422C,0.23217700000000094
E422F,0.5001744999999985
E422G,0.3409882500000011
E422H,0.28609775000000087
E422I,0.407217249999999
E422K,0.4842814999999981
E422L,0.36578174999999896
E422M,0.30913900000000116
E422D,0.3999889999999997
E422N,0.5005339999999979
E422Q,0.546512499999997
E422R,0.727494250000001
E422S,0.3347192500000011
E422T,0.40926825000000044
E422V,0.277551000000001
E422W,0.49303074999999885
E422Y,0.4964324999999994
E422P,0.3623175000000004
E422A,0.45487149999999815
E423C,0.23217700000000094
E423F,0.5001744999999985
E423Y,0.4964324999999994
E423W,0.49303074999999885
E423V,0.277551000000001
E423T,0.40926825000000044
E423S,0.3347192500000011
E423R,0.727494250000001
E423A,0.45487149999999815
E423Q,0.546512499999997
E423N,0.5005339999999979
E423M,0.30913900000000116
E423L,0.36578174999999896
E423K,0.4842814999999981
E423I,0.407217249999999
E423H,0.28609775000000087
E423G,0.3409882500000011
E423P,0.3623175000000004
E423D,0.3999889999999997
L424W,0.32142949999999987
L424Y,0.3708384999999997
L424A,0.4164512500000005
L424V,0.2887590000000014
L424T,0.35170500000000016
L424S,0.29797875000000174
L424R,0.46961599999999976
L424P,0.2676012500000001
L424N,0.3282672500000005
L424M,0.22070200000000093
L424Q,0.3404777499999986
L424I,0.523766750000001
L424H,0.27361500000000033
L424G,0.33291725000000055
L424F,0.3926619999999999
L424E,0.30742749999999913
L424D,0.2951579999999999
L424C,0.27104125000000034
L424K,0.31043074999999964
T425K,0.3668632499999999
T425I,0.38651149999999906
T425H,0.26070275000000065
T425A,0.4634102499999981
T425F,0.48281299999999794
T425E,0.36580449999999914
T425L,0.4488205000000006
T425G,0.3362915000000013
T425M,0.26984900000000084
T425Y,0.4593979999999987
T425P,0.3649880000000005
T425Q,0.48755149999999753
T425R,0.5757207500000003
T425S,0.3232737500000015
T425V,0.24137225000000082
T425W,0.4040132499999982
T425C,0.2487772500000011
T425N,0.451551499999999
T425D,0.3459585000000005
S426C,0.23899425000000105
S426A,0.4672369999999982
S426Q,0.49564749999999747
S426W,0.3952304999999983
S426V,0.22724425000000067
S426T,0.37859125000000077
S426R,0.5663387500000003
S426P,0.3610900000000005
S426N,0.45871999999999885
S426Y,0.4506952499999985
S426M,0.26666775000000076
S426K,0.36014375
S426I,0.3597764999999995
S426H,0.25946500000000056
S426G,0.34084550000000136
S426F,0.4828252499999978
S426E,0.36698124999999915
S426D,0.3428290000000004
S426L,0.4370367500000006
E427H,0.28609775000000087
E427G,0.3409882500000011
E427F,0.5001744999999985
E427Y,0.4964324999999994
E427C,0.23217700000000094
E427A,0.45487149999999815
E427I,0.407217249999999
E427D,0.3999889999999997
E427K,0.4842814999999981
E427V,0.277551000000001
E427M,0.30913900000000116
E427N,0.5005339999999979
E427P,0.3623175000000004
E427Q,0.546512499999997
E427R,0.727494250000001
E427S,0.3347192500000011
E427T,0.40926825000000044
E427W,0.49303074999999885
E427L,0.36578174999999896
E428A,0.45487149999999815
E428C,0.23217700000000094
E428R,0.727494250000001
E428W,0.49303074999999885
E428Y,0.4964324999999994
E428V,0.277551000000001
E428T,0.40926825000000044
E428S,0.3347192500000011
E428Q,0.546512499999997
E428P,0.3623175000000004
E428N,0.5005339999999979
E428L,0.36578174999999896
E428K,0.4842814999999981
E428I,0.407217249999999
E428H,0.28609775000000087
E428G,0.3409882500000011
E428F,0.5001744999999985
E428D,0.3999889999999997
E428M,0.30913900000000116
S429F,0.4828252499999978
S429G,0.34084550000000136
S429E,0.36698124999999915
S429W,0.3952304999999983
S429C,0.23899425000000105
S429A,0.4672369999999982
S429H,0.25946500000000056
S429D,0.3428290000000004
S429I,0.3597764999999995
S429P,0.3610900000000005
S429L,0.4370367500000006
S429K,0.36014375
S429V,0.22724425000000067
S429T,0.37859125000000077
S429R,0.5663387500000003
S429Y,0.4506952499999985
S429N,0.45871999999999885
S429M,0.26666775000000076
S429Q,0.49564749999999747
V430N,0.3578507500000005
V430Y,0.47186375
V430W,0.3622077499999983
V430T,0.36356825
V430S,0.3138105000000014
V430R,0.5248137499999997
V430Q,0.42273749999999927
V430P,0.41263350000000004
V430M,0.25831000000000004
V430C,0.33587800000000073
V430K,0.32662650000000043
V430L,0.510772000000001
V430D,0.305269750000001
V430E,0.32788550000000005
V430A,0.45782924999999886
V430G,0.29333250000000033
V430H,0.2578280000000003
V430I,0.5105407499999997
V430F,0.4137537500000002
F431T,0.34695675000000015
F431M,0.230982750000001
F431S,0.3011547500000016
F431R,0.48515649999999994
F431Q,0.3550432499999985
F431P,0.2751055000000002
F431N,0.33823725000000027
F431L,0.41728000000000043
F431G,0.32515800000000056
F431I,0.4986612500000007
F431H,0.2711990000000004
F431E,0.3127054999999992
F431D,0.29431550000000023
F431C,0.25985550000000046
F431Y,0.37961799999999946
F431W,0.3501324999999994
F431K,0.3135739999999998
F431V,0.26806675000000113
F431A,0.40668575000000035
E432A,0.45487149999999815
E432Y,0.4964324999999994
E432W,0.49303074999999885
E432V,0.277551000000001
E432T,0.40926825000000044
E432S,0.3347192500000011
E432R,0.727494250000001
E432Q,0.546512499999997
E432P,0.3623175000000004
E432C,0.23217700000000094
E432M,0.30913900000000116
E432D,0.3999889999999997
E432F,0.5001744999999985
E432G,0.3409882500000011
E432N,0.5005339999999979
E432I,0.407217249999999
E432K,0.4842814999999981
E432L,0.36578174999999896
E432H,0.28609775000000087
V433I,0.5105407499999997
V433C,0.33587800000000073
V433D,0.305269750000001
V433E,0.32788550000000005
V433F,0.4137537500000002
V433G,0.29333250000000033
V433H,0.2578280000000003
V433A,0.45782924999999886
V433K,0.32662650000000043
V433M,0.25831000000000004
V433L,0.510772000000001
V433Y,0.47186375
V433W,0.3622077499999983
V433T,0.36356825
V433Q,0.42273749999999927
V433R,0.5248137499999997
V433P,0.41263350000000004
V433N,0.3578507500000005
V433S,0.3138105000000014
F434L,0.41728000000000043
F434C,0.25985550000000046
F434D,0.29431550000000023
F434E,0.3127054999999992
F434G,0.32515800000000056
F434H,0.2711990000000004
F434I,0.4986612500000007
F434K,0.3135739999999998
F434A,0.40668575000000035
F434M,0.230982750000001
F434P,0.2751055000000002
F434Q,0.3550432499999985
F434R,0.48515649999999994
F434S,0.3011547500000016
F434T,0.34695675000000015
F434V,0.26806675000000113
F434W,0.3501324999999994
F434Y,0.37961799999999946
F434N,0.33823725000000027
V435D,0.305269750000001
V435Y,0.47186375
V435W,0.3622077499999983
V435T,0.36356825
V435S,0.3138105000000014
V435R,0.5248137499999997
V435Q,0.42273749999999927
V435L,0.510772000000001
V435N,0.3578507500000005
V435M,0.25831000000000004
V435C,0.33587800000000073
V435K,0.32662650000000043
V435I,0.5105407499999997
V435H,0.2578280000000003
V435G,0.29333250000000033
V435P,0.41263350000000004
V435A,0.45782924999999886
V435E,0.32788550000000005
V435F,0.4137537500000002
L436W,0.32142949999999987
L436C,0.27104125000000034
L436D,0.2951579999999999
L436E,0.30742749999999913
L436F,0.3926619999999999
L436G,0.33291725000000055
L436H,0.27361500000000033
L436Y,0.3708384999999997
L436I,0.523766750000001
L436M,0.22070200000000093
L436N,0.3282672500000005
L436P,0.2676012500000001
L436Q,0.3404777499999986
L436R,0.46961599999999976
L436T,0.35170500000000016
L436V,0.2887590000000014
L436K,0.31043074999999964
L436S,0.29797875000000174
L436A,0.4164512500000005
Y437W,0.4791302499999983
Y437D,0.3603590000000005
Y437E,0.4181832499999979
Y437F,0.5346669999999986
Y437G,0.32176525000000117
Y437H,0.2720787500000009
Y437I,0.4522737499999996
Y437K,0.424673999999999
Y437L,0.38409524999999933
Y437M,0.2908392500000011
Y437N,0.44200374999999836
Y437P,0.35445675000000065
Y437Q,0.5055282499999975
Y437R,0.7009750000000013
Y437S,0.32050475000000156
Y437T,0.3890315000000007
Y437C,0.24558950000000082
Y437V,0.2803927500000012
Y437A,0.4195569999999991
L438Y,0.3708384999999997
L438E,0.30742749999999913
L438F,0.3926619999999999
L438G,0.33291725000000055
L438H,0.27361500000000033
L438I,0.523766750000001
L438K,0.31043074999999964
L438M,0.22070200000000093
L438N,0.3282672500000005
L438P,0.2676012500000001
L438Q,0.3404777499999986
L438R,0.46961599999999976
L438S,0.29797875000000174
L438T,0.35170500000000016
L438V,0.2887590000000014
L438W,0.32142949999999987
L438A,0.4164512500000005
L438D,0.2951579999999999
L438C,0.27104125000000034
S439Y,0.4506952499999985
S439T,0.37859125000000077
S439R,0.5663387500000003
S439Q,0.49564749999999747
S439P,0.3610900000000005
S439N,0.45871999999999885
S439M,0.26666775000000076
S439L,0.4370367500000006
S439V,0.22724425000000067
S439K,0.36014375
S439H,0.25946500000000056
S439G,0.34084550000000136
S439F,0.4828252499999978
S439E,0.36698124999999915
S439D,0.3428290000000004
S439C,0.23899425000000105
S439A,0.4672369999999982
S439I,0.3597764999999995
S439W,0.3952304999999983
G440C,0.21958225000000073
G440Y,0.37827224999999937
G440T,0.3240682500000013
G440S,0.2853092500000014
G440R,0.4385192499999996
G440Q,0.4447897499999977
G440P,0.3075710000000014
G440N,0.43668025000000016
G440V,0.18322575000000021
G440A,0.45359999999999867
G440L,0.42291875000000095
G440K,0.31924074999999996
G440I,0.30702725000000003
G440H,0.24436300000000025
G440F,0.3786952499999981
G440E,0.2878907500000001
G440M,0.24306875000000022
G440W,0.3008037499999988
G440D,0.29224225000000026
E441W,0.49303074999999885
E441T,0.40926825000000044
E441S,0.3347192500000011
E441R,0.727494250000001
E441Q,0.546512499999997
E441P,0.3623175000000004
E441N,0.5005339999999979
E441M,0.30913900000000116
E441Y,0.4964324999999994
E441L,0.36578174999999896
E441I,0.407217249999999
E441H,0.28609775000000087
E441G,0.3409882500000011
E441F,0.5001744999999985
E441D,0.3999889999999997
E441C,0.23217700000000094
E441A,0.45487149999999815
E441K,0.4842814999999981
E441V,0.277551000000001
P442I,0.41166449999999927
P442C,0.24771025000000135
P442W,0.5175162499999977
P442V,0.2774860000000019
P442T,0.4084377500000012
P442S,0.36064625000000095
P442R,0.7528300000000023
P442Q,0.5389164999999972
P442A,0.43503199999999836
P442N,0.4785144999999977
P442L,0.4278779999999998
P442H,0.27481175000000124
P442G,0.3470905000000015
P442F,0.6127377499999969
P442E,0.43358249999999765
P442D,0.3950632499999999
P442M,0.29730775000000176
P442Y,0.5272217499999978
P442K,0.43584049999999874
N443M,0.30731725000000115
N443Y,0.49782724999999894
N443C,0.2248040000000009
N443V,0.2762672500000012
N443T,0.40893775000000054
N443S,0.341655000000001
N443R,0.7344722500000012
N443W,0.5007834999999988
N443Q,0.5461914999999968
N443D,0.4085692499999995
N443L,0.36767849999999913
N443K,0.48263824999999805
N443I,0.40021149999999905
N443H,0.2856415000000009
N443G,0.34422100000000116
N443P,0.3632990000000004
N443F,0.5184522499999982
N443A,0.45254449999999813
N443E,0.4875179999999976
R444D,0.36924599999999996
R444E,0.49923899999999727
R444F,0.4554874999999995
R444G,0.3392857500000012
R444H,0.2676997500000009
R444I,0.41915524999999887
R444W,0.4897409999999994
R444V,0.2712752500000005
R444M,0.3185845000000008
R444N,0.5052764999999976
R444P,0.3336412500000009
R444Q,0.5522814999999967
R444S,0.2771755000000009
R444T,0.4006890000000001
R444L,0.31498524999999844
R444K,0.5091512499999973
R444A,0.44528149999999833
R444Y,0.4766477499999999
R444C,0.20466925000000058
N445Q,0.5461914999999968
N445P,0.3632990000000004
N445M,0.30731725000000115
N445L,0.36767849999999913
N445K,0.48263824999999805
N445I,0.40021149999999905
N445H,0.2856415000000009
N445G,0.34422100000000116
N445F,0.5184522499999982
N445D,0.4085692499999995
N445C,0.2248040000000009
N445A,0.45254449999999813
N445T,0.40893775000000054
N445V,0.2762672500000012
N445W,0.5007834999999988
N445Y,0.49782724999999894
N445E,0.4875179999999976
N445R,0.7344722500000012
N445S,0.341655000000001
G446L,0.42291875000000095
G446H,0.24436300000000025
G446I,0.30702725000000003
G446K,0.31924074999999996
G446D,0.29224225000000026
G446M,0.24306875000000022
G446N,0.43668025000000016
G446P,0.3075710000000014
G446Q,0.4447897499999977
G446R,0.4385192499999996
G446S,0.2853092500000014
G446T,0.3240682500000013
G446V,0.18322575000000021
G446W,0.3008037499999988
G446Y,0.37827224999999937
G446C,0.21958225000000073
G446A,0.45359999999999867
G446E,0.2878907500000001
G446F,0.3786952499999981
H447W,0.4881702499999991
H447V,0.2689802500000008
H447T,0.4038047500000003
H447S,0.2995920000000012
H447R,0.7238715000000014
H447Q,0.540521249999997
H447D,0.3788562499999999
H447L,0.35064949999999884
H447K,0.47262724999999806
H447I,0.4139569999999989
H447G,0.3365295000000013
H447F,0.4987424999999988
H447E,0.46885049999999767
H447N,0.48649099999999784
H447P,0.3616150000000004
H447M,0.310863500000001
H447C,0.22612975000000068
H447Y,0.4868987499999996
H447A,0.44067524999999846
K448F,0.4592272499999993
K448Y,0.47218250000000006
K448C,0.21285075000000056
K448A,0.44768449999999843
K448W,0.4832982499999994
K448V,0.27091550000000064
K448T,0.4033527500000001
K448S,0.29989400000000105
K448R,0.7238600000000011
K448Q,0.5438344999999968
K448E,0.49401799999999746
K448N,0.5006272499999977
K448M,0.3122127500000008
K448L,0.3187904999999985
K448I,0.41507399999999905
K448H,0.27482475000000084
K448G,0.33954250000000125
K448D,0.38187874999999977
K448P,0.3393315000000007
V449F,0.4137537500000002
V449P,0.41263350000000004
V449T,0.36356825
V449D,0.305269750000001
V449C,0.33587800000000073
V449A,0.45782924999999886
V449S,0.3138105000000014
V449R,0.5248137499999997
V449Q,0.42273749999999927
V449W,0.3622077499999983
V449Y,0.47186375
V449M,0.25831000000000004
V449E,0.32788550000000005
V449L,0.510772000000001
V449K,0.32662650000000043
V449I,0.5105407499999997
V449H,0.2578280000000003
V449G,0.29333250000000033
V449N,0.3578507500000005
T450E,0.36580449999999914
T450W,0.4040132499999982
T450D,0.3459585000000005
T450S,0.3232737500000015
T450R,0.5757207500000003
T450Q,0.48755149999999753
T450P,0.3649880000000005
T450N,0.451551499999999
T450M,0.26984900000000084
T450K,0.3668632499999999
T450I,0.38651149999999906
T450H,0.26070275000000065
T450G,0.3362915000000013
T450F,0.48281299999999794
T450V,0.24137225000000082
T450L,0.4488205000000006
T450Y,0.4593979999999987
T450C,0.2487772500000011
T450A,0.4634102499999981
C451F,0.4680859999999994
C451G,0.3191487500000008
C451H,0.2547072500000005
C451I,0.4776174999999998
C451K,0.35295674999999993
C451L,0.48190975000000075
C451M,0.2548752500000006
C451N,0.38899974999999964
C451P,0.3642097500000004
C451Q,0.44081899999999835
C451R,0.5486855000000004
C451S,0.32623950000000157
C451T,0.3703102500000005
C451V,0.2754160000000013
C451W,0.37895849999999826
C451D,0.3339897500000004
C451A,0.4486954999999989
C451Y,0.451400999999999
C451E,0.35454174999999893
L452A,0.4164512500000005
L452C,0.27104125000000034
L452E,0.30742749999999913
L452F,0.3926619999999999
L452G,0.33291725000000055
L452H,0.27361500000000033
L452I,0.523766750000001
L452K,0.31043074999999964
L452M,0.22070200000000093
L452D,0.2951579999999999
L452N,0.3282672500000005
L452P,0.2676012500000001
L452Q,0.3404777499999986
L452R,0.46961599999999976
L452S,0.29797875000000174
L452T,0.35170500000000016
L452Y,0.3708384999999997
L452W,0.32142949999999987
L452V,0.2887590000000014
P453C,0.24771025000000135
P453A,0.43503199999999836
P453E,0.43358249999999765
P453Y,0.5272217499999978
P453W,0.5175162499999977
P453V,0.2774860000000019
P453T,0.4084377500000012
P453S,0.36064625000000095
P453R,0.7528300000000023
P453Q,0.5389164999999972
P453N,0.4785144999999977
P453M,0.29730775000000176
P453L,0.4278779999999998
P453K,0.43584049999999874
P453I,0.41166449999999927
P453H,0.27481175000000124
P453G,0.3470905000000015
P453F,0.6127377499999969
P453D,0.3950632499999999
W454Y,0.39019124999999943
W454C,0.25110075000000054
W454T,0.3546810000000003
W454D,0.3018137500000003
W454E,0.32163124999999954
W454F,0.43344474999999916
W454G,0.3284385000000007
W454H,0.2662642500000004
W454I,0.46202875000000015
W454V,0.2643042500000009
W454K,0.3256017499999999
W454A,0.4112485000000001
W454N,0.3592039999999999
W454P,0.2826982500000004
W454Q,0.3833627499999984
W454R,0.5015459999999999
W454S,0.29931225000000156
W454L,0.40196725000000005
W454M,0.23318250000000096
N455Y,0.49782724999999894
N455E,0.4875179999999976
N455C,0.2248040000000009
N455V,0.2762672500000012
N455T,0.40893775000000054
N455S,0.341655000000001
N455R,0.7344722500000012
N455Q,0.5461914999999968
N455D,0.4085692499999995
N455P,0.3632990000000004
N455L,0.36767849999999913
N455K,0.48263824999999805
N455I,0.40021149999999905
N455H,0.2856415000000009
N455G,0.34422100000000116
N455F,0.5184522499999982
N455W,0.5007834999999988
N455M,0.30731725000000115
N455A,0.45254449999999813
D456N,0.5016147499999978
D456Y,0.4956237499999989
D456W,0.49766549999999876
D456V,0.27238775000000115
D456S,0.33686875000000116
D456R,0.7359370000000014
D456Q,0.5455344999999968
D456P,0.3789832500000003
D456M,0.3029152500000012
D456T,0.4033775000000005
D456K,0.479255999999998
D456I,0.39260674999999906
D456H,0.281387000000001
D456G,0.34483550000000124
D456F,0.5220319999999979
D456E,0.49896249999999726
D456C,0.22340350000000087
D456A,0.4510417499999981
D456L,0.3667179999999991
E457D,0.3999889999999997
E457F,0.5001744999999985
E457G,0.3409882500000011
E457H,0.28609775000000087
E457I,0.407217249999999
E457K,0.4842814999999981
E457P,0.3623175000000004
E457M,0.30913900000000116
E457N,0.5005339999999979
E457T,0.40926825000000044
E457S,0.3347192500000011
E457C,0.23217700000000094
E457Q,0.546512499999997
E457L,0.36578174999999896
E457A,0.45487149999999815
E457R,0.727494250000001
E457W,0.49303074999999885
E457Y,0.4964324999999994
E457V,0.277551000000001
P458T,0.4084377500000012
P458A,0.43503199999999836
P458C,0.24771025000000135
P458D,0.3950632499999999
P458E,0.43358249999999765
P458F,0.6127377499999969
P458G,0.3470905000000015
P458V,0.2774860000000019
P458H,0.27481175000000124
P458W,0.5175162499999977
P458M,0.29730775000000176
P458N,0.4785144999999977
P458Q,0.5389164999999972
P458R,0.7528300000000023
P458S,0.36064625000000095
P458I,0.41166449999999927
P458K,0.43584049999999874
P458L,0.4278779999999998
P458Y,0.5272217499999978
L459W,0.32142949999999987
L459V,0.2887590000000014
L459T,0.35170500000000016
L459S,0.29797875000000174
L459R,0.46961599999999976
L459Q,0.3404777499999986
L459P,0.2676012500000001
L459N,0.3282672500000005
L459Y,0.3708384999999997
L459A,0.4164512500000005
L459K,0.31043074999999964
L459I,0.523766750000001
L459H,0.27361500000000033
L459G,0.33291725000000055
L459F,0.3926619999999999
L459E,0.30742749999999913
L459D,0.2951579999999999
L459C,0.27104125000000034
L459M,0.22070200000000093
A460K,0.34928900000000007
A460I,0.3941784999999994
A460N,0.43031024999999945
A460E,0.3439372499999993
A460D,0.32846575000000056
A460V,0.24018525000000082
A460T,0.3626962500000008
A460S,0.3198067500000016
A460R,0.5339525000000002
A460Q,0.46049924999999786
A460P,0.3534202500000005
A460Y,0.44258924999999905
A460M,0.2551967500000006
A460C,0.2586530000000009
A460L,0.44260775000000047
A460F,0.4628059999999983
A460G,0.3331590000000012
A460H,0.25159700000000057
A460W,0.36977224999999825
A461D,0.32846575000000056
A461Y,0.44258924999999905
A461W,0.36977224999999825
A461N,0.43031024999999945
A461E,0.3439372499999993
A461Q,0.46049924999999786
A461C,0.2586530000000009
A461R,0.5339525000000002
A461T,0.3626962500000008
A461V,0.24018525000000082
A461P,0.3534202500000005
A461S,0.3198067500000016
A461L,0.44260775000000047
A461K,0.34928900000000007
A461I,0.3941784999999994
A461H,0.25159700000000057
A461G,0.3331590000000012
A461F,0.4628059999999983
A461M,0.2551967500000006
E462Q,0.546512499999997
E462R,0.727494250000001
E462S,0.3347192500000011
E462A,0.45487149999999815
E462C,0.23217700000000094
E462D,0.3999889999999997
E462F,0.5001744999999985
E462H,0.28609775000000087
E462G,0.3409882500000011
E462K,0.4842814999999981
E462L,0.36578174999999896
E462M,0.30913900000000116
E462N,0.5005339999999979
E462P,0.3623175000000004
E462Y,0.4964324999999994
E462W,0.49303074999999885
E462V,0.277551000000001
E462I,0.407217249999999
E462T,0.40926825000000044
T463I,0.38651149999999906
T463H,0.26070275000000065
T463D,0.3459585000000005
T463E,0.36580449999999914
T463K,0.3668632499999999
T463G,0.3362915000000013
T463L,0.4488205000000006
T463F,0.48281299999999794
T463N,0.451551499999999
T463Y,0.4593979999999987
T463M,0.26984900000000084
T463W,0.4040132499999982
T463C,0.2487772500000011
T463V,0.24137225000000082
T463S,0.3232737500000015
T463R,0.5757207500000003
T463P,0.3649880000000005
T463Q,0.48755149999999753
T463A,0.4634102499999981
S464A,0.4672369999999982
S464C,0.23899425000000105
S464D,0.3428290000000004
S464E,0.36698124999999915
S464F,0.4828252499999978
S464G,0.34084550000000136
S464H,0.25946500000000056
S464I,0.3597764999999995
S464L,0.4370367500000006
S464M,0.26666775000000076
S464N,0.45871999999999885
S464Q,0.49564749999999747
S464R,0.5663387500000003
S464T,0.37859125000000077
S464V,0.22724425000000067
S464Y,0.4506952499999985
S464W,0.3952304999999983
S464K,0.36014375
S464P,0.3610900000000005
L465A,0.4164512500000005
L465F,0.3926619999999999
L465G,0.33291725000000055
L465E,0.30742749999999913
L465D,0.2951579999999999
L465C,0.27104125000000034
L465H,0.27361500000000033
L465K,0.31043074999999964
L465M,0.22070200000000093
L465N,0.3282672500000005
L465I,0.523766750000001
L465Q,0.3404777499999986
L465R,0.46961599999999976
L465Y,0.3708384999999997
L465W,0.32142949999999987
L465S,0.29797875000000174
L465V,0.2887590000000014
L465T,0.35170500000000016
L465P,0.2676012500000001
L466V,0.2887590000000014
L466W,0.32142949999999987
L466D,0.2951579999999999
L466E,0.30742749999999913
L466F,0.3926619999999999
L466I,0.523766750000001
L466H,0.27361500000000033
L466K,0.31043074999999964
L466M,0.22070200000000093
L466N,0.3282672500000005
L466P,0.2676012500000001
L466R,0.46961599999999976
L466S,0.29797875000000174
L466T,0.35170500000000016
L466G,0.33291725000000055
L466Q,0.3404777499999986
L466Y,0.3708384999999997
L466A,0.4164512500000005
L466C,0.27104125000000034
K467S,0.29989400000000105
K467Y,0.47218250000000006
K467W,0.4832982499999994
K467V,0.27091550000000064
K467T,0.4033527500000001
K467R,0.7238600000000011
K467Q,0.5438344999999968
K467P,0.3393315000000007
K467N,0.5006272499999977
K467M,0.3122127500000008
K467L,0.3187904999999985
K467A,0.44768449999999843
K467H,0.27482475000000084
K467G,0.33954250000000125
K467F,0.4592272499999993
K467E,0.49401799999999746
K467D,0.38187874999999977
K467C,0.21285075000000056
K467I,0.41507399999999905
E468D,0.3999889999999997
E468F,0.5001744999999985
E468G,0.3409882500000011
E468Y,0.4964324999999994
E468W,0.49303074999999885
E468V,0.277551000000001
E468T,0.40926825000000044
E468S,0.3347192500000011
E468N,0.5005339999999979
E468Q,0.546512499999997
E468P,0.3623175000000004
E468M,0.30913900000000116
E468L,0.36578174999999896
E468K,0.4842814999999981
E468H,0.28609775000000087
E468I,0.407217249999999
E468A,0.45487149999999815
E468R,0.727494250000001
E468C,0.23217700000000094
E469I,0.407217249999999
E469A,0.45487149999999815
E469V,0.277551000000001
E469T,0.40926825000000044
E469S,0.3347192500000011
E469Q,0.546512499999997
E469P,0.3623175000000004
E469N,0.5005339999999979
E469W,0.49303074999999885
E469M,0.30913900000000116
E469K,0.4842814999999981
E469H,0.28609775000000087
E469G,0.3409882500000011
E469F,0.5001744999999985
E469D,0.3999889999999997
E469C,0.23217700000000094
E469L,0.36578174999999896
E469Y,0.4964324999999994
E469R,0.727494250000001
L470E,0.30742749999999913
L470A,0.4164512500000005
L470C,0.27104125000000034
L470Y,0.3708384999999997
L470W,0.32142949999999987
L470D,0.2951579999999999
L470T,0.35170500000000016
L470S,0.29797875000000174
L470R,0.46961599999999976
L470Q,0.3404777499999986
L470V,0.2887590000000014
L470N,0.3282672500000005
L470F,0.3926619999999999
L470P,0.2676012500000001
L470H,0.27361500000000033
L470G,0.33291725000000055
L470K,0.31043074999999964
L470M,0.22070200000000093
L470I,0.523766750000001
L471P,0.2676012500000001
L471C,0.27104125000000034
L471Y,0.3708384999999997
L471W,0.32142949999999987
L471V,0.2887590000000014
L471T,0.35170500000000016
L471S,0.29797875000000174
L471R,0.46961599999999976
L471Q,0.3404777499999986
L471N,0.3282672500000005
L471A,0.4164512500000005
L471K,0.31043074999999964
L471I,0.523766750000001
L471H,0.27361500000000033
L471G,0.33291725000000055
L471F,0.3926619999999999
L471E,0.30742749999999913
L471D,0.2951579999999999
L471M,0.22070200000000093
R472Y,0.4766477499999999
R472W,0.4897409999999994
R472V,0.2712752500000005
R472T,0.4006890000000001
R472Q,0.5522814999999967
R472P,0.3336412500000009
R472N,0.5052764999999976
R472M,0.3185845000000008
R472S,0.2771755000000009
R472K,0.5091512499999973
R472L,0.31498524999999844
R472A,0.44528149999999833
R472D,0.36924599999999996
R472E,0.49923899999999727
R472C,0.20466925000000058
R472G,0.3392857500000012
R472H,0.2676997500000009
R472I,0.41915524999999887
R472F,0.4554874999999995
V473T,0.36356825
V473S,0.3138105000000014
V473R,0.5248137499999997
V473Q,0.42273749999999927
V473P,0.41263350000000004
V473N,0.3578507500000005
V473M,0.25831000000000004
V473H,0.2578280000000003
V473K,0.32662650000000043
V473I,0.5105407499999997
V473G,0.29333250000000033
V473F,0.4137537500000002
V473E,0.32788550000000005
V473D,0.305269750000001
V473W,0.3622077499999983
V473L,0.510772000000001
V473Y,0.47186375
V473C,0.33587800000000073
V473A,0.45782924999999886
N474A,0.45254449999999813
N474Y,0.49782724999999894
N474W,0.5007834999999988
N474V,0.2762672500000012
N474T,0.40893775000000054
N474S,0.341655000000001
N474Q,0.5461914999999968
N474P,0.3632990000000004
N474M,0.30731725000000115
N474L,0.36767849999999913
N474K,0.48263824999999805
N474I,0.40021149999999905
N474H,0.2856415000000009
N474G,0.34422100000000116
N474F,0.5184522499999982
N474E,0.4875179999999976
N474D,0.4085692499999995
N474C,0.2248040000000009
N474R,0.7344722500000012
R475M,0.3185845000000008
R475Y,0.4766477499999999
R475C,0.20466925000000058
R475D,0.36924599999999996
R475E,0.49923899999999727
R475F,0.4554874999999995
R475G,0.3392857500000012
R475H,0.2676997500000009
R475I,0.41915524999999887
R475K,0.5091512499999973
R475L,0.31498524999999844
R475N,0.5052764999999976
R475P,0.3336412500000009
R475Q,0.5522814999999967
R475S,0.2771755000000009
R475T,0.4006890000000001
R475V,0.2712752500000005
R475A,0.44528149999999833
R475W,0.4897409999999994
Q476Y,0.48971474999999975
Q476L,0.34745524999999877
Q476D,0.3803104999999999
Q476E,0.4882039999999976
Q476F,0.4849769999999989
Q476G,0.33733800000000125
Q476H,0.2695837500000009
Q476I,0.4122697499999988
Q476K,0.4961634999999977
Q476C,0.22189050000000077
Q476A,0.4474074999999982
Q476N,0.5049002499999977
Q476P,0.3525200000000005
Q476R,0.7312197500000015
Q476S,0.294192000000001
Q476T,0.4019672500000003
Q476V,0.2715525000000007
Q476W,0.4896359999999993
Q476M,0.3180250000000009
G477A,0.45359999999999867
G477W,0.3008037499999988
G477T,0.3240682500000013
G477R,0.4385192499999996
G477Q,0.4447897499999977
G477P,0.3075710000000014
G477N,0.43668025000000016
G477M,0.24306875000000022
G477L,0.42291875000000095
G477K,0.31924074999999996
G477S,0.2853092500000014
G477Y,0.37827224999999937
G477I,0.30702725000000003
G477H,0.24436300000000025
G477F,0.3786952499999981
G477E,0.2878907500000001
G477D,0.29224225000000026
G477C,0.21958225000000073
G477V,0.18322575000000021
I478W,0.33448349999999927
I478C,0.2900580000000003
I478V,0.3299680000000012
I478T,0.3561535
I478S,0.29164775000000165
I478R,0.4775547499999997
I478Q,0.35511199999999876
I478P,0.30248775000000017
I478N,0.3261060000000007
I478M,0.2407657500000007
I478K,0.32341025
I478H,0.2842985000000003
I478G,0.3233437500000003
I478F,0.38691374999999995
I478E,0.3125894999999996
I478D,0.3033272500000002
I478A,0.4176715000000002
I478L,0.4500102500000008
I478Y,0.40811649999999966
L479D,0.2951579999999999
L479A,0.4164512500000005
L479F,0.3926619999999999
L479G,0.33291725000000055
L479H,0.27361500000000033
L479I,0.523766750000001
L479K,0.31043074999999964
L479M,0.22070200000000093
L479C,0.27104125000000034
L479N,0.3282672500000005
L479Q,0.3404777499999986
L479R,0.46961599999999976
L479S,0.29797875000000174
L479T,0.35170500000000016
L479V,0.2887590000000014
L479W,0.32142949999999987
L479Y,0.3708384999999997
L479P,0.2676012500000001
L479E,0.30742749999999913
T480S,0.3232737500000015
T480A,0.4634102499999981
T480R,0.5757207500000003
T480Q,0.48755149999999753
T480P,0.3649880000000005
T480N,0.451551499999999
T480M,0.26984900000000084
T480L,0.4488205000000006
T480Y,0.4593979999999987
T480K,0.3668632499999999
T480H,0.26070275000000065
T480G,0.3362915000000013
T480F,0.48281299999999794
T480E,0.36580449999999914
T480D,0.3459585000000005
T480C,0.2487772500000011
T480I,0.38651149999999906
T480W,0.4040132499999982
T480V,0.24137225000000082
I481V,0.3299680000000012
I481R,0.4775547499999997
I481Q,0.35511199999999876
I481P,0.30248775000000017
I481N,0.3261060000000007
I481M,0.2407657500000007
I481L,0.4500102500000008
I481K,0.32341025
I481S,0.29164775000000165
I481H,0.2842985000000003
I481F,0.38691374999999995
I481E,0.3125894999999996
I481D,0.3033272500000002
I481C,0.2900580000000003
I481A,0.4176715000000002
I481Y,0.40811649999999966
I481W,0.33448349999999927
I481G,0.3233437500000003
I481T,0.3561535
N482E,0.4875179999999976
N482Y,0.49782724999999894
N482F,0.5184522499999982
N482G,0.34422100000000116
N482H,0.2856415000000009
N482I,0.40021149999999905
N482K,0.48263824999999805
N482L,0.36767849999999913
N482D,0.4085692499999995
N482M,0.30731725000000115
N482Q,0.5461914999999968
N482R,0.7344722500000012
N482S,0.341655000000001
N482T,0.40893775000000054
N482V,0.2762672500000012
N482W,0.5007834999999988
N482P,0.3632990000000004
N482C,0.2248040000000009
N482A,0.45254449999999813
S483M,0.26666775000000076
S483C,0.23899425000000105
S483W,0.3952304999999983
S483V,0.22724425000000067
S483T,0.37859125000000077
S483R,0.5663387500000003
S483Q,0.49564749999999747
S483P,0.3610900000000005
S483N,0.45871999999999885
S483A,0.4672369999999982
S483L,0.4370367500000006
S483K,0.36014375
S483I,0.3597764999999995
S483H,0.25946500000000056
S483G,0.34084550000000136
S483F,0.4828252499999978
S483E,0.36698124999999915
S483D,0.3428290000000004
S483Y,0.4506952499999985
Q484W,0.4896359999999993
Q484Y,0.48971474999999975
Q484F,0.4849769999999989
Q484D,0.3803104999999999
Q484E,0.4882039999999976
Q484G,0.33733800000000125
Q484H,0.2695837500000009
Q484I,0.4122697499999988
Q484K,0.4961634999999977
Q484A,0.4474074999999982
Q484L,0.34745524999999877
Q484N,0.5049002499999977
Q484P,0.3525200000000005
Q484R,0.7312197500000015
Q484S,0.294192000000001
Q484T,0.4019672500000003
Q484V,0.2715525000000007
Q484M,0.3180250000000009
Q484C,0.22189050000000077
P485W,0.5175162499999977
P485V,0.2774860000000019
P485C,0.24771025000000135
P485T,0.4084377500000012
P485S,0.36064625000000095
P485R,0.7528300000000023
P485A,0.43503199999999836
P485N,0.4785144999999977
P485M,0.29730775000000176
P485L,0.4278779999999998
P485Q,0.5389164999999972
P485I,0.41166449999999927
P485K,0.43584049999999874
P485Y,0.5272217499999978
P485D,0.3950632499999999
P485G,0.3470905000000015
P485F,0.6127377499999969
P485H,0.27481175000000124
P485E,0.43358249999999765
N486K,0.48263824999999805
N486A,0.45254449999999813
N486D,0.4085692499999995
N486E,0.4875179999999976
N486F,0.5184522499999982
N486G,0.34422100000000116
N486H,0.2856415000000009
N486I,0.40021149999999905
N486C,0.2248040000000009
N486L,0.36767849999999913
N486P,0.3632990000000004
N486Q,0.5461914999999968
N486R,0.7344722500000012
N486S,0.341655000000001
N486T,0.40893775000000054
N486V,0.2762672500000012
N486W,0.5007834999999988
N486Y,0.49782724999999894
N486M,0.30731725000000115
I487D,0.3033272500000002
I487E,0.3125894999999996
I487F,0.38691374999999995
I487H,0.2842985000000003
I487K,0.32341025
I487L,0.4500102500000008
I487M,0.2407657500000007
I487R,0.4775547499999997
I487P,0.30248775000000017
I487Q,0.35511199999999876
I487C,0.2900580000000003
I487S,0.29164775000000165
I487T,0.3561535
I487V,0.3299680000000012
I487W,0.33448349999999927
I487N,0.3261060000000007
I487A,0.4176715000000002
I487G,0.3233437500000003
I487Y,0.40811649999999966
N488A,0.45254449999999813
N488C,0.2248040000000009
N488Y,0.49782724999999894
N488D,0.4085692499999995
N488E,0.4875179999999976
N488F,0.5184522499999982
N488G,0.34422100000000116
N488H,0.2856415000000009
N488I,0.40021149999999905
N488W,0.5007834999999988
N488L,0.36767849999999913
N488M,0.30731725000000115
N488P,0.3632990000000004
N488Q,0.5461914999999968
N488R,0.7344722500000012
N488V,0.2762672500000012
N488T,0.40893775000000054
N488S,0.341655000000001
N488K,0.48263824999999805
G489A,0.45359999999999867
G489C,0.21958225000000073
G489D,0.29224225000000026
G489E,0.2878907500000001
G489F,0.3786952499999981
G489H,0.24436300000000025
G489I,0.30702725000000003
G489N,0.43668025000000016
G489L,0.42291875000000095
G489M,0.24306875000000022
G489P,0.3075710000000014
G489Q,0.4447897499999977
G489R,0.4385192499999996
G489S,0.2853092500000014
G489V,0.18322575000000021
G489W,0.3008037499999988
G489Y,0.37827224999999937
G489K,0.31924074999999996
G489T,0.3240682500000013
K490A,0.44768449999999843
K490N,0.5006272499999977
K490V,0.27091550000000064
K490T,0.4033527500000001
K490S,0.29989400000000105
K490R,0.7238600000000011
K490Q,0.5438344999999968
K490P,0.3393315000000007
K490M,0.3122127500000008
K490L,0.3187904999999985
K490W,0.4832982499999994
K490I,0.41507399999999905
K490G,0.33954250000000125
K490F,0.4592272499999993
K490E,0.49401799999999746
K490D,0.38187874999999977
K490C,0.21285075000000056
K490H,0.27482475000000084
K490Y,0.47218250000000006
P491T,0.4084377500000012
P491S,0.36064625000000095
P491R,0.7528300000000023
P491Q,0.5389164999999972
P491Y,0.5272217499999978
P491V,0.2774860000000019
P491W,0.5175162499999977
P491A,0.43503199999999836
P491N,0.4785144999999977
P491M,0.29730775000000176
P491L,0.4278779999999998
P491K,0.43584049999999874
P491I,0.41166449999999927
P491H,0.27481175000000124
P491G,0.3470905000000015
P491F,0.6127377499999969
P491E,0.43358249999999765
P491D,0.3950632499999999
P491C,0.24771025000000135
S492V,0.22724425000000067
S492T,0.37859125000000077
S492R,0.5663387500000003
S492Q,0.49564749999999747
S492P,0.3610900000000005
S492N,0.45871999999999885
S492L,0.4370367500000006
S492G,0.34084550000000136
S492I,0.3597764999999995
S492H,0.25946500000000056
S492W,0.3952304999999983
S492F,0.4828252499999978
S492E,0.36698124999999915
S492D,0.3428290000000004
S492C,0.23899425000000105
S492A,0.4672369999999982
S492K,0.36014375
S492Y,0.4506952499999985
S492M,0.26666775000000076
S493C,0.23899425000000105
S493A,0.4672369999999982
S493W,0.3952304999999983
S493V,0.22724425000000067
S493T,0.37859125000000077
S493R,0.5663387500000003
S493Q,0.49564749999999747
S493P,0.3610900000000005
S493N,0.45871999999999885
S493M,0.26666775000000076
S493Y,0.4506952499999985
S493K,0.36014375
S493I,0.3597764999999995
S493H,0.25946500000000056
S493G,0.34084550000000136
S493F,0.4828252499999978
S493E,0.36698124999999915
S493D,0.3428290000000004
S493L,0.4370367500000006
D494F,0.5220319999999979
D494A,0.4510417499999981
D494C,0.22340350000000087
D494G,0.34483550000000124
D494H,0.281387000000001
D494I,0.39260674999999906
D494K,0.479255999999998
D494L,0.3667179999999991
D494Q,0.5455344999999968
D494N,0.5016147499999978
D494P,0.3789832500000003
D494R,0.7359370000000014
D494S,0.33686875000000116
D494T,0.4033775000000005
D494V,0.27238775000000115
D494Y,0.4956237499999989
D494W,0.49766549999999876
D494M,0.3029152500000012
D494E,0.49896249999999726
P495A,0.43503199999999836
P495Y,0.5272217499999978
P495C,0.24771025000000135
P495E,0.43358249999999765
P495F,0.6127377499999969
P495G,0.3470905000000015
P495H,0.27481175000000124
P495I,0.41166449999999927
P495K,0.43584049999999874
P495D,0.3950632499999999
P495L,0.4278779999999998
P495N,0.4785144999999977
P495Q,0.5389164999999972
P495R,0.7528300000000023
P495S,0.36064625000000095
P495T,0.4084377500000012
P495V,0.2774860000000019
P495M,0.29730775000000176
P495W,0.5175162499999977
I496D,0.3033272500000002
I496C,0.2900580000000003
I496F,0.38691374999999995
I496G,0.3233437500000003
I496H,0.2842985000000003
I496K,0.32341025
I496L,0.4500102500000008
I496M,0.2407657500000007
I496A,0.4176715000000002
I496N,0.3261060000000007
I496Q,0.35511199999999876
I496R,0.4775547499999997
I496S,0.29164775000000165
I496T,0.3561535
I496V,0.3299680000000012
I496W,0.33448349999999927
I496P,0.30248775000000017
I496E,0.3125894999999996
I496Y,0.40811649999999966
V497F,0.4137537500000002
V497E,0.32788550000000005
V497A,0.45782924999999886
V497C,0.33587800000000073
V497D,0.305269750000001
V497Y,0.47186375
V497W,0.3622077499999983
V497S,0.3138105000000014
V497R,0.5248137499999997
V497T,0.36356825
V497P,0.41263350000000004
V497N,0.3578507500000005
V497M,0.25831000000000004
V497L,0.510772000000001
V497K,0.32662650000000043
V497I,0.5105407499999997
V497H,0.2578280000000003
V497G,0.29333250000000033
V497Q,0.42273749999999927
G498M,0.24306875000000022
G498H,0.24436300000000025
G498I,0.30702725000000003
G498K,0.31924074999999996
G498L,0.42291875000000095
G498N,0.43668025000000016
G498W,0.3008037499999988
G498Q,0.4447897499999977
G498R,0.4385192499999996
G498S,0.2853092500000014
G498T,0.3240682500000013
G498V,0.18322575000000021
G498F,0.3786952499999981
G498Y,0.37827224999999937
G498P,0.3075710000000014
G498E,0.2878907500000001
G498A,0.45359999999999867
G498C,0.21958225000000073
G498D,0.29224225000000026
W499Y,0.39019124999999943
W499V,0.2643042500000009
W499A,0.4112485000000001
W499C,0.25110075000000054
W499D,0.3018137500000003
W499E,0.32163124999999954
W499F,0.43344474999999916
W499G,0.3284385000000007
W499H,0.2662642500000004
W499K,0.3256017499999999
W499L,0.40196725000000005
W499M,0.23318250000000096
W499P,0.2826982500000004
W499Q,0.3833627499999984
W499R,0.5015459999999999
W499S,0.29931225000000156
W499T,0.3546810000000003
W499I,0.46202875000000015
W499N,0.3592039999999999
G500A,0.45359999999999867
G500C,0.21958225000000073
G500W,0.3008037499999988
G500V,0.18322575000000021
G500T,0.3240682500000013
G500S,0.2853092500000014
G500R,0.4385192499999996
G500Q,0.4447897499999977
G500P,0.3075710000000014
G500Y,0.37827224999999937
G500N,0.43668025000000016
G500L,0.42291875000000095
G500K,0.31924074999999996
G500I,0.30702725000000003
G500H,0.24436300000000025
G500F,0.3786952499999981
G500E,0.2878907500000001
G500D,0.29224225000000026
G500M,0.24306875000000022
P501A,0.43503199999999836
P501C,0.24771025000000135
P501Q,0.5389164999999972
P501Y,0.5272217499999978
P501W,0.5175162499999977
P501V,0.2774860000000019
P501T,0.4084377500000012
P501S,0.36064625000000095
P501R,0.7528300000000023
P501N,0.4785144999999977
P501M,0.29730775000000176
P501L,0.4278779999999998
P501K,0.43584049999999874
P501I,0.41166449999999927
P501G,0.3470905000000015
P501F,0.6127377499999969
P501E,0.43358249999999765
P501D,0.3950632499999999
P501H,0.27481175000000124
S502W,0.3952304999999983
S502A,0.4672369999999982
S502C,0.23899425000000105
S502D,0.3428290000000004
S502E,0.36698124999999915
S502F,0.4828252499999978
S502G,0.34084550000000136
S502Y,0.4506952499999985
S502I,0.3597764999999995
S502K,0.36014375
S502H,0.25946500000000056
S502L,0.4370367500000006
S502M,0.26666775000000076
S502N,0.45871999999999885
S502P,0.3610900000000005
S502Q,0.49564749999999747
S502R,0.5663387500000003
S502T,0.37859125000000077
S502V,0.22724425000000067
G503A,0.45359999999999867
G503F,0.3786952499999981
G503H,0.24436300000000025
G503I,0.30702725000000003
G503K,0.31924074999999996
G503L,0.42291875000000095
G503E,0.2878907500000001
G503N,0.43668025000000016
G503M,0.24306875000000022
G503Q,0.4447897499999977
G503R,0.4385192499999996
G503S,0.2853092500000014
G503T,0.3240682500000013
G503V,0.18322575000000021
G503W,0.3008037499999988
G503Y,0.37827224999999937
G503D,0.29224225000000026
G503P,0.3075710000000014
G503C,0.21958225000000073
G504A,0.45359999999999867
G504Y,0.37827224999999937
G504W,0.3008037499999988
G504V,0.18322575000000021
G504T,0.3240682500000013
G504S,0.2853092500000014
G504Q,0.4447897499999977
G504P,0.3075710000000014
G504N,0.43668025000000016
G504M,0.24306875000000022
G504R,0.4385192499999996
G504K,0.31924074999999996
G504I,0.30702725000000003
G504H,0.24436300000000025
G504F,0.3786952499999981
G504E,0.2878907500000001
G504D,0.29224225000000026
G504C,0.21958225000000073
G504L,0.42291875000000095
Y505K,0.424673999999999
Y505I,0.4522737499999996
Y505H,0.2720787500000009
Y505D,0.3603590000000005
Y505F,0.5346669999999986
Y505E,0.4181832499999979
Y505L,0.38409524999999933
Y505G,0.32176525000000117
Y505M,0.2908392500000011
Y505C,0.24558950000000082
Y505P,0.35445675000000065
Y505Q,0.5055282499999975
Y505R,0.7009750000000013
Y505S,0.32050475000000156
Y505T,0.3890315000000007
Y505V,0.2803927500000012
Y505W,0.4791302499999983
Y505A,0.4195569999999991
Y505N,0.44200374999999836
V506D,0.305269750000001
V506E,0.32788550000000005
V506N,0.3578507500000005
V506T,0.36356825
V506S,0.3138105000000014
V506R,0.5248137499999997
V506Q,0.42273749999999927
V506P,0.41263350000000004
V506M,0.25831000000000004
V506L,0.510772000000001
V506K,0.32662650000000043
V506I,0.5105407499999997
V506H,0.2578280000000003
V506G,0.29333250000000033
V506F,0.4137537500000002
V506C,0.33587800000000073
V506A,0.45782924999999886
V506W,0.3622077499999983
V506Y,0.47186375
F507H,0.2711990000000004
F507Y,0.37961799999999946
F507W,0.3501324999999994
F507D,0.29431550000000023
F507V,0.26806675000000113
F507T,0.34695675000000015
F507S,0.3011547500000016
F507R,0.48515649999999994
F507Q,0.3550432499999985
F507P,0.2751055000000002
F507N,0.33823725000000027
F507M,0.230982750000001
F507C,0.25985550000000046
F507A,0.40668575000000035
F507I,0.4986612500000007
F507L,0.41728000000000043
F507G,0.32515800000000056
F507E,0.3127054999999992
F507K,0.3135739999999998
Q508Y,0.48971474999999975
Q508S,0.294192000000001
Q508R,0.7312197500000015
Q508P,0.3525200000000005
Q508N,0.5049002499999977
Q508M,0.3180250000000009
Q508L,0.34745524999999877
Q508K,0.4961634999999977
Q508I,0.4122697499999988
Q508H,0.2695837500000009
Q508F,0.4849769999999989
Q508E,0.4882039999999976
Q508D,0.3803104999999999
Q508C,0.22189050000000077
Q508A,0.4474074999999982
Q508W,0.4896359999999993
Q508G,0.33733800000000125
Q508V,0.2715525000000007
Q508T,0.4019672500000003
K509C,0.21285075000000056
K509A,0.44768449999999843
K509D,0.38187874999999977
K509E,0.49401799999999746
K509F,0.4592272499999993
K509G,0.33954250000000125
K509H,0.27482475000000084
K509L,0.3187904999999985
K509M,0.3122127500000008
K509I,0.41507399999999905
K509P,0.3393315000000007
K509Q,0.5438344999999968
K509R,0.7238600000000011
K509S,0.29989400000000105
K509T,0.4033527500000001
K509V,0.27091550000000064
K509W,0.4832982499999994
K509Y,0.47218250000000006
K509N,0.5006272499999977
A510E,0.3439372499999993
A510D,0.32846575000000056
A510C,0.2586530000000009
A510H,0.25159700000000057
A510I,0.3941784999999994
A510K,0.34928900000000007
A510L,0.44260775000000047
A510R,0.5339525000000002
A510N,0.43031024999999945
A510P,0.3534202500000005
A510Q,0.46049924999999786
A510S,0.3198067500000016
A510T,0.3626962500000008
A510V,0.24018525000000082
A510W,0.36977224999999825
A510M,0.2551967500000006
A510Y,0.44258924999999905
A510G,0.3331590000000012
A510F,0.4628059999999983
Y511W,0.4791302499999983
Y511V,0.2803927500000012
Y511A,0.4195569999999991
Y511C,0.24558950000000082
Y511D,0.3603590000000005
Y511E,0.4181832499999979
Y511F,0.5346669999999986
Y511H,0.2720787500000009
Y511I,0.4522737499999996
Y511K,0.424673999999999
Y511G,0.32176525000000117
Y511M,0.2908392500000011
Y511N,0.44200374999999836
Y511P,0.35445675000000065
Y511Q,0.5055282499999975
Y511R,0.7009750000000013
Y511S,0.32050475000000156
Y511T,0.3890315000000007
Y511L,0.38409524999999933
L512Q,0.3404777499999986
L512R,0.46961599999999976
L512S,0.29797875000000174
L512W,0.32142949999999987
L512V,0.2887590000000014
L512Y,0.3708384999999997
L512P,0.2676012500000001
L512T,0.35170500000000016
L512N,0.3282672500000005
L512A,0.4164512500000005
L512K,0.31043074999999964
L512I,0.523766750000001
L512H,0.27361500000000033
L512G,0.33291725000000055
L512F,0.3926619999999999
L512E,0.30742749999999913
L512D,0.2951579999999999
L512C,0.27104125000000034
L512M,0.22070200000000093
E513V,0.277551000000001
E513W,0.49303074999999885
E513Y,0.4964324999999994
E513I,0.407217249999999
E513F,0.5001744999999985
E513H,0.28609775000000087
E513D,0.3999889999999997
E513K,0.4842814999999981
E513L,0.36578174999999896
E513M,0.30913900000000116
E513N,0.5005339999999979
E513P,0.3623175000000004
E513Q,0.546512499999997
E513R,0.727494250000001
E513S,0.3347192500000011
E513T,0.40926825000000044
E513C,0.23217700000000094
E513A,0.45487149999999815
E513G,0.3409882500000011
F514W,0.3501324999999994
F514Q,0.3550432499999985
F514P,0.2751055000000002
F514N,0.33823725000000027
F514M,0.230982750000001
F514L,0.41728000000000043
F514K,0.3135739999999998
F514I,0.4986612500000007
F514H,0.2711990000000004
F514G,0.32515800000000056
F514E,0.3127054999999992
F514D,0.29431550000000023
F514C,0.25985550000000046
F514R,0.48515649999999994
F514V,0.26806675000000113
F514T,0.34695675000000015
F514S,0.3011547500000016
F514Y,0.37961799999999946
F514A,0.40668575000000035
F515A,0.40668575000000035
F515C,0.25985550000000046
F515D,0.29431550000000023
F515E,0.3127054999999992
F515G,0.32515800000000056
F515H,0.2711990000000004
F515I,0.4986612500000007
F515K,0.3135739999999998
F515L,0.41728000000000043
F515M,0.230982750000001
F515N,0.33823725000000027
F515P,0.2751055000000002
F515V,0.26806675000000113
F515R,0.48515649999999994
F515S,0.3011547500000016
F515T,0.34695675000000015
F515Q,0.3550432499999985
F515W,0.3501324999999994
F515Y,0.37961799999999946
T516L,0.4488205000000006
T516Y,0.4593979999999987
T516W,0.4040132499999982
T516V,0.24137225000000082
T516S,0.3232737500000015
T516R,0.5757207500000003
T516Q,0.48755149999999753
T516P,0.3649880000000005
T516A,0.4634102499999981
T516D,0.3459585000000005
T516E,0.36580449999999914
T516F,0.48281299999999794
T516G,0.3362915000000013
T516N,0.451551499999999
T516I,0.38651149999999906
T516K,0.3668632499999999
T516M,0.26984900000000084
T516H,0.26070275000000065
T516C,0.2487772500000011
S517D,0.3428290000000004
S517C,0.23899425000000105
S517A,0.4672369999999982
S517Y,0.4506952499999985
S517W,0.3952304999999983
S517V,0.22724425000000067
S517T,0.37859125000000077
S517R,0.5663387500000003
S517Q,0.49564749999999747
S517P,0.3610900000000005
S517N,0.45871999999999885
S517M,0.26666775000000076
S517L,0.4370367500000006
S517K,0.36014375
S517I,0.3597764999999995
S517H,0.25946500000000056
S517G,0.34084550000000136
S517F,0.4828252499999978
S517E,0.36698124999999915
R518A,0.44528149999999833
R518W,0.4897409999999994
R518Y,0.4766477499999999
R518V,0.2712752500000005
R518T,0.4006890000000001
R518S,0.2771755000000009
R518Q,0.5522814999999967
R518P,0.3336412500000009
R518N,0.5052764999999976
R518M,0.3185845000000008
R518L,0.31498524999999844
R518K,0.5091512499999973
R518I,0.41915524999999887
R518H,0.2676997500000009
R518G,0.3392857500000012
R518F,0.4554874999999995
R518E,0.49923899999999727
R518D,0.36924599999999996
R518C,0.20466925000000058
E519Y,0.4964324999999994
E519W,0.49303074999999885
E519A,0.45487149999999815
E519D,0.3999889999999997
E519C,0.23217700000000094
E519F,0.5001744999999985
E519G,0.3409882500000011
E519I,0.407217249999999
E519K,0.4842814999999981
E519L,0.36578174999999896
E519H,0.28609775000000087
E519N,0.5005339999999979
E519P,0.3623175000000004
E519Q,0.546512499999997
E519R,0.727494250000001
E519S,0.3347192500000011
E519T,0.40926825000000044
E519V,0.277551000000001
E519M,0.30913900000000116
T520I,0.38651149999999906
T520A,0.4634102499999981
T520C,0.2487772500000011
T520D,0.3459585000000005
T520E,0.36580449999999914
T520F,0.48281299999999794
T520G,0.3362915000000013
T520K,0.3668632499999999
T520H,0.26070275000000065
T520M,0.26984900000000084
T520N,0.451551499999999
T520P,0.3649880000000005
T520Q,0.48755149999999753
T520R,0.5757207500000003
T520S,0.3232737500000015
T520W,0.4040132499999982
T520Y,0.4593979999999987
T520L,0.4488205000000006
T520V,0.24137225000000082
A521F,0.4628059999999983
A521Y,0.44258924999999905
A521G,0.3331590000000012
A521H,0.25159700000000057
A521I,0.3941784999999994
A521K,0.34928900000000007
A521L,0.44260775000000047
A521M,0.2551967500000006
A521C,0.2586530000000009
A521P,0.3534202500000005
A521Q,0.46049924999999786
A521R,0.5339525000000002
A521S,0.3198067500000016
A521T,0.3626962500000008
A521V,0.24018525000000082
A521W,0.36977224999999825
A521E,0.3439372499999993
A521D,0.32846575000000056
A521N,0.43031024999999945
E522V,0.277551000000001
E522L,0.36578174999999896
E522T,0.40926825000000044
E522S,0.3347192500000011
E522Q,0.546512499999997
E522P,0.3623175000000004
E522N,0.5005339999999979
E522M,0.30913900000000116
E522W,0.49303074999999885
E522K,0.4842814999999981
E522H,0.28609775000000087
E522G,0.3409882500000011
E522F,0.5001744999999985
E522D,0.3999889999999997
E522C,0.23217700000000094
E522A,0.45487149999999815
E522I,0.407217249999999
E522Y,0.4964324999999994
E522R,0.727494250000001
A523T,0.3626962500000008
A523Y,0.44258924999999905
A523W,0.36977224999999825
A523C,0.2586530000000009
A523D,0.32846575000000056
A523E,0.3439372499999993
A523F,0.4628059999999983
A523V,0.24018525000000082
A523H,0.25159700000000057
A523I,0.3941784999999994
A523G,0.3331590000000012
A523L,0.44260775000000047
A523M,0.2551967500000006
A523N,0.43031024999999945
A523P,0.3534202500000005
A523Q,0.46049924999999786
A523R,0.5339525000000002
A523S,0.3198067500000016
A523K,0.34928900000000007
L524D,0.2951579999999999
L524M,0.22070200000000093
L524E,0.30742749999999913
L524F,0.3926619999999999
L524G,0.33291725000000055
L524H,0.27361500000000033
L524I,0.523766750000001
L524N,0.3282672500000005
L524K,0.31043074999999964
L524Q,0.3404777499999986
L524R,0.46961599999999976
L524S,0.29797875000000174
L524T,0.35170500000000016
L524V,0.2887590000000014
L524W,0.32142949999999987
L524Y,0.3708384999999997
L524C,0.27104125000000034
L524P,0.2676012500000001
L524A,0.4164512500000005
L525Y,0.3708384999999997
L525W,0.32142949999999987
L525V,0.2887590000000014
L525T,0.35170500000000016
L525S,0.29797875000000174
L525R,0.46961599999999976
L525Q,0.3404777499999986
L525N,0.3282672500000005
L525M,0.22070200000000093
L525K,0.31043074999999964
L525P,0.2676012500000001
L525H,0.27361500000000033
L525G,0.33291725000000055
L525F,0.3926619999999999
L525E,0.30742749999999913
L525D,0.2951579999999999
L525C,0.27104125000000034
L525A,0.4164512500000005
L525I,0.523766750000001
Q526M,0.3180250000000009
Q526N,0.5049002499999977
Q526P,0.3525200000000005
Q526T,0.4019672500000003
Q526W,0.4896359999999993
Q526V,0.2715525000000007
Q526L,0.34745524999999877
Q526Y,0.48971474999999975
Q526K,0.4961634999999977
Q526R,0.7312197500000015
Q526H,0.2695837500000009
Q526G,0.33733800000000125
Q526F,0.4849769999999989
Q526E,0.4882039999999976
Q526D,0.3803104999999999
Q526C,0.22189050000000077
Q526A,0.4474074999999982
Q526S,0.294192000000001
Q526I,0.4122697499999988
V527D,0.305269750000001
V527E,0.32788550000000005
V527L,0.510772000000001
V527G,0.29333250000000033
V527F,0.4137537500000002
V527Y,0.47186375
V527W,0.3622077499999983
V527T,0.36356825
V527S,0.3138105000000014
V527R,0.5248137499999997
V527Q,0.42273749999999927
V527A,0.45782924999999886
V527N,0.3578507500000005
V527H,0.2578280000000003
V527P,0.41263350000000004
V527I,0.5105407499999997
V527K,0.32662650000000043
V527M,0.25831000000000004
V527C,0.33587800000000073
L528D,0.2951579999999999
L528W,0.32142949999999987
L528V,0.2887590000000014
L528T,0.35170500000000016
L528S,0.29797875000000174
L528Q,0.3404777499999986
L528C,0.27104125000000034
L528P,0.2676012500000001
L528M,0.22070200000000093
L528A,0.4164512500000005
L528I,0.523766750000001
L528H,0.27361500000000033
L528G,0.33291725000000055
L528F,0.3926619999999999
L528E,0.30742749999999913
L528N,0.3282672500000005
L528K,0.31043074999999964
L528R,0.46961599999999976
L528Y,0.3708384999999997
K529C,0.21285075000000056
K529A,0.44768449999999843
K529D,0.38187874999999977
K529E,0.49401799999999746
K529F,0.4592272499999993
K529G,0.33954250000000125
K529I,0.41507399999999905
K529L,0.3187904999999985
K529M,0.3122127500000008
K529H,0.27482475000000084
K529P,0.3393315000000007
K529Q,0.5438344999999968
K529R,0.7238600000000011
K529S,0.29989400000000105
K529T,0.4033527500000001
K529V,0.27091550000000064
K529W,0.4832982499999994
K529Y,0.47218250000000006
K529N,0.5006272499999977
K530R,0.7238600000000011
K530Y,0.47218250000000006
K530W,0.4832982499999994
K530V,0.27091550000000064
K530T,0.4033527500000001
K530S,0.29989400000000105
K530Q,0.5438344999999968
K530A,0.44768449999999843
K530N,0.5006272499999977
K530M,0.3122127500000008
K530L,0.3187904999999985
K530I,0.41507399999999905
K530H,0.27482475000000084
K530G,0.33954250000000125
K530F,0.4592272499999993
K530D,0.38187874999999977
K530P,0.3393315000000007
K530E,0.49401799999999746
K530C,0.21285075000000056
Y531V,0.2803927500000012
Y531W,0.4791302499999983
Y531A,0.4195569999999991
Y531C,0.24558950000000082
Y531D,0.3603590000000005
Y531E,0.4181832499999979
Y531F,0.5346669999999986
Y531G,0.32176525000000117
Y531H,0.2720787500000009
Y531I,0.4522737499999996
Y531K,0.424673999999999
Y531L,0.38409524999999933
Y531M,0.2908392500000011
Y531N,0.44200374999999836
Y531P,0.35445675000000065
Y531Q,0.5055282499999975
Y531R,0.7009750000000013
Y531S,0.32050475000000156
Y531T,0.3890315000000007
E532Y,0.4964324999999994
E532W,0.49303074999999885
E532C,0.23217700000000094
E532T,0.40926825000000044
E532V,0.277551000000001
E532D,0.3999889999999997
E532F,0.5001744999999985
E532G,0.3409882500000011
E532H,0.28609775000000087
E532K,0.4842814999999981
E532I,0.407217249999999
E532M,0.30913900000000116
E532N,0.5005339999999979
E532P,0.3623175000000004
E532S,0.3347192500000011
E532Q,0.546512499999997
E532R,0.727494250000001
E532L,0.36578174999999896
E532A,0.45487149999999815
L533C,0.27104125000000034
L533W,0.32142949999999987
L533V,0.2887590000000014
L533Y,0.3708384999999997
L533T,0.35170500000000016
L533S,0.29797875000000174
L533R,0.46961599999999976
L533Q,0.3404777499999986
L533A,0.4164512500000005
L533N,0.3282672500000005
L533M,0.22070200000000093
L533P,0.2676012500000001
L533I,0.523766750000001
L533H,0.27361500000000033
L533G,0.33291725000000055
L533F,0.3926619999999999
L533E,0.30742749999999913
L533D,0.2951579999999999
L533K,0.31043074999999964
R534P,0.3336412500000009
R534Y,0.4766477499999999
R534W,0.4897409999999994
R534V,0.2712752500000005
R534T,0.4006890000000001
R534S,0.2771755000000009
R534Q,0.5522814999999967
R534N,0.5052764999999976
R534E,0.49923899999999727
R534L,0.31498524999999844
R534M,0.3185845000000008
R534A,0.44528149999999833
R534D,0.36924599999999996
R534F,0.4554874999999995
R534C,0.20466925000000058
R534H,0.2676997500000009
R534I,0.41915524999999887
R534K,0.5091512499999973
R534G,0.3392857500000012
V535A,0.45782924999999886
V535Q,0.42273749999999927
V535Y,0.47186375
V535W,0.3622077499999983
V535T,0.36356825
V535S,0.3138105000000014
V535R,0.5248137499999997
V535P,0.41263350000000004
V535I,0.5105407499999997
V535M,0.25831000000000004
V535L,0.510772000000001
V535K,0.32662650000000043
V535H,0.2578280000000003
V535G,0.29333250000000033
V535F,0.4137537500000002
V535E,0.32788550000000005
V535C,0.33587800000000073
V535N,0.3578507500000005
V535D,0.305269750000001
N536Y,0.49782724999999894
N536Q,0.5461914999999968
N536I,0.40021149999999905
N536A,0.45254449999999813
N536C,0.2248040000000009
N536E,0.4875179999999976
N536F,0.5184522499999982
N536G,0.34422100000000116
N536H,0.2856415000000009
N536K,0.48263824999999805
N536L,0.36767849999999913
N536M,0.30731725000000115
N536P,0.3632990000000004
N536R,0.7344722500000012
N536S,0.341655000000001
N536T,0.40893775000000054
N536V,0.2762672500000012
N536W,0.5007834999999988
N536D,0.4085692499999995
Y537A,0.4195569999999991
Y537C,0.24558950000000082
Y537T,0.3890315000000007
Y537S,0.32050475000000156
Y537R,0.7009750000000013
Y537Q,0.5055282499999975
Y537P,0.35445675000000065
Y537N,0.44200374999999836
Y537W,0.4791302499999983
Y537V,0.2803927500000012
Y537L,0.38409524999999933
Y537K,0.424673999999999
Y537I,0.4522737499999996
Y537H,0.2720787500000009
Y537G,0.32176525000000117
Y537F,0.5346669999999986
Y537E,0.4181832499999979
Y537M,0.2908392500000011
Y537D,0.3603590000000005
H538Q,0.540521249999997
H538R,0.7238715000000014
H538S,0.2995920000000012
H538W,0.4881702499999991
H538V,0.2689802500000008
H538P,0.3616150000000004
H538Y,0.4868987499999996
H538T,0.4038047500000003
H538N,0.48649099999999784
H538I,0.4139569999999989
H538L,0.35064949999999884
H538K,0.47262724999999806
H538G,0.3365295000000013
H538F,0.4987424999999988
H538E,0.46885049999999767
H538D,0.3788562499999999
H538A,0.44067524999999846
H538M,0.310863500000001
H538C,0.22612975000000068
L539A,0.4164512500000005
L539W,0.32142949999999987
L539H,0.27361500000000033
L539C,0.27104125000000034
L539D,0.2951579999999999
L539E,0.30742749999999913
L539Y,0.3708384999999997
L539F,0.3926619999999999
L539G,0.33291725000000055
L539T,0.35170500000000016
L539V,0.2887590000000014
L539K,0.31043074999999964
L539M,0.22070200000000093
L539N,0.3282672500000005
L539P,0.2676012500000001
L539Q,0.3404777499999986
L539R,0.46961599999999976
L539S,0.29797875000000174
L539I,0.523766750000001
V540E,0.32788550000000005
V540F,0.4137537500000002
V540G,0.29333250000000033
V540I,0.5105407499999997
V540K,0.32662650000000043
V540L,0.510772000000001
V540M,0.25831000000000004
V540N,0.3578507500000005
V540P,0.41263350000000004
V540Q,0.42273749999999927
V540R,0.5248137499999997
V540S,0.3138105000000014
V540T,0.36356825
V540W,0.3622077499999983
V540Y,0.47186375
V540A,0.45782924999999886
V540C,0.33587800000000073
V540H,0.2578280000000003
V540D,0.305269750000001
N541T,0.40893775000000054
N541V,0.2762672500000012
N541G,0.34422100000000116
N541K,0.48263824999999805
N541S,0.341655000000001
N541R,0.7344722500000012
N541Q,0.5461914999999968
N541P,0.3632990000000004
N541M,0.30731725000000115
N541L,0.36767849999999913
N541I,0.40021149999999905
N541H,0.2856415000000009
N541F,0.5184522499999982
N541E,0.4875179999999976
N541D,0.4085692499999995
N541C,0.2248040000000009
N541W,0.5007834999999988
N541Y,0.49782724999999894
N541A,0.45254449999999813
V542E,0.32788550000000005
V542Y,0.47186375
V542W,0.3622077499999983
V542T,0.36356825
V542S,0.3138105000000014
V542R,0.5248137499999997
V542Q,0.42273749999999927
V542D,0.305269750000001
V542F,0.4137537500000002
V542P,0.41263350000000004
V542M,0.25831000000000004
V542L,0.510772000000001
V542K,0.32662650000000043
V542I,0.5105407499999997
V542H,0.2578280000000003
V542G,0.29333250000000033
V542A,0.45782924999999886
V542N,0.3578507500000005
V542C,0.33587800000000073
K543F,0.4592272499999993
K543A,0.44768449999999843
K543G,0.33954250000000125
K543H,0.27482475000000084
K543I,0.41507399999999905
K543L,0.3187904999999985
K543M,0.3122127500000008
K543N,0.5006272499999977
K543D,0.38187874999999977
K543Q,0.5438344999999968
K543R,0.7238600000000011
K543S,0.29989400000000105
K543T,0.4033527500000001
K543V,0.27091550000000064
K543W,0.4832982499999994
K543Y,0.47218250000000006
K543C,0.21285075000000056
K543E,0.49401799999999746
K543P,0.3393315000000007
G544C,0.21958225000000073
G544R,0.4385192499999996
G544V,0.18322575000000021
G544W,0.3008037499999988
G544Y,0.37827224999999937
G544T,0.3240682500000013
G544S,0.2853092500000014
G544Q,0.4447897499999977
G544P,0.3075710000000014
G544M,0.24306875000000022
G544N,0.43668025000000016
G544K,0.31924074999999996
G544I,0.30702725000000003
G544H,0.24436300000000025
G544F,0.3786952499999981
G544E,0.2878907500000001
G544D,0.29224225000000026
G544A,0.45359999999999867
G544L,0.42291875000000095
E545G,0.3409882500000011
E545H,0.28609775000000087
E545F,0.5001744999999985
E545W,0.49303074999999885
E545C,0.23217700000000094
E545A,0.45487149999999815
E545I,0.407217249999999
E545D,0.3999889999999997
E545L,0.36578174999999896
E545K,0.4842814999999981
E545N,0.5005339999999979
E545P,0.3623175000000004
E545Q,0.546512499999997
E545R,0.727494250000001
E545S,0.3347192500000011
E545T,0.40926825000000044
E545V,0.277551000000001
E545Y,0.4964324999999994
E545M,0.30913900000000116
N546L,0.36767849999999913
N546M,0.30731725000000115
N546P,0.3632990000000004
N546W,0.5007834999999988
N546R,0.7344722500000012
N546Y,0.49782724999999894
N546K,0.48263824999999805
N546V,0.2762672500000012
N546Q,0.5461914999999968
N546I,0.40021149999999905
N546E,0.4875179999999976
N546G,0.34422100000000116
N546F,0.5184522499999982
N546D,0.4085692499999995
N546C,0.2248040000000009
N546A,0.45254449999999813
N546T,0.40893775000000054
N546H,0.2856415000000009
N546S,0.341655000000001
I547S,0.29164775000000165
I547Y,0.40811649999999966
I547W,0.33448349999999927
I547T,0.3561535
I547Q,0.35511199999999876
I547P,0.30248775000000017
I547N,0.3261060000000007
I547M,0.2407657500000007
I547L,0.4500102500000008
I547K,0.32341025
I547H,0.2842985000000003
I547G,0.3233437500000003
I547R,0.4775547499999997
I547E,0.3125894999999996
I547D,0.3033272500000002
I547C,0.2900580000000003
I547A,0.4176715000000002
I547V,0.3299680000000012
I547F,0.38691374999999995
T548G,0.3362915000000013
T548H,0.26070275000000065
T548I,0.38651149999999906
T548K,0.3668632499999999
T548L,0.4488205000000006
T548D,0.3459585000000005
T548N,0.451551499999999
T548P,0.3649880000000005
T548S,0.3232737500000015
T548R,0.5757207500000003
T548V,0.24137225000000082
T548W,0.4040132499999982
T548Y,0.4593979999999987
T548E,0.36580449999999914
T548F,0.48281299999999794
T548C,0.2487772500000011
T548A,0.4634102499999981
T548Q,0.48755149999999753
T548M,0.26984900000000084
N549C,0.2248040000000009
N549W,0.5007834999999988
N549D,0.4085692499999995
N549E,0.4875179999999976
N549F,0.5184522499999982
N549G,0.34422100000000116
N549H,0.2856415000000009
N549I,0.40021149999999905
N549K,0.48263824999999805
N549L,0.36767849999999913
N549M,0.30731725000000115
N549P,0.3632990000000004
N549Q,0.5461914999999968
N549R,0.7344722500000012
N549S,0.341655000000001
N549T,0.40893775000000054
N549V,0.2762672500000012
N549Y,0.49782724999999894
N549A,0.45254449999999813
A550D,0.32846575000000056
A550G,0.3331590000000012
A550H,0.25159700000000057
A550F,0.4628059999999983
A550I,0.3941784999999994
A550K,0.34928900000000007
A550L,0.44260775000000047
A550N,0.43031024999999945
A550P,0.3534202500000005
A550Q,0.46049924999999786
A550M,0.2551967500000006
A550R,0.5339525000000002
A550E,0.3439372499999993
A550Y,0.44258924999999905
A550W,0.36977224999999825
A550C,0.2586530000000009
A550T,0.3626962500000008
A550S,0.3198067500000016
A550V,0.24018525000000082
P551L,0.4278779999999998
P551D,0.3950632499999999
P551E,0.43358249999999765
P551F,0.6127377499999969
P551G,0.3470905000000015
P551H,0.27481175000000124
P551I,0.41166449999999927
P551K,0.43584049999999874
P551M,0.29730775000000176
P551C,0.24771025000000135
P551Q,0.5389164999999972
P551R,0.7528300000000023
P551S,0.36064625000000095
P551T,0.4084377500000012
P551V,0.2774860000000019
P551W,0.5175162499999977
P551Y,0.5272217499999978
P551N,0.4785144999999977
P551A,0.43503199999999836
E552A,0.45487149999999815
E552D,0.3999889999999997
E552P,0.3623175000000004
E552C,0.23217700000000094
E552V,0.277551000000001
E552T,0.40926825000000044
E552S,0.3347192500000011
E552R,0.727494250000001
E552Q,0.546512499999997
E552W,0.49303074999999885
E552N,0.5005339999999979
E552L,0.36578174999999896
E552K,0.4842814999999981
E552I,0.407217249999999
E552H,0.28609775000000087
E552G,0.3409882500000011
E552F,0.5001744999999985
E552M,0.30913900000000116
E552Y,0.4964324999999994
L553C,0.27104125000000034
L553W,0.32142949999999987
L553D,0.2951579999999999
L553E,0.30742749999999913
L553F,0.3926619999999999
L553G,0.33291725000000055
L553H,0.27361500000000033
L553I,0.523766750000001
L553A,0.4164512500000005
L553K,0.31043074999999964
L553N,0.3282672500000005
L553P,0.2676012500000001
L553Q,0.3404777499999986
L553R,0.46961599999999976
L553S,0.29797875000000174
L553V,0.2887590000000014
L553M,0.22070200000000093
L553Y,0.3708384999999997
L553T,0.35170500000000016
Q554V,0.2715525000000007
Q554Y,0.48971474999999975
Q554W,0.4896359999999993
Q554T,0.4019672500000003
Q554S,0.294192000000001
Q554R,0.7312197500000015
Q554P,0.3525200000000005
Q554M,0.3180250000000009
Q554L,0.34745524999999877
Q554K,0.4961634999999977
Q554N,0.5049002499999977
Q554H,0.2695837500000009
Q554G,0.33733800000000125
Q554F,0.4849769999999989
Q554E,0.4882039999999976
Q554D,0.3803104999999999
Q554C,0.22189050000000077
Q554A,0.4474074999999982
Q554I,0.4122697499999988
P555K,0.43584049999999874
P555A,0.43503199999999836
P555D,0.3950632499999999
P555E,0.43358249999999765
P555F,0.6127377499999969
P555G,0.3470905000000015
P555I,0.41166449999999927
P555L,0.4278779999999998
P555H,0.27481175000000124
P555N,0.4785144999999977
P555Q,0.5389164999999972
P555R,0.7528300000000023
P555S,0.36064625000000095
P555Y,0.5272217499999978
P555C,0.24771025000000135
P555W,0.5175162499999977
P555M,0.29730775000000176
P555V,0.2774860000000019
P555T,0.4084377500000012
N556H,0.2856415000000009
N556Y,0.49782724999999894
N556D,0.4085692499999995
N556E,0.4875179999999976
N556F,0.5184522499999982
N556G,0.34422100000000116
N556C,0.2248040000000009
N556I,0.40021149999999905
N556W,0.5007834999999988
N556A,0.45254449999999813
N556K,0.48263824999999805
N556M,0.30731725000000115
N556P,0.3632990000000004
N556Q,0.5461914999999968
N556R,0.7344722500000012
N556S,0.341655000000001
N556T,0.40893775000000054
N556V,0.2762672500000012
N556L,0.36767849999999913
A557Q,0.46049924999999786
A557R,0.5339525000000002
A557D,0.32846575000000056
A557W,0.36977224999999825
A557P,0.3534202500000005
A557V,0.24018525000000082
A557S,0.3198067500000016
A557C,0.2586530000000009
A557E,0.3439372499999993
A557M,0.2551967500000006
A557L,0.44260775000000047
A557K,0.34928900000000007
A557I,0.3941784999999994
A557H,0.25159700000000057
A557G,0.3331590000000012
A557F,0.4628059999999983
A557T,0.3626962500000008
A557Y,0.44258924999999905
A557N,0.43031024999999945
V558Y,0.47186375
V558S,0.3138105000000014
V558A,0.45782924999999886
V558W,0.3622077499999983
V558R,0.5248137499999997
V558Q,0.42273749999999927
V558P,0.41263350000000004
V558N,0.3578507500000005
V558M,0.25831000000000004
V558T,0.36356825
V558L,0.510772000000001
V558I,0.5105407499999997
V558G,0.29333250000000033
V558F,0.4137537500000002
V558E,0.32788550000000005
V558D,0.305269750000001
V558C,0.33587800000000073
V558K,0.32662650000000043
V558H,0.2578280000000003
T559I,0.38651149999999906
T559W,0.4040132499999982
T559H,0.26070275000000065
T559G,0.3362915000000013
T559F,0.48281299999999794
T559E,0.36580449999999914
T559D,0.3459585000000005
T559K,0.3668632499999999
T559A,0.4634102499999981
T559L,0.4488205000000006
T559N,0.451551499999999
T559P,0.3649880000000005
T559Q,0.48755149999999753
T559R,0.5757207500000003
T559S,0.3232737500000015
T559V,0.24137225000000082
T559Y,0.4593979999999987
T559M,0.26984900000000084
T559C,0.2487772500000011
W560A,0.4112485000000001
W560C,0.25110075000000054
W560G,0.3284385000000007
W560E,0.32163124999999954
W560D,0.3018137500000003
W560F,0.43344474999999916
W560I,0.46202875000000015
W560K,0.3256017499999999
W560L,0.40196725000000005
W560M,0.23318250000000096
W560N,0.3592039999999999
W560P,0.2826982500000004
W560H,0.2662642500000004
W560R,0.5015459999999999
W560S,0.29931225000000156
W560T,0.3546810000000003
W560V,0.2643042500000009
W560Y,0.39019124999999943
W560Q,0.3833627499999984
G561V,0.18322575000000021
G561A,0.45359999999999867
G561R,0.4385192499999996
G561Q,0.4447897499999977
G561P,0.3075710000000014
G561N,0.43668025000000016
G561M,0.24306875000000022
G561I,0.30702725000000003
G561K,0.31924074999999996
G561H,0.24436300000000025
G561F,0.3786952499999981
G561E,0.2878907500000001
G561D,0.29224225000000026
G561C,0.21958225000000073
G561L,0.42291875000000095
G561W,0.3008037499999988
G561T,0.3240682500000013
G561Y,0.37827224999999937
G561S,0.2853092500000014
I562V,0.3299680000000012
I562W,0.33448349999999927
I562S,0.29164775000000165
I562R,0.4775547499999997
I562Q,0.35511199999999876
I562P,0.30248775000000017
I562N,0.3261060000000007
I562M,0.2407657500000007
I562A,0.4176715000000002
I562T,0.3561535
I562K,0.32341025
I562H,0.2842985000000003
I562G,0.3233437500000003
I562F,0.38691374999999995
I562Y,0.40811649999999966
I562E,0.3125894999999996
I562D,0.3033272500000002
I562C,0.2900580000000003
I562L,0.4500102500000008
F563V,0.26806675000000113
F563T,0.34695675000000015
F563S,0.3011547500000016
F563R,0.48515649999999994
F563Q,0.3550432499999985
F563P,0.2751055000000002
F563E,0.3127054999999992
F563M,0.230982750000001
F563L,0.41728000000000043
F563K,0.3135739999999998
F563H,0.2711990000000004
F563G,0.32515800000000056
F563D,0.29431550000000023
F563N,0.33823725000000027
F563I,0.4986612500000007
F563W,0.3501324999999994
F563A,0.40668575000000035
F563Y,0.37961799999999946
F563C,0.25985550000000046
P564Y,0.5272217499999978
P564W,0.5175162499999977
P564V,0.2774860000000019
P564T,0.4084377500000012
P564S,0.36064625000000095
P564R,0.7528300000000023
P564D,0.3950632499999999
P564N,0.4785144999999977
P564M,0.29730775000000176
P564L,0.4278779999999998
P564K,0.43584049999999874
P564I,0.41166449999999927
P564H,0.27481175000000124
P564G,0.3470905000000015
P564F,0.6127377499999969
P564E,0.43358249999999765
P564Q,0.5389164999999972
P564C,0.24771025000000135
P564A,0.43503199999999836
G565S,0.2853092500000014
G565Y,0.37827224999999937
G565W,0.3008037499999988
G565V,0.18322575000000021
G565T,0.3240682500000013
G565R,0.4385192499999996
G565Q,0.4447897499999977
G565P,0.3075710000000014
G565N,0.43668025000000016
G565M,0.24306875000000022
G565L,0.42291875000000095
G565I,0.30702725000000003
G565H,0.24436300000000025
G565F,0.3786952499999981
G565E,0.2878907500000001
G565D,0.29224225000000026
G565C,0.21958225000000073
G565A,0.45359999999999867
G565K,0.31924074999999996
R566Y,0.4766477499999999
R566W,0.4897409999999994
R566V,0.2712752500000005
R566T,0.4006890000000001
R566S,0.2771755000000009
R566Q,0.5522814999999967
R566P,0.3336412500000009
R566N,0.5052764999999976
R566E,0.49923899999999727
R566L,0.31498524999999844
R566K,0.5091512499999973
R566D,0.36924599999999996
R566I,0.41915524999999887
R566H,0.2676997500000009
R566C,0.20466925000000058
R566A,0.44528149999999833
R566G,0.3392857500000012
R566M,0.3185845000000008
R566F,0.4554874999999995
E567A,0.45487149999999815
E567R,0.727494250000001
E567Y,0.4964324999999994
E567W,0.49303074999999885
E567V,0.277551000000001
E567T,0.40926825000000044
E567S,0.3347192500000011
E567Q,0.546512499999997
E567P,0.3623175000000004
E567M,0.30913900000000116
E567N,0.5005339999999979
E567K,0.4842814999999981
E567I,0.407217249999999
E567H,0.28609775000000087
E567G,0.3409882500000011
E567F,0.5001744999999985
E567D,0.3999889999999997
E567C,0.23217700000000094
E567L,0.36578174999999896
I568F,0.38691374999999995
I568K,0.32341025
I568G,0.3233437500000003
I568E,0.3125894999999996
I568H,0.2842985000000003
I568C,0.2900580000000003
I568A,0.4176715000000002
I568L,0.4500102500000008
I568D,0.3033272500000002
I568M,0.2407657500000007
I568T,0.3561535
I568P,0.30248775000000017
I568Q,0.35511199999999876
I568R,0.4775547499999997
I568S,0.29164775000000165
I568Y,0.40811649999999966
I568V,0.3299680000000012
I568W,0.33448349999999927
I568N,0.3261060000000007
I569K,0.32341025
I569H,0.2842985000000003
I569G,0.3233437500000003
I569C,0.2900580000000003
I569E,0.3125894999999996
I569D,0.3033272500000002
I569L,0.4500102500000008
I569F,0.38691374999999995
I569M,0.2407657500000007
I569N,0.3261060000000007
I569P,0.30248775000000017
I569Q,0.35511199999999876
I569R,0.4775547499999997
I569S,0.29164775000000165
I569T,0.3561535
I569V,0.3299680000000012
I569W,0.33448349999999927
I569Y,0.40811649999999966
I569A,0.4176715000000002
Q570V,0.2715525000000007
Q570T,0.4019672500000003
Q570S,0.294192000000001
Q570R,0.7312197500000015
Q570P,0.3525200000000005
Q570N,0.5049002499999977
Q570K,0.4961634999999977
Q570L,0.34745524999999877
Q570W,0.4896359999999993
Q570I,0.4122697499999988
Q570H,0.2695837500000009
Q570G,0.33733800000000125
Q570M,0.3180250000000009
Q570F,0.4849769999999989
Q570E,0.4882039999999976
Q570A,0.4474074999999982
Q570C,0.22189050000000077
Q570D,0.3803104999999999
Q570Y,0.48971474999999975
P571Q,0.5389164999999972
P571D,0.3950632499999999
P571A,0.43503199999999836
P571C,0.24771025000000135
P571G,0.3470905000000015
P571H,0.27481175000000124
P571M,0.29730775000000176
P571E,0.43358249999999765
P571K,0.43584049999999874
P571Y,0.5272217499999978
P571W,0.5175162499999977
P571F,0.6127377499999969
P571V,0.2774860000000019
P571L,0.4278779999999998
P571T,0.4084377500000012
P571S,0.36064625000000095
P571R,0.7528300000000023
P571I,0.41166449999999927
P571N,0.4785144999999977
T572I,0.38651149999999906
T572W,0.4040132499999982
T572S,0.3232737500000015
T572R,0.5757207500000003
T572Q,0.48755149999999753
T572P,0.3649880000000005
T572N,0.451551499999999
T572M,0.26984900000000084
T572L,0.4488205000000006
T572K,0.3668632499999999
T572H,0.26070275000000065
T572G,0.3362915000000013
T572F,0.48281299999999794
T572E,0.36580449999999914
T572D,0.3459585000000005
T572C,0.2487772500000011
T572A,0.4634102499999981
T572V,0.24137225000000082
T572Y,0.4593979999999987
V573S,0.3138105000000014
V573W,0.3622077499999983
V573Q,0.42273749999999927
V573P,0.41263350000000004
V573N,0.3578507500000005
V573M,0.25831000000000004
V573L,0.510772000000001
V573K,0.32662650000000043
V573I,0.5105407499999997
V573H,0.2578280000000003
V573G,0.29333250000000033
V573F,0.4137537500000002
V573E,0.32788550000000005
V573D,0.305269750000001
V573C,0.33587800000000073
V573A,0.45782924999999886
V573Y,0.47186375
V573R,0.5248137499999997
V573T,0.36356825
V574T,0.36356825
V574R,0.5248137499999997
V574A,0.45782924999999886
V574C,0.33587800000000073
V574D,0.305269750000001
V574E,0.32788550000000005
V574F,0.4137537500000002
V574G,0.29333250000000033
V574H,0.2578280000000003
V574I,0.5105407499999997
V574K,0.32662650000000043
V574L,0.510772000000001
V574M,0.25831000000000004
V574N,0.3578507500000005
V574P,0.41263350000000004
V574Q,0.42273749999999927
V574W,0.3622077499999983
V574S,0.3138105000000014
V574Y,0.47186375
D575C,0.22340350000000087
D575Y,0.4956237499999989
D575W,0.49766549999999876
D575S,0.33686875000000116
D575R,0.7359370000000014
D575Q,0.5455344999999968
D575P,0.3789832500000003
D575A,0.4510417499999981
D575N,0.5016147499999978
D575L,0.3667179999999991
D575K,0.479255999999998
D575I,0.39260674999999906
D575H,0.281387000000001
D575G,0.34483550000000124
D575F,0.5220319999999979
D575E,0.49896249999999726
D575M,0.3029152500000012
D575T,0.4033775000000005
D575V,0.27238775000000115
P576Q,0.5389164999999972
P576S,0.36064625000000095
P576R,0.7528300000000023
P576N,0.4785144999999977
P576M,0.29730775000000176
P576L,0.4278779999999998
P576K,0.43584049999999874
P576V,0.2774860000000019
P576I,0.41166449999999927
P576G,0.3470905000000015
P576F,0.6127377499999969
P576E,0.43358249999999765
P576D,0.3950632499999999
P576C,0.24771025000000135
P576A,0.43503199999999836
P576H,0.27481175000000124
P576W,0.5175162499999977
P576T,0.4084377500000012
P576Y,0.5272217499999978
V577R,0.5248137499999997
V577W,0.3622077499999983
V577T,0.36356825
V577S,0.3138105000000014
V577A,0.45782924999999886
V577C,0.33587800000000073
V577Y,0.47186375
V577D,0.305269750000001
V577E,0.32788550000000005
V577F,0.4137537500000002
V577G,0.29333250000000033
V577I,0.5105407499999997
V577K,0.32662650000000043
V577L,0.510772000000001
V577M,0.25831000000000004
V577N,0.3578507500000005
V577P,0.41263350000000004
V577Q,0.42273749999999927
V577H,0.2578280000000003
S578Q,0.49564749999999747
S578R,0.5663387500000003
S578T,0.37859125000000077
S578C,0.23899425000000105
S578W,0.3952304999999983
S578Y,0.4506952499999985
S578P,0.3610900000000005
S578V,0.22724425000000067
S578N,0.45871999999999885
S578M,0.26666775000000076
S578L,0.4370367500000006
S578K,0.36014375
S578I,0.3597764999999995
S578A,0.4672369999999982
S578H,0.25946500000000056
S578G,0.34084550000000136
S578E,0.36698124999999915
S578D,0.3428290000000004
S578F,0.4828252499999978
F579D,0.29431550000000023
F579C,0.25985550000000046
F579H,0.2711990000000004
F579I,0.4986612500000007
F579K,0.3135739999999998
F579L,0.41728000000000043
F579M,0.230982750000001
F579R,0.48515649999999994
F579P,0.2751055000000002
F579Q,0.3550432499999985
F579E,0.3127054999999992
F579S,0.3011547500000016
F579T,0.34695675000000015
F579V,0.26806675000000113
F579W,0.3501324999999994
F579Y,0.37961799999999946
F579A,0.40668575000000035
F579N,0.33823725000000027
F579G,0.32515800000000056
M580E,0.341637999999999
M580F,0.4289497499999998
M580C,0.28070900000000065
M580Y,0.42316949999999937
M580W,0.363701249999999
M580V,0.2840302500000012
M580T,0.35905875000000037
M580S,0.30798750000000163
M580D,0.3140320000000003
M580R,0.52223325
M580P,0.3251080000000004
M580N,0.36552149999999983
M580L,0.45289850000000065
M580I,0.5101212500000003
M580H,0.2617802500000004
M580G,0.32335175000000066
M580Q,0.40087799999999846
M580K,0.3411439999999997
M580A,0.4340867499999998
F581P,0.2751055000000002
F581W,0.3501324999999994
F581S,0.3011547500000016
F581R,0.48515649999999994
F581Q,0.3550432499999985
F581V,0.26806675000000113
F581N,0.33823725000000027
F581M,0.230982750000001
F581L,0.41728000000000043
F581K,0.3135739999999998
F581Y,0.37961799999999946
F581I,0.4986612500000007
F581G,0.32515800000000056
F581E,0.3127054999999992
F581D,0.29431550000000023
F581C,0.25985550000000046
F581A,0.40668575000000035
F581T,0.34695675000000015
F581H,0.2711990000000004
W582V,0.2643042500000009
W582Y,0.39019124999999943
W582N,0.3592039999999999
W582M,0.23318250000000096
W582F,0.43344474999999916
W582C,0.25110075000000054
W582D,0.3018137500000003
W582P,0.2826982500000004
W582E,0.32163124999999954
W582L,0.40196725000000005
W582G,0.3284385000000007
W582H,0.2662642500000004
W582A,0.4112485000000001
W582Q,0.3833627499999984
W582K,0.3256017499999999
W582S,0.29931225000000156
W582T,0.3546810000000003
W582I,0.46202875000000015
W582R,0.5015459999999999
K583V,0.27091550000000064
K583T,0.4033527500000001
K583S,0.29989400000000105
K583R,0.7238600000000011
K583Q,0.5438344999999968
K583P,0.3393315000000007
K583M,0.3122127500000008
K583L,0.3187904999999985
K583I,0.41507399999999905
K583G,0.33954250000000125
K583F,0.4592272499999993
K583E,0.49401799999999746
K583D,0.38187874999999977
K583N,0.5006272499999977
K583H,0.27482475000000084
K583A,0.44768449999999843
K583C,0.21285075000000056
K583Y,0.47218250000000006
K583W,0.4832982499999994
D584V,0.27238775000000115
D584W,0.49766549999999876
D584Y,0.4956237499999989
D584C,0.22340350000000087
D584A,0.4510417499999981
D584E,0.49896249999999726
D584G,0.34483550000000124
D584H,0.281387000000001
D584I,0.39260674999999906
D584F,0.5220319999999979
D584L,0.3667179999999991
D584T,0.4033775000000005
D584K,0.479255999999998
D584R,0.7359370000000014
D584Q,0.5455344999999968
D584S,0.33686875000000116
D584N,0.5016147499999978
D584M,0.3029152500000012
D584P,0.3789832500000003
E585Q,0.546512499999997
E585Y,0.4964324999999994
E585W,0.49303074999999885
E585V,0.277551000000001
E585T,0.40926825000000044
E585S,0.3347192500000011
E585R,0.727494250000001
E585P,0.3623175000000004
E585D,0.3999889999999997
E585M,0.30913900000000116
E585L,0.36578174999999896
E585K,0.4842814999999981
E585I,0.407217249999999
E585H,0.28609775000000087
E585G,0.3409882500000011
E585F,0.5001744999999985
E585A,0.45487149999999815
E585N,0.5005339999999979
E585C,0.23217700000000094
A586D,0.32846575000000056
A586C,0.2586530000000009
A586F,0.4628059999999983
A586G,0.3331590000000012
A586W,0.36977224999999825
A586V,0.24018525000000082
A586T,0.3626962500000008
A586S,0.3198067500000016
A586R,0.5339525000000002
A586Q,0.46049924999999786
A586Y,0.44258924999999905
A586N,0.43031024999999945
A586P,0.3534202500000005
A586H,0.25159700000000057
A586I,0.3941784999999994
A586E,0.3439372499999993
A586L,0.44260775000000047
A586M,0.2551967500000006
A586K,0.34928900000000007
F587W,0.3501324999999994
F587V,0.26806675000000113
F587S,0.3011547500000016
F587R,0.48515649999999994
F587Q,0.3550432499999985
F587P,0.2751055000000002
F587N,0.33823725000000027
F587M,0.230982750000001
F587L,0.41728000000000043
F587I,0.4986612500000007
F587G,0.32515800000000056
F587E,0.3127054999999992
F587D,0.29431550000000023
F587Y,0.37961799999999946
F587C,0.25985550000000046
F587A,0.40668575000000035
F587K,0.3135739999999998
F587H,0.2711990000000004
F587T,0.34695675000000015
A588F,0.4628059999999983
A588Q,0.46049924999999786
A588V,0.24018525000000082
A588R,0.5339525000000002
A588S,0.3198067500000016
A588T,0.3626962500000008
A588M,0.2551967500000006
A588L,0.44260775000000047
A588K,0.34928900000000007
A588I,0.3941784999999994
A588H,0.25159700000000057
A588G,0.3331590000000012
A588E,0.3439372499999993
A588D,0.32846575000000056
A588C,0.2586530000000009
A588W,0.36977224999999825
A588Y,0.44258924999999905
A588P,0.3534202500000005
A588N,0.43031024999999945
L589E,0.30742749999999913
L589C,0.27104125000000034
L589A,0.4164512500000005
L589F,0.3926619999999999
L589W,0.32142949999999987
L589Y,0.3708384999999997
L589G,0.33291725000000055
L589H,0.27361500000000033
L589I,0.523766750000001
L589K,0.31043074999999964
L589M,0.22070200000000093
L589S,0.29797875000000174
L589P,0.2676012500000001
L589Q,0.3404777499999986
L589R,0.46961599999999976
L589D,0.2951579999999999
L589T,0.35170500000000016
L589V,0.2887590000000014
L589N,0.3282672500000005
W590T,0.3546810000000003
W590S,0.29931225000000156
W590R,0.5015459999999999
W590Q,0.3833627499999984
W590P,0.2826982500000004
W590N,0.3592039999999999
W590M,0.23318250000000096
W590L,0.40196725000000005
W590G,0.3284385000000007
W590I,0.46202875000000015
W590H,0.2662642500000004
W590F,0.43344474999999916
W590E,0.32163124999999954
W590D,0.3018137500000003
W590A,0.4112485000000001
W590V,0.2643042500000009
W590Y,0.39019124999999943
W590K,0.3256017499999999
W590C,0.25110075000000054
I591W,0.33448349999999927
I591H,0.2842985000000003
I591S,0.29164775000000165
I591R,0.4775547499999997
I591Q,0.35511199999999876
I591P,0.30248775000000017
I591N,0.3261060000000007
I591M,0.2407657500000007
I591T,0.3561535
I591L,0.4500102500000008
I591G,0.3233437500000003
I591F,0.38691374999999995
I591E,0.3125894999999996
I591D,0.3033272500000002
I591C,0.2900580000000003
I591A,0.4176715000000002
I591K,0.32341025
I591V,0.3299680000000012
I591Y,0.40811649999999966
E592F,0.5001744999999985
E592A,0.45487149999999815
E592D,0.3999889999999997
E592W,0.49303074999999885
E592V,0.277551000000001
E592T,0.40926825000000044
E592S,0.3347192500000011
E592R,0.727494250000001
E592Q,0.546512499999997
E592C,0.23217700000000094
E592P,0.3623175000000004
E592G,0.3409882500000011
E592H,0.28609775000000087
E592I,0.407217249999999
E592Y,0.4964324999999994
E592L,0.36578174999999896
E592M,0.30913900000000116
E592N,0.5005339999999979
E592K,0.4842814999999981
R593W,0.4897409999999994
R593V,0.2712752500000005
R593T,0.4006890000000001
R593S,0.2771755000000009
R593Q,0.5522814999999967
R593N,0.5052764999999976
R593M,0.3185845000000008
R593L,0.31498524999999844
R593I,0.41915524999999887
R593H,0.2676997500000009
R593Y,0.4766477499999999
R593F,0.4554874999999995
R593E,0.49923899999999727
R593D,0.36924599999999996
R593C,0.20466925000000058
R593A,0.44528149999999833
R593K,0.5091512499999973
R593G,0.3392857500000012
R593P,0.3336412500000009
W594G,0.3284385000000007
W594R,0.5015459999999999
W594S,0.29931225000000156
W594T,0.3546810000000003
W594N,0.3592039999999999
W594M,0.23318250000000096
W594L,0.40196725000000005
W594K,0.3256017499999999
W594I,0.46202875000000015
W594H,0.2662642500000004
W594P,0.2826982500000004
W594F,0.43344474999999916
W594E,0.32163124999999954
W594D,0.3018137500000003
W594C,0.25110075000000054
W594A,0.4112485000000001
W594Y,0.39019124999999943
W594V,0.2643042500000009
W594Q,0.3833627499999984
G595C,0.21958225000000073
G595A,0.45359999999999867
G595T,0.3240682500000013
G595S,0.2853092500000014
G595E,0.2878907500000001
G595D,0.29224225000000026
G595W,0.3008037499999988
G595Y,0.37827224999999937
G595R,0.4385192499999996
G595Q,0.4447897499999977
G595P,0.3075710000000014
G595V,0.18322575000000021
G595M,0.24306875000000022
G595L,0.42291875000000095
G595K,0.31924074999999996
G595I,0.30702725000000003
G595H,0.24436300000000025
G595F,0.3786952499999981
G595N,0.43668025000000016
K596A,0.44768449999999843
K596C,0.21285075000000056
K596D,0.38187874999999977
K596E,0.49401799999999746
K596F,0.4592272499999993
K596G,0.33954250000000125
K596H,0.27482475000000084
K596I,0.41507399999999905
K596P,0.3393315000000007
K596M,0.3122127500000008
K596N,0.5006272499999977
K596Q,0.5438344999999968
K596R,0.7238600000000011
K596S,0.29989400000000105
K596V,0.27091550000000064
K596W,0.4832982499999994
K596Y,0.47218250000000006
K596L,0.3187904999999985
K596T,0.4033527500000001
L597C,0.27104125000000034
L597Y,0.3708384999999997
L597A,0.4164512500000005
L597W,0.32142949999999987
L597V,0.2887590000000014
L597T,0.35170500000000016
L597S,0.29797875000000174
L597Q,0.3404777499999986
L597P,0.2676012500000001
L597N,0.3282672500000005
L597R,0.46961599999999976
L597K,0.31043074999999964
L597I,0.523766750000001
L597H,0.27361500000000033
L597G,0.33291725000000055
L597F,0.3926619999999999
L597E,0.30742749999999913
L597D,0.2951579999999999
L597M,0.22070200000000093
Y598I,0.4522737499999996
Y598D,0.3603590000000005
Y598E,0.4181832499999979
Y598F,0.5346669999999986
Y598G,0.32176525000000117
Y598H,0.2720787500000009
Y598K,0.424673999999999
Y598S,0.32050475000000156
Y598M,0.2908392500000011
Y598N,0.44200374999999836
Y598P,0.35445675000000065
Y598Q,0.5055282499999975
Y598R,0.7009750000000013
Y598T,0.3890315000000007
Y598C,0.24558950000000082
Y598L,0.38409524999999933
Y598A,0.4195569999999991
Y598W,0.4791302499999983
Y598V,0.2803927500000012
E599W,0.49303074999999885
E599D,0.3999889999999997
E599C,0.23217700000000094
E599F,0.5001744999999985
E599G,0.3409882500000011
E599H,0.28609775000000087
E599I,0.407217249999999
E599K,0.4842814999999981
E599M,0.30913900000000116
E599N,0.5005339999999979
E599Q,0.546512499999997
E599R,0.727494250000001
E599S,0.3347192500000011
E599T,0.40926825000000044
E599V,0.277551000000001
E599Y,0.4964324999999994
E599P,0.3623175000000004
E599L,0.36578174999999896
E599A,0.45487149999999815
E600V,0.277551000000001
E600T,0.40926825000000044
E600S,0.3347192500000011
E600R,0.727494250000001
E600Q,0.546512499999997
E600P,0.3623175000000004
E600N,0.5005339999999979
E600W,0.49303074999999885
E600L,0.36578174999999896
E600I,0.407217249999999
E600H,0.28609775000000087
E600G,0.3409882500000011
E600F,0.5001744999999985
E600D,0.3999889999999997
E600C,0.23217700000000094
E600A,0.45487149999999815
E600K,0.4842814999999981
E600Y,0.4964324999999994
E600M,0.30913900000000116
E601D,0.3999889999999997
E601H,0.28609775000000087
E601I,0.407217249999999
E601K,0.4842814999999981
E601L,0.36578174999999896
E601M,0.30913900000000116
E601N,0.5005339999999979
E601P,0.3623175000000004
E601G,0.3409882500000011
E601Q,0.546512499999997
E601S,0.3347192500000011
E601T,0.40926825000000044
E601V,0.277551000000001
E601W,0.49303074999999885
E601A,0.45487149999999815
E601C,0.23217700000000094
E601Y,0.4964324999999994
E601R,0.727494250000001
E601F,0.5001744999999985
S602W,0.3952304999999983
S602Q,0.49564749999999747
S602V,0.22724425000000067
S602A,0.4672369999999982
S602C,0.23899425000000105
S602D,0.3428290000000004
S602E,0.36698124999999915
S602F,0.4828252499999978
S602Y,0.4506952499999985
S602T,0.37859125000000077
S602H,0.25946500000000056
S602I,0.3597764999999995
S602K,0.36014375
S602L,0.4370367500000006
S602M,0.26666775000000076
S602N,0.45871999999999885
S602P,0.3610900000000005
S602G,0.34084550000000136
S602R,0.5663387500000003
P603Y,0.5272217499999978
P603W,0.5175162499999977
P603G,0.3470905000000015
P603C,0.24771025000000135
P603A,0.43503199999999836
P603D,0.3950632499999999
P603E,0.43358249999999765
P603F,0.6127377499999969
P603H,0.27481175000000124
P603I,0.41166449999999927
P603K,0.43584049999999874
P603M,0.29730775000000176
P603N,0.4785144999999977
P603Q,0.5389164999999972
P603R,0.7528300000000023
P603S,0.36064625000000095
P603T,0.4084377500000012
P603V,0.2774860000000019
P603L,0.4278779999999998
S604F,0.4828252499999978
S604G,0.34084550000000136
S604E,0.36698124999999915
S604K,0.36014375
S604C,0.23899425000000105
S604H,0.25946500000000056
S604D,0.3428290000000004
S604I,0.3597764999999995
S604W,0.3952304999999983
S604M,0.26666775000000076
S604N,0.45871999999999885
S604P,0.3610900000000005
S604Q,0.49564749999999747
S604R,0.5663387500000003
S604T,0.37859125000000077
S604V,0.22724425000000067
S604L,0.4370367500000006
S604A,0.4672369999999982
S604Y,0.4506952499999985
R605A,0.44528149999999833
R605Y,0.4766477499999999
R605W,0.4897409999999994
R605V,0.2712752500000005
R605T,0.4006890000000001
R605S,0.2771755000000009
R605Q,0.5522814999999967
R605P,0.3336412500000009
R605N,0.5052764999999976
R605M,0.3185845000000008
R605C,0.20466925000000058
R605K,0.5091512499999973
R605I,0.41915524999999887
R605H,0.2676997500000009
R605G,0.3392857500000012
R605F,0.4554874999999995
R605E,0.49923899999999727
R605D,0.36924599999999996
R605L,0.31498524999999844
T606P,0.3649880000000005
T606Q,0.48755149999999753
T606R,0.5757207500000003
T606W,0.4040132499999982
T606V,0.24137225000000082
T606N,0.451551499999999
T606Y,0.4593979999999987
T606S,0.3232737500000015
T606M,0.26984900000000084
T606I,0.38651149999999906
T606K,0.3668632499999999
T606H,0.26070275000000065
T606G,0.3362915000000013
T606F,0.48281299999999794
T606E,0.36580449999999914
T606A,0.4634102499999981
T606C,0.2487772500000011
T606L,0.4488205000000006
T606D,0.3459585000000005
I607W,0.33448349999999927
I607V,0.3299680000000012
I607Y,0.40811649999999966
I607A,0.4176715000000002
I607C,0.2900580000000003
I607D,0.3033272500000002
I607E,0.3125894999999996
I607F,0.38691374999999995
I607H,0.2842985000000003
I607K,0.32341025
I607G,0.3233437500000003
I607M,0.2407657500000007
I607N,0.3261060000000007
I607P,0.30248775000000017
I607Q,0.35511199999999876
I607R,0.4775547499999997
I607S,0.29164775000000165
I607T,0.3561535
I607L,0.4500102500000008
I608L,0.4500102500000008
I608R,0.4775547499999997
I608Q,0.35511199999999876
I608P,0.30248775000000017
I608N,0.3261060000000007
I608M,0.2407657500000007
I608K,0.32341025
I608T,0.3561535
I608G,0.3233437500000003
I608F,0.38691374999999995
I608E,0.3125894999999996
I608D,0.3033272500000002
I608C,0.2900580000000003
I608A,0.4176715000000002
I608S,0.29164775000000165
I608H,0.2842985000000003
I608W,0.33448349999999927
I608V,0.3299680000000012
I608Y,0.40811649999999966
Q609D,0.3803104999999999
Q609A,0.4474074999999982
Q609C,0.22189050000000077
Q609V,0.2715525000000007
Q609T,0.4019672500000003
Q609S,0.294192000000001
Q609R,0.7312197500000015
Q609P,0.3525200000000005
Q609N,0.5049002499999977
Q609M,0.3180250000000009
Q609L,0.34745524999999877
Q609K,0.4961634999999977
Q609I,0.4122697499999988
Q609H,0.2695837500000009
Q609G,0.33733800000000125
Q609F,0.4849769999999989
Q609E,0.4882039999999976
Q609W,0.4896359999999993
Q609Y,0.48971474999999975
Y610F,0.5346669999999986
Y610C,0.24558950000000082
Y610G,0.32176525000000117
Y610H,0.2720787500000009
Y610K,0.424673999999999
Y610L,0.38409524999999933
Y610M,0.2908392500000011
Y610N,0.44200374999999836
Y610A,0.4195569999999991
Y610P,0.35445675000000065
Y610R,0.7009750000000013
Y610S,0.32050475000000156
Y610T,0.3890315000000007
Y610V,0.2803927500000012
Y610W,0.4791302499999983
Y610E,0.4181832499999979
Y610Q,0.5055282499999975
Y610D,0.3603590000000005
Y610I,0.4522737499999996
I611A,0.4176715000000002
I611C,0.2900580000000003
I611D,0.3033272500000002
I611E,0.3125894999999996
I611F,0.38691374999999995
I611G,0.3233437500000003
I611H,0.2842985000000003
I611K,0.32341025
I611M,0.2407657500000007
I611N,0.3261060000000007
I611L,0.4500102500000008
I611Q,0.35511199999999876
I611P,0.30248775000000017
I611W,0.33448349999999927
I611V,0.3299680000000012
I611Y,0.40811649999999966
I611S,0.29164775000000165
I611R,0.4775547499999997
I611T,0.3561535
H612D,0.3788562499999999
H612L,0.35064949999999884
H612C,0.22612975000000068
H612E,0.46885049999999767
H612F,0.4987424999999988
H612G,0.3365295000000013
H612I,0.4139569999999989
H612K,0.47262724999999806
H612M,0.310863500000001
H612V,0.2689802500000008
H612P,0.3616150000000004
H612N,0.48649099999999784
H612A,0.44067524999999846
H612W,0.4881702499999991
H612Y,0.4868987499999996
H612S,0.2995920000000012
H612R,0.7238715000000014
H612Q,0.540521249999997
H612T,0.4038047500000003
D613Q,0.5455344999999968
D613Y,0.4956237499999989
D613W,0.49766549999999876
D613V,0.27238775000000115
D613T,0.4033775000000005
D613S,0.33686875000000116
D613R,0.7359370000000014
D613A,0.4510417499999981
D613C,0.22340350000000087
D613M,0.3029152500000012
D613E,0.49896249999999726
D613N,0.5016147499999978
D613F,0.5220319999999979
D613G,0.34483550000000124
D613P,0.3789832500000003
D613I,0.39260674999999906
D613H,0.281387000000001
D613K,0.479255999999998
D613L,0.3667179999999991
N614V,0.2762672500000012
N614Y,0.49782724999999894
N614W,0.5007834999999988
N614R,0.7344722500000012
N614Q,0.5461914999999968
N614P,0.3632990000000004
N614M,0.30731725000000115
N614L,0.36767849999999913
N614S,0.341655000000001
N614K,0.48263824999999805
N614H,0.2856415000000009
N614G,0.34422100000000116
N614F,0.5184522499999982
N614E,0.4875179999999976
N614D,0.4085692499999995
N614C,0.2248040000000009
N614A,0.45254449999999813
N614I,0.40021149999999905
N614T,0.40893775000000054
Y615R,0.7009750000000013
Y615A,0.4195569999999991
Y615C,0.24558950000000082
Y615T,0.3890315000000007
Y615E,0.4181832499999979
Y615F,0.5346669999999986
Y615G,0.32176525000000117
Y615H,0.2720787500000009
Y615I,0.4522737499999996
Y615K,0.424673999999999
Y615L,0.38409524999999933
Y615M,0.2908392500000011
Y615N,0.44200374999999836
Y615P,0.35445675000000065
Y615Q,0.5055282499999975
Y615S,0.32050475000000156
Y615D,0.3603590000000005
Y615W,0.4791302499999983
Y615V,0.2803927500000012
F616C,0.25985550000000046
F616A,0.40668575000000035
F616H,0.2711990000000004
F616I,0.4986612500000007
F616K,0.3135739999999998
F616L,0.41728000000000043
F616E,0.3127054999999992
F616G,0.32515800000000056
F616M,0.230982750000001
F616P,0.2751055000000002
F616Q,0.3550432499999985
F616R,0.48515649999999994
F616S,0.3011547500000016
F616T,0.34695675000000015
F616V,0.26806675000000113
F616W,0.3501324999999994
F616Y,0.37961799999999946
F616D,0.29431550000000023
F616N,0.33823725000000027
L617T,0.35170500000000016
L617S,0.29797875000000174
L617Y,0.3708384999999997
L617W,0.32142949999999987
L617R,0.46961599999999976
L617Q,0.3404777499999986
L617P,0.2676012500000001
L617N,0.3282672500000005
L617M,0.22070200000000093
L617K,0.31043074999999964
L617I,0.523766750000001
L617H,0.27361500000000033
L617G,0.33291725000000055
L617F,0.3926619999999999
L617E,0.30742749999999913
L617D,0.2951579999999999
L617C,0.27104125000000034
L617A,0.4164512500000005
L617V,0.2887590000000014
V618F,0.4137537500000002
V618A,0.45782924999999886
V618C,0.33587800000000073
V618G,0.29333250000000033
V618H,0.2578280000000003
V618I,0.5105407499999997
V618D,0.305269750000001
V618L,0.510772000000001
V618M,0.25831000000000004
V618E,0.32788550000000005
V618N,0.3578507500000005
V618Q,0.42273749999999927
V618R,0.5248137499999997
V618S,0.3138105000000014
V618T,0.36356825
V618W,0.3622077499999983
V618Y,0.47186375
V618P,0.41263350000000004
V618K,0.32662650000000043
N619A,0.45254449999999813
N619V,0.2762672500000012
N619Y,0.49782724999999894
N619S,0.341655000000001
N619R,0.7344722500000012
N619Q,0.5461914999999968
N619P,0.3632990000000004
N619M,0.30731725000000115
N619L,0.36767849999999913
N619K,0.48263824999999805
N619I,0.40021149999999905
N619H,0.2856415000000009
N619G,0.34422100000000116
N619F,0.5184522499999982
N619E,0.4875179999999976
N619D,0.4085692499999995
N619C,0.2248040000000009
N619W,0.5007834999999988
N619T,0.40893775000000054
L620C,0.27104125000000034
L620V,0.2887590000000014
L620T,0.35170500000000016
L620S,0.29797875000000174
L620R,0.46961599999999976
L620Q,0.3404777499999986
L620P,0.2676012500000001
L620N,0.3282672500000005
L620K,0.31043074999999964
L620I,0.523766750000001
L620H,0.27361500000000033
L620G,0.33291725000000055
L620F,0.3926619999999999
L620E,0.30742749999999913
L620D,0.2951579999999999
L620A,0.4164512500000005
L620M,0.22070200000000093
L620Y,0.3708384999999997
L620W,0.32142949999999987
V621A,0.45782924999999886
V621C,0.33587800000000073
V621D,0.305269750000001
V621E,0.32788550000000005
V621F,0.4137537500000002
V621G,0.29333250000000033
V621H,0.2578280000000003
V621I,0.5105407499999997
V621K,0.32662650000000043
V621M,0.25831000000000004
V621N,0.3578507500000005
V621P,0.41263350000000004
V621Q,0.42273749999999927
V621R,0.5248137499999997
V621S,0.3138105000000014
V621T,0.36356825
V621W,0.3622077499999983
V621L,0.510772000000001
V621Y,0.47186375
D622A,0.4510417499999981
D622C,0.22340350000000087
D622G,0.34483550000000124
D622H,0.281387000000001
D622I,0.39260674999999906
D622K,0.479255999999998
D622L,0.3667179999999991
D622M,0.3029152500000012
D622N,0.5016147499999978
D622E,0.49896249999999726
D622P,0.3789832500000003
D622R,0.7359370000000014
D622S,0.33686875000000116
D622T,0.4033775000000005
D622V,0.27238775000000115
D622W,0.49766549999999876
D622Y,0.4956237499999989
D622Q,0.5455344999999968
D622F,0.5220319999999979
N623C,0.2248040000000009
N623D,0.4085692499999995
N623Y,0.49782724999999894
N623F,0.5184522499999982
N623G,0.34422100000000116
N623H,0.2856415000000009
N623I,0.40021149999999905
N623K,0.48263824999999805
N623L,0.36767849999999913
N623A,0.45254449999999813
N623M,0.30731725000000115
N623Q,0.5461914999999968
N623R,0.7344722500000012
N623S,0.341655000000001
N623T,0.40893775000000054
N623V,0.2762672500000012
N623W,0.5007834999999988
N623P,0.3632990000000004
N623E,0.4875179999999976
D624A,0.4510417499999981
D624C,0.22340350000000087
D624Y,0.4956237499999989
D624F,0.5220319999999979
D624G,0.34483550000000124
D624H,0.281387000000001
D624I,0.39260674999999906
D624K,0.479255999999998
D624L,0.3667179999999991
D624M,0.3029152500000012
D624N,0.5016147499999978
D624P,0.3789832500000003
D624Q,0.5455344999999968
D624R,0.7359370000000014
D624S,0.33686875000000116
D624T,0.4033775000000005
D624V,0.27238775000000115
D624W,0.49766549999999876
D624E,0.49896249999999726
F625A,0.40668575000000035
F625Y,0.37961799999999946
F625E,0.3127054999999992
F625W,0.3501324999999994
F625V,0.26806675000000113
F625T,0.34695675000000015
F625S,0.3011547500000016
F625R,0.48515649999999994
F625Q,0.3550432499999985
F625D,0.29431550000000023
F625P,0.2751055000000002
F625M,0.230982750000001
F625L,0.41728000000000043
F625K,0.3135739999999998
F625I,0.4986612500000007
F625H,0.2711990000000004
F625G,0.32515800000000056
F625N,0.33823725000000027
F625C,0.25985550000000046
P626K,0.43584049999999874
P626A,0.43503199999999836
P626Y,0.5272217499999978
P626W,0.5175162499999977
P626V,0.2774860000000019
P626T,0.4084377500000012
P626S,0.36064625000000095
P626R,0.7528300000000023
P626Q,0.5389164999999972
P626N,0.4785144999999977
P626M,0.29730775000000176
P626L,0.4278779999999998
P626I,0.41166449999999927
P626H,0.27481175000000124
P626G,0.3470905000000015
P626F,0.6127377499999969
P626E,0.43358249999999765
P626D,0.3950632499999999
P626C,0.24771025000000135
L627S,0.29797875000000174
L627W,0.32142949999999987
L627T,0.35170500000000016
L627R,0.46961599999999976
L627V,0.2887590000000014
L627A,0.4164512500000005
L627C,0.27104125000000034
L627D,0.2951579999999999
L627E,0.30742749999999913
L627F,0.3926619999999999
L627Y,0.3708384999999997
L627G,0.33291725000000055
L627I,0.523766750000001
L627K,0.31043074999999964
L627M,0.22070200000000093
L627N,0.3282672500000005
L627P,0.2676012500000001
L627Q,0.3404777499999986
L627H,0.27361500000000033
D628E,0.49896249999999726
D628C,0.22340350000000087
D628G,0.34483550000000124
D628F,0.5220319999999979
D628H,0.281387000000001
D628I,0.39260674999999906
D628K,0.479255999999998
D628L,0.3667179999999991
D628M,0.3029152500000012
D628N,0.5016147499999978
D628P,0.3789832500000003
D628Q,0.5455344999999968
D628R,0.7359370000000014
D628S,0.33686875000000116
D628T,0.4033775000000005
D628V,0.27238775000000115
D628W,0.49766549999999876
D628Y,0.4956237499999989
D628A,0.4510417499999981
N629C,0.2248040000000009
N629F,0.5184522499999982
N629G,0.34422100000000116
N629H,0.2856415000000009
N629I,0.40021149999999905
N629K,0.48263824999999805
N629L,0.36767849999999913
N629Y,0.49782724999999894
N629M,0.30731725000000115
N629Q,0.5461914999999968
N629R,0.7344722500000012
N629S,0.341655000000001
N629T,0.40893775000000054
N629V,0.2762672500000012
N629W,0.5007834999999988
N629P,0.3632990000000004
N629D,0.4085692499999995
N629E,0.4875179999999976
N629A,0.45254449999999813
C630D,0.3339897500000004
C630A,0.4486954999999989
C630E,0.35454174999999893
C630F,0.4680859999999994
C630G,0.3191487500000008
C630I,0.4776174999999998
C630K,0.35295674999999993
C630L,0.48190975000000075
C630M,0.2548752500000006
C630H,0.2547072500000005
C630P,0.3642097500000004
C630Q,0.44081899999999835
C630R,0.5486855000000004
C630S,0.32623950000000157
C630T,0.3703102500000005
C630V,0.2754160000000013
C630W,0.37895849999999826
C630N,0.38899974999999964
C630Y,0.451400999999999
L631P,0.2676012500000001
L631Q,0.3404777499999986
L631R,0.46961599999999976
L631Y,0.3708384999999997
L631T,0.35170500000000016
L631V,0.2887590000000014
L631N,0.3282672500000005
L631S,0.29797875000000174
L631M,0.22070200000000093
L631W,0.32142949999999987
L631I,0.523766750000001
L631H,0.27361500000000033
L631G,0.33291725000000055
L631F,0.3926619999999999
L631E,0.30742749999999913
L631D,0.2951579999999999
L631C,0.27104125000000034
L631K,0.31043074999999964
L631A,0.4164512500000005
W632R,0.5015459999999999
W632Q,0.3833627499999984
W632P,0.2826982500000004
W632N,0.3592039999999999
W632M,0.23318250000000096
W632L,0.40196725000000005
W632K,0.3256017499999999
W632F,0.43344474999999916
W632H,0.2662642500000004
W632G,0.3284385000000007
W632S,0.29931225000000156
W632E,0.32163124999999954
W632D,0.3018137500000003
W632C,0.25110075000000054
W632A,0.4112485000000001
W632I,0.46202875000000015
W632T,0.3546810000000003
W632V,0.2643042500000009
W632Y,0.39019124999999943
Q633A,0.4474074999999982
Q633Y,0.48971474999999975
Q633W,0.4896359999999993
Q633V,0.2715525000000007
Q633T,0.4019672500000003
Q633S,0.294192000000001
Q633R,0.7312197500000015
Q633P,0.3525200000000005
Q633N,0.5049002499999977
Q633M,0.3180250000000009
Q633K,0.4961634999999977
Q633I,0.4122697499999988
Q633H,0.2695837500000009
Q633G,0.33733800000000125
Q633F,0.4849769999999989
Q633D,0.3803104999999999
Q633C,0.22189050000000077
Q633L,0.34745524999999877
Q633E,0.4882039999999976
V634W,0.3622077499999983
V634A,0.45782924999999886
V634D,0.305269750000001
V634E,0.32788550000000005
V634F,0.4137537500000002
V634G,0.29333250000000033
V634H,0.2578280000000003
V634I,0.5105407499999997
V634K,0.32662650000000043
V634L,0.510772000000001
V634M,0.25831000000000004
V634N,0.3578507500000005
V634P,0.41263350000000004
V634Q,0.42273749999999927
V634R,0.5248137499999997
V634S,0.3138105000000014
V634T,0.36356825
V634C,0.33587800000000073
V634Y,0.47186375
V635T,0.36356825
V635Y,0.47186375
V635S,0.3138105000000014
V635R,0.5248137499999997
V635Q,0.42273749999999927
V635P,0.41263350000000004
V635N,0.3578507500000005
V635M,0.25831000000000004
V635L,0.510772000000001
V635K,0.32662650000000043
V635I,0.5105407499999997
V635H,0.2578280000000003
V635G,0.29333250000000033
V635F,0.4137537500000002
V635E,0.32788550000000005
V635D,0.305269750000001
V635C,0.33587800000000073
V635W,0.3622077499999983
V635A,0.45782924999999886
E636C,0.23217700000000094
E636W,0.49303074999999885
E636D,0.3999889999999997
E636F,0.5001744999999985
E636G,0.3409882500000011
E636H,0.28609775000000087
E636I,0.407217249999999
E636K,0.4842814999999981
E636L,0.36578174999999896
E636A,0.45487149999999815
E636N,0.5005339999999979
E636M,0.30913900000000116
E636V,0.277551000000001
E636T,0.40926825000000044
E636Y,0.4964324999999994
E636R,0.727494250000001
E636Q,0.546512499999997
E636P,0.3623175000000004
E636S,0.3347192500000011
D637G,0.34483550000000124
D637H,0.281387000000001
D637I,0.39260674999999906
D637K,0.479255999999998
D637L,0.3667179999999991
D637M,0.3029152500000012
D637N,0.5016147499999978
D637P,0.3789832500000003
D637R,0.7359370000000014
D637S,0.33686875000000116
D637V,0.27238775000000115
D637W,0.49766549999999876
D637Y,0.4956237499999989
D637C,0.22340350000000087
D637F,0.5220319999999979
D637A,0.4510417499999981
D637Q,0.5455344999999968
D637T,0.4033775000000005
D637E,0.49896249999999726
T638W,0.4040132499999982
T638Y,0.4593979999999987
T638A,0.4634102499999981
T638C,0.2487772500000011
T638D,0.3459585000000005
T638E,0.36580449999999914
T638G,0.3362915000000013
T638H,0.26070275000000065
T638I,0.38651149999999906
T638F,0.48281299999999794
T638L,0.4488205000000006
T638K,0.3668632499999999
T638S,0.3232737500000015
T638R,0.5757207500000003
T638Q,0.48755149999999753
T638V,0.24137225000000082
T638N,0.451551499999999
T638M,0.26984900000000084
T638P,0.3649880000000005
L639N,0.3282672500000005
L639V,0.2887590000000014
L639T,0.35170500000000016
L639S,0.29797875000000174
L639R,0.46961599999999976
L639Q,0.3404777499999986
L639P,0.2676012500000001
L639M,0.22070200000000093
L639A,0.4164512500000005
L639I,0.523766750000001
L639H,0.27361500000000033
L639G,0.33291725000000055
L639F,0.3926619999999999
L639E,0.30742749999999913
L639D,0.2951579999999999
L639C,0.27104125000000034
L639W,0.32142949999999987
L639K,0.31043074999999964
L639Y,0.3708384999999997
E640C,0.23217700000000094
E640Y,0.4964324999999994
E640W,0.49303074999999885
E640V,0.277551000000001
E640T,0.40926825000000044
E640S,0.3347192500000011
E640R,0.727494250000001
E640P,0.3623175000000004
E640N,0.5005339999999979
E640M,0.30913900000000116
E640Q,0.546512499999997
E640K,0.4842814999999981
E640I,0.407217249999999
E640H,0.28609775000000087
E640G,0.3409882500000011
E640F,0.5001744999999985
E640D,0.3999889999999997
E640A,0.45487149999999815
E640L,0.36578174999999896
L641N,0.3282672500000005
L641V,0.2887590000000014
L641T,0.35170500000000016
L641S,0.29797875000000174
L641R,0.46961599999999976
L641Q,0.3404777499999986
L641P,0.2676012500000001
L641A,0.4164512500000005
L641C,0.27104125000000034
L641K,0.31043074999999964
L641I,0.523766750000001
L641H,0.27361500000000033
L641G,0.33291725000000055
L641F,0.3926619999999999
L641E,0.30742749999999913
L641D,0.2951579999999999
L641Y,0.3708384999999997
L641M,0.22070200000000093
L641W,0.32142949999999987
L642N,0.3282672500000005
L642D,0.2951579999999999
L642Y,0.3708384999999997
L642W,0.32142949999999987
L642V,0.2887590000000014
L642T,0.35170500000000016
L642S,0.29797875000000174
L642R,0.46961599999999976
L642C,0.27104125000000034
L642Q,0.3404777499999986
L642M,0.22070200000000093
L642I,0.523766750000001
L642H,0.27361500000000033
L642G,0.33291725000000055
L642F,0.3926619999999999
L642E,0.30742749999999913
L642P,0.2676012500000001
L642K,0.31043074999999964
L642A,0.4164512500000005
N643Y,0.49782724999999894
N643C,0.2248040000000009
N643D,0.4085692499999995
N643E,0.4875179999999976
N643F,0.5184522499999982
N643G,0.34422100000000116
N643H,0.2856415000000009
N643I,0.40021149999999905
N643A,0.45254449999999813
N643K,0.48263824999999805
N643M,0.30731725000000115
N643P,0.3632990000000004
N643Q,0.5461914999999968
N643R,0.7344722500000012
N643S,0.341655000000001
N643T,0.40893775000000054
N643V,0.2762672500000012
N643W,0.5007834999999988
N643L,0.36767849999999913
R644W,0.4897409999999994
R644Y,0.4766477499999999
R644V,0.2712752500000005
R644D,0.36924599999999996
R644S,0.2771755000000009
R644A,0.44528149999999833
R644C,0.20466925000000058
R644E,0.49923899999999727
R644F,0.4554874999999995
R644H,0.2676997500000009
R644G,0.3392857500000012
R644K,0.5091512499999973
R644L,0.31498524999999844
R644M,0.3185845000000008
R644N,0.5052764999999976
R644P,0.3336412500000009
R644Q,0.5522814999999967
R644I,0.41915524999999887
R644T,0.4006890000000001
P645G,0.3470905000000015
P645I,0.41166449999999927
P645H,0.27481175000000124
P645Y,0.5272217499999978
P645E,0.43358249999999765
P645A,0.43503199999999836
P645C,0.24771025000000135
P645F,0.6127377499999969
P645L,0.4278779999999998
P645K,0.43584049999999874
P645N,0.4785144999999977
P645M,0.29730775000000176
P645W,0.5175162499999977
P645V,0.2774860000000019
P645T,0.4084377500000012
P645D,0.3950632499999999
P645R,0.7528300000000023
P645Q,0.5389164999999972
P645S,0.36064625000000095
T646A,0.4634102499999981
T646C,0.2487772500000011
T646D,0.3459585000000005
T646E,0.36580449999999914
T646F,0.48281299999999794
T646G,0.3362915000000013
T646H,0.26070275000000065
T646I,0.38651149999999906
T646K,0.3668632499999999
T646L,0.4488205000000006
T646N,0.451551499999999
T646Q,0.48755149999999753
T646R,0.5757207500000003
T646S,0.3232737500000015
T646V,0.24137225000000082
T646W,0.4040132499999982
T646Y,0.4593979999999987
T646M,0.26984900000000084
T646P,0.3649880000000005
Q647S,0.294192000000001
Q647W,0.4896359999999993
Q647Y,0.48971474999999975
Q647R,0.7312197500000015
Q647V,0.2715525000000007
Q647P,0.3525200000000005
Q647N,0.5049002499999977
Q647M,0.3180250000000009
Q647L,0.34745524999999877
Q647K,0.4961634999999977
Q647I,0.4122697499999988
Q647H,0.2695837500000009
Q647G,0.33733800000000125
Q647F,0.4849769999999989
Q647E,0.4882039999999976
Q647D,0.3803104999999999
Q647C,0.22189050000000077
Q647A,0.4474074999999982
Q647T,0.4019672500000003
N648C,0.2248040000000009
N648Y,0.49782724999999894
N648E,0.4875179999999976
N648W,0.5007834999999988
N648V,0.2762672500000012
N648T,0.40893775000000054
N648S,0.341655000000001
N648R,0.7344722500000012
N648Q,0.5461914999999968
N648A,0.45254449999999813
N648P,0.3632990000000004
N648L,0.36767849999999913
N648K,0.48263824999999805
N648I,0.40021149999999905
N648H,0.2856415000000009
N648G,0.34422100000000116
N648F,0.5184522499999982
N648M,0.30731725000000115
N648D,0.4085692499999995
A649C,0.2586530000000009
A649E,0.3439372499999993
A649D,0.32846575000000056
A649F,0.4628059999999983
A649G,0.3331590000000012
A649H,0.25159700000000057
A649I,0.3941784999999994
A649K,0.34928900000000007
A649L,0.44260775000000047
A649M,0.2551967500000006
A649P,0.3534202500000005
A649Q,0.46049924999999786
A649R,0.5339525000000002
A649S,0.3198067500000016
A649T,0.3626962500000008
A649V,0.24018525000000082
A649W,0.36977224999999825
A649N,0.43031024999999945
A649Y,0.44258924999999905
R650W,0.4897409999999994
R650Y,0.4766477499999999
R650S,0.2771755000000009
R650Q,0.5522814999999967
R650P,0.3336412500000009
R650N,0.5052764999999976
R650M,0.3185845000000008
R650L,0.31498524999999844
R650H,0.2676997500000009
R650I,0.41915524999999887
R650V,0.2712752500000005
R650G,0.3392857500000012
R650F,0.4554874999999995
R650E,0.49923899999999727
R650D,0.36924599999999996
R650C,0.20466925000000058
R650A,0.44528149999999833
R650K,0.5091512499999973
R650T,0.4006890000000001
E651A,0.45487149999999815
E651D,0.3999889999999997
E651F,0.5001744999999985
E651Y,0.4964324999999994
E651W,0.49303074999999885
E651V,0.277551000000001
E651T,0.40926825000000044
E651S,0.3347192500000011
E651R,0.727494250000001
E651C,0.23217700000000094
E651Q,0.546512499999997
E651N,0.5005339999999979
E651M,0.30913900000000116
E651L,0.36578174999999896
E651I,0.407217249999999
E651H,0.28609775000000087
E651G,0.3409882500000011
E651P,0.3623175000000004
E651K,0.4842814999999981
T652D,0.3459585000000005
T652E,0.36580449999999914
T652C,0.2487772500000011
T652Y,0.4593979999999987
T652W,0.4040132499999982
T652V,0.24137225000000082
T652S,0.3232737500000015
T652R,0.5757207500000003
T652Q,0.48755149999999753
T652A,0.4634102499999981
T652P,0.3649880000000005
T652M,0.26984900000000084
T652L,0.4488205000000006
T652K,0.3668632499999999
T652I,0.38651149999999906
T652H,0.26070275000000065
T652G,0.3362915000000013
T652F,0.48281299999999794
T652N,0.451551499999999
E653W,0.49303074999999885
E653D,0.3999889999999997
E653N,0.5005339999999979
E653C,0.23217700000000094
E653F,0.5001744999999985
E653G,0.3409882500000011
E653H,0.28609775000000087
E653I,0.407217249999999
E653K,0.4842814999999981
E653L,0.36578174999999896
E653M,0.30913900000000116
E653P,0.3623175000000004
E653Q,0.546512499999997
E653R,0.727494250000001
E653S,0.3347192500000011
E653T,0.40926825000000044
E653V,0.277551000000001
E653Y,0.4964324999999994
E653A,0.45487149999999815
A654E,0.3439372499999993
A654F,0.4628059999999983
A654G,0.3331590000000012
A654Y,0.44258924999999905
A654W,0.36977224999999825
A654V,0.24018525000000082
A654T,0.3626962500000008
A654S,0.3198067500000016
A654R,0.5339525000000002
A654C,0.2586530000000009
A654Q,0.46049924999999786
A654N,0.43031024999999945
A654M,0.2551967500000006
A654L,0.44260775000000047
A654K,0.34928900000000007
A654I,0.3941784999999994
A654H,0.25159700000000057
A654P,0.3534202500000005
A654D,0.32846575000000056
P655C,0.24771025000000135
P655Y,0.5272217499999978
P655D,0.3950632499999999
P655E,0.43358249999999765
P655F,0.6127377499999969
P655G,0.3470905000000015
P655H,0.27481175000000124
P655I,0.41166449999999927
P655K,0.43584049999999874
P655L,0.4278779999999998
P655M,0.29730775000000176
P655N,0.4785144999999977
P655Q,0.5389164999999972
P655R,0.7528300000000023
P655S,0.36064625000000095
P655T,0.4084377500000012
P655V,0.2774860000000019
P655A,0.43503199999999836
P655W,0.5175162499999977
