id,DMS_score
0,0.41916173186437095
1,0.35845948801717437
2,0.36303028039611146
3,0.4403471758586376
4,0.43877848285174337
5,0.3474842663226681
6,0.41708786290685107
7,0.39528296736989293
8,0.39520409280882735
9,0.4414285582342913
10,0.4088585861951792
11,0.39357356364953167
12,0.4028580189191543
13,0.4042599795465408
14,0.3845532745509619
15,0.36508023255124367
16,0.4221880978856449
17,0.3711160331630877
18,0.4063049008462385
19,0.4130415458808531
20,0.3693521285088523
21,0.3570571804342406
22,0.42146389178936217
23,0.4285724500402155
24,0.4411482239347385
25,0.4152209529332416
26,0.3953108336829263
27,0.40679886145880056
28,0.4388651523474363
29,0.4151899177595438
30,0.42554525132562826
31,0.446671657942241
32,0.38534080003461035
33,0.3842750798106169
34,0.3830532527207491
35,0.41526025721414805
36,0.4223713251101262
37,0.42430365355216193
38,0.39011726187934076
39,0.35261985028913007
40,0.3912984546920379
41,0.3734528828602074
42,0.39992320868419645
43,0.3722002750307096
44,0.387694187946147
45,0.40773066840675604
46,0.40270765416758614
47,0.3897825769933176
48,0.3907491488871035
49,0.33383181419145236
50,0.39629769669363146
51,0.4020123610335709
52,0.36111649094548154
53,0.39620826890133826
54,0.3894475971950794
55,0.40207713185164246
56,0.41439634946678144
57,0.3711705687925166
58,0.366785085371344
59,0.4077885232442532
60,0.3915721794884163
61,0.4078250807937442
62,0.40132702552376054
63,0.40793793965065894
64,0.4172869055216927
65,0.3965804943775694
66,0.4031956008839966
67,0.4221272939259964
68,0.40790091371117926
69,0.40198182316282405
70,0.3339797329064126
71,0.35966689910405564
72,0.39857193826225723
73,0.4067901181790109
74,0.3769401388478019
75,0.35942670177872255
76,0.3373636597494557
77,0.42697809099671646
78,0.37758879537367973
79,0.41428203917916084
80,0.4258634731709363
81,0.38051691514916886
82,0.4214074189914614
83,0.3853779358433467
84,0.3988894777616558
85,0.36645110596160024
86,0.4146602091604342
87,0.3922913258163022
88,0.43062701092153316
89,0.41512825219361976
90,0.40823097830583205
91,0.4372290545516079
92,0.42258245334319555
93,0.4150575889138381
94,0.4121516627281855
95,0.39790872695117396
96,0.4020147261138844
97,0.42061381600314435
98,0.42045540188288094
99,0.39565020246883675
100,0.40533884938577347
101,0.4035418567375192
102,0.37316292054421957
103,0.406005073427525
104,0.40686350505983815
105,0.38734031641836325
106,0.3680737071866421
107,0.41460586435655633
108,0.3992970348777778
109,0.360112025723348
110,0.3756725887994043
111,0.4019557899315984
112,0.35576615306048187
113,0.3314197734446599
114,0.41506898640356393
115,0.34618610322982174
116,0.4057994039617317
117,0.40999121679645195
118,0.435990113879374
119,0.4140044863065782
120,0.39542383710465245
121,0.4140810247002926
122,0.3837619325562942
123,0.37733068357692573
124,0.40476232491816044
125,0.3755232649144778
126,0.4106182232961839
127,0.4137336412412416
128,0.41487792954890057
129,0.420205183324826
130,0.3806615377864307
131,0.396409468423165
132,0.3884727388463076
133,0.38473514286621663
134,0.38960517283943696
135,0.3614447224583266
136,0.41887946617893873
137,0.3600890283531605
138,0.36969212181474775
139,0.37136948997291663
140,0.39393891362333566
141,0.37964269125686523
142,0.39413163586462563
143,0.3516424533822713
144,0.38157492717742175
145,0.3827630937966178
146,0.3827380551712942
147,0.32344108537696004
148,0.3481403419146638
149,0.35871489934325257
150,0.372264941762117
151,0.39215734314915485
152,0.3454205429236079
153,0.3826669610883748
154,0.38772591992223554
155,0.3598862415097052
156,0.3919677001383464
157,0.359552932880686
158,0.3691852110863861
159,0.3749068839283791
160,0.3893160692384285
161,0.3535169703562533
162,0.3802068727808863
163,0.39795064785516554
164,0.3690783776908078
165,0.379328011249435
166,0.38385006793917403
167,0.38101440025183136
168,0.386247629074463
169,0.3240000625677729
170,0.3442107320608584
171,0.3967425052703389
172,0.40152361631940187
173,0.3592812637959248
174,0.39376733832264815
175,0.4118081189105236
176,0.372175172796869
177,0.4117105203150936
178,0.36506781154265355
179,0.394726450672169
180,0.3633196413224841
181,0.390091431038851
182,0.41904099133394207
183,0.39121106815488077
184,0.3995480861291461
185,0.4218241993425467
186,0.3980480238207861
187,0.3463575744438451
188,0.3612164083604854
189,0.3832143615290958
190,0.37503640532544863
191,0.3766416298601678
192,0.4150886414353133
193,0.42475323855023595
194,0.3897013720474932
195,0.41678456015007304
196,0.39052222261145114
197,0.4199680449909008
198,0.3940769788007552
199,0.4253449712360016
200,0.3746316469840741
201,0.4352449082985964
202,0.40846660160053444
203,0.4189215403216303
204,0.4480902406316351
205,0.40917103701321866
206,0.3530982788583621
207,0.412153836982948
208,0.419072142159489
209,0.33267125945122167
210,0.39712919301029626
211,0.4000442788223952
212,0.3663660555917943
213,0.4401068252946045
214,0.37796056980769954
215,0.37839728853756455
216,0.38787719543211513
217,0.4053141981941442
218,0.4049270767597528
219,0.3857980122721305
220,0.40306936110814445
221,0.42374134269679964
222,0.39307176762419516
223,0.388114432070112
224,0.35596654880195755
225,0.3580491610392671
226,0.3995092502382284
227,0.36140239388156703
228,0.454388180615877
229,0.45384953212883433
230,0.45486175180744803
231,0.4253806729618095
232,0.4567580026551665
233,0.4244399029955511
234,0.4398423584287441
235,0.4603829537342635
236,0.4054035392475506
237,0.4430735670050905
238,0.4552822966262206
239,0.4426265147825111
240,0.3841542814542635
241,0.4504881227008052
242,0.45227150890901635
243,0.4110550403301206
244,0.44706154345582516
245,0.4337930496809287
246,0.4848040589010657
247,0.39793517652905624
248,0.4031270077723133
249,0.41224647989664537
250,0.3694399024797038
251,0.4139827032808059
252,0.3755304526768975
253,0.3736578179367591
254,0.36276799356760603
255,0.3634432153232152
256,0.4102284823474111
257,0.3936166613110876
258,0.4168123165938498
259,0.4297611688969909
260,0.39899529920355464
261,0.39300141660440596
262,0.34277801093291554
263,0.3602995436314298
264,0.3892499655327964
265,0.4054954535545989
266,0.35828574424431675
267,0.3985739795173933
268,0.4011706989193729
269,0.3655466217629875
270,0.3308507200864968
271,0.38733279326558123
272,0.40063107895679806
273,0.37069201878884306
274,0.4048214230130351
275,0.3696146524236483
276,0.4259477139777988
277,0.38438718693051277
278,0.396014407489335
279,0.35821707017633914
280,0.4173219769449231
281,0.40849734764460965
282,0.3855436418126939
283,0.399744480316644
284,0.371520941851866
285,0.4006083071077162
286,0.4012066550792487
287,0.35382155973985224
288,0.36811493707083554
289,0.3704780628680639
290,0.3944640366266296
291,0.3903020272734147
292,0.4192486991635752
293,0.39777468645810204
294,0.37648241774214586
295,0.42292114267449277
296,0.3964622114489333
297,0.3816245649510425
298,0.3470631548098351
299,0.3513332408160058
300,0.38920345035910053
301,0.31975985810810564
302,0.36850324971927234
303,0.3979531083482545
304,0.38610291680701814
305,0.3444595599054283
306,0.38004209491762786
307,0.36977522923348927
308,0.3792735363372269
309,0.38309950767778456
310,0.3659704453116812
311,0.3791152494339975
312,0.37023321055580577
313,0.31676481639015225
314,0.36142248260775045
315,0.38907171712041755
316,0.34433618251284065
317,0.39206283245809503
318,0.3437120673093354
319,0.35411514774130837
320,0.3736489647877128
321,0.37494462980061927
322,0.3477635250600245
323,0.4074717817426133
324,0.40975899944870464
325,0.38354355873488055
326,0.4157562706470311
327,0.374881813498797
328,0.38770275196557064
329,0.3890194020064908
330,0.3673302103619346
331,0.391709544972149
332,0.4012609594049794
333,0.3890694503441758
334,0.4005589468985332
335,0.44306914332186353
336,0.4038597200620951
337,0.40768556996821126
338,0.4110128274052101
339,0.37968935677796495
340,0.37258667942363677
341,0.35201216921337763
342,0.3734550426584888
343,0.3473690394941436
344,0.36821652854635467
345,0.3524556622503019
346,0.35959707140888353
347,0.3640415604034515
348,0.3036904818307704
349,0.34134537076126703
350,0.38531448634765075
351,0.33742520098964196
352,0.3734369662744792
353,0.3773964345444182
354,0.34018387924105886
355,0.3775116237860917
356,0.3263014129298206
357,0.34079672995446475
358,0.35528301456969646
359,0.36327126126272197
360,0.36563501157993533
361,0.36733774507990147
362,0.3729487795804819
363,0.34020548589776134
364,0.36072239570459125
365,0.3726286552622567
366,0.33736715821789004
367,0.3736255279404988
368,0.33136829680663893
369,0.34380906451515025
370,0.32181061982618137
371,0.3560552190746394
372,0.3662184838323812
373,0.3311853587117803
374,0.3583090249615345
375,0.3815231035838536
376,0.35391559047573845
377,0.3716488181013825
378,0.3623922522751631
379,0.3080480960476134
380,0.40010926359638754
381,0.33324104141603395
382,0.3746734493449204
383,0.3569219371619384
384,0.3869640199970448
385,0.3945789540864578
386,0.4339747734313721
387,0.38557310990383686
388,0.3927701880799682
389,0.3530534290712928
390,0.39758113730609124
391,0.3708656122142968
392,0.37559883183266
393,0.3623657969146884
394,0.37051478233014357
395,0.3905156998471636
396,0.3967234805411669
397,0.36997216698467783
398,0.37164385085446494
399,0.34307978997658206
400,0.3382406737426181
401,0.3778711275589252
402,0.3682867870446646
403,0.3792576081863137
404,0.3402381893493821
405,0.3848003155744637
406,0.3389304560660252
407,0.3130649547171165
408,0.3678104344261234
409,0.3345967615428661
410,0.3671208949715994
411,0.36169604260024396
412,0.3752335714890391
413,0.3434736076530346
414,0.3600605808895855
415,0.3713166630995578
416,0.3609465434445697
417,0.373665135807509
418,0.42017403828187144
419,0.39877938876652624
420,0.39046042982849316
421,0.40625503755151204
422,0.3880087898885792
423,0.42939728481037387
424,0.3776483098152111
425,0.38721902654165125
426,0.3893285047034997
427,0.36800921393300834
428,0.4045000438722475
429,0.4059358731436341
430,0.40128606163882
431,0.45144193241304614
432,0.4181712142552352
433,0.41321099318751775
434,0.3512155708421697
435,0.41501981123733944
436,0.3731870859980827
437,0.3339226413711193
438,0.3463157605178139
439,0.37430187730163644
440,0.3708139736636872
441,0.3387904508288375
442,0.3865368367621356
443,0.3487052896321849
444,0.3614597976768528
445,0.3791787018209896
446,0.3648187957638289
447,0.36121177650393016
448,0.36371870959288444
449,0.34943967309118573
450,0.36963324924097873
451,0.37440430436176514
452,0.36116700767315524
453,0.33755571699261344
454,0.30951184367536544
455,0.33716512600275
456,0.3776636944024336
457,0.36514115505403744
458,0.3270069875132182
459,0.31633361714478414
460,0.3137594267230034
461,0.3556792782827568
462,0.36575720354107005
463,0.3333059539076206
464,0.3538023644242029
465,0.37242856310688477
466,0.3679539641534115
467,0.3259114869380893
468,0.36555896470657945
469,0.35618870154753957
470,0.33701263036586276
471,0.3284957275055542
472,0.371691057047959
473,0.384369032481505
474,0.34831541279248945
475,0.44318770381493744
476,0.3955596470710151
477,0.4003956291398693
478,0.4301052244740849
479,0.3921829600337238
480,0.40551490041301996
481,0.4339099737003383
482,0.40418210537396965
483,0.4065333999870382
484,0.4167410172288983
485,0.4363192561505304
486,0.45838175172481044
487,0.42982998463848365
488,0.42658264262919204
489,0.41690947571225334
490,0.3906127895744577
491,0.37690233225834097
492,0.4325174791767981
493,0.43672208310602545
494,0.4230666240267339
495,0.37428151101101526
496,0.3765250759266752
497,0.4101422465461522
498,0.36327690218166037
499,0.42379442689552266
500,0.3730086698905227
501,0.39040548363500005
502,0.39270290183417944
503,0.362846631042381
504,0.37450848932999964
505,0.41660245474852775
506,0.38912239576068
507,0.40327063002108066
508,0.4426314415512815
509,0.41456234456575136
510,0.3930825058983813
511,0.3346639176803247
512,0.39950332886355605
513,0.3341270415578691
514,0.38364388960524487
515,0.33762584538259316
516,0.36875722985371834
517,0.36689957202803447
518,0.32506031824189774
519,0.34548865608011753
520,0.3635361618230164
521,0.3451310605627937
522,0.36737815094467025
523,0.318950754880717
524,0.3007174197467328
525,0.3543607604644742
526,0.368308124810818
527,0.32724517827896993
528,0.34518593736517733
529,0.36707382466902794
530,0.3595975455814647
531,0.3611948479645226
532,0.3172363636743646
533,0.35846862451325084
534,0.3687515600218177
535,0.36409757926784464
536,0.350989315347242
537,0.3724541886653424
538,0.34908468552305844
539,0.3675199487855185
540,0.3393308340936162
541,0.3455862402190664
542,0.3321643689619336
543,0.37373092147055614
544,0.3089918324838004
545,0.37226421893806033
546,0.3618638331941707
547,0.32293220567586794
548,0.3652400749718431
549,0.35434030454366994
550,0.3240808714060142
551,0.3685429848033165
552,0.3219797577641497
553,0.34497779873240636
554,0.3532186059334305
555,0.37467924061126257
556,0.3549555579242402
557,0.3964728716581213
558,0.3604873362126531
559,0.3721782809403128
560,0.3798981517349793
561,0.3524514293926259
562,0.3609829275162871
563,0.39065358287292085
564,0.39897267481058035
565,0.36017119031803585
566,0.40383074349131065
567,0.3798219313838499
568,0.37682820231438346
569,0.3296633890519102
570,0.4676788072633892
571,0.347592510670805
572,0.4166297254545384
573,0.4399977309053769
574,0.46340541650563133
575,0.4240041326108485
576,0.41799642961573596
577,0.4245019212996148
578,0.43840884219433884
579,0.41007987550394887
580,0.4131425562058307
581,0.39474885821792627
582,0.3949211563426705
583,0.4369009039950572
584,0.3802249173606374
585,0.43078038840376953
586,0.4490080103364097
587,0.37178278342075255
588,0.38041820629598777
589,0.32153475257929887
590,0.333045731464621
591,0.342688782640062
592,0.37402865269950525
593,0.36139689752744
594,0.382027128798581
595,0.3699870137908022
596,0.3243278025602594
597,0.36820754239768194
598,0.360292520672895
599,0.37299474829919094
600,0.3443859735251614
601,0.3421153229464493
602,0.36935290048494485
603,0.36008456708308256
604,0.33545846033991544
605,0.37396453531438095
606,0.3870636858692769
607,0.35837576475233646
608,0.34034655224066424
609,0.40028522788474724
610,0.35928470443843463
611,0.3635284449533872
612,0.39625762911052126
613,0.3801367906516462
614,0.4017585167900476
615,0.35064640183215756
616,0.4032220215489166
617,0.3835622307259129
618,0.3746942146344209
619,0.37902359534360963
620,0.3643343301680755
621,0.40031316937148254
622,0.3722403368312274
623,0.39813452562129786
624,0.3889222255403099
625,0.39117414051947275
626,0.4306655200959772
627,0.3826548436658885
628,0.3845633709573857
629,0.39814775619283144
630,0.3583011664183902
631,0.3976286181727269
632,0.35684524842082016
633,0.36246522859192615
634,0.39140472717614816
635,0.36377099579384886
636,0.3732771787885081
637,0.376589135485875
638,0.3940787135784913
639,0.40839780609811527
640,0.3964708969027984
641,0.33614285039585967
642,0.38421494084910063
643,0.35265610714381346
644,0.38959040409831075
645,0.3491855570658171
646,0.4101834359521984
647,0.3777896710703291
648,0.3639171045573712
649,0.42448858664141703
650,0.333629689454833
651,0.4223018241314277
652,0.41303740554465646
653,0.42298612455718887
654,0.4006517922029665
655,0.4403580731541162
656,0.42115414722459094
657,0.36982785082481606
658,0.41306652668025223
659,0.3984114481913031
660,0.3795746301436877
661,0.3706948811721075
662,0.4161224012708163
663,0.4027561874660483
664,0.38729677349718844
665,0.3962182380907281
666,0.405785687652432
667,0.4147852519396485
668,0.3835835511442889
669,0.4225601874709534
670,0.3784208757321823
671,0.3637546831005376
672,0.3846558866540491
673,0.35855266292937743
674,0.40411188157121447
675,0.3862896540651187
676,0.3950009792488985
677,0.3847104280660704
678,0.360997577714268
679,0.40088728828063486
680,0.3789386259300981
681,0.3904625636051085
682,0.3769795298675951
683,0.39598007045534617
684,0.36141251341836067
685,0.364207066873359
686,0.41167055103605504
687,0.37377442391358373
688,0.3394460638134369
689,0.40761538664360325
690,0.4100608681225542
691,0.4202435103476077
692,0.4016200583963412
693,0.43211659517236745
694,0.42511751874443604
695,0.41517332171920224
696,0.4105613572819963
697,0.3959938388079779
698,0.3913044165448574
699,0.4093843568488279
700,0.3786025994826257
701,0.4056717011899888
702,0.3955519041797199
703,0.3593780586110038
704,0.3402573268391069
705,0.3831251881708705
706,0.3794113528631709
707,0.39336800983558745
708,0.40002522518026096
709,0.37643395383479317
710,0.35438745001994326
711,0.33823000775083767
712,0.3862991259515575
713,0.3665913453937823
714,0.36478807863271595
715,0.38925583486413673
716,0.3616047730522543
717,0.3899260835902359
718,0.371612329943001
719,0.39519224427689015
720,0.3893885337957594
721,0.35377913285902096
722,0.40504455590803795
723,0.3965365119793682
724,0.40443866743594614
725,0.4038188660464112
726,0.4144187107517991
727,0.355638513897256
728,0.3899061741244185
729,0.37528538062612615
730,0.42325687131845374
731,0.38582557789035626
732,0.382325368895666
733,0.4110458691384894
734,0.40555914881047406
735,0.3586491743974262
736,0.39587963838961393
737,0.42797367415684145
738,0.3460517042160177
739,0.37563318043183375
740,0.4198703076132519
741,0.3508496975437487
742,0.3390974689012669
743,0.380685336045673
744,0.39366195346647953
745,0.3636151751663009
746,0.36574702039575946
747,0.3854362503969439
748,0.37098756419784473
749,0.3625728513113743
750,0.38423667472283707
751,0.3860148103371005
752,0.367249245393697
753,0.32890382240277444
754,0.32687526583972015
755,0.39404593495316864
756,0.3776232509508139
757,0.37876763756254456
758,0.35060952334878537
759,0.39251035017936686
760,0.3785100780033699
761,0.4306999525427415
762,0.4623236987396153
763,0.4319841853703674
764,0.3967009920391153
765,0.42761422242734004
766,0.45227699658925474
767,0.40682446099559216
768,0.405309375512038
769,0.43405901423823456
770,0.4510400017593814
771,0.4151787110953689
772,0.39858617500487775
773,0.43286453302807926
774,0.40425696681587253
775,0.38014879531357965
776,0.4369159271702514
777,0.425693545909098
778,0.4423961189513867
779,0.3926676222376207
780,0.3885775945952668
781,0.40140374896043346
782,0.370393689061575
783,0.39324359157635813
784,0.39986175707419325
785,0.40538619147019017
786,0.3866155147150578
787,0.435513483696395
788,0.38876643671702044
789,0.41088258607538014
790,0.42702002635718916
791,0.396155959570004
792,0.4065095872713147
793,0.4211784051999333
794,0.4016416274661927
795,0.40919028148090386
796,0.3746642261099571
797,0.3931326467575455
798,0.3349303737579891
799,0.3861795824177665
800,0.39776661395903695
801,0.36637866742593533
802,0.433675333446353
803,0.43393934348740953
804,0.37839099707697516
805,0.3500766140847528
806,0.38107413732317214
807,0.37344355553857994
808,0.3573153442743267
809,0.4018734226846909
810,0.35134610130162236
811,0.3542205586191431
812,0.36553162171816317
813,0.34093122438104423
814,0.3279590422086496
815,0.35877524069550476
816,0.351897552448357
817,0.3420806447395057
818,0.28158008615190194
819,0.39941668828082544
820,0.2947238378423917
821,0.2891665814516287
822,0.4120342645361947
823,0.29285826943023147
824,0.3543648371921539
825,0.2849264492743671
826,0.3301905475277478
827,0.26799550430831276
828,0.2940880649325002
829,0.30402697666823153
830,0.3300614453686312
831,0.2836233073694183
832,0.2970730160266222
833,0.30144172992967966
834,0.3095172359428283
835,0.3562502861571692
836,0.3542634596725555
837,0.3361697047552137
838,0.4498127216848299
839,0.44819483616393385
840,0.3802977548951816
841,0.44750644744530804
842,0.37838188949386087
843,0.3776897594379177
844,0.3798883936102141
845,0.3993821430735083
846,0.39092226235738364
847,0.4231171291892227
848,0.36892552353318847
849,0.4403776616860524
850,0.35437449701284746
851,0.37728560248615833
852,0.35474695379277676
853,0.3880978013342158
854,0.40844015202265216
855,0.3912642737880453
856,0.3979566415122436
857,0.36365553477033
858,0.34444983358492154
859,0.37763851410359484
860,0.409937432904042
861,0.4209650506687693
862,0.3865125036130913
863,0.3546907816896836
864,0.42135689358989903
865,0.37334998741009
866,0.35198016834674006
867,0.4021995319861055
868,0.3782354626877536
869,0.3982573999283421
870,0.3805420462959717
871,0.37719348578837425
872,0.35700045320227186
873,0.3528383860231324
874,0.2939657370804428
875,0.33724305221865325
876,0.3217116102781927
877,0.3647492600895757
878,0.41116438337082367
879,0.35078669330767165
880,0.3130234501597816
881,0.3692833098760633
882,0.3658666766901033
883,0.36454374675377865
884,0.33994980278983783
885,0.3536382862546313
886,0.3194268154783393
887,0.3624784649460522
888,0.3311448343038662
889,0.31091516321197854
890,0.37257673914720923
891,0.3659841731861658
892,0.3540460746744514
893,0.3813759510623934
894,0.362546719776077
895,0.33775393558803046
896,0.35657290855533436
897,0.3207343203492943
898,0.2462272935378796
899,0.3546663762582336
900,0.3576257567285263
901,0.354760204603384
902,0.3811082632925364
903,0.39037934342581404
904,0.34011673756008143
905,0.33483960151295045
906,0.36794895642834674
907,0.3403166417811986
908,0.3083108368096264
909,0.3890534817151155
910,0.3430916847692589
911,0.352313474084463
912,0.3935677926222631
913,0.31235286604332013
914,0.3156248650268334
915,0.340841732980234
916,0.386488552115149
917,0.35376816906372915
918,0.34655218181027486
919,0.33408287700800554
920,0.40138858700302044
921,0.30595967808748054
922,0.3311753432616508
923,0.3436243627295933
924,0.36565464637261114
925,0.36498356495319867
926,0.3877818115695948
927,0.2971572770725583
928,0.3997782853521271
929,0.28893362104075115
930,0.3520075142264526
931,0.40701742610576513
932,0.3776571629642574
933,0.3199858476037805
934,0.3492058192697741
935,0.3658273261484573
936,0.36490362639512164
937,0.39126081001516566
938,0.41189123211185763
939,0.3656519632497127
940,0.32111009922858813
941,0.3901746598920341
942,0.3583495435868561
943,0.2745500757456406
944,0.3560358473899202
945,0.3032168152264239
946,0.36111783250693075
947,0.4064404332481634
948,0.38270322661694683
949,0.4016155711045973
950,0.34730899016281036
951,0.3112471823228806
952,0.25548004574437594
953,0.3075110262083105
954,0.34498491999501285
955,0.2876056197708448
956,0.31101495340994845
957,0.3470581181718081
958,0.37572158470526273
959,0.23631587513796842
960,0.3582861432431961
961,0.31583445509031016
962,0.3290242246515448
963,0.3739573620084424
964,0.31535447678630063
965,0.3229399196542009
966,0.2834090420799429
967,0.33862155865104837
968,0.38846321491653674
969,0.3689672854158876
970,0.3059370565858025
971,0.2834999964766438
972,0.34325120047338464
973,0.37336821992409586
974,0.4026422356991598
975,0.2997227589101041
976,0.37952852553405597
977,0.30562141955932115
978,0.345692720876505
979,0.37448472287501583
980,0.3356410312401533
981,0.3280524426419583
982,0.3709078309217998
983,0.3460279840217735
984,0.364137137982819
985,0.31539365385017304
986,0.30934004285357225
987,0.3549680859107907
988,0.36020212429636583
989,0.3288640468405831
990,0.34105605320433774
991,0.4022803090200883
992,0.38757109968318204
993,0.409572961884291
994,0.3910069195109027
995,0.31904459189975604
996,0.3706345340372629
997,0.37182589843008573
998,0.30018815929853837
999,0.4013965727631987
1000,0.28219742704834794
1001,0.30184556594755785
1002,0.37396538824676784
1003,0.420694144886212
1004,0.32917804161080766
1005,0.34807999477981916
1006,0.3437247658823633
1007,0.290799273300502
1008,0.3180542043989505
1009,0.3330432391672736
1010,0.3470381190758077
1011,0.25912267131730704
1012,0.3109263496370798
1013,0.2508829396784792
1014,0.35113436878764154
1015,0.27610193562590274
1016,0.25966112319620627
1017,0.3285064021712234
1018,0.36252771239468234
1019,0.32646439529812227
1020,0.3429174205630805
1021,0.34859312757766076
1022,0.3291488366276213
1023,0.28409000884115465
1024,0.24211925890262553
1025,0.26998184794645663
1026,0.33237427128540287
1027,0.3735497644141732
1028,0.37591793841461346
1029,0.40423116488834504
1030,0.33496725513265746
1031,0.36401909792306586
1032,0.31167723950623916
1033,0.33721134048163826
1034,0.40054231616263697
1035,0.34918838475352687
1036,0.4083030062774327
1037,0.2831545444034723
1038,0.4419505080399764
1039,0.31310404793339836
1040,0.36480618392968783
1041,0.2995615749280555
1042,0.35656947080412077
1043,0.2995733020255512
1044,0.2637499798635883
1045,0.34359183275574623
1046,0.28884258279645963
1047,0.33677665433302073
1048,0.36442346015685734
1049,0.37132733198263446
1050,0.383905956695237
1051,0.4032641477349403
1052,0.3627850146284929
1053,0.30521614367592204
1054,0.40934520580662154
1055,0.31615234443655216
1056,0.32762699707608145
1057,0.3333071219912962
1058,0.33019077883144593
1059,0.32380728250055846
1060,0.35886694393792845
1061,0.3497213113653368
1062,0.39446228160982
1063,0.36295243802779875
1064,0.33193419865191487
1065,0.39509207821041076
1066,0.4436423023206686
1067,0.4109243537406717
1068,0.3803672385261027
1069,0.3640859909525679
1070,0.29270646770443864
1071,0.3174545061920801
1072,0.3196859623591425
1073,0.38490993907090076
1074,0.3864008244050371
1075,0.27636771803154625
1076,0.38754408919383176
1077,0.38201239186171326
1078,0.32829705208533344
1079,0.45995042304698297
1080,0.28564081050699774
1081,0.2892075135323108
1082,0.3626483690775207
1083,0.3631834778951577
1084,0.2501892591649344
1085,0.3169389786781387
1086,0.24722066124227088
1087,0.2624900129623694
1088,0.1345257639539214
1089,0.1539578420686991
1090,0.1670527539833267
1091,0.2776184313391915
1092,0.3270478755016328
1093,0.18260179813521565
1094,0.322481396936666
1095,0.28359305212287755
1096,0.20118785984367787
1097,0.24254108673409872
1098,0.24387705063381354
1099,0.2012968964069809
1100,0.30817301377826584
1101,0.2181777409920182
1102,0.19942210304315022
1103,0.15467147586926971
1104,0.25224432719768086
1105,0.14156416607642186
1106,0.1928808575901315
1107,0.2694630833553303
1108,0.1642604945008252
1109,0.19145410698889687
1110,0.1264557092087492
1111,0.18609406013116772
1112,0.18749869809886022
1113,0.20242280591911557
1114,0.20238401628893754
1115,0.155199472821013
1116,0.1530752490484082
1117,0.2979014566949404
1118,0.13983921874754562
1119,0.2761921705416083
1120,0.1551048464781041
1121,0.4458478437996507
1122,0.33522064255137696
1123,0.17692358508963085
1124,0.26129928826883675
1125,0.2551538497040745
1126,0.35045543749897345
1127,0.297626482406827
1128,0.42904032248692364
1129,0.2198776301793213
1130,0.1689020884899978
1131,0.23353629859742459
1132,0.16785742846772
1133,0.18477326930228583
1134,0.25541325680153815
1135,0.2945936051864504
1136,0.34578408583727016
1137,0.26924992498054473
1138,0.3346693995779706
1139,0.25207559069812296
1140,0.10841538848097398
1141,0.09532332160183349
1142,0.08545065524524942
1143,0.13450561293781016
1144,0.10338393165682197
1145,0.10051895779092501
1146,0.09677311005140288
1147,0.18580796362223517
1148,0.07823185186927029
1149,0.14053394244020428
1150,0.10723916291519436
1151,0.13986262971709368
1152,0.029911491591631145
1153,0.1721333815096999
1154,0.17780027585338104
1155,0.17575467220777383
1156,0.08966727540159514
1157,0.07713463964677514
1158,0.0671893207986054
1159,0.2639079964306205
1160,0.15517215106555335
1161,0.376538180726823
1162,0.32861030812937203
1163,0.24800006146069808
1164,0.18221849248901953
1165,0.1952571050835199
1166,0.31467236940872745
1167,0.32615855253760906
1168,0.2555788080865372
1169,0.2985732041063681
1170,0.23605324858215637
1171,0.16687315750408213
1172,0.277496510437078
1173,0.362535638883288
1174,0.25049833800874943
1175,0.3529926092095151
1176,0.3171769027218135
1177,0.35702308771478297
1178,0.22409577237724787
1179,0.14905361289500224
1180,0.09941079685361964
1181,0.15967470862765676
1182,0.09733054391403112
1183,0.1974052916933695
1184,0.15538370120198935
1185,0.16620165951213045
1186,0.11912999224889809
1187,0.1290406386727167
1188,0.14324534573101816
1189,0.18338842636832722
1190,0.1541178223228108
1191,0.24287470667440383
1192,0.1314503605999353
1193,0.134444425059764
1194,0.2569301650214807
1195,0.21849647653934803
1196,0.18324587389916377
1197,0.12838766785851524
1198,0.07765878843288787
1199,0.20105824739336547
1200,0.17640543663824815
1201,0.2146639703949646
1202,0.12276261635382757
1203,0.22500986098757256
1204,0.1930247692621688
1205,0.1454395846586966
1206,0.1889065919597513
1207,0.13366023565760798
1208,0.21443284017459857
1209,0.21231424864704343
1210,0.12350477739967836
1211,0.1728280242517113
1212,0.17648845153551046
1213,0.2222353731283878
1214,0.1953558248016501
1215,0.23511708085925515
1216,0.19983225371975238
1217,0.17110061042127112
1218,0.13080232500251038
1219,0.21981791097528766
1220,0.22445249691417168
1221,0.18983380441211997
1222,0.22651765728745657
1223,0.17941764375601718
1224,0.2546672942206789
1225,0.2179171612706404
1226,0.15059764244484658
1227,0.20460876760781488
1228,0.17441475293858547
1229,0.2016600155424517
1230,0.26088442536667955
1231,0.20250244674144602
1232,0.19481675685077204
1233,0.1648958424579361
1234,0.21020749675165426
1235,0.42315506877831
1236,0.27944876713835665
1237,0.2635803388400765
1238,0.23853310901889146
1239,0.26279407974417535
1240,0.3047529869333597
1241,0.27175291145014946
1242,0.23616525306103614
1243,0.29569289046834013
1244,0.34503120675630683
1245,0.28098295830737713
1246,0.24838047075089908
1247,0.2310089385006284
1248,0.27704413389249716
1249,0.26602445562720844
1250,0.2825959083856142
1251,0.31633660674508257
1252,0.2476795974151662
1253,0.28311880509081355
1254,0.28544791370369815
1255,0.278587931754643
1256,0.28758318222788914
1257,0.2505896483962983
1258,0.23274082096491652
1259,0.26125603339304854
1260,0.25151097728672805
1261,0.28051450651718757
1262,0.24747055272244023
1263,0.254423946669989
1264,0.3192733039122404
1265,0.16851230597884173
1266,0.2802730485866996
1267,0.352664542861967
1268,0.2927341883684246
1269,0.1768437726643517
1270,0.2358613854172578
1271,0.26811396830437517
1272,0.26898822689223345
1273,0.35692932153250145
1274,0.2984115329409053
1275,0.35635820957142494
1276,0.3317799017374784
1277,0.3988619410563923
1278,0.36572544265201923
1279,0.3610834781251646
1280,0.39743066846785896
1281,0.4045364163787799
1282,0.34449198290131505
1283,0.42377912904718695
1284,0.4223225923122244
1285,0.3543867734566262
1286,0.3824938967701305
1287,0.36094803824471894
1288,0.3548377000161494
1289,0.36292189148316323
1290,0.38348251768894154
1291,0.3307165639415758
1292,0.357343681868645
1293,0.3752477793186973
1294,0.26947340772239103
1295,0.3954778320616869
1296,0.2894711505961541
1297,0.3588642145542904
1298,0.28833240779465796
1299,0.341657012016363
1300,0.3317280810352064
1301,0.2779856151176273
1302,0.3885663966049806
1303,0.3416315570443827
1304,0.32206837599349947
1305,0.33203095009755046
1306,0.3246219688209609
1307,0.4373396119367262
1308,0.34176198919976364
1309,0.31379207523999575
1310,0.34857402189219444
1311,0.20262887935320353
1312,0.2189595102662912
1313,0.273695055481463
1314,0.1620265683536081
1315,0.197312525764053
1316,0.15274566937834438
1317,0.20626141141100707
1318,0.21580854094282947
1319,0.2199464715810681
1320,0.1645252265527614
1321,0.17881435946088384
1322,0.21225457118609906
1323,0.16666596540941342
1324,0.18993967412511287
1325,0.220373435077464
1326,0.21715974775625171
1327,0.20948643261342823
1328,0.3056201354623844
1329,0.1849788111896331
1330,0.29493662857079145
1331,0.24413434491655944
1332,0.3493156422656508
1333,0.25268235812426776
1334,0.42931357889331334
1335,0.2952923736585302
1336,0.3547135072780258
1337,0.40898415519030673
1338,0.2867413997634857
1339,0.3633321028092214
1340,0.4038243710744269
1341,0.2256587538543287
1342,0.4135796652606863
1343,0.2874409662333241
1344,0.3000674072029246
1345,0.39187774323884367
1346,0.24792046262992767
1347,0.20415498103679364
1348,0.39621752104926383
1349,0.4014312104919951
1350,0.29066751404015295
1351,0.35503233629554143
1352,0.3974291245156739
1353,0.4154022400979548
1354,0.39645861467642723
1355,0.35733074331803033
1356,0.37211897178081355
1357,0.3466910507680454
1358,0.41992477674286754
1359,0.3455077820046575
1360,0.3084484654013157
1361,0.338466816476993
1362,0.39507004653316297
1363,0.3895911327049599
1364,0.36959194418308344
1365,0.35158890657615194
1366,0.3227559291275157
1367,0.36774130642463815
1368,0.29560899011160835
1369,0.3123237702065663
1370,0.22304162985205292
1371,0.2927547140417503
1372,0.27384090655820914
1373,0.29440425636503303
1374,0.2226070680291731
1375,0.23526803107572092
1376,0.22862953398281938
1377,0.2856800938260065
1378,0.29645935502744886
1379,0.28030742935154385
1380,0.20222465554021893
1381,0.2590651569299406
1382,0.26802091229672936
1383,0.28742066571969205
1384,0.23942933495265656
1385,0.1776644587858367
1386,0.25100248827203864
1387,0.14862024829464282
1388,0.1748646135359193
1389,0.3038586381736698
1390,0.2056626084217309
1391,0.20858547760327226
1392,0.39197956457241284
1393,0.20541941571350691
1394,0.3418023097712937
1395,0.2218390407244538
1396,0.19749018615906172
1397,0.2448288472810567
1398,0.23061713172070156
1399,0.2470709665486033
1400,0.2946714403265225
1401,0.37129571710404313
1402,0.29071080397290794
1403,0.23000276596807293
1404,0.25752321058161587
1405,0.24840845705272588
1406,0.3325904824172389
1407,0.42320545828894973
1408,0.3110764628458762
1409,0.37201709984956044
1410,0.312271817227492
1411,0.20192080126868564
1412,0.26966750332938866
1413,0.2894513249779273
1414,0.2281275333982748
1415,0.2898814573349877
1416,0.40694381948642466
1417,0.29641254855565813
1418,0.42969177489625277
1419,0.304991325155219
1420,0.23469429164919833
1421,0.3086592929395775
1422,0.25391146549803456
1423,0.46108042112304126
1424,0.2556896126774829
1425,0.33490566474043537
1426,0.284968769177238
1427,0.30610245607774966
1428,0.3837984322798606
1429,0.4387614155301169
1430,0.40010130674917155
1431,0.25943047003971764
1432,0.4289266135889182
1433,0.3329943328915982
1434,0.418488999514813
1435,0.28770199245667466
1436,0.3904848554990167
1437,0.36420724035113267
1438,0.29682700430457715
1439,0.35939171709437895
1440,0.3484955434387119
1441,0.35093269798452986
1442,0.37251969387265554
1443,0.35048622402119584
1444,0.18989535245137001
1445,0.2022963070108391
1446,0.14716914150434712
1447,0.15902257707994988
1448,0.15834601376289148
1449,0.18843890245529424
1450,0.17655842747737896
1451,0.18196899106278178
1452,0.184960881267848
1453,0.24735186184997707
1454,0.20249305393647665
1455,0.21100694984870935
1456,0.16741880880093896
1457,0.2803964401647094
1458,0.13499118684025446
1459,0.20481619888948158
1460,0.18168952993468948
1461,0.20347496126544917
1462,0.23422159516508886
1463,0.17379948169070805
1464,0.22550580428393388
1465,0.2647304010663003
1466,0.25881096934499026
1467,0.482196193552132
1468,0.23810033690837598
1469,0.5084935736010221
1470,0.24620475588379212
1471,0.2360235997849992
1472,0.28566458852716653
1473,0.29518985985951474
1474,0.3547587965421215
1475,0.44522429239890965
1476,0.308377432035617
1477,0.47223494944434535
1478,0.24597271201381846
1479,0.3625451613674108
1480,0.3638602385431836
1481,0.3204091102410062
1482,0.25516717857967985
1483,0.2476568631529353
1484,0.41265959842105954
1485,0.21092146424846828
1486,0.32107769936307123
1487,0.32111978507094774
1488,0.22464387996577884
1489,0.339119249035743
1490,0.24217475733369792
1491,0.34255982793705286
1492,0.2639118346263615
1493,0.35029196939290574
1494,0.32771118873090804
1495,0.3301384434784456
1496,0.2972588656567812
1497,0.2572777207385397
1498,0.1977061124982194
1499,0.236707385560032
1500,0.3132923638392387
1501,0.2880151892291406
1502,0.2377870823099855
1503,0.2995725676363096
1504,0.2558517045265467
1505,0.2553282989532114
1506,0.2861869879294149
1507,0.24832101124399608
1508,0.26601330389766187
1509,0.2939554382832832
1510,0.3701658780492773
1511,0.2605673624116286
1512,0.2884788374920615
1513,0.28246143708940447
1514,0.24638806406456776
1515,0.3147383415603812
1516,0.29439526226529567
1517,0.2951056884437617
1518,0.2939414444095457
1519,0.3072864650129717
1520,0.2622182332855275
1521,0.23964839328845183
1522,0.16021670257031626
1523,0.1979941477652721
1524,0.17685174071534057
1525,0.22842048386891298
1526,0.34156352050722305
1527,0.2152052940312528
1528,0.30490039244323974
1529,0.20045593615494195
1530,0.3173650133456217
1531,0.26021505073815915
1532,0.22303878698503798
1533,0.2348987915856679
1534,0.22399293787023375
1535,0.25416917685026114
1536,0.17879311891456606
1537,0.2613778259938919
1538,0.4053560988590622
1539,0.23824268698680356
1540,0.28015096179646515
1541,0.2001585793488542
1542,0.30698795024274517
1543,0.3317278063620649
1544,0.40793619909033046
1545,0.29930223722170135
1546,0.24253267667619915
1547,0.27239051455055246
1548,0.28572436318535827
1549,0.31132891926721074
1550,0.2552669861254271
1551,0.23851467700544596
1552,0.275972321707354
1553,0.2584947598418561
1554,0.26629890035634735
1555,0.3116883652141197
1556,0.2781783113372512
1557,0.3186595001553158
1558,0.3468552792850208
1559,0.3582705678304226
1560,0.38640564419584705
1561,0.32682044686326106
1562,0.3541451044615137
1563,0.35299596455878623
1564,0.3583349916929469
1565,0.398695954631311
1566,0.38205065816727424
1567,0.35679569449479
1568,0.3349450817818946
1569,0.3097723581392839
1570,0.38407590708744516
1571,0.3870546129817174
1572,0.35423927976221126
1573,0.391369404210146
1574,0.38840771648546435
1575,0.34032106546442553
1576,0.40186489625211824
1577,0.3487290994566121
1578,0.3855784327801903
1579,0.32627213566422864
1580,0.3764985425012024
1581,0.3507023744358111
1582,0.36345351122907865
1583,0.3323142855625866
1584,0.2573399211942657
1585,0.36070405043003256
1586,0.34160447138133054
1587,0.3247460169942732
1588,0.35531070740495624
1589,0.3778841326093531
1590,0.3763210747388048
1591,0.33600848318631416
1592,0.31919073825012934
1593,0.3650931421888961
1594,0.39886949601343274
1595,0.39183282116936874
1596,0.28806535610997086
1597,0.26590786121556875
1598,0.2899330062554144
1599,0.24609186522261886
1600,0.32284682858958835
1601,0.2743713676171617
1602,0.3071692605378281
1603,0.35488228669526206
1604,0.30033031566011875
1605,0.33878391939066127
1606,0.3035319636238429
1607,0.29214970524653544
1608,0.23045926260977695
1609,0.27467560137132474
1610,0.2736199775537551
1611,0.24577112794959355
1612,0.3221454926464592
1613,0.2808144593458749
1614,0.40400934464182914
1615,0.2884933980598594
1616,0.382954110173134
1617,0.43071816770897
1618,0.20170714026012163
1619,0.20655882785007948
1620,0.3138795340595586
1621,0.21753941579038258
1622,0.18573800233167148
1623,0.3936479624840383
1624,0.3606369521184985
1625,0.2424562597169263
1626,0.2191563442922276
1627,0.22610773746278753
1628,0.19891114115700986
1629,0.3175143097632341
1630,0.3706682812468215
1631,0.43119649219153783
1632,0.23856110544025502
1633,0.3469895134949399
1634,0.10809392146341634
1635,0.22995074666989138
1636,0.13502331573710308
1637,0.27497364142685204
1638,0.08776646673314015
1639,0.15348054128570154
1640,0.15197692846557515
1641,0.2997245712107202
1642,0.11161364670763718
1643,0.1156709680070741
1644,0.11920061617994515
1645,0.18378229721752443
1646,0.20568678056171658
1647,0.10019159252906479
1648,0.22701580343530714
1649,0.17251669686037369
1650,0.1809408238073584
1651,0.07521088565146472
1652,0.14768444069623965
1653,0.17659798176505595
1654,0.22119148433679023
1655,0.2634072195872039
1656,0.15392711987781776
1657,0.1824698111852888
1658,0.20708121857843914
1659,0.29900244160724637
1660,0.2999461260001013
1661,0.3272165313159553
1662,0.1373895531111895
1663,0.21624040554774177
1664,0.17368605324843658
1665,0.24425511146865436
1666,0.2831029954830457
1667,0.15979827851732603
1668,0.13634181674972645
1669,0.3369460091182061
1670,0.34305339822462433
1671,0.36509449820682643
1672,0.19593265613066344
1673,0.23946497203088782
1674,0.14197891741520358
1675,0.0785080261272002
1676,0.2934600100216505
1677,0.21890659525357395
1678,0.20554704877790483
1679,0.11010193703831023
1680,0.1678024487080848
1681,0.09316745312567437
1682,0.1971134615096662
1683,0.2686674108765625
1684,0.22918901611141237
1685,0.14833384773937086
1686,0.10696240568272153
1687,0.1252816585753797
1688,0.23254817032838468
1689,0.12637493863500643
1690,0.13190064520134315
1691,0.2675623937354328
1692,0.21576120193041498
1693,0.19909866177568186
1694,0.25763993925782414
1695,0.27731178678609336
1696,0.2995399912210168
1697,0.18740769391765236
1698,0.22678105367347728
1699,0.21372997380964717
1700,0.24784536102973195
1701,0.27231966315581
1702,0.2622709284242021
1703,0.29357663492743014
1704,0.27276280634589084
1705,0.2274966032288571
1706,0.20434363504358652
1707,0.18860179925929818
1708,0.27922829983776887
1709,0.2073241913674439
1710,0.21822665811005446
1711,0.176773669934626
1712,0.23431658282967313
1713,0.3519208895458512
1714,0.18996582192395148
1715,0.3389108140451088
1716,0.23868571307938719
1717,0.2261557026215411
1718,0.20990096245181306
1719,0.3138897620199607
1720,0.2373718502480296
1721,0.2862676478659005
1722,0.21981355182669607
1723,0.21580996237633696
1724,0.2097535757353585
1725,0.2151535687417563
1726,0.22222552896497152
1727,0.2426591405275089
1728,0.2837415107874082
1729,0.23519379722580525
1730,0.3159025619221093
1731,0.21028610136052295
1732,0.2378277218276306
1733,0.233625881977596
1734,0.28979948854484144
1735,0.24638772813208742
1736,0.25367079924059466
1737,0.2400547369636887
1738,0.27486051946198065
1739,0.21991364362300359
1740,0.27099589727346385
1741,0.2889842124000087
1742,0.25967603306872955
1743,0.2642000558399028
1744,0.239412152159887
1745,0.21926305571124627
1746,0.262057790378843
1747,0.261615306404302
1748,0.2959458586491067
1749,0.3917874249273126
1750,0.35051785480191644
1751,0.3435633505966165
1752,0.29912778797256445
1753,0.30623408522976847
1754,0.3109857571006508
1755,0.36512886415377754
1756,0.37834104126076945
1757,0.274806712981319
1758,0.35758237282864397
1759,0.28098247546090727
1760,0.34894664925860114
1761,0.3088903075080945
1762,0.33132068294037686
1763,0.3096983207168056
1764,0.24822149861046394
1765,0.309370528680987
1766,0.35838077536869745
1767,0.24213884598891364
1768,0.2206132959281987
1769,0.22799093555369032
1770,0.22388930803087473
1771,0.23115378232205153
1772,0.2691218333294594
1773,0.24143305744959528
1774,0.2679577280774622
1775,0.27873254824790034
1776,0.23793105006865195
1777,0.24573759614160387
1778,0.26898911126746683
1779,0.24083532243286287
1780,0.23686811705422112
1781,0.21272930937710965
1782,0.21339867914915592
1783,0.2689928583873767
1784,0.27091322264562623
1785,0.21937800696309914
1786,0.36302098343309436
1787,0.24028370648224326
1788,0.28424917325278887
1789,0.2840633554268884
1790,0.25909413277790094
1791,0.2891493420978768
1792,0.28143822036559235
1793,0.18533419378110744
1794,0.30212565304128325
1795,0.32912008991488684
1796,0.2778752066342647
1797,0.3048770683565786
1798,0.2882795129758378
1799,0.3109055135108218
1800,0.29365053519404366
1801,0.27751966971985426
1802,0.26313875550431
1803,0.23922926231353417
1804,0.24663384881985906
1805,0.2525610035548027
1806,0.2493279329836863
1807,0.25816530711776725
1808,0.23638675707202722
1809,0.2775833913588075
1810,0.23381036926511412
1811,0.2512619210297562
1812,0.23070473546648776
1813,0.2666328844644475
1814,0.23526218162204218
1815,0.22674177451070687
1816,0.24991425316291552
1817,0.24812929408955695
1818,0.27899797538552
1819,0.2634071115250074
1820,0.2692885631790829
1821,0.22493457558677218
1822,0.29797315930536256
1823,0.2078761938482278
1824,0.38818293266031606
1825,0.32966860205900705
1826,0.3786117533264796
1827,0.3690415570333602
1828,0.3328835152898195
1829,0.34726427915796
1830,0.36532561686200754
1831,0.35672771144661053
1832,0.33094352491278284
1833,0.32266986102143796
1834,0.33596288455352213
1835,0.376566386767163
1836,0.31184132056710695
1837,0.34507060644998866
1838,0.39634425234547455
1839,0.3402717139291312
1840,0.3748780605962947
1841,0.3511975522840846
1842,0.41782777163294127
1843,0.319409762613194
1844,0.3607161505047415
1845,0.31308404594610173
1846,0.3684586081055314
1847,0.32564943430457827
1848,0.3205845194004904
1849,0.34226367246454736
1850,0.336423051695786
1851,0.3923814706500597
1852,0.3348330006836648
1853,0.3746141025985702
1854,0.34054501081366806
1855,0.3326994669372098
1856,0.367768617608796
1857,0.3409907850833152
1858,0.2871188873988496
1859,0.3150978453332147
1860,0.3688792165328209
1861,0.3561336425934936
1862,0.3162893282691829
1863,0.3663146396709941
1864,0.29483535513785725
1865,0.40416038017412187
1866,0.32106450059579617
1867,0.3714637433386123
1868,0.3500771431919623
1869,0.3317784878936235
1870,0.3623788684649295
1871,0.34932023653535516
1872,0.32652501421481217
1873,0.36891165976778123
1874,0.37460037761538184
1875,0.365541680537736
1876,0.35933577918628007
1877,0.3831085776740479
1878,0.36745400699247516
1879,0.34962441246359366
1880,0.32243502126801304
1881,0.27736067589469743
1882,0.32351237895931906
1883,0.3794420873420612
1884,0.36469175220762573
1885,0.3981016631483847
1886,0.3511055396729647
1887,0.3355734211691871
1888,0.34202836142983745
1889,0.33509309012703786
1890,0.32761112675109283
1891,0.31125380339123987
1892,0.35164594606811317
1893,0.29014476189976496
1894,0.33667828376149816
1895,0.3187784827776388
1896,0.3068216428837828
1897,0.3385420884829601
1898,0.3168693598791189
1899,0.3019606800155295
1900,0.35110672510441765
1901,0.302755907912326
1902,0.26618855114455736
1903,0.37113826144847895
1904,0.3251021350592252
1905,0.27218387360922697
1906,0.34682255270303025
1907,0.29068481555677383
1908,0.40541787429424286
1909,0.27876564347015975
1910,0.33826314200559615
1911,0.3527348313574753
1912,0.33333768010111664
1913,0.30106783039293317
1914,0.25308471090718165
1915,0.2847107961627029
1916,0.34615203797767824
1917,0.2755317170753603
1918,0.3407302850758779
1919,0.32641891809977175
1920,0.3387014798613481
1921,0.3515276168787374
1922,0.33268806944748397
1923,0.32197311067412443
1924,0.40120028266236496
1925,0.3009962129853967
1926,0.4141968818313945
1927,0.4060960191503373
1928,0.39205166627206733
1929,0.3551254649470049
1930,0.3460596090199016
1931,0.2928438331881713
1932,0.4065692144733989
1933,0.3209253396171067
1934,0.3049968417484196
1935,0.3499064208236617
1936,0.3571960378268263
1937,0.36395753066121356
1938,0.34169429889532715
1939,0.22601763672129752
1940,0.23245818410933117
1941,0.3148881605797865
1942,0.36054500094742337
1943,0.21143362629360177
1944,0.23162663574933431
1945,0.20345906121432122
1946,0.25738857086740097
1947,0.31832166158793335
1948,0.22405420371445442
1949,0.31666884631732195
1950,0.2812785882867935
1951,0.28810371276853897
1952,0.20858567637988784
1953,0.21782073096218027
1954,0.19149610333764935
1955,0.1660644699005261
1956,0.22041122829467988
1957,0.2737696648384761
1958,0.21944141074017348
1959,0.1799508147049465
1960,0.2882977575971466
1961,0.21395491015067145
1962,0.19137865147597238
1963,0.17712282630038204
1964,0.25368481299199364
1965,0.2917621087360328
1966,0.2775142635380283
1967,0.26642706772325264
1968,0.20185002432482108
1969,0.18728099081157987
1970,0.33168713937710564
1971,0.20543143826533575
1972,0.1459231956731208
1973,0.19953064962209582
1974,0.19823037588300393
1975,0.18305192651627425
1976,0.2873102854264677
1977,0.3238715242114205
1978,0.3067847846394842
1979,0.3476293457847337
1980,0.33935661289077385
1981,0.31021063527781506
1982,0.3255753766430264
1983,0.29137514722646396
1984,0.29468902374452544
1985,0.31956749438754783
1986,0.3053669045350732
1987,0.3146807874176916
1988,0.4295926547561834
1989,0.3452765939583669
1990,0.3526481560791899
1991,0.33531839727680324
1992,0.3037556314086477
1993,0.3558594204941642
1994,0.2828032056511831
1995,0.41542473438259886
1996,0.2661022314957079
1997,0.39370245474402377
1998,0.344202757865865
1999,0.2760612088272528
2000,0.35663418090497156
2001,0.25322170341370104
2002,0.3190142246154865
2003,0.4168916103928683
2004,0.2869240516200179
2005,0.3199177778167142
2006,0.3130394881799513
2007,0.32915715777816185
2008,0.378655125661177
2009,0.34321910419397156
2010,0.29142612367023774
2011,0.4085507701249912
2012,0.3060426322675221
2013,0.39329471258494325
2014,0.20793034891079085
2015,0.2639796760010259
2016,0.4182718082335561
2017,0.26304576418941733
2018,0.3491253660609687
2019,0.2294741835288437
2020,0.20906530989682234
2021,0.38301171635915565
2022,0.3183656288068294
2023,0.20427255848915046
2024,0.2265400035964633
2025,0.2268080614522373
2026,0.2129839646292246
2027,0.16792184076505942
2028,0.29605089365843196
2029,0.33027403370629504
2030,0.265691832235395
2031,0.44822038510304146
2032,0.23937992631426175
2033,0.29564458269098365
2034,0.3039208834444873
2035,0.3793312784141712
2036,0.37636022867230734
2037,0.3210520448916513
2038,0.3639375315652132
2039,0.4174494831085226
2040,0.26725510695316035
2041,0.32550412064751827
2042,0.32448747150308516
2043,0.4235585896448995
2044,0.38368384153650603
2045,0.1773688822954006
2046,0.3563697834302206
2047,0.32752233793526575
2048,0.3657141752706236
2049,0.37388455049556424
2050,0.30528669708644707
2051,0.3185615401478574
2052,0.2587734085157086
2053,0.31653337680108995
2054,0.37095761036893565
2055,0.24928538864394584
2056,0.31679956109690904
2057,0.16539419732123303
2058,0.3241540819177716
2059,0.31765437860893875
2060,0.32119275849641454
2061,0.24860418768773973
2062,0.3006214981031143
2063,0.34178111223300733
2064,0.27276314191695916
2065,0.31798385916175376
2066,0.2932946990304738
2067,0.32110939664360505
2068,0.36762032013403
2069,0.26745835351271563
2070,0.3592214457682897
2071,0.1796683619887896
2072,0.22738451074614843
2073,0.4472773902843366
2074,0.3800303504723548
2075,0.3311182517263575
2076,0.20008965662940106
2077,0.23286950786161256
2078,0.1990924601259815
2079,0.24169522428930731
2080,0.3951986976500682
2081,0.20540027388683774
2082,0.4379391279919343
2083,0.2025339353291217
2084,0.28534644185556035
2085,0.3121880332454333
2086,0.2118103932733811
2087,0.3812229639051476
2088,0.24808013157275347
2089,0.3658463508776293
2090,0.3464481009287045
2091,0.39397264926770936
2092,0.35600722355727543
2093,0.3338125697237671
2094,0.37819806087976443
2095,0.3756685930280189
2096,0.42001928454263115
2097,0.5269395245399844
2098,0.27667317769530947
2099,0.31429558002140234
2100,0.41451961120752007
2101,0.44458802796865965
2102,0.42083690842
2103,0.401283765949616
2104,0.405637861458951
2105,0.3362658230069756
2106,0.34484365126137406
2107,0.40351726915440694
2108,0.3736661622176695
2109,0.23477690465628512
2110,0.36969947438105233
2111,0.3187205325273662
2112,0.3691072039141885
2113,0.363704001568979
2114,0.3214765276558847
2115,0.36439299745981235
2116,0.3405578799731733
2117,0.3372771608402402
2118,0.2984805221601717
2119,0.3662132650426919
2120,0.28915630000224646
2121,0.3460122987397434
2122,0.33610960916314075
2123,0.3034697082334886
2124,0.2556192182882503
2125,0.3665666450501172
2126,0.3603692845877151
2127,0.31067176522172246
2128,0.45241041256234166
2129,0.3320941798547331
2130,0.40298802316269366
2131,0.3773021638309451
2132,0.42780176346579163
2133,0.39656542494163566
2134,0.38106021284054414
2135,0.43533408743941415
2136,0.4440936799224032
2137,0.4203183949198804
2138,0.4566587502382948
2139,0.4211268996489501
2140,0.4218608551961094
2141,0.4208337279941506
2142,0.4389322130721194
2143,0.2971499620931046
2144,0.4244677172652524
2145,0.4250881720877346
2146,0.4631449136068978
2147,0.32063404152226205
2148,0.2867744877575046
2149,0.27069022997849035
2150,0.41719747772939947
2151,0.3987036888487176
2152,0.37616282542242635
2153,0.28170722512088064
2154,0.24326281571233915
2155,0.3876753713903034
2156,0.4088330213539423
2157,0.2810013093645283
2158,0.32537655376669805
2159,0.36389866387003705
2160,0.3437555639697706
2161,0.2566992475372699
2162,0.4082409821907766
2163,0.30654905725811765
2164,0.2462544283529676
2165,0.3636827534330086
2166,0.2831662613814312
2167,0.2970257361050744
2168,0.3343352539186938
2169,0.3128329267492721
2170,0.24320335475978802
2171,0.3329902055662345
2172,0.34384417786217597
2173,0.2529451379187798
2174,0.24179942226837486
2175,0.18860381611912233
2176,0.24260656808821798
2177,0.327277784872167
2178,0.34000062744055964
2179,0.3254848400386302
2180,0.26772270328107883
2181,0.21923571181929988
2182,0.2125872108414538
2183,0.36386466945465107
2184,0.2662441637818307
2185,0.2429772113025891
2186,0.25141052100638994
2187,0.25848529156953753
2188,0.3531638223753502
2189,0.2889883511098513
2190,0.35989900441407413
2191,0.2416144971301844
2192,0.27833951049860495
2193,0.2934730175567861
2194,0.22998071911151993
2195,0.21430945408553398
2196,0.2971634911909736
2197,0.1940590697474779
2198,0.16061616333417933
2199,0.28851764808413716
2200,0.2177179916420591
2201,0.3523737467684298
2202,0.26475216457582307
2203,0.2098945835295128
2204,0.1893030685219081
2205,0.29957263088341457
2206,0.23840343113041368
2207,0.2036992950422692
2208,0.20301618583055345
2209,0.254921845950836
2210,0.21295560643442063
2211,0.29017176624511076
2212,0.2683644651496919
2213,0.23744524399568537
2214,0.2768174356678347
2215,0.19519293963059584
2216,0.20486330777278702
2217,0.23859311172807307
2218,0.17781692008858124
2219,0.27552307173823026
2220,0.25685752251390237
2221,0.24929664409874452
2222,0.36795488033290336
2223,0.21661178676547474
2224,0.33386987810627744
2225,0.15889863434859686
2226,0.15216908455492267
2227,0.15821545574577167
2228,0.33754750282003326
2229,0.1149146170214605
2230,0.22523311168030838
2231,0.332529762305181
2232,0.23871086591091176
2233,0.14455884593058183
2234,0.2613570592587433
2235,0.16052430613023158
2236,0.24585636914495046
2237,0.18599007999320025
2238,0.14284907212430353
2239,0.1396732260881069
2240,0.29394269634081194
2241,0.3226096671252934
2242,0.3600927870382552
2243,0.2715810209981732
2244,0.3053202737095283
2245,0.23991356707623968
2246,0.3326309027384888
2247,0.40900748795085656
2248,0.38467189286996034
2249,0.27138780145393226
2250,0.2722184824250611
2251,0.32901670149876283
2252,0.30911425574863327
2253,0.23888953934383594
2254,0.2534644017102703
2255,0.36188900481912073
2256,0.37354836502679944
2257,0.4281853792035081
2258,0.2700881638000103
2259,0.2856588117173055
2260,0.3613252945763846
2261,0.28930677606871924
2262,0.3811358939649273
2263,0.23060099539646012
2264,0.17703955931822996
2265,0.23540416703573316
2266,0.2896141324228072
2267,0.19994639723831018
2268,0.17442742352476936
2269,0.3443525226734661
2270,0.2346466242939561
2271,0.18599166008658818
2272,0.3565779986823415
2273,0.21377257579460615
2274,0.17627602581067106
2275,0.27728999382149033
2276,0.25150352894623595
2277,0.25674676743640457
2278,0.31545609862043017
2279,0.26479430883244814
2280,0.40356565788805776
2281,0.22154055342154141
2282,0.30207751729605226
2283,0.26946552315758066
2284,0.4738279813828763
2285,0.27188625514083076
2286,0.25804626775375583
2287,0.3175306398043227
2288,0.27477826840904024
2289,0.2795062085204934
2290,0.30365746033656477
2291,0.3116892846463198
2292,0.39576043024618524
2293,0.31389054411559003
2294,0.37169441384287827
2295,0.2653319410288671
2296,0.22986082500806143
2297,0.42796765447809737
2298,0.3218419556946868
2299,0.08421312185780672
2300,0.18805245297621656
2301,0.15038688938005085
2302,0.16170522698037743
2303,0.22703991720725022
2304,0.17548738844291742
2305,0.2932793171538415
2306,0.1786139205306707
2307,0.24121970129207718
2308,0.25991023131580415
2309,0.22114280629281072
2310,0.27753280903485067
2311,0.16612324326669328
2312,0.1844692117364866
2313,0.3065066041749143
2314,0.3203327422530632
2315,0.15654736268519215
2316,0.26132183152481064
2317,0.3040232814109477
2318,0.19245597898937405
2319,0.20463432686975355
2320,0.18712496074576146
2321,0.18944382658035083
2322,0.22589960244413687
2323,0.23167507074372476
2324,0.2506958908832102
2325,0.2996700773243806
2326,0.17702529293982314
2327,0.1860230299278243
2328,0.343248653964233
2329,0.2440461524305791
2330,0.1772833584758375
2331,0.18671280068604648
2332,0.3485327753830477
2333,0.2218422348839603
2334,0.27980886145844447
2335,0.2715867898569696
2336,0.2267488571022263
2337,0.3867437465940102
2338,0.3581596403593873
2339,0.2548924736338805
2340,0.25615246583394136
2341,0.27992380132581846
2342,0.32221021142119866
2343,0.2885486767524185
2344,0.42074110242823054
2345,0.35233690514908456
2346,0.31942834497404327
2347,0.31352170434724036
2348,0.3265373600497004
2349,0.2650180590191954
2350,0.2980667545397546
2351,0.32092146817145906
2352,0.38021229685260766
2353,0.2802640721961517
2354,0.3018820049539035
2355,0.2446359819206035
2356,0.38971817626116306
2357,0.35898766422928374
2358,0.3444154734205629
2359,0.4265040514151566
2360,0.3878670411997668
2361,0.328954197456933
2362,0.4994756163328592
2363,0.35922442669469945
2364,0.3720730811271027
2365,0.3924892639559852
2366,0.39095677286914604
2367,0.36526794128487644
2368,0.42611785519555784
2369,0.37917123649413215
2370,0.35904855492781895
2371,0.4065162141222664
2372,0.40632659135053156
2373,0.399040825553941
2374,0.41679543720647805
2375,0.38903057975770344
2376,0.3587349533738813
2377,0.40240776892294816
2378,0.38185079731560045
2379,0.39459698420972783
2380,0.36133552398243485
2381,0.36768502445228834
2382,0.3447196609139863
2383,0.33862080691402946
2384,0.3842566391232828
2385,0.3143722456321507
2386,0.3249217066094914
2387,0.36102832954093567
2388,0.36290966708271655
2389,0.39738881984627306
2390,0.4194080356073349
2391,0.3651084631676016
2392,0.2746968379421102
2393,0.38504325673991596
2394,0.4186653656933482
2395,0.31377063627847446
2396,0.2492907057377068
2397,0.3320366199294511
2398,0.4787946124543284
2399,0.36572506678350974
2400,0.4616969611304324
2401,0.31482621383530446
2402,0.4989401569455546
2403,0.4164898618908658
2404,0.3829528784809414
2405,0.34170550772797414
2406,0.39273037493092594
2407,0.37837585246733946
2408,0.33796776718307187
2409,0.28644407042471215
2410,0.3965118781355163
2411,0.347839184499686
2412,0.306818317893122
2413,0.39125509681382165
2414,0.35702904233936195
2415,0.3522165144654991
2416,0.40008363514663364
2417,0.35994642962325735
2418,0.4802523404033364
2419,0.38059009963926027
2420,0.3437863273616231
2421,0.4083195213614799
2422,0.37847528992716967
2423,0.48600720532601255
2424,0.3419130912318696
2425,0.35433791633298667
2426,0.36778801820647744
2427,0.37688676551945616
2428,0.3147496176156655
2429,0.37825462619914446
2430,0.37287533487373015
2431,0.3677844792598959
2432,0.27441686071764143
2433,0.2972530816186796
2434,0.26562955226902274
2435,0.3950106520804251
2436,0.28171620404131276
2437,0.34008541470240894
2438,0.26865880958652344
2439,0.3338277822788641
2440,0.2824297759500735
2441,0.2631660291016169
2442,0.3470450596324
2443,0.2611005564683395
2444,0.3301591552789659
2445,0.37634740432789365
2446,0.3334191842961005
2447,0.3318957082708963
2448,0.3489304854670455
2449,0.3349162974823092
2450,0.3109613878104036
2451,0.32814862739353345
2452,0.2650730803863903
2453,0.40285788591952787
2454,0.3096219991703082
2455,0.29237773021475394
2456,0.33088319223441937
2457,0.31069731849777443
2458,0.3178017537602084
2459,0.3226659433150507
2460,0.30846375746705895
2461,0.22665566411942178
2462,0.3510289810401767
2463,0.3063801274934776
2464,0.32095313943032683
2465,0.34573958589704434
2466,0.34245112965540836
2467,0.2856183422440197
2468,0.32183516982244265
2469,0.32868616562282504
2470,0.16553059277508161
2471,0.2438785331459538
2472,0.2820390635257685
2473,0.14961030618767857
2474,0.23585546368117338
2475,0.1773218770469943
2476,0.18199969364706056
2477,0.17731188472723464
2478,0.22106751278282794
2479,0.20200609884431897
2480,0.14576761158974538
2481,0.17213729717467388
2482,0.2260557158154278
2483,0.3040830114347539
2484,0.3997104844556099
2485,0.18148194344914484
2486,0.19272482978313826
2487,0.336675182846295
2488,0.3115114222219872
2489,0.36842735319332026
2490,0.32746004495806047
2491,0.37621283906455655
2492,0.4038114238499235
2493,0.3253561527805221
2494,0.33735765741848894
2495,0.3870869232170513
2496,0.46347607544846864
2497,0.379792171271788
2498,0.362275334038346
2499,0.3586262868964953
2500,0.27542005521508334
2501,0.40869002362515994
2502,0.45334427233061814
2503,0.377897481724032
2504,0.3830370498966944
2505,0.3175565689488842
2506,0.36935489258804505
2507,0.3662603613669294
2508,0.36398982644006633
2509,0.343954808975348
2510,0.3853169294929623
2511,0.3942059074820983
2512,0.41339871348633545
2513,0.38832690764722305
2514,0.3982385949376833
2515,0.43603336188833364
2516,0.3680948541272446
2517,0.3599836926490277
2518,0.39332911611874527
2519,0.3855633488877754
2520,0.369075026678481
2521,0.38493598386731126
2522,0.34187773646160896
2523,0.38797768532377186
2524,0.4096264913426329
2525,0.3720598736859389
2526,0.4192197139189021
2527,0.4114665990002204
2528,0.44478201081510443
2529,0.4679723605692906
2530,0.47600569124437975
2531,0.4180065318047522
2532,0.3893560240609859
2533,0.39590543453454896
2534,0.34236600700319675
2535,0.43277262450362347
2536,0.4422890715998877
2537,0.3576595068293811
2538,0.4036539927703773
2539,0.3479422071668374
2540,0.43475429580706487
2541,0.43529352833594537
2542,0.4708854484956969
2543,0.47278556211517425
2544,0.36520801049668844
2545,0.3647080244227898
2546,0.3816296420672167
2547,0.36280917719105976
2548,0.4021186046047189
2549,0.4016911900661116
2550,0.3895228981140087
2551,0.44422290351596133
2552,0.3952406966190579
2553,0.38589461047906604
2554,0.41026509194023414
2555,0.3948637872429394
2556,0.3669238386772655
2557,0.35433087891797077
2558,0.4288212287327496
2559,0.38067633544051915
2560,0.25100876599897093
2561,0.43853385316929466
2562,0.4232743925735878
2563,0.40762852469365757
2564,0.34629536531423044
2565,0.27654585946596477
2566,0.301485267068262
2567,0.33931305551311797
2568,0.36232200245074186
2569,0.3342889657117517
2570,0.4013192421543182
2571,0.19191996664166616
2572,0.3202038195350186
2573,0.33901932294685044
2574,0.38781400037048713
2575,0.33450312980585917
2576,0.3535028434828894
2577,0.28827724764524415
2578,0.3469292849032406
2579,0.38418522121518595
2580,0.3529138401807618
2581,0.29080938705470316
2582,0.33725634929000003
2583,0.28898930451478205
2584,0.11831355023403839
2585,0.197163616238017
2586,0.1440788855164677
2587,0.2860948573172677
2588,0.23989861672556922
2589,0.2589709250682606
2590,0.10747438137477788
2591,0.15435420535077327
2592,0.2907045781086017
2593,0.23184029657719232
2594,0.2744397415324498
2595,0.1189605991992142
2596,0.12738352336696857
2597,0.19848306505368468
2598,0.08739430594966202
2599,0.12471441747265621
2600,0.24552101980291322
2601,0.09338259678190819
2602,0.23326834247913655
2603,0.31348300290159725
2604,0.24554392555515156
2605,0.23389814287455363
2606,0.28991964412990245
2607,0.2942574211633337
2608,0.2506788213931116
2609,0.35855124474857825
2610,0.246068672689936
2611,0.33558218613369845
2612,0.2869107646682079
2613,0.2775217890399885
2614,0.2605817538385973
2615,0.3025347974790337
2616,0.30433599407200174
2617,0.3536740674910854
2618,0.1131204997673037
2619,0.2911526200580207
2620,0.2713335708562553
2621,0.3757836131288632
2622,0.41251420236205705
2623,0.3589449944795694
2624,0.41063171408437793
2625,0.24602363930555635
2626,0.3785377477082598
2627,0.3608009175275172
2628,0.3773509284331054
2629,0.34365868819839723
2630,0.39722369791876366
2631,0.37510559404415467
2632,0.3254929515701943
2633,0.4266982250871524
2634,0.3772471771593049
2635,0.32267932712528435
2636,0.3305887339527989
2637,0.42361853488956863
2638,0.29293633153705734
2639,0.35626166340782145
2640,0.4111401427432586
2641,0.3589683518161372
2642,0.33461558821824655
2643,0.2663798870093066
2644,0.3276402493323367
2645,0.2948482141778257
2646,0.35590283764395314
2647,0.29490060446545435
2648,0.3120517274217678
2649,0.27277271644441403
2650,0.23766752287406526
2651,0.2940210837184633
2652,0.3112073995324487
2653,0.37754761897846656
2654,0.24576113996677826
2655,0.36149123329507815
2656,0.30220005187578985
2657,0.33985894236026426
2658,0.1401148412281319
2659,0.261906253748773
2660,0.16230781666418054
2661,0.151039579444871
2662,0.3737244623147856
2663,0.22015587696299835
2664,0.17814555096171758
2665,0.13208933006368795
2666,0.20039976549749686
2667,0.1664191705075029
2668,0.33524657747853087
2669,0.13431683093751218
2670,0.41470414529789584
2671,0.21217425712092455
2672,0.32554386729674734
2673,0.13344356695555581
2674,0.09393083515641687
2675,0.23627022735314057
2676,0.2715259649354235
2677,0.18015921156661172
2678,0.27231125255579247
2679,0.3905199558352094
2680,0.3467794666066593
2681,0.39396224060129303
2682,0.429496543009838
2683,0.39885468968545557
2684,0.3983252528681913
2685,0.37526911419355446
2686,0.37497484962878125
2687,0.3605567938219082
2688,0.31604725449259863
2689,0.3606059805533176
2690,0.3838022892690271
2691,0.40968282535831485
2692,0.36271127211822973
2693,0.40645399342746685
2694,0.40771354615050126
2695,0.36894240292056024
2696,0.3875789871392886
2697,0.3507073503566173
2698,0.29272747008022976
2699,0.23369018494779686
2700,0.235371878485121
2701,0.37011888870300025
2702,0.4630423304167729
2703,0.18438828742710223
2704,0.39288291971984907
2705,0.364443678991371
2706,0.26428946682653676
2707,0.2763856093725974
2708,0.41407519584709945
2709,0.2246818542504209
2710,0.4988154596762394
2711,0.29244796269139783
2712,0.25074124592429514
2713,0.3022885703554198
2714,0.2243737114637593
2715,0.3058143557565319
2716,0.35618084011309903
2717,0.08594070279613353
2718,0.2618038073531008
2719,0.2557933807569427
2720,0.11535069045014884
2721,0.06347905510386265
2722,0.10786301965545225
2723,0.29767281199544626
2724,0.24103830967928783
2725,0.22472344211322837
2726,0.18847807165845504
2727,0.207464635720246
2728,0.07730849504230242
2729,0.0960522364817864
2730,0.2586843415933257
2731,0.14687911928431557
2732,0.11392919044286198
2733,0.10444893081017176
2734,0.2718891227645696
2735,0.15354617081875244
2736,0.12970344861315425
2737,0.12479291736238968
2738,0.18639980153819527
2739,0.10171153767169333
2740,0.13670339242995366
2741,0.2611992077892433
2742,0.15988333062642734
2743,0.2699002746540106
2744,0.16167047551973335
2745,0.2493816011564824
2746,0.16285299254610236
2747,0.24000686227088344
2748,0.10574760216127121
2749,0.055137080837981856
2750,0.13789992646042998
2751,0.16703392254182511
2752,0.09165870886462824
2753,0.1300237117135984
2754,0.15889577948722022
2755,0.21819160952919364
2756,0.07650226168053664
2757,0.16696118272970517
2758,0.15520031489409788
2759,0.11480832834722077
2760,0.09493152261203003
2761,0.14511905886253146
2762,0.18062658208542431
2763,0.17268150822765657
2764,0.18645263650379532
2765,0.21010563702370413
2766,0.1467970052799457
2767,0.14396221654665597
2768,0.16394752684664401
2769,0.24065252861481537
2770,0.13310056496793626
2771,0.22707878334948406
2772,0.1888633299065461
2773,0.1416555635473284
2774,0.3166806363005106
2775,0.2936517856796617
2776,0.3386138359988268
2777,0.27564504721356
2778,0.29248958868317426
2779,0.3114728682324517
2780,0.29882104168198037
2781,0.34660003565412373
2782,0.35380747045333927
2783,0.3544763429224346
2784,0.3405839768129159
2785,0.2974979151375123
2786,0.3215391010888239
2787,0.3557535325524521
2788,0.32461878261251903
2789,0.33321046595843606
2790,0.24613074159168366
2791,0.38787617480454706
2792,0.31792891296826065
2793,0.3755706879551889
2794,0.35539063150655215
2795,0.34110883092566074
2796,0.40783168451432605
2797,0.3731573114295397
2798,0.35057935267265933
2799,0.3765406600133374
2800,0.3827785448836536
2801,0.4612906429347436
2802,0.3657038735821677
2803,0.3776841156276831
2804,0.38371156039343185
2805,0.41473289056498214
2806,0.36560854176297947
2807,0.3166641241077596
2808,0.3193060286871708
2809,0.32870382855147423
2810,0.39544445782934157
2811,0.3464416186425641
2812,0.3900948890291382
2813,0.3301055405273853
2814,0.30435854762821846
2815,0.3583011490706129
2816,0.39413573572267513
2817,0.395306086174522
2818,0.38329750942598456
2819,0.40122880819093804
2820,0.3705889267305822
2821,0.4154426401801311
2822,0.34016451044763596
2823,0.3552710706249838
2824,0.32103822738698373
2825,0.4059711643053777
2826,0.3833845316598171
2827,0.31021261292443414
2828,0.3541360980737674
2829,0.3776929803419143
2830,0.33433651307820056
2831,0.29614716225759763
2832,0.37550438475011716
2833,0.3940182334440202
2834,0.36946828344346555
2835,0.36660893025743335
2836,0.38624512232063435
2837,0.38659027369899834
2838,0.3488691278241697
2839,0.33843522617441957
2840,0.38006772914997417
2841,0.3348190588532594
2842,0.35065310385681114
2843,0.43363861687556954
2844,0.32486266055794877
2845,0.40192480101864014
2846,0.3478626676076396
2847,0.30938281090735825
2848,0.3780756607453014
2849,0.3263415470127441
2850,0.3560447467997061
2851,0.38457103867497905
2852,0.3956977816395441
2853,0.40954748956453335
2854,0.4057767651122763
2855,0.3948484575903452
2856,0.4049342992177272
2857,0.36825329137787777
2858,0.38502428983666853
2859,0.37201055395490307
2860,0.38889208088584987
2861,0.43639617908664297
2862,0.36346883220778414
2863,0.4261343818447899
2864,0.42659792023845416
2865,0.3348838354539234
2866,0.4057493787544166
2867,0.3972894922556995
2868,0.37155345158663955
2869,0.3837206679765461
2870,0.38555555395314806
2871,0.38690944388946874
2872,0.3926704152297757
2873,0.38507012844704736
2874,0.3731849464388749
2875,0.3986004175300907
2876,0.38973875650770506
2877,0.3712706654678865
2878,0.3392984804888389
2879,0.3948076035746613
2880,0.36724928876314045
2881,0.3671212159054805
2882,0.3991097540559866
2883,0.3814800001397053
2884,0.35980010690381425
2885,0.41731753880521505
2886,0.3919608333098079
2887,0.4006012870404777
2888,0.39307641104593527
2889,0.3366569633431221
2890,0.40230468264727975
2891,0.36978136456408245
2892,0.3585068011886288
2893,0.4074649640661106
2894,0.3403485588002456
2895,0.318462163405248
2896,0.39350256497938774
2897,0.3852866344910985
2898,0.3968543984343139
2899,0.40170161608030525
2900,0.3962813088266183
2901,0.3835743857352501
2902,0.34763129451839053
2903,0.3679548055206135
2904,0.3788437625008985
2905,0.3891074940199273
2906,0.33505135715730106
2907,0.3664253445122199
2908,0.3417428343622615
2909,0.40066568199003977
2910,0.40447609815689756
2911,0.4065030124636951
2912,0.4044822739656379
2913,0.3842775836731493
2914,0.438596224211498
2915,0.35683810691914014
2916,0.4156305686522771
2917,0.3690442343736662
2918,0.38009472229154706
2919,0.4066825966549307
2920,0.35447332730047004
2921,0.39691055318962976
2922,0.40344300331952676
2923,0.37895346984492617
2924,0.3638049511767358
2925,0.38527727825650876
2926,0.37186180832922194
2927,0.37854562938177394
2928,0.3927966550056279
2929,0.3584652995225901
2930,0.4206712602765773
2931,0.4008429242313317
2932,0.37547074740981523
2933,0.43617876806687284
2934,0.37721385207899544
2935,0.36878514531878753
2936,0.4072060311412282
2937,0.4097357302966718
2938,0.4038501961323242
2939,0.4292189380939233
2940,0.4284383690689964
2941,0.43234924621454873
2942,0.40935636910135303
2943,0.33961235960721436
2944,0.41541310848047114
2945,0.32833570293329256
2946,0.39038260769925404
2947,0.3872446954695523
2948,0.35338242388634167
2949,0.3409527414075637
2950,0.39940798547918294
2951,0.3462279460688152
2952,0.329320108342205
2953,0.3682593284043992
2954,0.39277274976842513
2955,0.413103795488615
2956,0.3821225560305447
2957,0.3932746845759806
2958,0.38934556913382995
2959,0.3688332796183704
2960,0.2821383173882883
2961,0.31994585519437213
2962,0.3751698559940903
2963,0.3108729213741058
2964,0.33571448751209
2965,0.3287516274606948
2966,0.27041677118136476
2967,0.31762336945690695
2968,0.27182483244378974
2969,0.3384493646129684
2970,0.286292034503925
2971,0.2731626699034595
2972,0.29566254053184793
2973,0.3591981563771832
2974,0.3127979810974275
2975,0.31118267172146946
2976,0.3304376405945817
2977,0.3501354982237067
2978,0.33409004742264786
2979,0.293868676266111
2980,0.2489525975569512
2981,0.3476593747873447
2982,0.2829869475263928
2983,0.30986611131073233
2984,0.3594471287865645
2985,0.3064300139185739
2986,0.37212146696945725
2987,0.3589568516853953
2988,0.28070226548709226
2989,0.3518736269720807
2990,0.28915121132088734
2991,0.3057427528054765
2992,0.3387488537500233
2993,0.3053671965559921
2994,0.3644689460290965
2995,0.3484714271368846
2996,0.34176065920349935
2997,0.35887575660882753
2998,0.35556318695666056
2999,0.33240170679529846
3000,0.2954047265386053
3001,0.25039139618956274
3002,0.31616411201219496
3003,0.18765647279089245
3004,0.21346920220107057
3005,0.2681985137815775
3006,0.12104834005391196
3007,0.13077479934290198
3008,0.15069187505193887
3009,0.20598902564619365
3010,0.15217978235096163
3011,0.31775928640122997
3012,0.30414621950721493
3013,0.2772546086926193
3014,0.18847928943628453
3015,0.16455439141921258
3016,0.16291116368688907
3017,0.17746611080491356
3018,0.19162710146426667
3019,0.2525770368766161
3020,0.1519622874836009
3021,0.40027115305471545
3022,0.3853669662654624
3023,0.3496345580220533
3024,0.385704322709199
3025,0.40619445333037685
3026,0.32953593204034665
3027,0.37700891121985125
3028,0.3524278508718968
3029,0.34575811621456154
3030,0.3855250796909182
3031,0.3578036726418391
3032,0.37218529233366265
3033,0.41247264287009383
3034,0.43115491535179723
3035,0.3990690272573367
3036,0.38640260544351274
3037,0.36585553941703786
3038,0.43030736944977777
3039,0.2988256937776092
3040,0.21728091403004998
3041,0.2956489315619207
3042,0.2501175503201548
3043,0.19200154781741202
3044,0.2739805514676046
3045,0.294274779421643
3046,0.24515393487066717
3047,0.1599406578701279
3048,0.21231135407552018
3049,0.30202353426561473
3050,0.26382903693772825
3051,0.17741812721414654
3052,0.34854352486100676
3053,0.227133572616745
3054,0.32014395271675966
3055,0.21713142244994235
3056,0.28380463248239446
3057,0.24006528820715017
3058,0.29230397939201413
3059,0.056451096885451246
3060,0.3290101284078503
3061,0.22198760157823544
3062,0.25500607727063274
3063,0.2357426542473535
3064,0.13167147586711342
3065,0.12302041686188392
3066,0.0964083943924145
3067,0.1266162178924229
3068,0.10421716098086858
3069,0.16651728547036843
3070,0.13207510082036705
3071,0.24354665597962588
3072,0.2828093253507061
3073,0.11557463516692035
3074,0.10477136464161113
3075,0.11968742309317121
3076,0.14479032771449846
3077,0.13961523129380177
3078,0.28775272892286163
3079,0.3180119481045966
3080,0.25285249355943434
3081,0.3565369668519397
3082,0.3946978210569318
3083,0.3296703599671129
3084,0.2745396208184847
3085,0.3003150525073378
3086,0.31941989371517243
3087,0.32356306338217394
3088,0.3143872919377147
3089,0.3506927550932647
3090,0.31450496769414327
3091,0.28617441657342096
3092,0.26845772137960144
3093,0.26083242488451175
3094,0.3520988618394404
3095,0.3832221564637231
3096,0.34338200849727507
3097,0.21061463700158983
3098,0.1594502127123655
3099,0.31002896646199996
3100,0.2743410957456677
3101,0.27910602131845336
3102,0.243551439358174
3103,0.23759043079712341
3104,0.1708688435962054
3105,0.19437161236417255
3106,0.2007248079106038
3107,0.27284053613435666
3108,0.16153263990671654
3109,0.2854456624681736
3110,0.2622767458929163
3111,0.20572066709561207
3112,0.29792409220133453
3113,0.2772443156780521
3114,0.17945398104746513
3115,0.37406353040588847
3116,0.1543885613137171
3117,0.04273775735358498
3118,0.08162469699740715
3119,0.274957082747479
3120,0.09305972731344514
3121,0.14476123878974967
3122,0.24324609746955556
3123,0.10716687047187134
3124,0.29020181218891056
3125,0.10834129186880548
3126,0.15963906274000728
3127,0.125588637163545
3128,0.13525828826427194
3129,0.17956853632726444
3130,0.2523466720817496
3131,0.19118564891447795
3132,0.10453241387154028
3133,0.21474486734997605
3134,0.18660706160091356
3135,0.2993962795227725
3136,0.23126745218755793
3137,0.2953273236473191
3138,0.27603181880110794
3139,0.10658217596912212
3140,0.1420675865584728
3141,0.16158152305202214
3142,0.18415509860382276
3143,0.11787035156721126
3144,0.13231360212940413
3145,0.07655183179669628
3146,0.2753023794586548
3147,0.2518062606720092
3148,0.18472813038559388
3149,0.1608977893203214
3150,0.15004862814130127
3151,0.1308679077552919
3152,0.12427399445020676
3153,0.3525896882868927
3154,0.40818779968798186
3155,0.3413657442801288
3156,0.3022969999295688
3157,0.32110667448820757
3158,0.2155530013154812
3159,0.23081805078679432
3160,0.336883437130915
3161,0.22177625044429755
3162,0.20822331094661392
3163,0.3212134558404537
3164,0.2229265006047761
3165,0.23047366271063424
3166,0.19109756200598638
3167,0.323671450849474
3168,0.1876233110688198
3169,0.304624343044695
3170,0.2743827029440187
3171,0.25299534527775724
3172,0.33684037416491386
3173,0.39598770347738477
3174,0.31554212769400886
3175,0.31178702780656115
3176,0.3001326059328377
3177,0.23716348175720864
3178,0.2757748924358069
3179,0.37820822667729764
3180,0.27521113593233115
3181,0.2906134641484902
3182,0.30217321341856507
3183,0.3257700534005656
3184,0.33492268869261843
3185,0.3095419478516783
3186,0.2724360466835313
3187,0.16972434422392188
3188,0.2927743495572502
3189,0.3090245446093098
3190,0.28681372264730154
3191,0.3521801766545214
3192,0.16472558380385607
3193,0.12837537494790097
3194,0.053565467508957354
3195,0.3277742379627826
3196,0.24889904659459358
3197,0.1875857215072819
3198,0.1373038133479395
3199,0.16011660318435614
3200,0.06002700570759717
3201,0.25248017140548557
3202,0.13313747861556935
3203,0.3181564682815483
3204,0.14352588282789536
3205,0.11783516611848588
3206,0.12178523189309548
3207,0.22231150762157226
3208,0.10829539204426436
3209,0.32112151569244546
3210,0.2376065803129039
3211,0.42061713231991643
3212,0.3050032199478958
3213,0.3190138169427186
3214,0.3892332017972737
3215,0.40914547795457423
3216,0.40391984167583406
3217,0.23331742747305995
3218,0.393321193967084
3219,0.3910922358799615
3220,0.31281840521397325
3221,0.2895248159454187
3222,0.35844995252221856
3223,0.37988848613169335
3224,0.2827568119119288
3225,0.4172706304152323
3226,0.3895815104711173
3227,0.3232614780553546
3228,0.2777916120321089
3229,0.3020227445803328
3230,0.291550859972052
3231,0.32980516087109246
3232,0.3807219311820149
3233,0.3420982122553794
3234,0.33073305878654935
3235,0.35536787411395143
3236,0.1550541066688559
3237,0.37646147608357555
3238,0.3093196678890624
3239,0.227130027526159
3240,0.3356398660477739
3241,0.3091394938733965
3242,0.34905778201166854
3243,0.27289472480823834
3244,0.28075707289836643
3245,0.32471817959420207
3246,0.30473227946978376
3247,0.3304578536465029
3248,0.3336093087077307
3249,0.18108991566576269
3250,0.2785142237592286
3251,0.23251020810586906
3252,0.29050965667511924
3253,0.2921316275975837
3254,0.29707722448898627
3255,0.19608850327681898
3256,0.22643188230912206
3257,0.2942106546275721
3258,0.2851511942477224
3259,0.2973221172793916
3260,0.28018074377395474
3261,0.31849573298079464
3262,0.25147306353860077
3263,0.20888174890833286
3264,0.30295340241874413
3265,0.2164607152726852
3266,0.20211738790808864
3267,0.21592461112632208
3268,0.28822239831017465
3269,0.2922492337821968
3270,0.21697572434107196
3271,0.22385072946532128
3272,0.2474742503289022
3273,0.34828716338270604
3274,0.2886715207008524
3275,0.31770987848565924
3276,0.3275117659106126
3277,0.27492893530106405
3278,0.21402953974675815
3279,0.19691986641315132
3280,0.35962615640327644
3281,0.20725939615406044
3282,0.31940373859750554
3283,0.23113324544495298
3284,0.18728576669082841
3285,0.29117251506735686
3286,0.3020230987641206
3287,0.1845222802137864
3288,0.31139935558023857
3289,0.2608713749816303
3290,0.27086428456569234
3291,0.2999029835234539
3292,0.26347975208999613
3293,0.27742475135602646
3294,0.2764634069258185
3295,0.29223106776800417
3296,0.26447987458519717
3297,0.25363757156082684
3298,0.23529804489902673
3299,0.336933537511932
3300,0.2506140852705947
3301,0.38173634680011287
3302,0.31055965376488226
3303,0.3344796828391084
3304,0.2466409469520957
3305,0.28235161264787967
3306,0.3419607571414637
3307,0.45282335905463034
3308,0.30500733137113023
3309,0.37030069919233044
3310,0.4376846707936109
3311,0.29885266378881226
3312,0.33095903960833556
3313,0.26745126694566385
3314,0.39015435720992986
3315,0.28848933289736456
3316,0.28514100369346523
3317,0.30007635287345014
3318,0.37440051098111565
3319,0.4606303518328493
3320,0.32630946518981213
3321,0.32848230899976594
3322,0.28059923992864466
3323,0.2634792504501008
3324,0.4089498817648349
3325,0.27694553779986886
3326,0.36882764159072823
3327,0.37927392377092123
3328,0.43214027488846446
3329,0.2708726592052131
3330,0.28987226879557915
3331,0.2679382248387647
3332,0.34792143609474446
3333,0.26667509847359405
3334,0.3022423905720862
3335,0.30750175093001514
3336,0.24705874070250852
3337,0.3063656102951231
3338,0.2994735002623964
3339,0.4175153641843452
3340,0.3023156675836568
3341,0.25088214457201685
3342,0.32131944064058937
3343,0.42334112947309355
3344,0.11045525013933377
3345,0.1597811338535255
3346,0.08966403149428764
3347,0.2251973239384378
3348,0.24141475482165592
3349,0.2984403685609987
3350,0.1190764247067636
3351,0.13395459561256845
3352,0.24548167522456568
3353,0.16757037840985656
3354,0.16405564932551553
3355,0.1428547687006943
3356,0.10729436945240672
3357,0.14494744264887294
3358,0.12191544629772938
3359,0.342465673598253
3360,0.13111337663647038
3361,0.15819540822055947
3362,0.2671981780532797
3363,0.19567896496772236
3364,0.16214207986186965
3365,0.16290212068358664
3366,0.18946758171862052
3367,0.1883440240049073
3368,0.22596790667466826
3369,0.2184438980689939
3370,0.21741813555885411
3371,0.19116942180805263
3372,0.1849727494741525
3373,0.19519130738093457
3374,0.23183428889280994
3375,0.20951839722592175
3376,0.26630087608296504
3377,0.251395758296327
3378,0.237094007771471
3379,0.23727555804414077
3380,0.21718625360146915
3381,0.2667139150967329
3382,0.38130887588122914
3383,0.3674489038546349
3384,0.4745860069711233
3385,0.5350200321341932
3386,0.3716328061028788
3387,0.4093511069422203
3388,0.3970099675190902
3389,0.3875824682599456
3390,0.40794031629615735
3391,0.4163728626977543
3392,0.42462441395555706
3393,0.3754526478954358
3394,0.45003333915211546
3395,0.37461265695045687
3396,0.41688627595132993
3397,0.4235609258122507
3398,0.41067140001638625
3399,0.34149292806419895
3400,0.3863052439343733
3401,0.2940874053555485
3402,0.2033061857333922
3403,0.27748289929867864
3404,0.27783276927248457
3405,0.3001831367555805
3406,0.2259413111992678
3407,0.2547769602056176
3408,0.24378750176849082
3409,0.22064479190223274
3410,0.23702881927403593
3411,0.24744358054276497
3412,0.28725190690294145
3413,0.2961962936929667
3414,0.2546906954913964
3415,0.28764071685432924
3416,0.26751728355099713
3417,0.29571005862392247
3418,0.20368432101911088
3419,0.22593042836027033
3420,0.23008883786897696
3421,0.17555384452527714
3422,0.19205567487054284
3423,0.20368951071513186
3424,0.2430049751553124
3425,0.31750042521663524
3426,0.25105965227044363
3427,0.1563473337769252
3428,0.20562288580640173
3429,0.2832203613286599
3430,0.26751379935833786
3431,0.2337079427471035
3432,0.19160884238647674
3433,0.16826451665173525
3434,0.22889389983401787
3435,0.177473295133919
3436,0.20748397849200295
3437,0.18842825462446822
3438,0.21434170523000123
3439,0.3087356399656229
3440,0.23604699561194797
3441,0.24900328722028048
3442,0.23017698192574554
3443,0.3023889440531094
3444,0.2829381303387824
3445,0.2936551014543157
3446,0.29473330051282376
3447,0.24536368883449877
3448,0.2663854941362203
3449,0.2969060286709285
3450,0.2974987097018566
3451,0.2410860045018442
3452,0.28362993656954816
3453,0.2563687024453254
3454,0.2988940955216235
3455,0.26076484896698215
3456,0.29157021087557955
3457,0.2417234543635472
3458,0.27977263460095947
3459,0.21393934612237686
3460,0.21899370201264465
3461,0.2443275749417492
3462,0.2671092081700264
3463,0.23309707492079115
3464,0.3186849656082449
3465,0.20033026921715472
3466,0.17905125420310192
3467,0.22865692287056333
3468,0.25671593501485457
3469,0.19182042111963946
3470,0.25439349553812896
3471,0.2680407028579894
3472,0.19815712471239333
3473,0.35261817225308245
3474,0.20081473481290815
3475,0.26122513121897706
3476,0.24221196723190005
3477,0.24426690362031514
3478,0.247243920997591
3479,0.210960709257802
3480,0.326884189825524
3481,0.30190143591019536
3482,0.2594369566628023
3483,0.4121788409127169
3484,0.2503322301492267
3485,0.26173187099944933
3486,0.25990914003218457
3487,0.25717375406317033
3488,0.23915742805878068
3489,0.24553336075873902
3490,0.3300043379312086
3491,0.24858802678748035
3492,0.2490770143705324
3493,0.2435706794889149
3494,0.2674106196576601
3495,0.3408274196182635
3496,0.43929348631824366
3497,0.4159837462689665
3498,0.3273300869752608
3499,0.43036842495219796
3500,0.4480324522939511
3501,0.41333775917928317
3502,0.41226915922424795
3503,0.49480077487661017
3504,0.39880393587149127
3505,0.36861315945403583
3506,0.36355241958169937
3507,0.42944626336845493
3508,0.3835964116299055
3509,0.3858765456602413
3510,0.36210429651875664
3511,0.43314067494810327
3512,0.42079854670166356
3513,0.37200064837403024
3514,0.40820201330023254
3515,0.40498652181017475
3516,0.20414820094714192
3517,0.25287622242756724
3518,0.3524919133223928
3519,0.2581378495617379
3520,0.29020530853404924
3521,0.36509488853181704
3522,0.21851849832294154
3523,0.28956095425695677
3524,0.2742227202955523
3525,0.23421871100674968
3526,0.34745932311011996
3527,0.24223924769603547
3528,0.3190430508388672
3529,0.25553812321168257
3530,0.2424173862391577
3531,0.2669540594074391
3532,0.2822014372762144
3533,0.3008623141658399
3534,0.3007001269040006
3535,0.3770393681343038
3536,0.3382675830366004
3537,0.39120426782615547
3538,0.3499129378053568
3539,0.3183719260500113
3540,0.34719315327078204
3541,0.3345974063019247
3542,0.38468577109184876
3543,0.2965364868597138
3544,0.4175016131794908
3545,0.3369616307917192
3546,0.34777299694646335
3547,0.40162659272581364
3548,0.33488386436688566
3549,0.28325372164664214
3550,0.3448335432897654
3551,0.30174341066927446
3552,0.4037047408017491
3553,0.2850221988858601
3554,0.33327195949223465
3555,0.26599997935900094
3556,0.24321511944413465
3557,0.2977993573451684
3558,0.3082258457113931
3559,0.28543655633070747
3560,0.32990057509222315
3561,0.28603998141841414
3562,0.29235742897829786
3563,0.31407013842636244
3564,0.31418359289029996
3565,0.2742145104599164
3566,0.2856446718331086
3567,0.28342170451176796
3568,0.2506962790397287
3569,0.3676739840376465
3570,0.2189032040793355
3571,0.2937901703453143
3572,0.34310359401841684
3573,0.35047585583292673
3574,0.3584136436242031
3575,0.2997572231611269
3576,0.43156302759679477
3577,0.41737312108387803
3578,0.3715649820759918
3579,0.32877660826009386
3580,0.35955711080373365
3581,0.3273966503969929
3582,0.36053944604454774
3583,0.346272049901458
3584,0.378760030562172
3585,0.3832191090375001
3586,0.34433254526218743
3587,0.3540245865608943
3588,0.37679230687172843
3589,0.3034123998509783
3590,0.37782626909796724
3591,0.11381929536787389
3592,0.1700668497274146
3593,0.16304611170815242
3594,0.30046888936685046
3595,0.0771322158059482
3596,0.20939502430580792
3597,0.07360772570554569
3598,0.08067067664971839
3599,0.21716135823083826
3600,0.2287153827343842
3601,0.10091247962057348
3602,0.14293559671636136
3603,0.11556318646962777
3604,0.1572606742191747
3605,0.05600826679112825
3606,0.09898541912026282
3607,0.19293644775209431
3608,0.08124791815879562
3609,0.2075439008095965
3610,0.0835456688344528
3611,0.33686384679191866
3612,0.16451549444966215
3613,0.287689386043714
3614,0.15539252963948819
3615,0.2021994929505696
3616,0.2308610743588844
3617,0.20618279706660186
3618,0.1462251082585318
3619,0.13644887241370213
3620,0.3155839701715903
3621,0.2229664478376809
3622,0.17845401721214457
3623,0.21767316679241977
3624,0.23472126708158184
3625,0.3223978648587911
3626,0.24047744465274487
3627,0.21517708762950075
3628,0.2547886092381151
3629,0.39594186486700594
3630,0.3668253958233373
3631,0.3297126885438725
3632,0.3910183574787757
3633,0.36937970569226297
3634,0.40141116224395884
3635,0.40371789619958076
3636,0.2896119596136928
3637,0.37251173702543955
3638,0.3711239957928962
3639,0.4175221009045535
3640,0.3943048823345322
3641,0.3706919147021789
3642,0.3296476459439556
3643,0.370365840096319
3644,0.39226410715362364
3645,0.3305359909270307
3646,0.3235237186231204
3647,0.3601988860445919
3648,0.3516739620057263
3649,0.29774337100785775
3650,0.373219924617802
3651,0.24919915501115908
3652,0.2516125777975479
3653,0.28337370971722803
3654,0.29358426451605446
3655,0.260498305969725
3656,0.18263308485168528
3657,0.23915024680177752
3658,0.25597293007191757
3659,0.25039287870170296
3660,0.22971587782279818
3661,0.22952852182730507
3662,0.3184020179383152
3663,0.18746222033107451
3664,0.20699914841221892
3665,0.30004916818350225
3666,0.26903091435113713
3667,0.05185487429125779
3668,0.2671801245285809
3669,0.19381862928220275
3670,0.14187589117910837
3671,0.11928822923209104
3672,0.17655722072261631
3673,0.13260769077687257
3674,0.10026611379189598
3675,0.14713890613546793
3676,0.10357632414634199
3677,0.282269255972274
3678,0.09930509318686548
3679,0.264854863146738
3680,0.10985564129158742
3681,0.1493744795083572
3682,0.3143678715527247
3683,0.18543208918616572
3684,0.2024498886908715
3685,0.18991153973470748
3686,0.22688430204244037
3687,0.27695678783348715
3688,0.3051224772433604
3689,0.30658052323495333
3690,0.3116690079858816
3691,0.3538647123360364
3692,0.17064553722342898
3693,0.3090475043926464
3694,0.30100253046765213
3695,0.36314206079953365
3696,0.28378179666338355
3697,0.31307384256171755
3698,0.2905503095650094
3699,0.2328619529045721
3700,0.34378101605045464
3701,0.2767718836571943
3702,0.259670479430796
3703,0.3371483362455613
3704,0.32946450834965735
3705,0.3011252406936355
3706,0.2460782219185489
3707,0.22476757612377551
3708,0.2916616002316566
3709,0.3313074010483352
3710,0.31193558911210784
3711,0.33949703230614603
3712,0.35738696818727966
3713,0.2957587288975434
3714,0.3333388142120616
3715,0.31414079230943137
3716,0.2799848806814325
3717,0.27552583111906664
3718,0.27025577296509873
3719,0.22390051108092932
3720,0.25645602085631525
3721,0.19892319280250698
3722,0.36214626151501567
3723,0.3229073528163269
3724,0.19662453712854258
3725,0.1880848277235975
3726,0.15707838194502247
3727,0.28570177710205896
3728,0.2321111158015689
3729,0.34019266661311603
3730,0.1206024826594983
3731,0.19923810700493164
3732,0.29037617040739283
3733,0.2878422499594582
3734,0.2601555558128773
3735,0.24924800201526184
3736,0.21741577890395855
3737,0.21166119732831268
3738,0.27631510294563605
3739,0.1926574474017499
3740,0.2781816543985134
3741,0.308093281947869
3742,0.3704324562842073
3743,0.47582415253689486
3744,0.3075004671944905
3745,0.3790525776969865
3746,0.35631570173429933
3747,0.3216469319816004
3748,0.3906424427085592
3749,0.3668690023530291
3750,0.3381361100145779
3751,0.4256697852367066
3752,0.3664367188715759
3753,0.4029748388518997
3754,0.3730785351725458
3755,0.3488284010255197
3756,0.32171368622888347
3757,0.2814700116132535
3758,0.3166037480599527
3759,0.43501152286717354
3760,0.22432206134796473
3761,0.5039663761865918
3762,0.31328110151761146
3763,0.18697025182161267
3764,0.3373941419627502
3765,0.21600308723062644
3766,0.28438652211156823
3767,0.20452210843495303
3768,0.23647182225972632
3769,0.1116620699561367
3770,0.27181214760441896
3771,0.2180913664085404
3772,0.17259963062063563
3773,0.25168224936272376
3774,0.23177270258906138
3775,0.2406081800328176
3776,0.2711223884113817
3777,0.1975913938150068
3778,0.24524093867248628
3779,0.20936630178509114
3780,0.29733817608075297
3781,0.21355577447692786
3782,0.12232432220634282
3783,0.18199773876939926
3784,0.28991777599112795
3785,0.27788296362062903
3786,0.2433060330012764
3787,0.3069504136280694
3788,0.15075193992398933
3789,0.32503046380129647
3790,0.2880768876835592
3791,0.1667387725853472
3792,0.2662031908615895
3793,0.19403295592136996
3794,0.3421435315166735
3795,0.2007530916545299
3796,0.2967664934500837
3797,0.2597243627115137
3798,0.3423495710683838
3799,0.1919676914614209
3800,0.3158491819076411
3801,0.2896792964571656
3802,0.3072066927044277
3803,0.2713950860747756
3804,0.29140856916519703
3805,0.3457965343131744
3806,0.31883238665884217
3807,0.2717208195076807
3808,0.19264877134459749
3809,0.35049874767080197
3810,0.3501818847347205
3811,0.31873655753670294
3812,0.18671213062814593
3813,0.20460631671473292
3814,0.3375579996709845
3815,0.29540586715496675
3816,0.30631202156520854
3817,0.2536645010938827
3818,0.2778410228389759
3819,0.31895630472382425
3820,0.24174831571627092
3821,0.2830501353597802
3822,0.38342128148050714
3823,0.19285028601771298
3824,0.2587042299165394
3825,0.19933678188538206
3826,0.17797817526879942
3827,0.29186774459285514
3828,0.32170486922104
3829,0.3324970198210612
3830,0.2463204149611025
3831,0.24084800076681714
3832,0.228910937339152
3833,0.2871220750529396
3834,0.23729738491370977
3835,0.18451814855147838
3836,0.25716408267729185
3837,0.23375901659141887
3838,0.21436987178607714
3839,0.2065959048390082
3840,0.08275639059281992
3841,0.12933646810639615
3842,0.3337544189801717
3843,0.18566384537216482
3844,0.1458157000803536
3845,0.1816934017417491
3846,0.2055345215593549
3847,0.17190495306165765
3848,0.14663430699843955
3849,0.1497133755673346
3850,0.13472526601380402
3851,0.1609345193537029
3852,0.21368649657510852
3853,0.22793042117542958
3854,0.12627245740825
3855,0.12138096245184232
3856,0.18270560985517792
3857,0.27357644728200137
3858,0.18593281606436943
3859,0.17239539704483095
3860,0.20825674553476797
3861,0.27278989905647755
3862,0.22937508543490806
3863,0.26730686802244763
3864,0.13055773925421138
3865,0.12620020888495903
3866,0.20312335317084587
3867,0.2087640639358976
3868,0.2702441127288283
3869,0.1370250369149349
3870,0.2966055985976578
3871,0.2679056092102669
3872,0.20993418308404632
3873,0.13766001182706777
3874,0.18314856718912315
3875,0.22318719107635232
3876,0.19129832783337913
3877,0.17599229134675565
3878,0.2236882935520065
3879,0.2667475471287958
3880,0.23135721392456535
3881,0.3579905472365104
3882,0.21357218005313044
3883,0.22383554148624218
3884,0.24958661689568118
3885,0.2013844875033461
3886,0.16037795016088185
3887,0.23415395319951116
3888,0.2652616059112072
3889,0.1944957313742424
3890,0.1523415576030886
3891,0.15236651527211786
3892,0.245932284464328
3893,0.20465225362918343
3894,0.2808776240488925
3895,0.23520052870553917
3896,0.34897797356192173
3897,0.3138557213438351
3898,0.31665485461205667
3899,0.4547616583847864
3900,0.2799090817367281
3901,0.28954814292337605
3902,0.2434344777519135
3903,0.3418536693118175
3904,0.25160477202055975
3905,0.26635341285540637
3906,0.3331028721519502
3907,0.35950290478207464
3908,0.3298672109794146
3909,0.3407192287591068
3910,0.3841830382865347
3911,0.236632599291831
3912,0.2553122696069303
3913,0.22195573199451712
3914,0.24604421955209832
3915,0.26598624136497956
3916,0.2560672911383977
3917,0.22179259349621924
3918,0.3220960081115385
3919,0.21157063542507448
3920,0.39567185249498266
3921,0.26466112560870747
3922,0.35863586286959825
3923,0.3105563822632017
3924,0.32973537943666
3925,0.34504929181420513
3926,0.3398727555279875
3927,0.2721030676622819
3928,0.30783944276411407
3929,0.37122952810517235
3930,0.3228143680068507
3931,0.38473879746464723
3932,0.371022811990145
3933,0.2211927478332413
3934,0.3454744974024952
3935,0.2493255458572391
3936,0.3092992408812204
3937,0.23880687140212084
3938,0.3519839270318348
3939,0.32548779349772583
3940,0.3666929975865222
3941,0.3416828168351867
3942,0.22449148552425954
3943,0.28112841652924847
3944,0.3417102668015634
3945,0.3447474404881329
3946,0.32877483878680314
3947,0.24967904729910587
3948,0.25910016257618185
3949,0.238786956153711
3950,0.34712313764135516
3951,0.40557985049145756
3952,0.36724131456814707
3953,0.37316317497828755
3954,0.32265274454777565
3955,0.38821984873053916
3956,0.36855913847533534
3957,0.3081619726408
3958,0.3190737130353518
3959,0.3572381987084047
3960,0.3711596743883342
3961,0.3530646588658375
3962,0.3317379721595981
3963,0.36462267335817633
3964,0.3483881606968506
3965,0.34926105459288986
3966,0.3757934045035351
3967,0.3720856235701343
3968,0.33626032954414475
3969,0.27331087774804247
3970,0.397562274489508
3971,0.12495802706965492
3972,0.2469769499077862
3973,0.21380494638574876
3974,0.16494567162181412
3975,0.355821878096896
3976,0.18263066664380362
3977,0.11623880286458366
3978,0.1561065627099971
3979,0.159606511488027
3980,0.2239122587789106
3981,0.091731620917815
3982,0.22626191113572233
3983,0.2312787726965217
3984,0.12631705194807424
3985,0.10969235307835679
3986,0.11190606825177185
3987,0.21744469511893424
3988,0.17697351018581417
3989,0.27323270685619605
3990,0.3609649754580152
3991,0.33137694756494934
3992,0.3973252575900243
3993,0.2514531929245764
3994,0.3651002461037252
3995,0.3453956980151315
3996,0.2807114222222424
3997,0.3320178091561999
3998,0.36612158493063807
3999,0.3295217646888356
4000,0.3268610666839506
4001,0.25996796779086206
4002,0.3089393438921001
4003,0.2831540355353364
4004,0.3507009952875109
4005,0.4226836949718713
4006,0.4338751321351579
4007,0.38114056196268536
4008,0.34126617526632025
4009,0.3011160225184406
4010,0.26036930862009655
4011,0.3711586913476171
4012,0.3672494506757291
4013,0.27089464462172125
4014,0.41251589666164595
4015,0.3177778225013397
4016,0.41865234329514295
4017,0.2980923743156198
4018,0.40377622520965917
4019,0.4154056200232439
4020,0.39067978669062386
4021,0.43469841283359434
4022,0.27059332529415475
4023,0.3080685722074912
4024,0.2946951937706733
4025,0.3156127273652735
4026,0.4189555535304417
4027,0.4070366416604881
4028,0.1876958544139729
4029,0.3401656951562648
4030,0.23064422099787402
4031,0.21439482394357298
4032,0.20434472452014596
4033,0.16542209471570082
4034,0.2113995335741441
4035,0.10448060188833352
4036,0.25980955873036704
4037,0.30082472370077196
4038,0.16048618944925033
4039,0.23018768532367093
4040,0.2564521624215006
4041,0.15699070483259453
4042,0.1612468779213221
4043,0.13690635028906306
4044,0.22776954394184004
4045,0.2068327427491848
4046,0.3558926581127628
4047,0.400118845352083
4048,0.3619339500189655
4049,0.34534424739877656
4050,0.2926734115146783
4051,0.3022561386856444
4052,0.28657918358868417
4053,0.3616111425778418
4054,0.34089878692867637
4055,0.3419949814148997
4056,0.33830973524429014
4057,0.33803974600263664
4058,0.33149948359033504
4059,0.3338039392045303
4060,0.3555318337403777
4061,0.3530424392543349
4062,0.3503145706555102
4063,0.33089913484181366
4064,0.19749213633836668
4065,0.254695472274175
4066,0.33494808439302604
4067,0.3217767208235709
4068,0.37338672855689137
4069,0.23642318126047973
4070,0.236203581529466
4071,0.3067891548337309
4072,0.3074544189651352
4073,0.21088334395336675
4074,0.2458036102170529
4075,0.24499228936545836
4076,0.3304222805833771
4077,0.1678893295846378
4078,0.19888703208342315
4079,0.3787517195311682
4080,0.3389439136043126
4081,0.3124862921359438
4082,0.2415010144761087
4083,0.21742093480795488
4084,0.38815081469618123
4085,0.29376343886604994
4086,0.34523262890794304
4087,0.3916281607659586
4088,0.3780421390568485
4089,0.4103232243421691
4090,0.42034929998524806
4091,0.2264972586730471
4092,0.3732364635550431
4093,0.37708145962477274
4094,0.42105545861048344
4095,0.3441082153705467
4096,0.3591389773260142
4097,0.3561020638561051
4098,0.30243006461016425
4099,0.32707854998612634
4100,0.36636805058619076
4101,0.3304232592871499
4102,0.41892349194658335
4103,0.4165810909607083
4104,0.3774055797143834
4105,0.42963171110843834
4106,0.3922082415279305
4107,0.41451730973572354
4108,0.5272668958922019
4109,0.47815242664940605
4110,0.2845981165661542
4111,0.42406774691042937
4112,0.42141833652601357
4113,0.47296174035945476
4114,0.3830674894633696
4115,0.4690681011220063
4116,0.3915593999590941
4117,0.3861377569265504
4118,0.432949427267889
4119,0.3887500546325997
4120,0.3993869252774673
4121,0.43810813582157243
4122,0.4242897521999038
4123,0.20519814336762598
4124,0.2404591662394114
4125,0.3549307766242808
4126,0.24218353530904232
4127,0.3915966398544946
4128,0.3114450221584919
4129,0.28183743175515585
4130,0.24416342557400805
4131,0.33117808999306625
4132,0.22392192329796054
4133,0.2496961406423984
4134,0.27354565678424664
4135,0.303922193201678
4136,0.33719852625676133
4137,0.3192036652355591
4138,0.275863157927017
4139,0.22500037679053653
4140,0.3244878097847437
4141,0.3263876458397833
4142,0.38759277283969773
4143,0.31263566372725804
4144,0.42838494947991107
4145,0.3781655511449909
4146,0.38916085000049566
4147,0.3722640223299169
4148,0.39923263414562327
4149,0.2357872074055005
4150,0.35420818965388506
4151,0.44584213059830663
4152,0.43897817600823597
4153,0.38543213029982076
4154,0.3489413581865062
4155,0.3522937005095683
4156,0.40083894580772367
4157,0.32436619608285433
4158,0.37969216711789733
4159,0.4555437710004863
4160,0.371291239931836
4161,0.28178270024040764
4162,0.12923157359599696
4163,0.25096389958694837
4164,0.2146227115752207
4165,0.31208365239187946
4166,0.3252833044036171
4167,0.17334183648157794
4168,0.15731554340931747
4169,0.17177054419937585
4170,0.25699485438631636
4171,0.14760599242066147
4172,0.27426012571766173
4173,0.2824870431316126
4174,0.1867034415601605
4175,0.17125388112884138
4176,0.14267068854382609
4177,0.17297922167400445
4178,0.3174509910986924
4179,0.25758773202538787
4180,0.315653078295414
4181,0.28650533120916444
4182,0.3123826753074178
4183,0.26513141228776493
4184,0.32354997159285925
4185,0.36690139643595354
4186,0.3596421206953924
4187,0.2876509206001254
4188,0.3634369990363277
4189,0.27913025905472216
4190,0.3629298656781566
4191,0.37176974945736235
4192,0.30305121334374086
4193,0.3557065403148788
4194,0.30068888554427103
4195,0.28742681044699797
4196,0.370815425094393
4197,0.3780765339167619
4198,0.3078237603733802
4199,0.2862792000399744
4200,0.19255977580109016
4201,0.17704274408102372
4202,0.23221325590054706
4203,0.20328634602009632
4204,0.32260054219440176
4205,0.25453863101905894
4206,0.2206597055695823
4207,0.24674737412055409
4208,0.2515208116694313
4209,0.22560433098545268
4210,0.32269161802554425
4211,0.34718516461930754
4212,0.38879290364268004
4213,0.11895854583677518
4214,0.1637577236568952
4215,0.1600364635004853
4216,0.230193246009139
4217,0.3802232057132712
4218,0.3211452920862601
4219,0.329365860213697
4220,0.29688555883576123
4221,0.36491859174439123
4222,0.35234861200750667
4223,0.3412080659947551
4224,0.282297755027416
4225,0.28604899214310475
4226,0.3081123001716245
4227,0.4631907420977398
4228,0.3084400343815185
4229,0.33912773209887226
4230,0.43066475968506956
4231,0.38533251936221696
4232,0.38975121799444234
4233,0.2719166947075059
4234,0.29266216148106
4235,0.233278383408814
4236,0.2040964149404247
4237,0.22982261761266107
4238,0.1834225637673469
4239,0.1558238691127233
4240,0.22593745565574944
4241,0.10764626947757594
4242,0.23420836703308648
4243,0.08943219037646183
4244,0.17268563114266408
4245,0.23192166397772343
4246,0.20602338689478839
4247,0.17271371141161823
4248,0.16354087752412538
4249,0.13886051849855963
4250,0.25146675707941213
4251,0.09556934826883068
4252,0.09544948669245473
4253,0.10472867402035219
4254,0.16735856819228967
4255,0.21114862580335106
4256,0.22855915043594768
4257,0.30491852665317387
4258,0.3416696773394842
4259,0.3145064581573481
4260,0.3348906979455176
4261,0.26943201737125705
4262,0.31587890443285205
4263,0.2974845530120004
4264,0.33745557839344825
4265,0.29633665058405795
4266,0.3136244162000474
4267,0.25871897841859204
4268,0.2729434966386392
4269,0.24204830793886933
4270,0.2606595701852439
4271,0.2726639545542525
4272,0.2947309750071274
4273,0.3161371839247872
4274,0.2820113764731012
4275,0.3223798408795256
4276,0.37113661340962967
4277,0.27016474267187185
4278,0.3089106333205685
4279,0.4129512564822843
4280,0.4540162731822307
4281,0.38647326294070194
4282,0.36205312057554323
4283,0.28836112704007827
4284,0.5208685822102703
4285,0.30411871460620993
4286,0.3051512311843354
4287,0.3922304929436915
4288,0.2846469910375711
4289,0.3763513437190026
4290,0.29398726567214717
4291,0.3295273795861079
4292,0.3493435490568314
4293,0.380191401454777
4294,0.24890423195367023
4295,0.3479916656800921
4296,0.28715923832899004
4297,0.3686261182437241
4298,0.29110405350965185
4299,0.3241842294635279
4300,0.3370892930853149
4301,0.339638890141391
4302,0.3306598424921995
4303,0.3479207884443897
4304,0.2568021082918326
4305,0.29050644570995343
4306,0.26216720913536606
4307,0.2507505905937
4308,0.30953644860625507
4309,0.30054849576468523
4310,0.3030979251255801
4311,0.2488503381920037
4312,0.2828505246052301
4313,0.3733619400286914
4314,0.34304728891569725
4315,0.4147732125821603
4316,0.44945987078461413
4317,0.41073174715123084
4318,0.37970309621763443
4319,0.4269175472537284
4320,0.346772793494968
4321,0.3594504682337064
4322,0.3908182797798849
4323,0.32951818526410687
4324,0.44636021618658467
4325,0.4078668542416282
4326,0.3109128906531443
4327,0.35201331416668347
4328,0.393299809940191
4329,0.3479191693185027
4330,0.41045505010233135
4331,0.3910717539374913
4332,0.2994145178193708
4333,0.357048986500734
4334,0.3107022770708033
4335,0.3345730153269558
4336,0.32171834699840096
4337,0.34067798730972854
4338,0.29506582325138736
4339,0.31928638522060626
4340,0.2728379542068262
4341,0.3131330591997375
4342,0.27252394787141676
4343,0.2569469159720529
4344,0.25517311730212955
4345,0.28739564227367365
4346,0.39068421037385076
4347,0.27506530473324664
4348,0.3799486540061719
4349,0.28760238151907086
4350,0.23886210094264412
4351,0.28025476511359776
4352,0.24177961544357354
4353,0.1855222306768619
4354,0.20177647354363898
4355,0.3605105446474652
4356,0.19925678983832482
4357,0.3791597002221875
4358,0.2542843444072129
4359,0.2397143972443641
4360,0.21276437068080328
4361,0.18795283932802254
4362,0.14685197633745695
4363,0.28861448554583546
4364,0.3011170286895275
4365,0.351169593449572
4366,0.3131617061627521
4367,0.3521316202256894
4368,0.43707623075259894
4369,0.2090374667141588
4370,0.41667077029577326
4371,0.4107943726275022
4372,0.37885947380459467
4373,0.3944356151847207
4374,0.4076226206667626
4375,0.4320313828899728
4376,0.40778092491776935
4377,0.3667578377957032
4378,0.4347543709807668
4379,0.4222695283525749
4380,0.49597851837290885
4381,0.4040552815562797
4382,0.4184530462462334
4383,0.31567569979709204
4384,0.4384669456833115
4385,0.4304119852211501
4386,0.4373245945441245
4387,0.4511539246133076
4388,0.475683762757309
4389,0.3165825028152786
4390,0.42314822797143753
4391,0.3454036375145701
4392,0.37679756324826863
4393,0.3656740296225153
4394,0.389456404083386
4395,0.3316478678039878
4396,0.3754938546492594
4397,0.3777714443389157
4398,0.4177506000453532
4399,0.3039440687489296
4400,0.46318195978545107
4401,0.3836487383090171
4402,0.3847088147227759
4403,0.33533343779977476
4404,0.36684611485209817
4405,0.3656230965481849
4406,0.3719808025167299
4407,0.321910444719706
4408,0.28597794142962873
4409,0.31560444091028766
4410,0.3073349636158791
4411,0.22192696359706102
4412,0.24313862297421554
4413,0.421249629391183
4414,0.2819420272874546
4415,0.3983768682884312
4416,0.33866004180382636
4417,0.29173743820886006
4418,0.2877080352657886
4419,0.22115260507642917
4420,0.29967312113648337
4421,0.2991947503931759
4422,0.308636359177907
4423,0.33932300446343416
4424,0.4169150212184162
4425,0.315056968187161
4426,0.37429766179173785
4427,0.36878643194560845
4428,0.36236886457998496
4429,0.304041022585301
4430,0.3399355168951815
4431,0.3583682531647394
4432,0.3451702202788887
4433,0.32453173146572417
4434,0.3930366817444836
4435,0.3238297478722402
4436,0.4144143593509778
4437,0.37588458731263796
4438,0.33050294051986273
4439,0.3900119926750212
4440,0.35052346680789254
4441,0.323919042664907
4442,0.3276508040092125
4443,0.386218964763671
4444,0.2929168528743778
4445,0.3826107253767646
4446,0.28498485924073985
4447,0.31979459703227
4448,0.3678296846764011
4449,0.3858588133404827
4450,0.39775280801955426
4451,0.3717081966519912
4452,0.3062624170414944
4453,0.27722711824809537
4454,0.38674753997465966
4455,0.3253588387947167
4456,0.305417626544779
4457,0.35643063943320114
4458,0.37179570462358985
4459,0.2957239545550002
4460,0.374392227417426
4461,0.3127907326177871
4462,0.3724292338876094
4463,0.3531447506626145
4464,0.3115613072014354
4465,0.3595472138967495
4466,0.3215879755602408
4467,0.32760667126360743
4468,0.2980301796424863
4469,0.26098238196331186
4470,0.25945695720445083
4471,0.3804100672971095
4472,0.30680956593944364
4473,0.3123444090018569
4474,0.37112524772416233
4475,0.3160727354862449
4476,0.36715179136307835
4477,0.3172578431140331
4478,0.23897048118170366
4479,0.3030636488088121
4480,0.323947018847197
4481,0.371454647320683
4482,0.31504666071611265
4483,0.3376578809447855
4484,0.39046942754235076
4485,0.32919963381102896
4486,0.2804117278031553
4487,0.2754972181287827
4488,0.4893595919220481
4489,0.33854292695886584
4490,0.3737251099651404
4491,0.359683136623665
4492,0.30738498882319426
4493,0.36974120445949293
4494,0.38332833064376165
4495,0.32649652627309006
4496,0.32568305429710287
4497,0.32375999535077
4498,0.3829648947080598
4499,0.3612881876806106
4500,0.3744475870662795
4501,0.30888490078415043
4502,0.3864738643303171
4503,0.2792284214529164
4504,0.2181713577327736
4505,0.3513814011372547
4506,0.3011448400679325
4507,0.2653876938940074
4508,0.28826757336806946
4509,0.2798472976276588
4510,0.3842631734527552
4511,0.256162585370735
4512,0.2965162217644606
4513,0.33392515390754035
4514,0.34709181622933083
4515,0.2788160994806127
4516,0.24539871743040384
4517,0.2983149434078584
4518,0.2792927354461841
4519,0.3266209069454684
4520,0.3802488688585798
4521,0.24076488322853878
4522,0.49198404373390453
4523,0.45747842115339216
4524,0.27719511449016154
4525,0.28698446525467575
4526,0.3571614637065469
4527,0.4370375582199181
4528,0.4376554166583887
4529,0.41603805059469723
4530,0.3409251237460058
4531,0.3627642406651037
4532,0.3516695159149536
4533,0.4540780428348189
4534,0.3376386220206192
4535,0.39891770259542125
4536,0.3466161893261426
4537,0.4887408015826624
4538,0.4685426022502029
4539,0.29471907587750623
4540,0.32321071845879784
4541,0.31929211287843146
4542,0.38148526519013415
4543,0.3459339041338514
4544,0.37422118989783665
4545,0.34020306588281957
4546,0.32906557307888346
4547,0.3832980790113412
4548,0.3670941100033548
4549,0.38879684447943713
4550,0.3639261976840043
4551,0.3890677300229209
4552,0.39472385717945363
4553,0.3699176978550622
4554,0.3317097444345364
4555,0.3771684037936072
4556,0.37971585550788306
4557,0.3216388855042014
4558,0.3537012442299687
4559,0.36175541247696397
4560,0.3096268854609314
4561,0.17699748372989024
4562,0.2077077913837371
4563,0.33237680695219374
4564,0.2225138649268318
4565,0.2051411761580704
4566,0.4007362816613044
4567,0.20351511116014886
4568,0.30743624283140575
4569,0.3709068102942317
4570,0.21578852486046374
4571,0.3004869313941291
4572,0.22171431743347256
4573,0.2092563927731517
4574,0.254937924810565
4575,0.2498907509001244
4576,0.27679674880474436
4577,0.33844231852406376
4578,0.329902192772462
4579,0.3577588647785651
4580,0.3524490802144417
4581,0.26016281947182296
4582,0.363172337007972
4583,0.27620303702671145
4584,0.3264229673601373
4585,0.3081928936082969
4586,0.36834503943539293
4587,0.3103172214675659
4588,0.28448813888592933
4589,0.2802035732682551
4590,0.3551149478569801
4591,0.3483066044585347
4592,0.34497205517245194
4593,0.3218501395086566
4594,0.30706317165102825
4595,0.28602842490739583
4596,0.28769716543762414
4597,0.32271409351676283
4598,0.3675611208437874
4599,0.39133925666438973
4600,0.3621968064328276
4601,0.3850386248833607
4602,0.3786600206256889
4603,0.3935958902389946
4604,0.40871551907528736
4605,0.42342530378014276
4606,0.3668636823679719
4607,0.3602674213303506
4608,0.36923291458283114
4609,0.3856414138858975
4610,0.4155696259104098
4611,0.39800322029445645
4612,0.3668419976462713
4613,0.3719404284562196
4614,0.40955456167510396
4615,0.39647643084377643
4616,0.3645534441613231
4617,0.2402726516111203
4618,0.2646956274465812
4619,0.20501656707329013
4620,0.20466332006549132
4621,0.21254152402412688
4622,0.17799881478691404
4623,0.16605107669357974
4624,0.16959074031658022
4625,0.4110434057541042
4626,0.20774800931425114
4627,0.2258404458005136
4628,0.37389389516496907
4629,0.18451880343007374
4630,0.15524537747944003
4631,0.35313123096145826
4632,0.26236451408117534
4633,0.30322533009381164
4634,0.2935334854032482
4635,0.37679142502637925
4636,0.43284717946812634
4637,0.4039280413919331
4638,0.3892989151779152
4639,0.40157543991297007
4640,0.40350370319251105
4641,0.2912857772600953
4642,0.3688596251095885
4643,0.4274286821658773
4644,0.3655665890547294
4645,0.3873611684467505
4646,0.35675974700880286
4647,0.4099497671737453
4648,0.4120296731577866
4649,0.3443585958411904
4650,0.3878356301575594
4651,0.41334359381506874
4652,0.4436561342818174
4653,0.4798090728875179
4654,0.40055858259520866
4655,0.3585808964370316
4656,0.24210416055372946
4657,0.2898595268531079
4658,0.3449890632225058
4659,0.3493680238793908
4660,0.3568304941361751
4661,0.3504301010701385
4662,0.26263914096197655
4663,0.29843738980306106
4664,0.2795072985391709
4665,0.2963603751152465
4666,0.36354463332096076
4667,0.2556575395284396
4668,0.3039675605307719
4669,0.3173673075891777
4670,0.34808926138422586
4671,0.2590558997222466
4672,0.3998247831780456
4673,0.24081702486469192
4674,0.333910307101416
4675,0.37859646993462504
4676,0.3343212875122705
4677,0.3831443401170765
4678,0.36667977279758107
4679,0.39829410204264437
4680,0.43678677296780266
4681,0.41081517261255734
4682,0.38442870016173636
4683,0.3073061489576834
4684,0.3897746490590639
4685,0.4164915214949
4686,0.3990923831482563
4687,0.3918550292156864
4688,0.3033961449835916
4689,0.3605542263508589
4690,0.3727323429275402
4691,0.3615660875087405
4692,0.4716112448049043
4693,0.3190124291205297
4694,0.2571493992294043
4695,0.22144806663784028
4696,0.24280644195072476
4697,0.17898061513792615
4698,0.1928355447439009
4699,0.4144739981182469
4700,0.45477375086984273
4701,0.2095507296203306
4702,0.21031461008343671
4703,0.20443944988995064
4704,0.3773115547610896
4705,0.20600051854869497
4706,0.15433957774104412
4707,0.315131881672396
4708,0.3803899178537053
4709,0.3157345665882686
4710,0.3054455188794784
4711,0.3057149876878111
4712,0.3623170207473432
4713,0.2839638182173383
4714,0.2540959417624858
4715,0.29647397125269914
4716,0.3111562279261797
4717,0.3287661648981229
4718,0.31622039109324857
4719,0.3302506546850056
4720,0.24713064723966768
4721,0.31933246669986814
4722,0.32122750320317134
4723,0.3301562596457948
4724,0.2781274013932906
4725,0.28686547684976027
4726,0.31605842067862633
4727,0.26955156235069616
4728,0.3752554614927718
4729,0.24271732641842403
4730,0.2868368645823004
4731,0.28788434542545943
4732,0.21696513966699787
4733,0.1818182189095047
4734,0.2601744399527703
4735,0.2848939818248009
4736,0.30363083041408034
4737,0.27880528205719235
4738,0.2729425544374813
4739,0.21790507693994296
4740,0.28903643445033816
4741,0.3067352498682915
4742,0.24423610011172744
4743,0.28472957115616326
4744,0.2985283402242297
4745,0.20525842002712508
4746,0.21702177437748738
4747,0.26436365062088646
4748,0.2270409138009184
4749,0.30106172867365866
4750,0.2218103135279689
4751,0.3082846120300258
4752,0.3741073964294166
4753,0.2327890741690567
4754,0.19669580902617997
4755,0.20554530347404346
4756,0.21358005377557993
4757,0.16035987160840007
4758,0.3007279664725439
4759,0.22780998450216353
4760,0.20853649976801525
4761,0.27282190389864747
4762,0.15155700798608152
4763,0.3021067793823391
4764,0.21609365419363302
4765,0.17692676768395246
4766,0.2579127961232165
4767,0.24536859518348955
4768,0.3526195228498324
4769,0.24302237190400275
4770,0.29454209023875444
4771,0.2696126402606621
4772,0.2829774141999092
4773,0.3706880685553733
4774,0.32306028648459245
4775,0.28647868140901844
4776,0.25332196706142807
4777,0.28708001319825693
4778,0.2956400657634534
4779,0.2718520995356801
4780,0.2964429093345111
4781,0.22996734831211935
4782,0.2258591633294615
4783,0.24810545571357948
4784,0.22096448794720439
4785,0.2952850145868091
4786,0.2525989579617832
4787,0.3086458910587425
4788,0.35509073758802545
4789,0.2841617476831326
4790,0.23430651389056348
4791,0.26087257631521255
4792,0.317390455306769
4793,0.32644766047556184
4794,0.2829432629317029
4795,0.3086155100408159
4796,0.21317061803973458
4797,0.36618998432547417
4798,0.2540464456623801
4799,0.26777430858178186
4800,0.2267066145415295
4801,0.3707691817025424
4802,0.2544175377504904
4803,0.32125977296035807
4804,0.3026564906915693
4805,0.31729619904977713
4806,0.23378063336765814
4807,0.28817635008081943
4808,0.41169508079324274
4809,0.4575100143472618
4810,0.2964216330084026
4811,0.35716288622429043
4812,0.33264433570075824
4813,0.34354779542291664
4814,0.3795380610290118
4815,0.29084957318095866
4816,0.3374624726893009
4817,0.3602789518197029
4818,0.3281685050550923
4819,0.40714250358053417
4820,0.35838953599626444
4821,0.3713247558376964
4822,0.3785305136851005
4823,0.3748448280374645
4824,0.30665959729545855
4825,0.36617731177411234
4826,0.27062455129340357
4827,0.20984122393482416
4828,0.3437756758263238
4829,0.4015984315005651
4830,0.24257115982897715
4831,0.3683284708623656
4832,0.3371214616471337
4833,0.31429356767922856
4834,0.2986632318426284
4835,0.46941348308124436
4836,0.27253331567119143
4837,0.2782492232685083
4838,0.3070146484721029
4839,0.29649612436438844
4840,0.24939429509891864
4841,0.2866496531516186
4842,0.2850961018630639
4843,0.3895481044345135
4844,0.35626450266071613
4845,0.3155502189864994
4846,0.30037414048267563
4847,0.28354690052968223
4848,0.3376847685540461
4849,0.23888991665799353
4850,0.2681081535462511
4851,0.2898617574881468
4852,0.3229735873531132
4853,0.26891452449870545
4854,0.3129767918669225
4855,0.325461617147337
4856,0.301998991136182
4857,0.3008847549615038
4858,0.2875409487024931
4859,0.4024167377238435
4860,0.2914915002148688
4861,0.29542213647883464
4862,0.24950690675000603
4863,0.20870443709522546
4864,0.36575396239799984
4865,0.3209838074094039
4866,0.358938766627497
4867,0.26275579609083705
4868,0.3722892806937538
4869,0.2747381140870432
4870,0.2800613258308436
4871,0.34201398012240564
4872,0.3453340613621697
4873,0.39431966264084334
4874,0.26315776722264894
4875,0.33198949180095516
4876,0.27090162999340506
4877,0.3065227580276392
4878,0.2452548378562723
4879,0.26303600895594825
4880,0.3267548462431724
4881,0.2611103825385661
4882,0.332477941602909
4883,0.3703044145079818
4884,0.33401528139352044
4885,0.27512326654870417
4886,0.3427141624383403
4887,0.36271333939503186
4888,0.1840637423169463
4889,0.27973964888654457
4890,0.3368054400782542
4891,0.308745051676959
4892,0.37729775460419934
4893,0.3839975934378475
4894,0.21375002223838943
4895,0.3816380412827554
4896,0.273149899048026
4897,0.1888375036910009
4898,0.3134227179296215
4899,0.338536285651433
4900,0.3554285682043433
4901,0.41467803689296834
4902,0.13223994924932403
4903,0.18924560147951733
4904,0.20352985387960904
4905,0.3283555314428156
4906,0.17914762219057542
4907,0.2599935152843216
4908,0.2387760039236041
4909,0.24885699395591765
4910,0.22521274828098342
4911,0.20725879331879715
4912,0.1936785137239934
4913,0.13992145254306165
4914,0.36255937497966145
4915,0.3587449572588258
4916,0.336960225621753
4917,0.1586554792272238
4918,0.1816691331951049
4919,0.43305151170941475
4920,0.19649583902807363
4921,0.41996761129646676
4922,0.3397599082362576
4923,0.3905233097388324
4924,0.4438527366426436
4925,0.41818513873786317
4926,0.3688318917961816
4927,0.38560946506259197
4928,0.41314263716212507
4929,0.3259701253168639
4930,0.3424166972086441
4931,0.4432611889998364
4932,0.3209079282312292
4933,0.3873103915024164
4934,0.39924884853486287
4935,0.3021173015321323
4936,0.3985092665252463
4937,0.30550553062396074
4938,0.33590097611871506
4939,0.30873152330191406
4940,0.36596033444877624
4941,0.27367750278348246
4942,0.3354823829248955
4943,0.36585726552088527
4944,0.29569686310935567
4945,0.41873554323536377
4946,0.33183303508823725
4947,0.3152622299801863
4948,0.3060626920807432
4949,0.20612927086096816
4950,0.41734770948134114
4951,0.3575767087793358
4952,0.3567193006658869
4953,0.312185058101616
4954,0.2799058637240277
4955,0.31433375380548406
4956,0.33887166444855055
4957,0.3961142641871181
4958,0.33149058996314157
4959,0.23193360683820002
4960,0.20604186408473743
4961,0.3825608360603721
4962,0.3236570883354677
4963,0.24542609511437488
4964,0.2651010421121992
4965,0.3229363460120646
4966,0.35509476516366933
4967,0.3853370702624778
4968,0.2687202279466201
4969,0.33640582535286706
4970,0.2731812667207899
4971,0.27016842040067224
4972,0.36944868045504825
4973,0.24452420729977378
4974,0.3010572482487433
4975,0.3227063376146346
4976,0.21116228031119388
4977,0.32567073737517693
4978,0.3882673700753219
4979,0.3388710948631939
4980,0.2981170023768792
4981,0.3543244833707172
4982,0.3822853764862576
4983,0.4059858347424322
4984,0.39369569200214943
4985,0.271618469066902
4986,0.4164208813454881
4987,0.3286195877446118
4988,0.3602231555851192
4989,0.3964025640077755
4990,0.32974392032571376
4991,0.3697073473806778
4992,0.3812882262435777
4993,0.32450343434955303
4994,0.3228947171289919
4995,0.4066987532182457
4996,0.44587220875295347
4997,0.19484162726138474
4998,0.1651283079376291
4999,0.24939639707127548
5000,0.21952311967507138
5001,0.3622446718418614
5002,0.33480384196121804
5003,0.1605812473181211
5004,0.28474196144473096
5005,0.15532232643721863
5006,0.32138644643064423
5007,0.19331067434413818
5008,0.16937583026804623
5009,0.34529179928522336
5010,0.35994516612680627
5011,0.2978510869716092
5012,0.3065291275532267
5013,0.31099771839314083
5014,0.2585108614705428
5015,0.19310763595791122
5016,0.381666037704119
5017,0.38722220118490824
5018,0.3677075765628569
5019,0.399744225882576
5020,0.39550082075798576
5021,0.39567023915168814
5022,0.3969123978366224
5023,0.3473105341149954
5024,0.37046024091812224
5025,0.3690377694353032
5026,0.33141374798332335
5027,0.39583242930482365
5028,0.4019918270477686
5029,0.38859166364270614
5030,0.41282286558203946
5031,0.3347116298506585
5032,0.4399715878048947
5033,0.374203712012146
5034,0.3873038398251666
5035,0.3827100789890042
5036,0.2624680658555363
5037,0.2502908282329078
5038,0.27801439218897206
5039,0.078265156114741
5040,0.11111687340596449
5041,0.4497727675850966
5042,0.22898137365217985
5043,0.374805853364328
5044,0.10105921035160836
5045,0.1666452814376193
5046,0.16765769772437644
5047,0.17162286763047455
5048,0.18093050531324317
5049,0.10571449797147586
5050,0.18595312633612623
5051,0.22874407918825843
5052,0.35956149979140584
5053,0.3423436399355867
5054,0.2242808323673014
5055,0.29756969825246377
5056,0.09165403280286433
5057,0.1471363882682195
5058,0.22601406036857105
5059,0.22333492745894432
5060,0.22207209022339633
5061,0.09448100347115695
5062,0.06894916927199962
5063,0.1454784958814339
5064,0.21512461765051988
5065,0.17600207205977267
5066,0.12927618069488922
5067,0.14454500041648205
5068,0.26500575745728067
5069,0.29166148476051357
5070,0.29332890685966245
5071,0.24614028088146578
5072,0.15854331518493353
5073,0.13727248163567235
5074,0.22033306137836575
5075,0.18991738837520916
5076,0.23449118387186194
5077,0.3363151947813435
5078,0.17414520554572488
5079,0.26465036420415156
5080,0.29857153727409336
5081,0.16384312387354458
5082,0.3800008187726948
5083,0.23425266349834034
5084,0.2773325146694489
5085,0.26662923673284544
5086,0.17233280228858205
5087,0.21096764403180185
5088,0.23583249088700378
5089,0.31385270861316683
5090,0.20841331103250638
5091,0.18511006483455447
5092,0.18248060301621988
5093,0.23739354660267983
5094,0.17141281358171814
5095,0.13420409791974802
5096,0.2330562784373845
5097,0.2197386326266334
5098,0.11916308921045288
5099,0.14608071012590435
5100,0.1431614261516842
5101,0.09982640074078797
5102,0.19124562535352277
5103,0.15607610622472134
5104,0.23415190622954737
5105,0.1389123540864895
5106,0.10343904068055149
5107,0.1693575183111589
5108,0.19772569097838358
5109,0.1584847410245587
5110,0.16815721403040296
5111,0.21606506722501514
5112,0.1931291775604486
5113,0.22712848501962202
5114,0.23447847228800103
5115,0.27637204774764584
5116,0.2293267838015561
5117,0.3991343300739139
5118,0.31206757461638657
5119,0.2801604669328106
5120,0.32477589131253604
5121,0.30979861255467084
5122,0.24866467505045137
5123,0.16999270132885536
5124,0.24726160994790622
5125,0.2678981558100064
5126,0.2580519737268593
5127,0.3028238808409687
5128,0.27098998077785386
5129,0.23945785108451687
5130,0.18487154301538478
5131,0.1931232330554064
5132,0.2014192640143614
5133,0.17692880532496824
5134,0.2228491931262654
5135,0.15565705324703705
5136,0.21239454353479217
5137,0.2512949450538461
5138,0.18272472087147168
5139,0.22053890865887701
5140,0.1358192453153526
5141,0.2226557307131414
5142,0.2230549608961304
5143,0.24901374702649876
5144,0.1375141462938405
5145,0.2621478764831459
5146,0.1562817120142329
5147,0.18444363117382648
5148,0.16346172576003404
5149,0.37905486760359813
5150,0.3855178745807211
5151,0.4044400899536897
5152,0.3477994233939758
5153,0.4320864678656847
5154,0.3992303673693815
5155,0.41179130313166884
5156,0.40910878162286435
5157,0.45308724476994916
5158,0.4271067768091764
5159,0.4292146358451379
5160,0.379586530718957
5161,0.4220571395143507
5162,0.46562497498872063
5163,0.41985984690350353
5164,0.44019295700919925
5165,0.4303020060952772
5166,0.39291340554726384
5167,0.42129012488613476
5168,0.2560651042342142
5169,0.2894657745922325
5170,0.17043848752509944
5171,0.31031816150025165
5172,0.31357422944155555
5173,0.3463296723510209
5174,0.20197052469695714
5175,0.21539911532652092
5176,0.28650951672186464
5177,0.24010222307079873
5178,0.20694112551812857
5179,0.19546991930370153
5180,0.2723918261148033
5181,0.20244414214926781
5182,0.3042477231596112
5183,0.2132673279229869
5184,0.2059458488354036
5185,0.21010057212212713
5186,0.24806935173618408
5187,0.34545631982311764
5188,0.1835507511926198
5189,0.24524142513307645
5190,0.2812711627152591
5191,0.28476158178092564
5192,0.3192363339916251
5193,0.3203776558293554
5194,0.2631582327213415
5195,0.2180512937656618
5196,0.27954121922650305
5197,0.25391980110505624
5198,0.23950006256377926
5199,0.3359037893499437
5200,0.3747860103983238
5201,0.4194907845053444
5202,0.3660270829134669
5203,0.22907909079075517
5204,0.18844152910756323
5205,0.1855132242891156
5206,0.38599474184999066
5207,0.38304173379658174
5208,0.38708193862235635
5209,0.37527690334558933
5210,0.43029980871014484
5211,0.44419025789026517
5212,0.46244724960997663
5213,0.3170547671409552
5214,0.4240715981170034
5215,0.34796492118999467
5216,0.41712692431887444
5217,0.43808423636696214
5218,0.3984968455166562
5219,0.4299200196029845
5220,0.349916141361576
5221,0.4037270963041743
5222,0.35877015779673815
5223,0.38613419484959904
5224,0.3816435029413277
5225,0.30428807517398776
5226,0.26659835190655135
5227,0.281282586226651
5228,0.2987811620331249
5229,0.2832657263085756
5230,0.29670539638528026
5231,0.31573809975225764
5232,0.3043880215019539
5233,0.19021835496463596
5234,0.3292398228285807
5235,0.2855840601446592
5236,0.3005368264931141
5237,0.3226966864678297
5238,0.2804927419234287
5239,0.2590051025388389
5240,0.2953579598221377
5241,0.34287453974874166
5242,0.2366409956160735
5243,0.32778557600022973
5244,0.19059926914744055
5245,0.22586885025605719
5246,0.1077141795205257
5247,0.2875374809540811
5248,0.18653160857269677
5249,0.14200273225422272
5250,0.306292926360691
5251,0.152434991647716
5252,0.33407954948746055
5253,0.2751483344484021
5254,0.2907181843679387
5255,0.03862501392619011
5256,0.24383149067210858
5257,0.20828891337376268
5258,0.31187525028973984
5259,0.1760815387944467
5260,0.15606652909961752
5261,0.12758300527813066
5262,0.1813366200339601
5263,0.3860884747823655
5264,0.36130829086327515
5265,0.3255657457352951
5266,0.37413079063001126
5267,0.4178194446998082
5268,0.28094365402647076
5269,0.37168567923697726
5270,0.3114429895772445
5271,0.3975321905522687
5272,0.3161129881123137
5273,0.373038690219245
5274,0.25923288752947055
5275,0.4025794454190036
5276,0.38607796202928507
5277,0.3797951117200506
5278,0.32794785000095583
5279,0.31518292750727916
5280,0.3222668923924278
5281,0.2826031539739584
5282,0.3256886807595601
5283,0.40638493770838724
5284,0.30526010005245724
5285,0.34501794438051475
5286,0.33879374690653596
5287,0.21632684663103277
5288,0.28029475174041363
5289,0.35754953926869304
5290,0.39534393324213013
5291,0.27820804542764704
5292,0.306923439641334
5293,0.3122642998573024
5294,0.4513007901736173
5295,0.25617529261765154
5296,0.25823320161999974
5297,0.32112406418936335
5298,0.3041350619950759
5299,0.3058485713560792
5300,0.2841557887216093
5301,0.2520505770102293
5302,0.2880549405767261
5303,0.2717961294619108
5304,0.286431801570586
5305,0.26605304368006244
5306,0.25336963260961015
5307,0.25105172668536807
5308,0.283351738395789
5309,0.2946841970868869
5310,0.271510504090263
5311,0.30745171018198275
5312,0.28000699439921073
5313,0.26423471904824725
5314,0.3250568938629292
5315,0.27293831868850915
5316,0.33754143001372106
5317,0.28676556124181657
5318,0.33395428552408496
5319,0.30875658686466767
5320,0.3796242505695311
5321,0.4169210698101226
5322,0.4275391817250711
5323,0.4156899558767745
5324,0.4797485103511044
5325,0.3897350093877952
5326,0.34248620975252747
5327,0.3578162902585726
5328,0.4369889902259012
5329,0.34557871706628446
5330,0.3848610588168914
5331,0.384754555029083
5332,0.321873083389864
5333,0.41980829509178064
5334,0.3916140512403721
5335,0.3528902963555874
5336,0.41160373318025495
5337,0.351428827069262
5338,0.31653263952055216
5339,0.39692063224827623
5340,0.38227765094273974
5341,0.4102891590900256
5342,0.37428853686084623
5343,0.38670805354209103
5344,0.3603918106766177
5345,0.38402358908222217
5346,0.36868587555413845
5347,0.4035729323893642
5348,0.39867918800449215
5349,0.3604661054244601
5350,0.37939510956096906
5351,0.39352491469922046
5352,0.42356237724295653
5353,0.41890943735562514
5354,0.34861612783914453
5355,0.395639545150945
5356,0.40989344472324835
5357,0.41105849253781535
5358,0.4245313199996483
5359,0.44087128979954837
5360,0.3898695356186332
5361,0.4198229366158729
5362,0.4053823113506539
5363,0.41313997716959644
5364,0.4517775367312694
5365,0.38363039592575465
5366,0.43766378985226134
5367,0.4471003619989654
5368,0.41552192530526094
5369,0.4032502232523123
5370,0.3649524372580215
5371,0.4355931475813305
5372,0.3957699541759561
5373,0.4245440012248988
5374,0.45162135469169307
5375,0.4284307186991805
5376,0.43748780821612426
5377,0.3718844095918264
5378,0.366835911467714
5379,0.37357924696179734
5380,0.37493147151149137
5381,0.3544781297435027
5382,0.34678427483228436
5383,0.35250606910871896
5384,0.3302802586670712
5385,0.3722767180116486
5386,0.357455956683722
5387,0.3463984140030479
5388,0.3420735784115275
5389,0.3644015325662737
5390,0.3459896194121408
5391,0.33653793735135573
5392,0.36921227940166085
5393,0.36559353304426645
5394,0.3603368095484963
5395,0.3230541923549705
5396,0.42543942410113694
5397,0.3614869932091616
5398,0.4447479224325911
5399,0.41854062939153397
5400,0.41862325685510193
5401,0.3904854858015941
5402,0.4135471179390618
5403,0.40232728680118046
5404,0.3782046299047916
5405,0.39173609863669545
5406,0.42075942168112324
5407,0.40565764949032684
5408,0.4285675290540376
5409,0.3897840342066159
5410,0.38723313606723775
5411,0.39246071529704235
5412,0.3970691986135913
5413,0.389648068110257
5414,0.40470662120505596
5415,0.35836286089727654
5416,0.39299638574897144
5417,0.38565540775963497
5418,0.3847771823133535
5419,0.3542736428178661
5420,0.3725560952921503
5421,0.36565314289857326
5422,0.3777617006706316
5423,0.4004958414670883
5424,0.36679097783305414
5425,0.3506662187764956
5426,0.4097716112828457
5427,0.3805842245253275
5428,0.38179298873884293
5429,0.38183172632568885
5430,0.38757463862976355
5431,0.32724099457332984
5432,0.37014931092189807
5433,0.3457686520980118
5434,0.3686372121473461
5435,0.362849218752504
5436,0.32496771002375513
5437,0.3580570456040775
5438,0.3442504816013837
5439,0.34259166399980556
5440,0.3724320384449493
5441,0.3550711114692383
5442,0.31944591248991694
5443,0.34942095194811756
5444,0.3556739351673298
5445,0.3750345115264201
5446,0.36747527536751906
5447,0.3624167617932772
5448,0.3592166057384061
5449,0.30724720988410115
5450,0.33280195471455926
5451,0.36207783248439324
5452,0.3205527122506999
5453,0.3595369758168106
5454,0.35625344634394507
5455,0.3901798468774649
5456,0.38626745469268975
5457,0.3564460644985708
5458,0.3890285789807145
5459,0.3836569958510407
5460,0.39245271797167913
5461,0.371748718168609
5462,0.38462074583970923
5463,0.3973395058978297
5464,0.3835402163964424
5465,0.37630311111534803
5466,0.3710725538504299
5467,0.4045914840067145
5468,0.37420696182910484
5469,0.37774002173152343
5470,0.37747416126088174
5471,0.37727976785037276
5472,0.44598476691506067
5473,0.4369147706517607
5474,0.4554100398761107
5475,0.4181364724397746
5476,0.44368219642600526
5477,0.41987067191657645
5478,0.42081950859930745
5479,0.44482211887636186
5480,0.4205557472097264
5481,0.4235942855881149
5482,0.47218410889149426
5483,0.43522679721903207
5484,0.4464127481477284
5485,0.45512435089594594
5486,0.44058479703903264
5487,0.44072711820449795
5488,0.40740687214232285
5489,0.4555182610938777
5490,0.3981382091326907
5491,0.3911308173368112
5492,0.3733760726846477
5493,0.3653573748597621
5494,0.4276518092782877
5495,0.41978070634318504
5496,0.3832793867812353
5497,0.3968156261519133
5498,0.3852274380921521
5499,0.40617122465649114
5500,0.41152001280671335
5501,0.3738455613659466
5502,0.40625522259447056
5503,0.4184554286743242
5504,0.3993607590466153
5505,0.4109127075994704
5506,0.41386459382994334
5507,0.40609179496655
5508,0.4036225643803925
5509,0.3964821151321582
5510,0.37629139558303726
5511,0.4025524840816892
5512,0.38108340103628263
5513,0.4043408028412632
5514,0.39497267345883863
5515,0.3568969621451318
5516,0.38664033938446063
5517,0.401776807129978
5518,0.3968194657933024
5519,0.4009542507012463
5520,0.3820660832326439
5521,0.41256245809608144
5522,0.38497782670630476
5523,0.4060250522844518
5524,0.3968107167309203
5525,0.3991519207201574
5526,0.367714029936035
5527,0.3831454908529747
5528,0.36709418228576046
5529,0.4020928431553386
5530,0.4116441592840973
5531,0.3768903449441849
5532,0.3813021565087982
5533,0.41664260907052475
5534,0.37840249287077266
5535,0.3566873836468399
5536,0.401387332180458
5537,0.40332432717460376
5538,0.37029598637948086
5539,0.43026791771276385
5540,0.39827555726864605
5541,0.4081564811672537
5542,0.39806636620404856
5543,0.39374254834880007
5544,0.3693643297789292
5545,0.3855113286860638
5546,0.3870079734822838
5547,0.4109281586865061
5548,0.3699038283070625
5549,0.4066538629530293
5550,0.413511352604737
5551,0.3910598475796295
5552,0.39051707032157507
5553,0.39229711419134816
5554,0.408535657319614
5555,0.415964039193885
5556,0.4087285241257153
5557,0.39529254912558837
5558,0.3734465220085086
5559,0.39151264769910765
5560,0.40223663888187955
5561,0.40294877670771184
5562,0.3764863383398293
5563,0.41322380741239473
5564,0.40039381918843137
5565,0.41731540791989596
5566,0.41291435197724613
5567,0.41735804297405554
5568,0.42340856606628613
5569,0.42669588313720874
5570,0.4300169705480597
5571,0.4133541181333341
5572,0.4431780642333175
5573,0.40456018861635623
5574,0.42026876871144453
5575,0.4281790834059743
5576,0.42424423741470235
5577,0.42409642856899865
5578,0.4288162788336094
5579,0.43168290073835563
5580,0.38430006061001604
5581,0.431480070525457
5582,0.4474457388984351
5583,0.4170389363921021
5584,0.4008078354603239
5585,0.4305891696365175
5586,0.37318295144447844
5587,0.3822359815815199
5588,0.35691551270172256
5589,0.3869148390482278
5590,0.40944975218688445
5591,0.3884970488649821
5592,0.39970955924081736
5593,0.3723404219414124
5594,0.3875300259289849
5595,0.3968156781952453
5596,0.4174154409867489
5597,0.3781651637112965
5598,0.37350173998384695
5599,0.3928622642996052
5600,0.4027001946233212
5601,0.3941046658534225
5602,0.38909609074760904
5603,0.3925327490512355
5604,0.395396225225687
5605,0.40471226501529056
5606,0.41394871320236426
5607,0.4143558019284976
5608,0.3995788553035911
5609,0.4262543590730149
5610,0.3953584186362261
5611,0.3780596892249449
5612,0.41353895870110996
5613,0.40126136996904366
5614,0.3914373583453632
5615,0.41469747796879697
5616,0.40456351938960944
5617,0.4207298668510934
5618,0.41122918310185747
5619,0.3743403488892295
5620,0.4112790868747311
5621,0.4016778091471742
5622,0.4252338124612682
5623,0.39322106259615935
5624,0.3934953945647454
5625,0.38954087041135416
5626,0.40110841461605634
5627,0.35954947778169505
5628,0.39106711629834356
5629,0.4002444779557275
5630,0.39904161198651467
5631,0.3914763734966469
5632,0.3784421903679659
5633,0.4052533653215335
5634,0.39393500459083713
5635,0.3829977976591201
5636,0.3755670160089809
5637,0.4195719431904291
5638,0.381825989993975
5639,0.39070057511049416
5640,0.4120418628626786
5641,0.40316480857918174
5642,0.4242847531487277
5643,0.38408068640010795
5644,0.37958480750640583
5645,0.4096848897438207
5646,0.40621677413724727
5647,0.3822588690824508
5648,0.4126230943605487
5649,0.3783705613952445
5650,0.3760026996547967
5651,0.39923974673434104
5652,0.409670994174155
5653,0.3902554137956471
5654,0.3705334543211759
5655,0.39301025818826735
5656,0.386591250957123
5657,0.4042186224453134
5658,0.38730734407619344
5659,0.4050604927328398
5660,0.35270215971011304
5661,0.3951322672279625
5662,0.3911155744231038
5663,0.39035761533467006
5664,0.39136061756091295
5665,0.3901467704486309
5666,0.367379639962227
5667,0.3963569393533175
5668,0.3978573601824096
5669,0.4181026384913292
5670,0.3863535748420996
5671,0.3819388951116294
5672,0.4225079590959135
5673,0.3815407462734292
5674,0.40257309324119345
5675,0.3921390585918169
5676,0.3868008814987469
5677,0.401387893091926
5678,0.40050653926312724
5679,0.37080014748513085
5680,0.34897105758134733
5681,0.34845367746934863
5682,0.3902945388161874
5683,0.37092409157177897
5684,0.3687940736415357
5685,0.38981854471837835
5686,0.38138407271349434
5687,0.3890372991301344
5688,0.39247942776622186
5689,0.37191506022312615
5690,0.3901767821034645
5691,0.38787385887626946
5692,0.36559682044807623
5693,0.39571852958126724
5694,0.38758314482326267
5695,0.37954929660614894
5696,0.35876602902572635
5697,0.3933515699252422
5698,0.3748195985865899
5699,0.36863936616303505
5700,0.40907371019963396
5701,0.3990182040522629
5702,0.39940559148590715
5703,0.4082548661952574
5704,0.38856948161805455
5705,0.4133029537553056
5706,0.38713941759134407
5707,0.38765676879038047
5708,0.3759170247650058
5709,0.4051842633417143
5710,0.40199953524350907
5711,0.4099177778722926
5712,0.39363400908844803
5713,0.41761681398634926
5714,0.3621561085471399
5715,0.38944574676549426
5716,0.4062229383808027
5717,0.4158239327613294
5718,0.3811685323623829
5719,0.39671984329051363
5720,0.4213544215316251
5721,0.4020264474287876
5722,0.4091631726874819
5723,0.3896897606018466
5724,0.41657284787516585
5725,0.3917040688570955
5726,0.380269107932167
5727,0.3955358806160313
5728,0.40286564037600797
5729,0.43476359999832254
5730,0.40275187943467045
5731,0.4077822780444034
5732,0.3995493872124481
5733,0.37449354711109983
5734,0.39771551897211793
5735,0.3810043876929981
5736,0.38651062427054395
5737,0.40110844352901864
5738,0.4024307489453583
5739,0.39170662476296
5740,0.41976969050456114
5741,0.3954466552144739
5742,0.3747230177274317
5743,0.4112166869195655
5744,0.405698532418973
5745,0.3954788237762927
5746,0.38841342101291976
5747,0.39810487248719634
5748,0.39387912739995906
5749,0.40739288405117785
5750,0.41102010768910907
5751,0.3667617526107942
5752,0.399698601228118
5753,0.3715731239661663
5754,0.39840807115731025
5755,0.40525181558675594
5756,0.3896825381438722
5757,0.3855249813868465
5758,0.39467843780702766
5759,0.4080473405172865
5760,0.41744435394901636
5761,0.39654866698870544
5762,0.4011856816164199
5763,0.36421237529323136
5764,0.39290599226373846
5765,0.4172415873446347
5766,0.3758551915039006
5767,0.38557260103570096
5768,0.40171825838138636
5769,0.3770189787133128
5770,0.35944011739321463
5771,0.41146632143578266
5772,0.36176270721734405
5773,0.41259433174568505
5774,0.38118317388647516
5775,0.4059413492586875
5776,0.3922013544603184
5777,0.4152423832208743
5778,0.4190367179981189
5779,0.3842222037852222
5780,0.4178277166983129
5781,0.4240581593721415
5782,0.42091814227878666
5783,0.3962660023043939
5784,0.40499114788413754
5785,0.4053103354223853
5786,0.3851344077447604
5787,0.42204413446392275
5788,0.4084535213764046
5789,0.4236608837054018
5790,0.41513667164823204
5791,0.403117096408848
5792,0.42487645403023494
5793,0.3999738699766815
5794,0.39797724488915537
5795,0.4294531677838444
5796,0.3861059526680562
5797,0.40354954758548234
5798,0.4112910626237023
5799,0.4132334932547543
5800,0.41998331681757045
5801,0.41364550874965794
5802,0.39689398027965805
5803,0.40509691150011184
5804,0.39651439934582605
5805,0.4186230775947358
5806,0.4069452073086135
5807,0.37949011177238745
5808,0.4214417560254502
5809,0.4119490985145397
5810,0.37685778316607926
5811,0.40334550302816846
5812,0.4054908043502663
5813,0.4060992082500754
5814,0.4334935576525775
5815,0.4347917323106088
5816,0.4438944117864559
5817,0.44522039493159604
5818,0.4238315453564816
5819,0.4321469595653407
5820,0.416611498723125
5821,0.42427511067581153
5822,0.4430341123767803
5823,0.39834530689882003
5824,0.42420097784055777
5825,0.4219318885618081
5826,0.4330509522435949
5827,0.43451402909062237
5828,0.42167161407547643
5829,0.4372198139688672
5830,0.42661444688768624
5831,0.45016751842740627
5832,0.4423828305539286
5833,0.3902296003029347
5834,0.37565511958760234
5835,0.40105490250549175
5836,0.40493235048407045
5837,0.4120300432437036
5838,0.37187527020445366
5839,0.41267291139453555
5840,0.4131800158397444
5841,0.4143327987757176
5842,0.3896871757830199
5843,0.3962639783970352
5844,0.40943020702439165
5845,0.4082654888175945
5846,0.38000886235879766
5847,0.4024018706786456
5848,0.4155242152118725
5849,0.39267616312667447
5850,0.39549399151629816
5851,0.4115276111331972
5852,0.404135503461387
5853,0.39016076432236835
5854,0.39929073763459594
5855,0.3987790591587564
5856,0.3974302289908325
5857,0.37063556912131207
5858,0.37789135217603126
5859,0.4076674993667941
5860,0.4026167691619946
5861,0.41031682879491554
5862,0.39120913098640886
5863,0.4094144725903257
5864,0.39018368073626153
5865,0.3740242608205368
5866,0.4080351103342474
5867,0.40852610447688087
5868,0.39194216710136803
5869,0.3872540285737722
5870,0.39769930458287833
5871,0.4051476710966686
5872,0.41383967085646883
5873,0.4083757917686448
5874,0.40466397458571146
5875,0.37875510957599406
5876,0.4196241253047294
5877,0.4039496220269695
5878,0.4033739880785943
5879,0.41259983099110836
5880,0.39905215365255736
5881,0.40589168835469697
5882,0.4009993317920137
5883,0.38342817866765605
5884,0.4073424482797985
5885,0.3918143544603685
5886,0.39823141874044854
5887,0.4190507928281507
5888,0.37614221048032964
5889,0.4078806052464826
5890,0.3770190307566449
5891,0.36496115162484893
5892,0.40515211791026534
5893,0.4048286975143416
5894,0.39111032382915606
5895,0.41194306148801824
5896,0.37857192282965996
5897,0.3941579871384362
5898,0.4109218093999922
5899,0.398419046517787
5900,0.39456568881936954
5901,0.38446496858160467
5902,0.3998324913737861
5903,0.39954196236373785
5904,0.3931856499999742
5905,0.3970513014899477
5906,0.3881058391377261
5907,0.38078685813008273
5908,0.3968467827600527
5909,0.41735921684032357
5910,0.41832957054957404
5911,0.37980874996435215
5912,0.42824859594985776
5913,0.3975234443811828
5914,0.401698973435554
5915,0.41854418568589286
5916,0.38493770129726995
5917,0.4106100004497151
5918,0.4085195585822235
5919,0.39772996388806675
5920,0.41201234272820353
5921,0.4182433174005378
5922,0.4065717327924124
5923,0.408130586718247
5924,0.38648300660898605
5925,0.402065254406743
5926,0.4176948269411393
5927,0.40466579610233433
5928,0.4115106912676783
5929,0.37325180477282216
5930,0.40368721376402256
5931,0.3946111515612389
5932,0.3936184307843783
5933,0.3733335012390051
5934,0.4066737492884768
5935,0.3999860712467584
5936,0.4047573808016127
5937,0.38918604475581553
5938,0.41248647483124257
5939,0.4115833032811168
5940,0.3797483160906207
5941,0.4096623781113993
5942,0.4024948663304826
5943,0.397944214721061
5944,0.38696752424807157
5945,0.41602416080762394
5946,0.39743782153472396
5947,0.40914273700575127
5948,0.39549971628282715
5949,0.41031874283301767
5950,0.4099816061277942
5951,0.41898388245087137
5952,0.4071151172226744
5953,0.4179947121857773
5954,0.39788292502364647
5955,0.407081664925331
5956,0.4142292845882076
5957,0.41157882755455777
5958,0.3878566209681656
5959,0.40110223880731605
5960,0.41643543613069356
5961,0.40098020297617754
5962,0.41644703601115524
5963,0.4168555992983642
5964,0.42011814374321604
5965,0.37934895869059776
5966,0.4136316305277696
5967,0.39055987307091583
5968,0.3964423771568178
5969,0.41166061654221997
5970,0.4067421631397941
5971,0.37979717321426026
5972,0.4188466962275048
5973,0.4039761699089235
5974,0.411370729399934
5975,0.39481957354104
5976,0.4082395249774783
5977,0.4065465553848699
5978,0.4193243267989782
5979,0.37953818246345333
5980,0.40437656239299563
5981,0.4039818137191581
5982,0.4080118643125844
5983,0.40822244898196314
5984,0.40391871985289807
5985,0.40832266130918216
5986,0.4113784318130821
5987,0.4209782234143784
5988,0.40585190411861694
5989,0.40976273500342963
5990,0.3923904047554003
5991,0.4045936120007374
5992,0.42198509419497265
5993,0.3774749303456781
5994,0.3872439032543862
5995,0.42152411748976526
5996,0.40305739114176575
5997,0.4115726170502627
5998,0.4147540895489166
5999,0.4068089520826319
6000,0.4087144608608684
6001,0.3909367246211098
6002,0.39901944730964045
6003,0.40649223949395424
6004,0.39633463011163195
6005,0.3764646940962759
6006,0.3924668621928204
6007,0.4009701643956783
6008,0.4018823741378089
6009,0.39300561476652723
6010,0.40685147148494244
6011,0.38694918186480914
6012,0.3879310660634118
6013,0.401984691328681
6014,0.37062436823972966
6015,0.37396752780597564
6016,0.3986171234396888
6017,0.407457267435555
6018,0.38956173400492633
6019,0.41155163202224904
6020,0.4086632560046927
6021,0.393941914788819
6022,0.40614907154480184
6023,0.38756213666487915
6024,0.4081719149065121
6025,0.4108596465311172
6026,0.4124744701693091
6027,0.400253053540336
6028,0.42068607527844315
6029,0.4080552511037629
6030,0.3851902618052686
6031,0.3927709340343947
6032,0.4111039032363526
6033,0.40521196774215895
6034,0.430291088560725
6035,0.4035570880860417
6036,0.4106246304086224
6037,0.41174904394601874
6038,0.40144041059658864
6039,0.41819634540203804
6040,0.37911556169398997
6041,0.4061386455306082
6042,0.42663871642821355
6043,0.41732669554036517
6044,0.4181804259250136
6045,0.4107914986790528
6046,0.42781553760101587
6047,0.396654650343193
6048,0.41181635332217736
6049,0.42661281619661434
6050,0.4266671783482696
6051,0.3993222238505052
6052,0.3809845302705128
6053,0.42796534722370844
6054,0.4225557377660604
6055,0.42241811784825983
6056,0.4144909295489507
6057,0.4181200614423916
6058,0.3989981615868191
6059,0.40786258668839753
6060,0.4056335245146109
6061,0.3827953722276932
6062,0.4015177296402842
6063,0.40920476687499985
6064,0.4103154236249493
6065,0.4065348282873742
6066,0.3881909820290113
6067,0.4115325147715978
6068,0.4044850322622382
6069,0.3784529517725218
6070,0.4126981581931875
6071,0.3977055266523583
6072,0.3908976921220487
6073,0.40495741223976384
6074,0.40135028889320096
6075,0.4049220112087636
6076,0.40092172361869544
6077,0.39975280146718456
6078,0.39954012928193006
6079,0.36974644927084827
6080,0.41302832687450447
6081,0.405707050177657
6082,0.4098050693627816
6083,0.3700473869473128
6084,0.4145792239531231
6085,0.4214949096152827
6086,0.41116066516387606
6087,0.43721456337491943
6088,0.3858424804080978
6089,0.4105557076891692
6090,0.4141632300346114
6091,0.4251894831075197
6092,0.39641636127336954
6093,0.4023227185531422
6094,0.41807932886114924
6095,0.39379554002604383
6096,0.41265426253387305
6097,0.40653188494781534
6098,0.4099093988958275
6099,0.3980656260322145
6100,0.38526565524567724
6101,0.4144889403371467
6102,0.4034549790684979
6103,0.4052751367821209
6104,0.41466703840212177
6105,0.3993060383742279
6106,0.41674947137906526
6107,0.3948905606459991
6108,0.39081808317174155
6109,0.41699201643693445
6110,0.40787673090953874
6111,0.3887201644122076
6112,0.4094154556310428
6113,0.40777828805561056
6114,0.41914917207356195
6115,0.3730292212241024
6116,0.40494333740973204
6117,0.4015206325016959
6118,0.39832553621522154
6119,0.3868671500082639
6120,0.4101517068674061
6121,0.4090328966620972
6122,0.4170062358317776
6123,0.3825384805579469
6124,0.3965181002049963
6125,0.4001496897002299
6126,0.393540452525143
6127,0.4130731188356492
6128,0.403878756356452
6129,0.40006950827326976
6130,0.41051651906011194
6131,0.37807446953125595
6132,0.3997146479221764
6133,0.403300051851484
6134,0.37653639246010673
6135,0.40026190668938233
6136,0.40257251498194807
6137,0.41059673518262674
6138,0.4043926495652012
6139,0.4029269069430527
6140,0.40458721645348383
6141,0.42814940714150307
6142,0.4073580612794229
6143,0.3695439313179421
6144,0.41547050649316447
6145,0.4051217130391449
6146,0.3926856465782982
6147,0.410135371043725
6148,0.39100663038128003
6149,0.4054750872639777
6150,0.3981393193904418
6151,0.3897731398024335
6152,0.4066770164532131
6153,0.40474114906459574
6154,0.38422403686703
6155,0.40678609927725573
6156,0.4078220854108533
6157,0.4031388736520279
6158,0.4218547025177389
6159,0.4036469495727689
6160,0.4375516596019957
6161,0.4138461415774243
6162,0.41756095992584097
6163,0.4040785969690522
6164,0.42546180273393197
6165,0.40372503770126084
6166,0.419319070422438
6167,0.42312401625683477
6168,0.3961996817515448
6169,0.4052497222882878
6170,0.42024593903643814
6171,0.4145694513718767
6172,0.3945836148559754
6173,0.39263069460221267
6174,0.4079992756088131
6175,0.40839364263154876
6176,0.41549389707963885
6177,0.4028286664798604
6178,0.39492383368297646
6179,0.41481744941442955
6180,0.37650186460056695
6181,0.41580634789767834
6182,0.42461939466530746
6183,0.40580115030465264
6184,0.41958715719117423
6185,0.4224456950316705
6186,0.3854119953128977
6187,0.41505496939945663
6188,0.4121715664114104
6189,0.40937824464860456
6190,0.4181343270979744
6191,0.3908015160443623
6192,0.40217184493343816
6193,0.4116923282792349
6194,0.3934676612513385
6195,0.382572910113415
6196,0.3968919101115597
6197,0.3887511244122036
6198,0.39944191194910755
6199,0.39652669313738215
6200,0.39958686997673165
6201,0.3815364440246438
6202,0.3726941142088302
6203,0.38101362249314635
6204,0.38991278362759285
6205,0.4091106725305967
6206,0.39214416462095336
6207,0.364410666171054
6208,0.37712022612458096
6209,0.39271105528953887
6210,0.3964722037686929
6211,0.39609227587931367
6212,0.3854391156715046
6213,0.4038888527628758
6214,0.4015629437306781
6215,0.4062059896023215
6216,0.3967615010865486
6217,0.3728045096813598
6218,0.3928377808031571
6219,0.3999570773281966
6220,0.40315943076820004
6221,0.38222252548888064
6222,0.403080793293425
6223,0.40473735568394625
6224,0.37640578104435973
6225,0.3896261058241186
6226,0.4042308873239073
6227,0.38830009954860867
6228,0.3885439572549648
6229,0.4002697131891945
6230,0.4028543643207237
6231,0.4094330867554335
6232,0.416445694449706
6233,0.3930472552147848
6234,0.40876620349814224
6235,0.41386747934357765
6236,0.41638991556289967
6237,0.4207156705866201
6238,0.39002881134517214
6239,0.4264667768242014
6240,0.41289164951927376
6241,0.4184508430785086
6242,0.3984451202271597
6243,0.4174450825556655
6244,0.41756330765837707
6245,0.40781382208623723
6246,0.40296122084667174
6247,0.375915688986149
6248,0.4075624759226538
6249,0.41145982758445737
6250,0.3887900007812684
6251,0.4071446257919646
6252,0.4138551161609121
6253,0.38441122516734194
6254,0.40226625153783385
6255,0.3986065702084612
6256,0.37228423827313434
6257,0.42053096880106317
6258,0.4080828572001359
6259,0.3875500683944287
6260,0.4051600111489643
6261,0.4027576793749013
6262,0.40203193510902596
6263,0.3906133909640729
6264,0.417351826687168
6265,0.4018051129200378
6266,0.3919544030669996
6267,0.4046178005849703
6268,0.4098605128592257
6269,0.390446337650684
6270,0.4222721999102884
6271,0.414465468794378
6272,0.3981683595697432
6273,0.4213256300037992
6274,0.4153700223841002
6275,0.42359954774724756
6276,0.4180508842888705
6277,0.39715748145257873
6278,0.41261060974344166
6279,0.38446193272056656
6280,0.39405992015301744
6281,0.4160035863436744
6282,0.4216125101980093
6283,0.39747107144133154
6284,0.42026140747125124
6285,0.4194302349797639
6286,0.4131765751972346
6287,0.41466515327698195
6288,0.4277622336637796
6289,0.4171146420925032
6290,0.3792143457208729
6291,0.3983287050758861
6292,0.38239253370701326
6293,0.40277441998005414
6294,0.38346806699040026
6295,0.39582598749683046
6296,0.39696943154599124
6297,0.3750043697632563
6298,0.4120445055074298
6299,0.40228416600925476
6300,0.3775104354633425
6301,0.4028341715078761
6302,0.4012673665174179
6303,0.39467512438155183
6304,0.38999710539074967
6305,0.3674430056103324
6306,0.39683315897223226
6307,0.3939300084309573
6308,0.3774575189598006
6309,0.4001783019676898
6310,0.39393246603275006
6311,0.39181330781113444
6312,0.3947203789500929
6313,0.3609894878674256
6314,0.3924227352298078
6315,0.3936625866603532
6316,0.3948093094394351
6317,0.40331747480254637
6318,0.3678777756065405
6319,0.37673952915040543
6320,0.3948290107319241
6321,0.3954343209447706
6322,0.3898008904636178
6323,0.38204941780119295
6324,0.39914736981989657
6325,0.38984290099779245
6326,0.3963707770970587
6327,0.3702613370854995
6328,0.38993865494622976
6329,0.3715520175037111
6330,0.39726579519182503
6331,0.39265431070979273
6332,0.39820243638707165
6333,0.38226656571300643
6334,0.3950427411315976
6335,0.40762311796971357
6336,0.4018569133832362
6337,0.39583697442249205
6338,0.39613015185988404
6339,0.3982581805783233
6340,0.3998110610861535
6341,0.392585775424034
6342,0.3921284706650346
6343,0.41055702612024864
6344,0.36584546035839144
6345,0.39507950107182443
6346,0.3965618859950541
6347,0.405364142445165
6348,0.39700874160949007
6349,0.405859542923248
6350,0.38310795604535913
6351,0.3975522937349332
6352,0.3896311366795531
6353,0.40976980711400024
6354,0.3836661901730417
6355,0.390345067109046
6356,0.40911996515666943
6357,0.40531989983030337
6358,0.36285840440061634
6359,0.404116976035166
6360,0.4025778580973751
6361,0.40247008213922697
6362,0.3816648291422962
6363,0.39389403492330416
6364,0.3995771263084475
6365,0.40929223436845136
6366,0.4027686605179705
6367,0.3826137756942838
6368,0.40898518449176346
6369,0.41468074314623654
6370,0.41023476802540804
6371,0.3907998333099583
6372,0.4047424848434525
6373,0.37785436671469874
6374,0.39851731589394157
6375,0.40515488777205055
6376,0.4021592215341122
6377,0.390681076208741
6378,0.40961364820479373
6379,0.403249824253433
6380,0.41190317894786654
6381,0.40521420560543847
6382,0.36994038007396096
6383,0.4157227142630235
6384,0.4070384053511864
6385,0.3923681012963072
6386,0.4059894951234553
6387,0.40145425412292224
6388,0.40811445328530177
6389,0.4152807218088409
6390,0.3929023087523456
6391,0.40998779928431195
6392,0.3971407986733504
6393,0.3809798926313651
6394,0.41536525752791853
6395,0.399648119195999
6396,0.3867644627314748
6397,0.3682094361967105
6398,0.407450432411275
6399,0.4138939404866448
6400,0.4203068702131206
6401,0.4101069496018161
6402,0.40832185174623864
6403,0.38806400208132513
6404,0.3669303672241455
6405,0.4086099983281961
6406,0.41987131956693124
6407,0.3900945131606287
6408,0.39246007342928
6409,0.38876109938418585
6410,0.42425974054507015
6411,0.40867373406221846
6412,0.4099714808084082
6413,0.4011474239847476
6414,0.41990834550641093
6415,0.41661821809555594
6416,0.4186749069708965
6417,0.41508251766990506
6418,0.4044653136219718
6419,0.39738725854631063
6420,0.3791150990865937
6421,0.39380981146421906
6422,0.40287331387619374
6423,0.40562304645708513
6424,0.37137463648020025
6425,0.4037706623557189
6426,0.40320505542265805
6427,0.40786438507465056
6428,0.392077815155142
6429,0.40320685959150354
6430,0.40762138319197755
6431,0.4126292643866966
6432,0.38372741047934683
6433,0.4039497897221507
6434,0.4054850969315147
6435,0.39216743955557865
6436,0.4082865894974573
6437,0.41159270577644613
6438,0.40539686613585935
6439,0.38152855656853724
6440,0.4012378001222032
6441,0.39051301094167273
6442,0.37661730249371594
6443,0.3606195118196588
6444,0.3995724481911526
6445,0.40257321467563495
6446,0.38959716973148134
6447,0.4099401796354574
6448,0.37708723065204136
6449,0.39438605836739427
6450,0.39143333944360803
6451,0.392087454736762
6452,0.3970924504178468
6453,0.37984290195538245
6454,0.3968784713666978
6455,0.3959699046578129
6456,0.3938724080275281
6457,0.3971369879449236
6458,0.3979330427524409
6459,0.3799901325418408
6460,0.39637177748555313
6461,0.4006799881237697
6462,0.3946022810644152
6463,0.40127853848603806
6464,0.4088128169759098
6465,0.38780706415083915
6466,0.4047554783286955
6467,0.376838295829511
6468,0.39031830527117123
6469,0.3818176052349174
6470,0.4105680997847971
6471,0.39255347386258876
6472,0.38323180182793554
6473,0.40414833503404124
6474,0.39371489599168746
6475,0.4016029708356411
6476,0.37087846691732096
6477,0.4001034983517114
6478,0.39345493376534835
6479,0.3857067860935842
6480,0.3740908936333784
6481,0.3465529393298863
6482,0.37080505112353146
6483,0.38367364393471426
6484,0.39740768266285637
6485,0.38111090304599143
6486,0.3941017629920109
6487,0.39474600161725426
6488,0.39260057307812246
6489,0.37815341926602347
6490,0.35038827847021864
6491,0.3990962632677926
6492,0.36372264175575275
6493,0.40028303049961494
6494,0.3511214649325816
6495,0.36074103878266134
6496,0.3961063564919379
6497,0.37676021348361155
6498,0.42229760283893664
6499,0.3880512341171878
6500,0.4129868309910582
6501,0.41667943840186106
6502,0.407856254749661
6503,0.42246629262598984
6504,0.3983124039477597
6505,0.40570669743951737
6506,0.42315748590195557
6507,0.4225915493611249
6508,0.40797132255689295
6509,0.407288363692581
6510,0.40474168684569395
6511,0.4240460564061363
6512,0.41708324261548074
6513,0.40917149962061494
6514,0.41124669279180665
6515,0.38245130797671056
6516,0.3890711041656175
6517,0.3996730016913264
6518,0.41042721270226024
6519,0.3969749134436371
6520,0.4108825918579726
6521,0.4112699735090244
6522,0.40644684036060186
6523,0.3861121458245739
6524,0.41148377908239975
6525,0.42112436687345545
6526,0.410173854196503
6527,0.4040138145857957
6528,0.39649793052251847
6529,0.4067199290718104
6530,0.40709142594139247
6531,0.40787956437984096
6532,0.3860994645993234
6533,0.4104326945999061
6534,0.4041570262704989
6535,0.37983737957958935
6536,0.4011592436037225
6537,0.400967967010546
6538,0.4191389947108438
6539,0.36985734204632886
6540,0.393428432144134
6541,0.36867642101547704
6542,0.3918413244715716
6543,0.40122777310688884
6544,0.4132873696686435
6545,0.398195121407618
6546,0.4081484491463358
6547,0.3683901595586594
6548,0.4054886127477264
6549,0.3849177340055281
6550,0.3933515467948724
6551,0.40611487329303186
6552,0.3872040554097892
6553,0.41885406903288297
6554,0.40660272748796306
6555,0.47178599185755254
6556,0.3936977679528402
6557,0.4468373060856637
6558,0.4275319823974665
6559,0.39515934132582975
6560,0.46298264538876416
6561,0.4220901812476299
6562,0.4554332107240718
6563,0.4119715234080743
6564,0.45008615156899323
6565,0.45635500222189784
6566,0.45708822337981553
6567,0.4402071821866348
6568,0.4109949476293439
6569,0.397756847160383
6570,0.4589900312988818
6571,0.44653021573082863
6572,0.3917295353942607
6573,0.4557826180904815
6574,0.3831826208791186
6575,0.4046853701777894
6576,0.40392008454471706
6577,0.4066501216157119
6578,0.40091091595339984
6579,0.3930422937504597
6580,0.40973460847373583
6581,0.41783290946633617
6582,0.3802987032403439
6583,0.40476227287482835
6584,0.40411688351368674
6585,0.4064578446340409
6586,0.3974074282287884
6587,0.41442815372527564
6588,0.4126578419586018
6589,0.40740236750280157
6590,0.40113788270719936
6591,0.3865805936392312
6592,0.4088494207861404
6593,0.3797700412904685
6594,0.3868461187195106
6595,0.38952721771057147
6596,0.3659529298391396
6597,0.3835247017008897
6598,0.3832240068933082
6599,0.39305395723943837
6600,0.39240127602921293
6601,0.3760272988030939
6602,0.39142619794192796
6603,0.3914403132501069
6604,0.36377468508783417
6605,0.39118178510669627
6606,0.3764405228598203
6607,0.3686482135294889
6608,0.3964400120765043
6609,0.3885123091264669
6610,0.37874431925847585
6611,0.3647358791706383
6612,0.3831341280588036
6613,0.3855773311963279
6614,0.4060020549142643
6615,0.4014216229537072
6616,0.3869526629854661
6617,0.4025898280637538
6618,0.3973400899396675
6619,0.3648934721627733
6620,0.3998929599430723
6621,0.37892706074519106
6622,0.3795663032105546
6623,0.406082907121949
6624,0.38491539783817685
6625,0.3968819640525397
6626,0.4023656947802565
6627,0.3627508828765361
6628,0.3959495383671917
6629,0.39467534412006505
6630,0.38141520040867144
6631,0.3542407167364359
6632,0.3552900259630464
6633,0.38035484064788244
6634,0.3965079286248706
6635,0.39808718931947357
6636,0.3878052079386616
6637,0.3957774021550362
6638,0.3983669164468187
6639,0.36287905403826776
6640,0.38897853064302956
6641,0.40198099625210315
6642,0.36632867113158246
6643,0.37943949674064203
6644,0.419927792364832
6645,0.3653863861261013
6646,0.41819869891716666
6647,0.41647733679561155
6648,0.3746479249818307
6649,0.393576819249083
6650,0.3784854672898878
6651,0.39874425951737125
6652,0.40973530238483025
6653,0.38667077895113583
6654,0.4151495321338486
6655,0.37792874241883556
6656,0.38831101130056844
6657,0.40680977899335274
6658,0.41400358422215544
6659,0.3951620013183584
6660,0.3880993973297329
6661,0.3996574580828114
6662,0.41257775883571335
6663,0.3974418924798112
6664,0.39275098987302265
6665,0.3595932982673076
6666,0.4111258076965664
6667,0.36702710999589244
6668,0.36480845648852206
6669,0.42072610816599865
6670,0.4042024080560738
6671,0.40771784839928665
6672,0.4053864112087034
6673,0.39438995583470793
6674,0.3939776627753665
6675,0.4344945301888692
6676,0.4241210450650732
6677,0.40753198431264653
6678,0.4325509256915491
6679,0.40141606009976694
6680,0.4183012416291444
6681,0.3965288616095522
6682,0.4168489724474125
6683,0.4331889306821276
6684,0.43517563862359604
6685,0.37012527846766136
6686,0.40373024781706146
6687,0.38524839998979604
6688,0.4508581276615342
6689,0.37947010400249837
6690,0.4304617328640275
6691,0.42780599054087515
6692,0.43578740799221305
6693,0.43648406581804733
6694,0.4388980784288664
6695,0.4128774821677627
6696,0.3994204874440674
6697,0.43392512409256645
6698,0.3968161234548643
6699,0.4401512413872397
6700,0.4093938403004516
6701,0.41092974889943085
6702,0.43202780346524405
6703,0.4082872949737366
6704,0.45104033136715127
6705,0.4356736412682831
6706,0.3900846769708653
6707,0.37059474401859044
6708,0.36138928474447496
6709,0.4000681898421904
6710,0.40509955992745555
6711,0.40329272530684546
6712,0.39019496257413827
6713,0.37530807730150606
6714,0.3889714007065344
6715,0.4147899011439811
6716,0.3757173749779566
6717,0.41166154175701253
6718,0.38976007692608106
6719,0.4079831248280905
6720,0.4116978333072506
6721,0.39132599717989386
6722,0.39606773455694105
6723,0.40397367761157604
6724,0.4081200045740571
6725,0.40707341316589984
6726,0.3101828730514459
6727,0.35964359525646805
6728,0.36023007156569353
6729,0.37183829630830606
6730,0.36758343008547295
6731,0.3650194806349273
6732,0.38438272276913865
6733,0.35534460785321487
6734,0.3364040847925385
6735,0.37701348525048195
6736,0.34718688494056243
6737,0.3406342015196707
6738,0.3681391950461779
6739,0.3419599649262976
6740,0.382285763919952
6741,0.3805106294711719
6742,0.3662820923493696
6743,0.34697405084271926
6744,0.3302976440312827
6745,0.40088390546404956
6746,0.37500155364073146
6747,0.35238903811134903
6748,0.3918138571574175
6749,0.39016817182330127
6750,0.38202182905259735
6751,0.3948702521813024
6752,0.3825098335949323
6753,0.3629283448563413
6754,0.37308999048819613
6755,0.39475014773604344
6756,0.3942495371421598
6757,0.38263836327739603
6758,0.36929454545320045
6759,0.3701032410078211
6760,0.37560751150393273
6761,0.38634088205166417
6762,0.34682911016287254
6763,0.3653643428836686
6764,0.35554786886925127
6765,0.3836432997808146
6766,0.3631937398282905
6767,0.37174721180327486
6768,0.39335965109819593
6769,0.36194951097525785
6770,0.35117405471964985
6771,0.3677136916543765
6772,0.3509418258067177
6773,0.3429893733609793
6774,0.34032541397395055
6775,0.36303278714994003
6776,0.3569897004716046
6777,0.3910477475049206
6778,0.3428691301335014
6779,0.3456065400098744
6780,0.3870352181666284
6781,0.36386987523350733
6782,0.3398702082960118
6783,0.38167340761820095
6784,0.3471906118213987
6785,0.395961783006712
6786,0.34409761876987566
6787,0.3678292972427067
6788,0.39335517537163694
6789,0.3674442401938212
6790,0.3604671087042508
6791,0.38442203572393374
6792,0.3872646020440734
6793,0.3446243204209094
6794,0.35162019329262156
6795,0.35835303916399425
6796,0.4003242921880668
6797,0.35277596004630074
6798,0.33957668390307255
6799,0.34023097267400015
6800,0.3981739253149797
6801,0.348367126516801
6802,0.33344814496475567
6803,0.341838131485895
6804,0.35815758464777003
6805,0.3652244388418488
6806,0.38265562431586975
6807,0.40233496897525495
6808,0.38067276758097535
6809,0.35367663640778285
6810,0.3644600957713464
6811,0.3687317777730343
6812,0.34345112782487164
6813,0.3512038553098589
6814,0.36744549790767983
6815,0.343221813338536
6816,0.39790207696985247
6817,0.36938322729106715
6818,0.32665788951550473
6819,0.39070672778886467
6820,0.33608412816949446
6821,0.39385519324979407
6822,0.4370321283656043
6823,0.41786041147604497
6824,0.40111757424250266
6825,0.43278956171691974
6826,0.42724501546436955
6827,0.42499595708587873
6828,0.4279543892110091
6829,0.4018969173578294
6830,0.41017481410685025
6831,0.45657454701828326
6832,0.4586676662260808
6833,0.4315454832112909
6834,0.4144973250962043
6835,0.41092198287776577
6836,0.4224034416286129
6837,0.43886560338964764
6838,0.41179944502184335
6839,0.44915780261132493
6840,0.40237702287887295
6841,0.4305279724605822
6842,0.43955816135743236
6843,0.4266254569437177
6844,0.41268793456972974
6845,0.41216438443158315
6846,0.39233138761682
6847,0.39650181642464727
6848,0.4144711183872051
6849,0.3960666994728919
6850,0.4176676545392003
6851,0.440362762836596
6852,0.3988822206081266
6853,0.4064081201215333
6854,0.4467190520699898
6855,0.4116578871585819
6856,0.39795582616670766
6857,0.42758958858348817
6858,0.4612058571185424
6859,0.3994454740260589
6860,0.41536325096833715
6861,0.3755754759417404
6862,0.390012666347042
6863,0.3941626479079537
6864,0.3997310878325217
6865,0.3941808515089973
6866,0.39875629309226696
6867,0.41948762720986477
6868,0.41717531883511766
6869,0.3913029940271139
6870,0.3780919445256504
6871,0.3794457419404918
6872,0.39818490934934514
6873,0.3607169311547227
6874,0.39828168103405426
6875,0.4060504552131
6876,0.3653077081731791
6877,0.3769337201701785
6878,0.36163643274593715
6879,0.37477742035723416
6880,0.38968227792721183
6881,0.37246932749238565
6882,0.39330836239442973
6883,0.4200104024806226
6884,0.3967244751470689
6885,0.3675602245419571
6886,0.3895460111360453
6887,0.37946135494011624
6888,0.3855599602885976
6889,0.4116074282568327
6890,0.39318679495327996
6891,0.38645910137178335
6892,0.39940549318183544
6893,0.3563619104305952
6894,0.3777475101887507
6895,0.3929544908666459
6896,0.38899360007896333
6897,0.3632401942847656
6898,0.3970557193905822
6899,0.3921433724057872
6900,0.3695183086507807
6901,0.40580337082015483
6902,0.3980537659350924
6903,0.3990630075785926
6904,0.4142650094443853
6905,0.40342209924780736
6906,0.3863762830826645
6907,0.38978637615655953
6908,0.38017116238118975
6909,0.4162339359140592
6910,0.4162045083010634
6911,0.40205132992411496
6912,0.38576294084890006
6913,0.3985736846051782
6914,0.4094178033635789
6915,0.4012656143919045
6916,0.3676269845718326
6917,0.3909616880727315
6918,0.38741125726258263
6919,0.3973152941832269
6920,0.37658862083514666
6921,0.37959408856729365
6922,0.38245440744626563
6923,0.3916070311731335
6924,0.3744717814331049
6925,0.3646881612177121
6926,0.3639509269406317
6927,0.3976099403991021
6928,0.35883311866337175
6929,0.3880480189957837
6930,0.39704925445221917
6931,0.39060342177468305
6932,0.3769580764495926
6933,0.35115313040885693
6934,0.3918303953718345
6935,0.4160994154658137
6936,0.3992529426103199
6937,0.37741652037930534
6938,0.4101619709690111
6939,0.4012438429313171
6940,0.41419254777835063
6941,0.4180162928208137
6942,0.40625211155973057
6943,0.3714794517510122
6944,0.3884233208112001
6945,0.4149029103482997
6946,0.3952161842096476
6947,0.4088670114323839
6948,0.4142871972516293
6949,0.40614710546336763
6950,0.369664238153937
6951,0.3740443784596825
6952,0.3948125939519487
6953,0.4026792269430848
6954,0.35576097185764355
6955,0.4005097023411993
6956,0.3900613904710551
6957,0.36820409308128343
6958,0.4001225866894004
6959,0.39468623852424745
6960,0.40654584990859055
6961,0.41000552871277435
6962,0.385308024300584
6963,0.3756218812461796
6964,0.36598085976068995
6965,0.4124944027654963
6966,0.3855182388840457
6967,0.3719699717210645
6968,0.40156067117184385
6969,0.38519674987400143
6970,0.4148862217864789
6971,0.401796878508384
6972,0.4050086633566791
6973,0.3769349807753334
6974,0.39991164928188194
6975,0.3925063515166853
6976,0.38594897841331377
6977,0.3661267256553292
6978,0.4007850867416119
6979,0.3926957950280541
6980,0.4011850975745821
6981,0.4056792301253633
6982,0.39829838694365244
6983,0.3761637622024038
6984,0.38591297599269836
6985,0.4101515623025948
6986,0.38757854766226213
6987,0.40177533256890235
6988,0.4030005251275781
6989,0.39002493122563586
6990,0.37488246693174426
6991,0.41545871000455936
6992,0.38989401911508126
6993,0.35245528927308867
6994,0.39688158818403024
6995,0.3519465136586607
6996,0.3715482356882465
6997,0.3792556334309909
6998,0.38807503526772635
6999,0.3953366356104538
7000,0.37907113403616977
7001,0.39627044911799064
7002,0.3894214078338575
7003,0.39208149866653486
7004,0.40354706685331976
7005,0.37302068611764105
7006,0.37002887108627674
7007,0.4005467398458639
7008,0.37207603024925395
7009,0.4004655985085565
7010,0.364053643130383
7011,0.3787906898673604
7012,0.40695954235530574
7013,0.4218764045872168
7014,0.3574575787009052
7015,0.35810614270530383
7016,0.40826077600474486
7017,0.3777507831360794
7018,0.4161499379760798
7019,0.38529106395691787
7020,0.39960230949858244
7021,0.4018781470627254
7022,0.417423068226195
7023,0.3923134037542897
7024,0.3989491020724437
7025,0.40874890198152136
7026,0.37370867583738754
7027,0.40018507338345277
7028,0.3714068223897964
7029,0.3954601575678528
7030,0.39314946253640026
7031,0.3875121981964508
7032,0.3736451020159539
7033,0.3963892409147627
7034,0.4073404706331794
7035,0.4080579631396236
7036,0.38900673234642524
7037,0.43338588867238975
7038,0.378509939221151
7039,0.37443391701771944
7040,0.4047460469204039
7041,0.4219263950989772
7042,0.4102901768262974
7043,0.40535850441752286
7044,0.4115286462172464
7045,0.4102309457317963
7046,0.38028148268001744
7047,0.40154018344678116
7048,0.40245506474662524
7049,0.4102255390078523
7050,0.39216262843865735
7051,0.42373719657801046
7052,0.4387604238155111
7053,0.4152620498178086
7054,0.42817909497115925
7055,0.4142566073375504
7056,0.4227450367126179
7057,0.42417694538632106
7058,0.3968563529505632
7059,0.40432454797387646
7060,0.4397628766954709
7061,0.4303996046907072
7062,0.37951978803685876
7063,0.40712509797724916
7064,0.39255517394477013
7065,0.4350430437786375
7066,0.4088420884589094
7067,0.42526468572237736
7068,0.3952445593908169
7069,0.37741362908307863
7070,0.35865588220467226
7071,0.38055997811517
7072,0.386750515118477
7073,0.4034382558111224
7074,0.41267760107701534
7075,0.3957835374856294
7076,0.4132536224590849
7077,0.360825996630988
7078,0.360995334068396
7079,0.41575700503627266
7080,0.3743891828824992
7081,0.40923930629972455
7082,0.40036193975623524
7083,0.3696369096220018
7084,0.41074517433090785
7085,0.3932255961486429
7086,0.3839252503149581
7087,0.392886030754589
7088,0.3875930388389506
7089,0.4402142947753526
7090,0.4366790317052092
7091,0.40129825712630446
7092,0.42987735563586266
7093,0.4139141969080094
7094,0.44125900105837
7095,0.446680482178325
7096,0.3934895021030353
7097,0.4228071648859382
7098,0.4065258479212939
7099,0.38618519731503886
7100,0.4211823894061338
7101,0.42686050776176715
7102,0.4489336404148654
7103,0.4293788036448925
7104,0.43110048380903254
7105,0.43284471608374114
7106,0.42224406181540974
7107,0.3906721825815475
7108,0.4315795137678797
7109,0.4317562991843678
7110,0.43299508083530924
7111,0.405478776557963
7112,0.40106549621486653
7113,0.4306321169506696
7114,0.4262222483371207
7115,0.39651566573357333
7116,0.4441423693508616
7117,0.4152781369900142
7118,0.42953805045846916
7119,0.4265390939254248
7120,0.4146580349056717
7121,0.4107415602106244
7122,0.38257915531326475
7123,0.40215594858678355
7124,0.4202718797461845
7125,0.44966018846109174
7126,0.411892614151454
7127,0.3923760407957459
7128,0.4237375261857803
7129,0.44279342353108864
7130,0.45842587868782303
7131,0.4355220563897073
7132,0.4278042268501768
7133,0.44184555254129737
7134,0.3976420395698114
7135,0.40668481138784035
7136,0.45436069017135305
7137,0.3957569259951584
7138,0.422369295420175
7139,0.43552467012149626
7140,0.43931753612025776
7141,0.42481717089240173
7142,0.4423311399599868
7143,0.4014341943097011
7144,0.3792064640473588
7145,0.3824706218355052
7146,0.43874328421147896
7147,0.43556310123094216
7148,0.38864874361281454
7149,0.42565887926733936
7150,0.42027125522619957
7151,0.39910178564358567
7152,0.38178440158904947
7153,0.375050040678454
7154,0.43938724527228457
7155,0.4299264729761626
7156,0.4278974133275648
7157,0.4687424052759521
7158,0.4182606825256756
7159,0.3933778402427584
7160,0.4628859026170173
7161,0.43669916090953986
7162,0.42955550810508625
7163,0.3862069109497017
7164,0.42889974477308307
7165,0.4187176518943127
7166,0.4023914504470444
7167,0.423477344220928
7168,0.40444023451850103
7169,0.39182867215928335
7170,0.419148547553577
7171,0.4157753532021276
7172,0.38519643761400896
7173,0.4167660153760747
7174,0.42776944455656907
7175,0.40413624363322104
7176,0.42253426121768817
7177,0.42251525383629357
7178,0.4135987160115243
7179,0.3851882494630948
7180,0.4016616641490441
7181,0.4168432361156986
7182,0.3874799082001905
7183,0.3992577652924261
7184,0.38891691712043763
7185,0.406060592097671
7186,0.38660039323579193
7187,0.38146931969144365
7188,0.40121915704413313
7189,0.3681811304066506
7190,0.3924062664065003
7191,0.40888962715146954
7192,0.3882532663323279
7193,0.4073877895872263
7194,0.4012607685794285
7195,0.39238808015323406
7196,0.3892673190927493
7197,0.36712972788157205
7198,0.39573533957752954
7199,0.3975694449041503
7200,0.3737097340518066
7201,0.38696962911172467
7202,0.4038460442309426
7203,0.4068335801438913
7204,0.39376484024270825
7205,0.39428766755679817
7206,0.401045609879419
7207,0.37455993705505836
7208,0.40916775828329754
7209,0.3864659942219879
7210,0.41067609548145845
7211,0.3837393168372086
7212,0.40110850135494314
7213,0.3895949839115339
7214,0.40689334323689813
7215,0.4031632646269967
7216,0.3707684646610782
7217,0.3986469211386017
7218,0.3821036932139614
7219,0.3664057415238026
7220,0.363046188307951
7221,0.3829528900461263
7222,0.39522902734748677
7223,0.4045343462106816
7224,0.4069956488625853
7225,0.3947142783150544
7226,0.4013343520683991
7227,0.39182680438192086
7228,0.38639939610470103
7229,0.3924643872432503
7230,0.4008096396291694
7231,0.4086871381115256
7232,0.3789907733488436
7233,0.38226301520123995
7234,0.381182075193909
7235,0.40640691155971054
7236,0.36884825653282494
7237,0.36774947144518244
7238,0.40020575771665895
7239,0.37392207662929117
7240,0.3985735342577744
7241,0.403392434548521
7242,0.40623035744692054
7243,0.3927431660254331
7244,0.39344783274181544
7245,0.40388232999858825
7246,0.37907070612432825
7247,0.39591204982031575
7248,0.41708881703460593
7249,0.4036428092365722
7250,0.3953033510082915
7251,0.40156808445536923
7252,0.39761983441479004
7253,0.4109052364900205
7254,0.36969725675684645
7255,0.3962921974482082
7256,0.40927943749135176
7257,0.40215533563198347
7258,0.4231674897869001
7259,0.3819427116226487
7260,0.3981586390318289
7261,0.4248777262005747
7262,0.4081115446412977
7263,0.40663311501130617
7264,0.4153133876736107
7265,0.3948405412212764
7266,0.4201083653793772
7267,0.3962246162902043
7268,0.44392297779317613
7269,0.38502246253745326
7270,0.4171323079124486
7271,0.41709019329160985
7272,0.4253995878217248
7273,0.40415241176172095
7274,0.40590683296433266
7275,0.41072151196258816
7276,0.41804558165159067
7277,0.39095729908505933
7278,0.4083980374018134
7279,0.3831480930195788
7280,0.42193079565183433
7281,0.41262011054284276
7282,0.41805862139757327
7283,0.412176840135728
7284,0.3945157619161261
7285,0.400207428885878
7286,0.42009555115450026
7287,0.4329964108315736
7288,0.4095549259784285
7289,0.4165645440724026
7290,0.3952237420579843
7291,0.4234141809635585
7292,0.4134062539868948
7293,0.4138483331799641
7294,0.41267964233215143
7295,0.4204145420846046
7296,0.39493520225974005
7297,0.4170135912893784
7298,0.4002691175821718
7299,0.4068316314102345
7300,0.3786954563522439
7301,0.4051695524265126
7302,0.3862368474308334
7303,0.4066577893333052
7304,0.37439096392097493
7305,0.38730685255583486
7306,0.41820249808040855
7307,0.39070594713888346
7308,0.40607326175773656
7309,0.3949776754013109
7310,0.41482127749063374
7311,0.4072063318360358
7312,0.40616415254592053
7313,0.39428589230091493
7314,0.36570332423588464
7315,0.39897667347326193
7316,0.4198658261041004
7317,0.38550746591430485
7318,0.42315602290606485
7319,0.4175927699669276
7320,0.41168888763672506
7321,0.39560360633884656
7322,0.4113026567215715
7323,0.41309740572395387
7324,0.41289724706876874
7325,0.37344311606155345
7326,0.40802053241867214
7327,0.4083796371926264
7328,0.412857173703066
7329,0.3972518244484574
7330,0.4129092228177399
7331,0.41893245207359003
7332,0.41529752023991834
7333,0.4115184283763811
7334,0.4135791592838466
7335,0.3804315293890006
7336,0.40294120151159774
7337,0.39180432744505417
7338,0.3855324582788888
7339,0.3726530809327802
7340,0.3841784179951644
7341,0.40164992548636347
7342,0.38118185545539573
7343,0.3997552590689773
7344,0.3955018500594425
7345,0.3926695073627605
7346,0.4012499609141329
7347,0.38170291907878734
7348,0.39666136971562393
7349,0.36799511597260676
7350,0.39357358099730905
7351,0.392196364083031
7352,0.39991593418288995
7353,0.41916921453900574
7354,0.43897257556744473
7355,0.42243698644743555
7356,0.4229817413521091
7357,0.4329022008353213
7358,0.41588636162945725
7359,0.42203867569664666
7360,0.4441408890071935
7361,0.43149537704768137
7362,0.43407300232937956
7363,0.42986688914352184
7364,0.42928816150818405
7365,0.434548822949415
7366,0.41548133150623745
7367,0.4212476228316016
7368,0.40999706878001485
7369,0.3945228976352137
7370,0.42765307566603505
7371,0.42577135069055977
7372,0.41597328555921814
7373,0.4123182765645479
7374,0.3825502481335898
7375,0.4075540217724868
7376,0.39771894804944286
7377,0.4182073959362167
7378,0.41005798260891996
7379,0.4119334623845454
7380,0.41487118126350736
7381,0.3970736685575578
7382,0.40205607164992685
7383,0.39362838262599076
7384,0.3934773413111056
7385,0.4268464213665505
7386,0.4148115974308666
7387,0.3957350099697597
7388,0.4118515693102191
7389,0.3936580878034244
7390,0.41261986189136723
7391,0.39458078138567315
7392,0.3813556917497326
7393,0.38027092366619736
7394,0.3724929320347808
7395,0.3486721553774264
7396,0.38610857218243766
7397,0.3799799783094925
7398,0.3811595230833404
7399,0.36209526989193674
7400,0.37451519713724574
7401,0.3879344662277745
7402,0.37033306436229263
7403,0.3805033723176428
7404,0.40895160497738603
7405,0.3761148530354322
7406,0.40576471997219565
7407,0.36044026301878546
7408,0.3846607093361553
7409,0.3695796908696745
7410,0.401623065344417
7411,0.3914510399591082
7412,0.3940729020730755
7413,0.40763698462641706
7414,0.40717688109267014
7415,0.38768622531633856
7416,0.3969133346165999
7417,0.3895789025219208
7418,0.38573882165577655
7419,0.39851624611433767
7420,0.4151653706545787
7421,0.3906286917037048
7422,0.4005322775821377
7423,0.4155350691379077
7424,0.41925219474071335
7425,0.42549548055238107
7426,0.41324957464436746
7427,0.380978169418814
7428,0.4058823841634393
7429,0.44187455224245165
7430,0.4348106356053393
7431,0.41054587149940586
7432,0.44370599757654383
7433,0.42245408557332054
7434,0.45644104719760575
7435,0.4098017038939737
7436,0.41703932960838896
7437,0.4319302916087009
7438,0.4102031025491327
7439,0.43014512436201396
7440,0.43232252485482114
7441,0.4273672710340213
7442,0.4471988106354861
7443,0.4107888329039317
7444,0.42183918782218616
7445,0.430039939005285
7446,0.42957340522872983
7447,0.4255846481280139
7448,0.38429246228353214
7449,0.3613438162200132
7450,0.38158481541051725
7451,0.3948598435148861
7452,0.3922178406314033
7453,0.37569368947926707
7454,0.39613865227079065
7455,0.3846851928326034
7456,0.3685904396482861
7457,0.379490973378663
7458,0.3792556045180286
7459,0.38075751725597373
7460,0.3745645804767985
7461,0.39324417561819597
7462,0.3920709396527148
7463,0.3893511377703627
7464,0.39082760710151243
7465,0.3699653319603978
7466,0.39553904947669577
7467,0.38067055863065813
7468,0.4062480810927905
7469,0.39965408104881855
7470,0.40995275677404375
7471,0.3858501481256912
7472,0.41679995341118425
7473,0.4046170835435061
7474,0.40784596173509374
7475,0.40802124367754394
7476,0.3895262404524468
7477,0.39906930482177444
7478,0.38186244345680176
7479,0.4237587887782318
7480,0.40339482275920424
7481,0.40850542592626715
7482,0.3913214636274103
7483,0.4078353333301642
7484,0.4247270029282745
7485,0.403118779143252
7486,0.4112631327021519
7487,0.38307897369198224
7488,0.4115595136957631
7489,0.41154647973237296
7490,0.42611275494901385
7491,0.4193511927235171
7492,0.4217063732387144
7493,0.3929501654874907
7494,0.4181372588723483
7495,0.4254282636977017
7496,0.41795591099041435
7497,0.4172662616666337
7498,0.4012473587475288
7499,0.422546589704799
7500,0.40318287339800646
7501,0.41813807421788424
7502,0.4203644243558102
7503,0.4365586092173653
7504,0.39468720421718717
7505,0.3982834562899375
7506,0.4174173434596661
7507,0.37587733305040505
7508,0.4095114004050311
7509,0.412020114532461
7510,0.41685705072907003
7511,0.41393173551092083
7512,0.3986847624236173
7513,0.4110951310436006
7514,0.4106468991721608
7515,0.4208949540830481
7516,0.41801868103149703
7517,0.40467883006572447
7518,0.3879786625818965
7519,0.4170391908261701
7520,0.40387528101838743
7521,0.38897532130421786
7522,0.39079374424010477
7523,0.4088045131731466
7524,0.3982602333986443
7525,0.3965304807354392
7526,0.3858565552381296
7527,0.406252117342323
7528,0.41212033264227244
7529,0.41123664842871493
7530,0.39805589971170774
7531,0.4186690492047411
7532,0.3867428589660686
7533,0.4048084642233468
7534,0.41192898665798644
7535,0.4024458068161072
7536,0.38463265798016344
7537,0.4247669779899054
7538,0.40001604820603726
7539,0.41418294289228536
7540,0.37423393184030795
7541,0.4069269690120152
7542,0.41860690368364345
7543,0.4095649067330033
7544,0.39782309832212265
7545,0.4056053343764001
7546,0.3905503491411449
7547,0.4063038773273742
7548,0.40621363418954504
7549,0.40617934341629586
7550,0.3805178230161841
7551,0.4005927924121635
7552,0.4012907050605602
7553,0.40937666600086475
7554,0.37176791059296216
7555,0.3914085610349448
7556,0.42071144929412907
7557,0.4039796336818031
7558,0.40437414526935006
7559,0.3701802651393016
7560,0.3908436133174237
7561,0.4071837912906521
7562,0.42653628936808485
7563,0.432014451459269
7564,0.37541336096230676
7565,0.43170743049554333
7566,0.4469635458615159
7567,0.4069718592772316
7568,0.415231540860024
7569,0.4266470375787541
7570,0.39894148061559004
7571,0.3892576505981671
7572,0.3990330537496835
7573,0.42003656871147466
7574,0.4268936998424502
7575,0.43360475690545813
7576,0.4223482120880896
7577,0.4170167890630052
7578,0.4363438148206804
7579,0.4298838899653351
7580,0.4011700050082785
7581,0.3666450945906375
7582,0.39039728391890105
7583,0.4267638430550184
7584,0.42425949189359463
7585,0.385016772466479
7586,0.3735885540443512
7587,0.3894492567991135
7588,0.3948216205787686
7589,0.3729884481647129
7590,0.38908939450554786
7591,0.39036158797568565
7592,0.387381933736251
7593,0.3601972148753728
7594,0.39272326812480063
7595,0.38634826063963484
7596,0.39340764950685614
7597,0.39682738216237123
7598,0.3572047579762461
7599,0.3618670772285371
7600,0.4092004877565843
7601,0.3949736449343708
7602,0.39551059333923216
7603,0.4152156156004071
7604,0.40772036382700394
7605,0.40236230039848636
7606,0.4062993784704454
7607,0.4147516666426786
7608,0.40238230816837545
7609,0.3935522432311557
7610,0.4185140583792102
7611,0.3870987890967658
7612,0.37437644961391664
7613,0.3633828161450385
7614,0.4140953944425395
7615,0.39436606794528256
7616,0.3980906993530928
7617,0.37868653959468057
7618,0.3778563154483556
7619,0.3969580051433031
7620,0.3843337210806878
7621,0.37436032774615635
7622,0.3905530843073754
7623,0.41881220306351974
7624,0.39690914223707113
7625,0.35811385668363677
7626,0.4122934229821828
7627,0.397042315341275
7628,0.4077119385897992
7629,0.40635838404384084
7630,0.405653647936349
7631,0.4152305809496767
7632,0.41619874305638727
7633,0.3989298576047585
7634,0.3752985533717352
7635,0.39947250764577896
7636,0.3933379519200142
7637,0.3770128954260517
7638,0.39358338827411016
7639,0.4056521444623111
7640,0.40760603619160596
7641,0.43676808941158546
7642,0.39420742252132107
7643,0.4070694289596994
7644,0.442617574894578
7645,0.3870392977856043
7646,0.40393740919170773
7647,0.40577975471257477
7648,0.45429309744816426
7649,0.4137465595527827
7650,0.39540728732505054
7651,0.3979533801300998
7652,0.41558382795747556
7653,0.4148824920143464
7654,0.4419583824852499
7655,0.43736192117841177
7656,0.4112241695942003
7657,0.43275131565043234
7658,0.3882902113155132
7659,0.40615683756646687
7660,0.4173316859176525
7661,0.4072366326204921
7662,0.4064931300131921
7663,0.4474788847183785
7664,0.42272568815826855
7665,0.39994546588255
7666,0.40971386631460516
7667,0.4059657633640262
7668,0.39999151844884956
7669,0.3861071901428413
7670,0.4316714280749279
7671,0.4086615790528812
7672,0.41102749205967215
7673,0.4055072442606116
7674,0.3934402748934787
7675,0.4221525522898333
7676,0.4168934348007874
7677,0.3598848218832579
7678,0.40312049079061824
7679,0.41867938269745547
7680,0.38480843144297217
7681,0.4007385657853236
7682,0.38216967837644816
7683,0.389432163455821
7684,0.4096535307449454
7685,0.3703592016801824
7686,0.3913243260106748
7687,0.40109775729816455
7688,0.4201231341205034
7689,0.3953702787333482
7690,0.39741321082124187
7691,0.37856291355061744
7692,0.36619353772853686
7693,0.41507612790524395
7694,0.40424739084276956
7695,0.4070745407714283
7696,0.38715678849907437
7697,0.38868464194676583
7698,0.400614615916083
7699,0.38526347520832227
7700,0.34995911758869036
7701,0.37065112429501196
7702,0.4109245272184453
7703,0.3579275415547853
7704,0.3780768577419393
7705,0.386154341401707
7706,0.38779266549562996
7707,0.419164831333926
7708,0.3703925845864164
7709,0.37006485615911483
7710,0.4011732837381996
7711,0.38876924127436036
7712,0.3874067873186161
7713,0.3897526058166312
7714,0.3833243290897838
7715,0.36030164849508284
7716,0.3748121737378796
7717,0.3787588740436813
7718,0.37892016211239404
7719,0.3826842076703673
7720,0.34341425801538816
7721,0.3789858928408129
7722,0.3558573792390281
7723,0.3716370910038868
7724,0.3902974821557462
7725,0.37781069657649
7726,0.41274343010950587
7727,0.4089240538156414
7728,0.374843584780087
7729,0.35875569553301195
7730,0.35877490530514244
7731,0.37701306312123284
7732,0.33729509555073467
7733,0.39541243383233415
7734,0.3943956806012369
7735,0.3844626555446233
7736,0.4203653206576405
7737,0.3959733337351378
7738,0.41111528337830106
7739,0.39315893442283906
7740,0.39719595882276426
7741,0.3844075127429868
7742,0.39806154352194234
7743,0.43545442318837124
7744,0.41049107565331655
7745,0.37799882743937185
7746,0.3940849529957486
7747,0.4066498671816439
7748,0.4044015836705419
7749,0.38771834761741775
7750,0.3759792454598054
7751,0.4166161132319029
7752,0.39079151505071397
7753,0.34996648172017986
7754,0.38288196944098046
7755,0.3545643019362446
7756,0.3408528962749655
7757,0.36303512909988367
7758,0.37258834191896717
7759,0.381120805735568
7760,0.3749321769877707
7761,0.3781879153213048
7762,0.3752738125499229
7763,0.3475714475777931
7764,0.3743397966516502
7765,0.387152448663438
7766,0.3557616455296644
7767,0.3523750586940927
7768,0.3831707636732927
7769,0.384675139795623
7770,0.33069296229047684
7771,0.4050566357436733
7772,0.41020586662832553
7773,0.4045055835958179
7774,0.3908339043446943
7775,0.3861349350214331
7776,0.37896047256438736
7777,0.3762866769875952
7778,0.3787639974205951
7779,0.37238428290517217
7780,0.3816887343794989
7781,0.38733207622411703
7782,0.37638024511608514
7783,0.39871376212477155
7784,0.39859568158687125
7785,0.38918928879018194
7786,0.3666854744337402
7787,0.4169386257608114
7788,0.3852660947227037
7789,0.3891983905907037
7790,0.37416195012944686
7791,0.3800594831731355
7792,0.3461936668607509
7793,0.3679362491814302
7794,0.35874116387817634
7795,0.3630783163916226
7796,0.36675994265935624
7797,0.3665817809858642
7798,0.36792127804956815
7799,0.35549736081546623
7800,0.38728908843181775
7801,0.3627623555399639
7802,0.3814722341180402
7803,0.3601892002022323
7804,0.3464128155495533
7805,0.3951319491853776
7806,0.3663442841312069
7807,0.3652443598728511
7808,0.39276807165113026
7809,0.3721349895619097
7810,0.355300631237606
7811,0.3697548224647209
7812,0.3552804384247584
7813,0.38710870624282356
7814,0.386231868618731
7815,0.39970115135139
7816,0.40350270280401657
7817,0.3961011116805826
7818,0.3881799199296478
7819,0.40659932732360043
7820,0.40540730371523787
7821,0.38492887706118595
7822,0.3713487593789709
7823,0.38741446660139434
7824,0.3750589632186097
7825,0.42056243766919504
7826,0.4052856437526089
7827,0.36639555259589957
7828,0.35567156719572013
7829,0.3468778169391083
7830,0.36997113190062864
7831,0.3761324263338983
7832,0.3848354130193602
7833,0.38429911226485364
7834,0.3757521688367492
7835,0.3432972472570918
7836,0.3892182769261513
7837,0.4111295519251801
7838,0.38324567426723144
7839,0.39479745512490544
7840,0.3772123254745877
7841,0.4046382651796632
7842,0.3351752492006171
7843,0.3779486923628001
7844,0.36032015857352645
7845,0.36115282875645927
7846,0.3602514498099941
7847,0.38844469905550066
7848,0.39523978875204274
7849,0.4233993717442851
7850,0.4047854495053819
7851,0.37824400935939984
7852,0.3900807505905894
7853,0.39531729862128934
7854,0.3902303578225461
7855,0.4002356132414963
7856,0.41118613170104124
7857,0.39685251909176655
7858,0.4024932414220032
7859,0.4042548099088874
7860,0.38505224867118115
7861,0.38521966050530215
7862,0.4437088773075857
7863,0.3937830496263443
7864,0.3771034392586885
7865,0.4091252620113568
7866,0.42942001618130854
7867,0.4169714014948378
7868,0.39110685427368397
7869,0.4251311598800338
7870,0.4110424227133871
7871,0.41863824533474137
7872,0.40843353673688537
7873,0.3992017955800688
7874,0.39995108656241474
7875,0.43943443122670506
7876,0.41308585210423177
7877,0.4236485783486607
7878,0.4031794963640136
7879,0.4283078617399136
7880,0.42214253105711136
7881,0.41295622951179434
7882,0.4054999350637503
7883,0.40241300216911857
7884,0.41582096629140075
7885,0.364116684953311
7886,0.38387062216405
7887,0.3884864725033847
7888,0.39882028904294975
7889,0.41229934435685517
7890,0.3947838833804171
7891,0.4105749116787073
7892,0.3835354052795211
7893,0.39451566939464683
7894,0.40333833261352614
7895,0.4064100341596354
7896,0.39346180348518306
7897,0.4356414698151681
7898,0.3985409088711518
7899,0.41167282937748173
7900,0.39237402845357205
7901,0.39967398473204346
7902,0.410092042078471
7903,0.3594957228022474
7904,0.3993512062038821
7905,0.4193860733211966
7906,0.4244886560325265
7907,0.4268936767120804
7908,0.4000146661664409
7909,0.41734024993707614
7910,0.3975345816542482
7911,0.4035197961473091
7912,0.41844865725856123
7913,0.38242325662071863
7914,0.41606631012401746
7915,0.4127903211517112
7916,0.4174873243935382
7917,0.4148002404192879
7918,0.4147684766389409
7919,0.407999848085466
7920,0.408374213120905
7921,0.37624572466783957
7922,0.3852619196909523
7923,0.3984114134957483
7924,0.3638478175345935
7925,0.38785323236898783
7926,0.3952960244636529
7927,0.3787654893294481
7928,0.3891988185025453
7929,0.3885218619692
7930,0.36869479809429423
7931,0.4037364467561716
7932,0.38898043311594677
7933,0.388970643186923
7934,0.38328427307185853
7935,0.39015417216697135
7936,0.38174195736044086
7937,0.3852100209236822
7938,0.3923222453381511
7939,0.3890578331159367
7940,0.36359761632431586
7941,0.39760256181113146
7942,0.38217946830547195
7943,0.37295142222523314
7944,0.4076880160048191
7945,0.397743674414774
7946,0.3972374257932482
7947,0.40598521600503973
7948,0.38848937536479633
7949,0.3919120687076476
7950,0.39090256106489457
7951,0.3771147847050822
7952,0.40435696518717074
7953,0.3831369962246606
7954,0.4036640544812463
7955,0.4023951339584373
7956,0.39677728756394665
7957,0.3859363261010255
7958,0.3950040324577139
7959,0.4163714112670485
7960,0.39777935879280446
7961,0.3712099135515701
7962,0.38728793191332705
7963,0.3914861460778933
7964,0.3773320309209674
7965,0.3656388078518811
7966,0.39648234643585634
7967,0.3821925543121942
7968,0.3636749469331964
7969,0.35994150863707947
7970,0.36968299688385614
7971,0.37312328665554334
7972,0.3871838799447189
7973,0.3845121718838025
7974,0.38201226464467924
7975,0.39902245425771626
7976,0.36954877713041817
7977,0.3835133157763488
7978,0.37740123698745076
7979,0.3842731310769601
7980,0.41001162934781277
7981,0.40855457796212186
7982,0.4113432678683724
7983,0.39622160934212847
7984,0.3955999343926386
7985,0.3980057762003209
7986,0.38075706043116986
7987,0.4155879682936722
7988,0.4009453223784981
7989,0.40405768133214787
7990,0.3936337951325273
7991,0.40730148439485797
7992,0.403470141025911
7993,0.40714660343858367
7994,0.4007313375447567
7995,0.3804843765014331
7996,0.39935692518781857
7997,0.38559158528672577
7998,0.4104460408232888
7999,0.40854833276227204
8000,0.3930627699103375
8001,0.375035861761758
8002,0.39346365969736063
8003,0.3765880714888636
8004,0.37488011919920816
8005,0.4128219808453941
8006,0.3830638926908635
8007,0.3965762673024859
8008,0.3741477480823811
8009,0.40180640822074737
8010,0.38791670210375734
8011,0.38425367843594654
8012,0.3673607655804588
8013,0.3952664465032533
8014,0.3938372440828184
8015,0.3868067681778646
8016,0.3981998978289846
8017,0.3911745337357596
8018,0.4076321503791259
8019,0.4104428546148469
8020,0.412132759433455
8021,0.42082220906998324
8022,0.4013107995693361
8023,0.40840842293785984
8024,0.40310544448505425
8025,0.4233933578481335
8026,0.40647394915402385
8027,0.385484017501906
8028,0.4006334324719266
8029,0.41160051805885084
8030,0.4224931065071967
8031,0.41460208832368417
8032,0.4135572779540026
8033,0.39051674649639767
8034,0.414367679373397
8035,0.3904421857493024
8036,0.41489950440134454
8037,0.3818888005132048
8038,0.3846880031725358
8039,0.3879892158131241
8040,0.41388476351242115
8041,0.4019236502827419
8042,0.40014261758965924
8043,0.38799437388559266
8044,0.4085422726053808
8045,0.39360165548367076
8046,0.4031678155272576
8047,0.42349247726537875
8048,0.3883946275874459
8049,0.4129546682118319
8050,0.3896652886705835
8051,0.41080325468951073
8052,0.4118237608231103
8053,0.39451776847570746
8054,0.39300649950317257
8055,0.40715565897836586
8056,0.40118896612893346
8057,0.42163162744866056
8058,0.42321403965615073
8059,0.41976097035514126
8060,0.41049877228387216
8061,0.4224495404556521
8062,0.4123700307670066
8063,0.42313851899870814
8064,0.4125639962656741
8065,0.4180272913116603
8066,0.4325003280075811
8067,0.41990303708653864
8068,0.41489812236174817
8069,0.42225878429579633
8070,0.4252906437799011
8071,0.4173286616217993
8072,0.4228053549345003
8073,0.397246030290819
8074,0.3921714006314093
8075,0.3908782799591824
8076,0.41618018093461157
8077,0.37519346053648545
8078,0.4026091419225485
8079,0.4030934860838604
8080,0.40743991965819454
8081,0.4059544873087419
8082,0.391198230799634
8083,0.3865004179948635
8084,0.4190110837657726
8085,0.3893089768887843
8086,0.4103846412566176
8087,0.40142870084687027
8088,0.40215938344670094
8089,0.3922571911730493
8090,0.41465150057619926
8091,0.4051224936891261
8092,0.3846040746256658
8093,0.40334122390975286
8094,0.41236043744612627
8095,0.41460609566025447
8096,0.4175834946886322
8097,0.41644835444223466
8098,0.42359844327208895
8099,0.4175808751742508
8100,0.3998576919116984
8101,0.42624105332777945
8102,0.3845833035535729
8103,0.43789956927695994
8104,0.4137497631090019
8105,0.40246268620347897
8106,0.41773418904797016
8107,0.4192980969596092
8108,0.41774129007150307
8109,0.43079087224388773
8110,0.40703631205271823
8111,0.41921985848371346
8112,0.40140369691710137
8113,0.39498466655558717
8114,0.41488131236548587
8115,0.40467031808963294
8116,0.38433754337429954
8117,0.4076817997179316
8118,0.41852983907401575
8119,0.37838513931081974
8120,0.4116742750255951
8121,0.4297394755014016
8122,0.3954576768356903
8123,0.3646281668210071
8124,0.4116948784025069
8125,0.40032796124297854
8126,0.40704463320325884
8127,0.39618226458307493
8128,0.39254745996643714
8129,0.41112094453631304
8130,0.41238467807369134
8131,0.3999472353558407
8132,0.41189534353509205
8133,0.37698987492549435
8134,0.41485069353844467
8135,0.41399518211532055
8136,0.41890470719499817
8137,0.41907771079602174
8138,0.4167168980357748
8139,0.40007429625982127
8140,0.4111803548911802
8141,0.4045333689525569
8142,0.42640022496765423
8143,0.38943667387793474
8144,0.428318565318545
8145,0.4047290692289604
8146,0.410718487666735
8147,0.41358907642990433
8148,0.414020856825814
8149,0.42009090195016763
8150,0.4148630682862951
8151,0.3874478032468887
8152,0.3546669400609978
8153,0.3793086540211969
8154,0.38595406709467284
8155,0.39425254409023563
8156,0.36779345384338374
8157,0.3934486596525363
8158,0.3785534532293635
8159,0.40626252022614684
8160,0.3656118147103081
8161,0.39895327710419515
8162,0.3754445811789632
8163,0.3898128546474041
8164,0.39132725200245627
8165,0.3937387376203732
8166,0.3780173606481853
8167,0.3882910093132718
8168,0.3824132411705892
8169,0.3849592819323064
8170,0.3981740091625703
8171,0.4000171873767506
8172,0.40527705660281543
8173,0.39849088366383667
8174,0.402383539860568
8175,0.40500749527300356
8176,0.39277695949573127
8177,0.3982520972910622
8178,0.38060640654997907
8179,0.41461740641109346
8180,0.3796950641967165
8181,0.40548716131702056
8182,0.40003503245706207
8183,0.39887586553902027
8184,0.4011954831106286
8185,0.40959304482788195
8186,0.365149820268829
8187,0.3857315066763229
8188,0.39528245850175703
8189,0.39146128093034327
8190,0.39612578021998923
8191,0.3926473542510712
8192,0.37116805914739176
8193,0.39148268230501365
8194,0.3966289062415901
8195,0.3782572225831561
8196,0.38890168577191514
8197,0.38193942132754266
8198,0.36656368147148477
8199,0.4040150347128034
8200,0.3892694759997345
8201,0.3947676458608077
8202,0.36993892864325517
8203,0.3953530350426519
8204,0.39231161115062907
8205,0.3887967548492541
8206,0.3909081759621669
8207,0.35084562370736516
8208,0.4126210241924504
8209,0.3999716552437718
8210,0.390002911113573
8211,0.3800510984140779
8212,0.40229415832901444
8213,0.38396376238069835
8214,0.4174294579908561
8215,0.40558607834353
8216,0.40818100514184896
8217,0.3764455768456247
8218,0.38026689319925727
8219,0.4012356489978105
8220,0.3953817571793684
8221,0.3924641732873295
8222,0.3707350065811423
8223,0.39946647640184996
8224,0.3890067612593875
8225,0.3967650284679452
8226,0.3752795112947858
8227,0.3620038933659867
8228,0.39555654760146003
8229,0.37931702143247714
8230,0.39859737588646016
8231,0.39845865727609336
8232,0.3960583783223513
8233,0.3847788476999801
8234,0.40580068191466395
8235,0.3910525268175834
8236,0.37109956433978014
8237,0.39151462534572673
8238,0.3981359828345961
8239,0.39490819177038977
8240,0.37709787640474823
8241,0.4048986726656213
8242,0.39765058045886525
8243,0.4029465272792474
8244,0.40038735425006833
8245,0.4088659936961121
8246,0.4083385692210217
8247,0.408589863341273
8248,0.37885752507093784
8249,0.4164692411661767
8250,0.39595662204294724
8251,0.4101238983802973
8252,0.4079681305658586
8253,0.42159414468437706
8254,0.39898725561745185
8255,0.4017174025577033
8256,0.4093314056497313
8257,0.4093518182010921
8258,0.4152627495114955
8259,0.40608476911671904
8260,0.4123291362731755
8261,0.4044210883548875
8262,0.3872841327500851
8263,0.3850683011478321
8264,0.40890847262027546
8265,0.40778087287443726
8266,0.40716853102916734
8267,0.38182316230626523
8268,0.4069160167819083
8269,0.4129656724852709
8270,0.41509269503262325
8271,0.3876367494553065
8272,0.41396403128977355
8273,0.40063054695829237
8274,0.40186790609149026
8275,0.4210583874935611
8276,0.3954449146541454
8277,0.3903586908968664
8278,0.4053877469875602
8279,0.40678867831348997
8280,0.4020675732263168
8281,0.41799826269754375
8282,0.3880371997653032
8283,0.39166589796431006
8284,0.39839369563247085
8285,0.373992219475752
8286,0.4058072856352458
8287,0.40818610538839295
8288,0.3877373492162199
8289,0.40415773174677816
8290,0.4181152040647307
8291,0.38744841041909633
8292,0.4070051843575411
8293,0.40240782096628025
8294,0.3922293017296461
8295,0.41196530712118684
8296,0.41423606178656314
8297,0.40646872747303836
8298,0.4118837436546303
8299,0.3892552334745215
8300,0.4048781386798189
8301,0.40512457542240937
8302,0.40206980530700387
8303,0.4051773126655852
8304,0.4017946926884366
8305,0.4039152792103882
8306,0.3731575600810152
8307,0.3934515972095027
8308,0.4034271590162042
8309,0.3891018964704323
8310,0.41061403091665516
8311,0.4041563959679214
8312,0.40574729123854086
8313,0.4180889568775843
8314,0.39092598634692366
8315,0.38329730703524867
8316,0.4145288055295211
8317,0.4029593068085696
8318,0.4037884091319586
8319,0.3872046741471817
8320,0.4107025855374879
8321,0.3912388245986575
8322,0.3835608602515014
8323,0.3893166561715625
8324,0.4061936090718786
8325,0.39827442388052514
8326,0.4139812518501001
8327,0.39310737682852376
8328,0.38087578861942495
8329,0.39226199650737814
8330,0.40407408654693844
8331,0.4088279962811002
8332,0.40605782801847823
8333,0.41302607166344757
8334,0.40626576426051325
8335,0.4031945253218003
8336,0.3976497130699972
8337,0.4005098237756408
8338,0.4036239001592493
8339,0.38144973983339614
8340,0.39181728045215
8341,0.42293910051535705
8342,0.42871678354785464
8343,0.4243701533653771
8344,0.39730902585300737
8345,0.4136451097507787
8346,0.4221092927156887
8347,0.4273057095547614
8348,0.4353614448843116
8349,0.4058285597928822
8350,0.4194850250432607
8351,0.4335824476637726
8352,0.40616121498895413
8353,0.4240264360699416
8354,0.4090636716191347
8355,0.4236154614416796
8356,0.42887878865803164
8357,0.42413446646215774
8358,0.42792332512434894
8359,0.4104007342114157
8360,0.39778957663366976
8361,0.3677879372501831
8362,0.37323380356251445
8363,0.4024008760727436
8364,0.400692131567922
8365,0.405212517088442
8366,0.3996627202419441
8367,0.3877307339304531
8368,0.38812581799465296
8369,0.3933300239857605
8370,0.3977146747136197
8371,0.40970093065528673
8372,0.3959214927937923
8373,0.39909065993570514
8374,0.38918219933183396
8375,0.3950947035073847
8376,0.3938189653080729
8377,0.40066242639048844
8378,0.3806191340359692
8379,0.4090298492358742
8380,0.37879760006534235
8381,0.3915177248152818
8382,0.4015162146010614
8383,0.3866350887905129
8384,0.4083100957357807
8385,0.4070773337635833
8386,0.41473496073308047
8387,0.40584921521312606
8388,0.3993173838206216
8389,0.38546714389712666
8390,0.411438183340904
8391,0.3999085324645495
8392,0.40515046408882366
8393,0.4259933733278115
8394,0.403564692195118
8395,0.40471739995738926
8396,0.4000609269060688
8397,0.3910150267055225
8398,0.37744864846297693
8399,0.4002016058152773
8400,0.36829486821761837
8401,0.4016994476081352
8402,0.4038320966179448
8403,0.39211246444912334
8404,0.41258786680732207
8405,0.3913481040308436
8406,0.39082358819975727
8407,0.39735201942789905
8408,0.38851119308612336
8409,0.4026305028190717
8410,0.37652505279630544
8411,0.39706630153477207
8412,0.3937815345871215
8413,0.38947153712783683
8414,0.39939603286058156
8415,0.39686414788519053
8416,0.3978957912918555
8417,0.3926064250616854
8418,0.3860038436505125
8419,0.3775829318249319
8420,0.3837763196463185
8421,0.3892361046586854
8422,0.3973419345866602
8423,0.39296033706761635
8424,0.3829876318615869
8425,0.36929854700717824
8426,0.38112477548528734
8427,0.3921837117707428
8428,0.4001733867641043
8429,0.39154710038494556
8430,0.3889932589060086
8431,0.3710770295769889
8432,0.3858622163961416
8433,0.3897907131008997
8434,0.3943190554686357
8435,0.3625607859322201
8436,0.3932980231191229
8437,0.38279021993781714
8438,0.3636999392977804
8439,0.3891129296568336
8440,0.3931207982256083
8441,0.4002201448066832
8442,0.3856519035086081
8443,0.39433203738869377
8444,0.39189873404944986
8445,0.36545826375029816
8446,0.39909656974519264
8447,0.39865997823236166
8448,0.3834059156867101
8449,0.3813655395046809
8450,0.3830628691719993
8451,0.3991051453298012
8452,0.3978252610117003
8453,0.36586704677602033
8454,0.39227110987308483
8455,0.4155257591640576
8456,0.4105585816376186
8457,0.3981638375824446
8458,0.411279404917316
8459,0.40830014389416824
8460,0.41658233132678957
8461,0.41923764573810035
8462,0.42731825778038546
8463,0.39572538195332463
8464,0.3791172617761713
8465,0.41773983285820476
8466,0.4036519862107959
8467,0.41813418253316303
8468,0.41934541013106363
8469,0.4144201853128747
8470,0.41587391749049735
8471,0.3914278344155923
8472,0.41515953023620067
8473,0.40799414644930687
8474,0.4119238748462576
8475,0.40420384213900235
8476,0.4051166243577858
8477,0.40781747668466783
8478,0.4164306944048817
8479,0.4095497794711449
8480,0.39520640584580874
8481,0.4125491870464007
8482,0.3800192363296592
8483,0.40968714495487757
8484,0.3978576319642549
8485,0.3992198141381539
8486,0.39802917835198015
8487,0.4209317834143844
8488,0.4017212942424245
8489,0.38230595095020714
8490,0.4066996437374836
8491,0.38305935913837996
8492,0.40362373246406813
8493,0.39757490945401885
8494,0.40576477201552774
8495,0.386489165069949
8496,0.410395281226732
8497,0.40795344278102674
8498,0.40886934759973514
8499,0.41650995639964167
8500,0.40704912049500275
8501,0.3970319587181908
8502,0.41785019363517967
8503,0.4080141484366035
8504,0.3855581965978993
8505,0.3807858056982562
8506,0.4080379727175119
8507,0.4026265070476863
8508,0.4147514411215729
8509,0.42319027320116687
8510,0.40912898600089687
8511,0.40197963156028416
8512,0.40307274392472975
8513,0.4230178362942038
8514,0.41514789566018423
8515,0.42213221491217434
8516,0.4149116941062365
8517,0.3845823205128558
8518,0.4133516894445036
8519,0.4107039675770843
8520,0.3980550207576548
8521,0.4011093398308489
8522,0.40057362890077264
8523,0.4169540305871075
8524,0.42029838714999135
8525,0.38626614204420284
8526,0.41244903254510623
8527,0.38315238948577174
8528,0.429488776988173
8529,0.40863042822733425
8530,0.414965969519005
8531,0.37949315341601797
8532,0.406700401257095
8533,0.41208487378534764
8534,0.4095542147195568
8535,0.3917627795182758
8536,0.42460384527420003
8537,0.3956784215200098
8538,0.4026454103424168
8539,0.3829695034342452
8540,0.39182186026537313
8541,0.4092811144431633
8542,0.3973383378141541
8543,0.41079530362488714
8544,0.4140393322087029
8545,0.40933353942634665
8546,0.40130388937135414
8547,0.37566789911692455
8548,0.397325662371496
8549,0.40791736518670946
8550,0.4047713226320181
8551,0.4104789611221265
8552,0.37948682725987387
8553,0.39320160417255334
8554,0.3993399879745223
8555,0.3979509572238618
8556,0.40721575167914253
8557,0.4034531170737279
8558,0.4046987221837645
8559,0.4075859879435697
8560,0.38923504066167397
8561,0.4061682581865625
8562,0.4013339068087802
8563,0.4070739625121829
8564,0.3733632121990311
8565,0.37827199710687476
8566,0.396695059099258
8567,0.42309643329083163
8568,0.3952435185241752
8569,0.3839168597733081
8570,0.41142022260874345
8571,0.40911190422278926
8572,0.3873736241508953
8573,0.4037030349369753
8574,0.40384949065604486
8575,0.4045635425199792
8576,0.39858722743670427
8577,0.40132921712630043
8578,0.4022417796065707
8579,0.4191054556746136
8580,0.38833403180112575
8581,0.4012009707908669
8582,0.4010346171711649
8583,0.39379821158375733
8584,0.4092724232067057
8585,0.4120446789852034
8586,0.40900980098783796
8587,0.4115388120147796
8588,0.3764057232184352
8589,0.3897192518233594
8590,0.38750455360922725
8591,0.3621330649162128
8592,0.3996258735628304
8593,0.38045076229150093
8594,0.3895317050023154
8595,0.3839696374946311
8596,0.37840308269520295
8597,0.39246588493469575
8598,0.3854734816184557
8599,0.3929987161337302
8600,0.369917874224132
8601,0.3946371732272796
8602,0.38965210435978953
8603,0.38698820858127775
8604,0.3837692128401931
8605,0.3662666354797414
8606,0.372924336562181
8607,0.42794372611052484
8608,0.3865971318536482
8609,0.4196139999853434
8610,0.418797989451269
8611,0.4298476446758366
8612,0.407025712560751
8613,0.411060898096276
8614,0.40210049352515453
8615,0.43678471436488925
8616,0.4018201534430093
8617,0.4054111086610723
8618,0.4128737408304453
8619,0.3973297737947305
8620,0.40988037606430344
8621,0.41466559275400844
8622,0.4105368737855482
8623,0.4040938572305369
8624,0.42518999197565566
8625,0.4253464053189301
8626,0.3755081492178044
8627,0.3933719073029011
8628,0.40681945327052743
8629,0.40663704717417454
8630,0.38650729349729074
8631,0.4178732025705521
8632,0.40759993555656754
8633,0.411746025432758
8634,0.3973264314562924
8635,0.4281072693902945
8636,0.4086779784850793
8637,0.4113434182157762
8638,0.38823150065433293
8639,0.4116890322015364
8640,0.4212687986851663
8641,0.408960007084221
8642,0.4102820696316776
8643,0.4038130082802558
8644,0.41368779684827034
8645,0.39325874775117875
8646,0.3706411840185844
8647,0.3927342839634245
8648,0.4032334652993821
8649,0.3934179020432762
8650,0.3961213507541698
8651,0.39198606854327495
8652,0.39098027332487706
8653,0.40077591554998065
8654,0.37028121763835464
8655,0.3970196996221894
8656,0.38084828660971615
8657,0.3994565129950526
8658,0.39825856222942524
8659,0.403639478463319
8660,0.3979928058454477
8661,0.38909358688507667
8662,0.39235009430340706
8663,0.411853200001291
8664,0.4039510445447131
8665,0.3791650144246522
8666,0.35429367950071744
8667,0.4108817418168819
8668,0.40863203578803636
8669,0.3939685783226221
8670,0.3854041425523459
8671,0.4111037181933941
8672,0.406078061309473
8673,0.40165290352147703
8674,0.3993915224384678
8675,0.38453305282515204
8676,0.4098747380366613
8677,0.3894791470195056
8678,0.3930670895069003
8679,0.3966522390021399
8680,0.37432259633039733
8681,0.3772308239878464
8682,0.39137010101253666
8683,0.40328941477266583
8684,0.3447433521952683
8685,0.36440348419122676
8686,0.3565711940166719
8687,0.3306950411324639
8688,0.35667812571632185
8689,0.4037169507457146
8690,0.3861962767621797
8691,0.36181021699694194
8692,0.3916555702541881
8693,0.38893956753507797
8694,0.3269410977635069
8695,0.3673907483223302
8696,0.38536866056505126
8697,0.3427153854566442
8698,0.36634493756415415
8699,0.3688977728720042
8700,0.34883299818652025
8701,0.3810789368749085
8702,0.38883913546934573
8703,0.3469464678767161
8704,0.3578714619731713
8705,0.38350036855184544
8706,0.38095448970271695
8707,0.38492922401673313
8708,0.3908741974489102
8709,0.4080322826465377
8710,0.36869889216975127
8711,0.35725938612715424
8712,0.39205016858062186
8713,0.41270114779348593
8714,0.36977001333509624
8715,0.3592266934709412
8716,0.3791268955751988
8717,0.36017817279842346
8718,0.4009395108730823
8719,0.3791537672823302
8720,0.3284936255331974
8721,0.34648839114162416
8722,0.3286432530042277
8723,0.37927573661365543
8724,0.37514235109308525
8725,0.32303463562729284
8726,0.3503051334646261
8727,0.3646687230331797
8728,0.35007083438359554
8729,0.379738054880312
8730,0.3648685752109648
8731,0.3443493870627082
8732,0.355669806396318
8733,0.36900555172144855
8734,0.36461878456475133
8735,0.367169983398937
8736,0.37211310534076947
8737,0.3624187163095265
8738,0.3596071215545677
8739,0.339857561766316
8740,0.3833871685219759
8741,0.417934752484627
8742,0.3634763033172341
8743,0.4184525605084673
8744,0.4332801539693777
8745,0.3723051192144839
8746,0.40449758627045473
8747,0.4204054981100073
8748,0.3915411963580505
8749,0.37857390047627903
8750,0.4075306485337898
8751,0.3707610051168132
8752,0.41281581081924623
8753,0.40791876457408316
8754,0.40880581425644863
8755,0.34390707367464446
8756,0.37513144223242173
8757,0.39669586866220147
8758,0.4022849350940511
8759,0.38918516001917014
8760,0.37746057216861606
8761,0.3734747063641269
8762,0.3583324618087485
8763,0.3802318564715816
8764,0.3835157386825868
8765,0.40329114665910565
8766,0.3741358359419269
8767,0.3584930386185895
8768,0.36356685293246327
8769,0.37450195500052724
8770,0.3905112530335669
8771,0.3700607158229181
8772,0.3780542015447065
8773,0.3946365487072946
8774,0.3552204555932384
8775,0.3800318886419474
8776,0.35043932719639803
8777,0.35021786547061423
8778,0.365532040956116
8779,0.3826868416412299
8780,0.3620932546584667
8781,0.35980153231285406
8782,0.3708344180193065
8783,0.33900613863605644
8784,0.3620861536349338
8785,0.34507119916571516
8786,0.318838861716742
8787,0.3765276578542057
8788,0.3411052543922283
8789,0.3431750871002156
8790,0.34303391088805607
8791,0.3856105955594166
8792,0.3133687142986984
8793,0.3722288670590959
8794,0.3610738992607654
8795,0.33725759832997
8796,0.36771366852400666
8797,0.38766994153598955
8798,0.37217748583385046
8799,0.3445410886764301
8800,0.3441250080190316
8801,0.3755526115711793
8802,0.4085298747271605
8803,0.36721957202052197
8804,0.38515015374401124
8805,0.37728763795870196
8806,0.3778665564195907
8807,0.3816877339910045
8808,0.39316683922672296
8809,0.3606085538069594
8810,0.38340593881707996
8811,0.35977091059451655
8812,0.39302023316024964
8813,0.41251756204827256
8814,0.3883437234260778
8815,0.4190599698023744
8816,0.32631607469298646
8817,0.3811446733859198
8818,0.3398610110827145
8819,0.4075734455005381
8820,0.36459779086284894
8821,0.3431095674364213
8822,0.39656840875934163
8823,0.33578561339926793
8824,0.3436401549895838
8825,0.33663881178541066
8826,0.35143833943384795
8827,0.36095261227534964
8828,0.37883437157075406
8829,0.4112463227058896
8830,0.3650119112214057
8831,0.393064880556583
8832,0.3764535799535803
8833,0.30732202795656066
8834,0.41962470356397474
8835,0.38507696347132736
8836,0.35086304665842755
8837,0.39866924194547215
8838,0.37767073470874574
8839,0.3880560047559619
8840,0.39225298722833557
8841,0.38529701424455254
8842,0.3790146265427143
8843,0.3647808908702963
8844,0.39167885097140587
8845,0.35156160695717903
8846,0.3786256778091076
8847,0.38171505095775476
8848,0.38250565278058846
8849,0.39984266873650426
8850,0.3805048006179788
8851,0.36968162640944463
8852,0.4033724903871489
8853,0.3883423645168512
8854,0.3489668362888563
8855,0.4004787943845354
8856,0.4224835941426107
8857,0.3969758733539844
8858,0.32688042102089243
8859,0.3748824958447065
8860,0.37959566721503346
8861,0.34915796253462905
8862,0.42096716709760734
8863,0.407620955280136
8864,0.37250347948341594
8865,0.4014644025726781
8866,0.3460601121054451
8867,0.42647518760492503
8868,0.4059191672340359
8869,0.34258150109356855
8870,0.4208302931342332
8871,0.41165032352765274
8872,0.35426202558962705
8873,0.37512061143675635
8874,0.39400746047427937
8875,0.41428989193971266
8876,0.37585275124988526
8877,0.38792288369509015
8878,0.37131803068267305
8879,0.3512499483543057
8880,0.39010792299252833
8881,0.38323530607896233
8882,0.391978227347908
8883,0.37426395506032645
8884,0.40040899849362177
8885,0.3699943721396992
8886,0.37227397417152935
8887,0.35382545720716585
8888,0.3999244403763891
8889,0.3891896068327669
8890,0.3659670393647261
8891,0.3612761656708998
8892,0.33515690970865086
8893,0.3482233365728525
8894,0.3833850260714719
8895,0.36548659556202406
8896,0.37677964010295906
8897,0.3642865110197813
8898,0.3758977542756545
8899,0.3391258267346588
8900,0.375470183607051
8901,0.40648619090224786
8902,0.38316983845850017
8903,0.3460771042533697
8904,0.3722245301147558
8905,0.3831846245474037
8906,0.3658956734999613
8907,0.34703165992003715
8908,0.3642763452222481
8909,0.36366313020551766
8910,0.3647303076428094
8911,0.33251806122935135
8912,0.3831055100087513
8913,0.38879848962699015
8914,0.4044815598154699
8915,0.33616232038465055
8916,0.37968858191057614
8917,0.3456122792328845
8918,0.3727969229200608
8919,0.3391823602497804
8920,0.3641399483227514
8921,0.36674037436649365
8922,0.39051749823341664
8923,0.39758682159447306
8924,0.38600188335167074
8925,0.36738032230813655
8926,0.35518026657568663
8927,0.32792707603756666
8928,0.34296451110472553
8929,0.37820637046512007
8930,0.3927950069667786
8931,0.33882537768725657
8932,0.3143659599541538
8933,0.3516989493105419
8934,0.3708068205968222
8935,0.3761695332296724
8936,0.3741149781309472
8937,0.3730729087100885
8938,0.3698538146649322
8939,0.3337322784275504
8940,0.36063769229033255
8941,0.3427829492668708
8942,0.35704733267929234
8943,0.37646881708469526
8944,0.3376212800258511
8945,0.3905637936685993
8946,0.39002469413934526
8947,0.3906229958501381
8948,0.32391702164884456
8949,0.3818736559035691
8950,0.36563777855042434
8951,0.39816385493022194
8952,0.3604168955626809
8953,0.38708293901085083
8954,0.4050814661956686
8955,0.3828301892168557
8956,0.3908968420809581
8957,0.4029217141750295
8958,0.37338282097004094
8959,0.40132641835155297
8960,0.4053983349143425
8961,0.37135439162402056
8962,0.39484536968597506
8963,0.3955308497605967
8964,0.38272190439057163
8965,0.402933834488812
8966,0.39179695463967595
8967,0.38293442622842233
8968,0.3772058836665945
8969,0.3486960143538895
8970,0.37429475314773375
8971,0.3860467851820721
8972,0.3749495160912425
8973,0.42222267778851674
8974,0.37902479812283996
8975,0.4340164659229618
8976,0.39875694074262175
8977,0.415647054823362
8978,0.36861022189706943
8979,0.35659825076676177
8980,0.4298594527296266
8981,0.41374768137571866
8982,0.41072451891066397
8983,0.40182269200109644
8984,0.41183777782721753
8985,0.38560941880185234
8986,0.39298465865147575
8987,0.3654057404630431
8988,0.36530158440777083
8989,0.39744027335392423
8990,0.38278236139467287
8991,0.39497814379129964
8992,0.4067779689522661
8993,0.3975500732194311
8994,0.3852670257200887
8995,0.39723813705212
8996,0.4032064432448469
8997,0.36434846282403177
8998,0.41070126710640853
8999,0.3944351699251018
9000,0.38805951478958123
9001,0.42480694726894397
9002,0.38670916958243456
9003,0.4106439789629718
9004,0.41680891642948714
9005,0.4064582725458824
9006,0.43445945298304633
9007,0.3848609836431895
9008,0.3709186790652425
9009,0.399768160032741
9010,0.4007127233796489
9011,0.40730082517931826
9012,0.39829648447073523
9013,0.3993638989943175
9014,0.4141463217342774
9015,0.40670758901951465
9016,0.37178197385780903
9017,0.4031361963117219
9018,0.4094841007860582
9019,0.38971976069149533
9020,0.3670701324837464
9021,0.3858099475429545
9022,0.3912383504260763
9023,0.41372460883182927
9024,0.4094625779769463
9025,0.4018306546309049
9026,0.38814756054227806
9027,0.3990989116951363
9028,0.37998673237747815
9029,0.39854266099666524
9030,0.40287761612497913
9031,0.40443744730893844
9032,0.410812171447074
9033,0.3978260416616815
9034,0.37559716066344095
9035,0.41111001543657594
9036,0.40362268581483407
9037,0.3923047529959792
9038,0.4186368285995902
9039,0.4009853437008687
9040,0.40878218658368365
9041,0.38008054915744355
9042,0.39850602827347237
9043,0.402935019920265
9044,0.3950641598540453
9045,0.3978972658529311
9046,0.3948218692302441
9047,0.4075945172674386
9048,0.3797097519815484
9049,0.4093244202780475
9050,0.39915763970409396
9051,0.42170972135974494
9052,0.3936514089091406
9053,0.4060116713655144
9054,0.4069660130762612
9055,0.377243811690497
9056,0.41592174531268017
9057,0.4118969279654243
9058,0.4123858750703292
9059,0.4033405010856962
9060,0.4037349548473186
9061,0.37604225836977107
9062,0.4111291095568574
9063,0.41903316170376004
9064,0.39548590166945574
9065,0.4079794702296599
9066,0.4115322140767902
9067,0.40898281941145
9068,0.39541993385474633
9069,0.41849864777032164
9070,0.4006823994648228
9071,0.3854858910618609
9072,0.42612300170284145
9073,0.43068898296485725
9074,0.40275738446268616
9075,0.4183065269186469
9076,0.3933278959917376
9077,0.4346652727962434
9078,0.4130655725524974
9079,0.40818620369246467
9080,0.3912512976505797
9081,0.4072621801139516
9082,0.4098840884886586
9083,0.4249001915722565
9084,0.42021649407566497
9085,0.3872046683645892
9086,0.4186702288536016
9087,0.4097559462398892
9088,0.4093680094599619
9089,0.4136377195976231
9090,0.4105578125528223
9091,0.40903449844020684
9092,0.4221081246320131
9093,0.415712953246962
9094,0.42061379865536697
9095,0.4112989500798088
9096,0.41561111601126355
9097,0.4107576416002376
9098,0.4174889203890554
9099,0.39097849228640136
9100,0.3956609060474682
9101,0.3871461427463675
9102,0.36734325010791724
9103,0.36861785491910803
9104,0.3625454042362938
9105,0.37584755269926956
9106,0.38152479210085
9107,0.3845508169491692
9108,0.39067497557370257
9109,0.39177956060157587
9110,0.38371476394965104
9111,0.3980088236265439
9112,0.3783408330874411
9113,0.36713074561784387
9114,0.3719097402380689
9115,0.39140103788216285
9116,0.37127008720864113
9117,0.3861983295825007
9118,0.38511003990016135
9119,0.3935834461000347
9120,0.3961641535035106
9121,0.39733769594639173
9122,0.3982970338170183
9123,0.3966632027974317
9124,0.3952805213332851
9125,0.4076624280332124
9126,0.3759771637265221
9127,0.38558944572751797
9128,0.3954154234326326
9129,0.38542195293710263
9130,0.4006193287289326
9131,0.3961702657037339
9132,0.39532771307029807
9133,0.3825241917719943
9134,0.3964335355729564
9135,0.39469424163220307
9136,0.3685986162340153
9137,0.3828657579430371
9138,0.38776034080381494
9139,0.4113641661574993
9140,0.41494405349360625
9141,0.41332361495814196
9142,0.4127696136881353
9143,0.4138670109535889
9144,0.4148036752792053
9145,0.4012946140930588
9146,0.4198547119614048
9147,0.385917307154446
9148,0.42144922713490013
9149,0.4026527889303875
9150,0.3950728279601331
9151,0.40671613569116094
9152,0.42169037280539556
9153,0.41517387684807777
9154,0.3825832551713143
9155,0.38666726891751657
9156,0.403651222908592
9157,0.41324875929883154
9158,0.4329297577796584
9159,0.39705909642457504
9160,0.38689822566010895
9161,0.3999497276531882
9162,0.422086752170305
9163,0.41122954162258957
9164,0.3974412101339017
9165,0.41115136675521086
9166,0.39700235762742137
9167,0.4118269932922918
9168,0.38331519259370733
9169,0.4169010851706033
9170,0.40977374505946107
9171,0.4005672796142587
9172,0.38920387248834964
9173,0.4105304146297777
9174,0.41662187269398654
9175,0.3939977168059952
9176,0.37365032947953186
9177,0.39998152612908994
9178,0.39828317872549973
9179,0.3971851453748762
9180,0.3885672090592203
9181,0.3935526480126274
9182,0.40844129697595793
9183,0.37554301825029895
9184,0.40304367483246606
9185,0.40561267248622357
9186,0.3880705364107976
9187,0.4043709706260931
9188,0.40643212366280773
9189,0.4064753080632504
9190,0.3988170160956211
9191,0.38156369160028464
9192,0.3985831911871717
9193,0.36896890454177456
9194,0.40401105050660296
9195,0.4030051743319107
9196,0.35044604078623653
9197,0.39708414661508357
9198,0.39888350434365133
9199,0.37491106185142675
9200,0.38331564941851115
9201,0.38962464861082036
9202,0.3903365666981394
9203,0.38228740039361636
9204,0.4123713607632709
9205,0.37377003492591154
9206,0.382787132033447
9207,0.3990456887141944
9208,0.3888495788313167
9209,0.37155577618880586
9210,0.3833124632100693
9211,0.4076030003305679
9212,0.3972628576348587
9213,0.39631850246127914
9214,0.4047899888404579
9215,0.40099792662204753
9216,0.3748996701442934
9217,0.3927030637467681
9218,0.3802071763669901
9219,0.3642235877399987
9220,0.39369377218145485
9221,0.3965426588751462
9222,0.38879572554779734
9223,0.405965722885879
9224,0.40182464073475327
9225,0.38250865972866427
9226,0.3909028270641474
9227,0.3854651315549528
9228,0.4004580348776274
9229,0.3942668386587807
9230,0.39202622286527194
9231,0.40325445032739576
9232,0.39035668433728504
9233,0.37668666469019557
9234,0.4322484729758617
9235,0.3942931899325912
9236,0.42982014844872024
9237,0.39188881112079965
9238,0.42291008346642545
9239,0.4046855147426007
9240,0.42059339766919107
9241,0.43565662309869246
9242,0.39775508925227715
9243,0.42588570723892
9244,0.42533568439252134
9245,0.40696252039041925
9246,0.4088817339127705
9247,0.42719616412332245
9248,0.3797671557768342
9249,0.41462682047160776
9250,0.4115619886453332
9251,0.39061882660097913
9252,0.4107130925079759
9253,0.38937876699710544
9254,0.39172911904760405
9255,0.3871229256376667
9256,0.3856962328623566
9257,0.373284956375358
9258,0.4045267478841977
9259,0.37633431398422706
9260,0.37108830563227324
9261,0.413647434352945
9262,0.38438823357974683
9263,0.3654776296524249
9264,0.39626196605486136
9265,0.39034546032533285
9266,0.3874775835980242
9267,0.3811723777863645
9268,0.3564344414877393
9269,0.39196603186042356
9270,0.4039672820643225
9271,0.398806086995884
9272,0.4040178334875509
9273,0.385595910665881
9274,0.4097265533224481
9275,0.40853238437228534
9276,0.42643204657392575
9277,0.40050538274463654
9278,0.39269013965263455
9279,0.42233095104961593
9280,0.40797147290429675
9281,0.4111699057466167
9282,0.4119606232212995
9283,0.39869438465745993
9284,0.407973491029063
9285,0.4167841553686013
9286,0.41287904346772514
9287,0.3744109485604942
9288,0.4083950304537376
9289,0.39513478843827227
9290,0.38163861086811207
9291,0.38260808562330956
9292,0.3944730806012269
9293,0.4141250417940486
9294,0.4207382689579284
9295,0.4186869925891243
9296,0.4174445736875296
9297,0.39168060309691927
9298,0.4229221979976155
9299,0.4163412434822186
9300,0.4347240701963105
9301,0.3897373744681087
9302,0.42450947336535905
9303,0.4014357845226258
9304,0.4135477598068241
9305,0.41988086662707197
9306,0.4161439125147433
9307,0.42898906847871215
9308,0.4092105436848609
9309,0.4167203849390242
9310,0.4178049968925632
9311,0.39439043000728913
9312,0.4082193784253703
9313,0.41390427976195165
9314,0.4214282594546638
9315,0.4003963346161486
9316,0.4338411521762531
9317,0.4102389661875293
9318,0.4189193487190904
9319,0.38932944726606966
9320,0.3874419975240654
9321,0.41159917649740163
9322,0.39845329103029653
9323,0.40802544183966516
9324,0.39153940375438995
9325,0.3806962449063365
9326,0.40209890331222986
9327,0.4098280320374144
9328,0.41418737814069717
9329,0.41437790877944725
9330,0.4004470190390035
9331,0.4163821900193818
9332,0.3969431149677354
9333,0.3987762892969712
9334,0.37608618294204776
9335,0.39789317756006654
9336,0.40759969847027694
9337,0.3817237017160652
9338,0.3601589109829609
9339,0.39050364314189806
9340,0.40355843543008335
9341,0.4053306381044895
9342,0.39794024208004547
9343,0.404741305194592
9344,0.37962456282952356
9345,0.38987926193913996
9346,0.38600517942936924
9347,0.4047472496996342
9348,0.3980891900964625
9349,0.40063606355149295
9350,0.4081940969311637
9351,0.3673196513481145
9352,0.4039548552731399
9353,0.39453825620077015
9354,0.4028801199875115
9355,0.39674905694758866
9356,0.38543058056504326
9357,0.38203454497340256
9358,0.39494587692540917
9359,0.41200046528330403
9360,0.3941890107469491
9361,0.39845602619652704
9362,0.3900679190179351
9363,0.40534315163455886
9364,0.4007047202716933
9365,0.37262339888571644
9366,0.3970378511799009
9367,0.35409626179435527
9368,0.381467602261485
9369,0.39707075413096127
9370,0.39406961177796945
9371,0.3917504625963499
9372,0.41054624736791534
9373,0.374482213229891
9374,0.3919717739747299
9375,0.3870506663623679
9376,0.3855187361869967
9377,0.39171482447905903
9378,0.3974459345119362
9379,0.37364078241939114
9380,0.38793260423300446
9381,0.3907999373966225
9382,0.39336364397828505
9383,0.3667348924688477
9384,0.38971249775537375
9385,0.38490149648591865
9386,0.42036674317538403
9387,0.4192075473443799
9388,0.39657028810188905
9389,0.4128377268446449
9390,0.4216355017856044
9391,0.4183175890180104
9392,0.44480860495779806
9393,0.392672242528991
9394,0.43437882051387483
9395,0.4208135120509332
9396,0.41878816482669057
9397,0.4129736755932265
9398,0.42395378357835595
9399,0.4248272962117878
9400,0.4171786958691105
9401,0.4329128639358055
9402,0.3863934689474362
9403,0.41781378643309247
9404,0.4205089486890003
9405,0.41374595816316756
9406,0.403890500801725
9407,0.3992996659573441
9408,0.4134240354586893
9409,0.39181112777377947
9410,0.41060235586249155
9411,0.3979260400329797
9412,0.4074802127624105
9413,0.38084755222047456
9414,0.39434992294715243
9415,0.3933259819536355
9416,0.4132296998741048
9417,0.3995224923749469
9418,0.3888656081775978
9419,0.3643589293163726
9420,0.3778857430613514
9421,0.378585656486737
9422,0.40416407525069964
9423,0.3928310267351714
9424,0.3971085375900524
9425,0.4092365306553469
9426,0.4147592418387927
9427,0.4181629856261739
9428,0.4106636050817589
9429,0.4303580509813364
9430,0.37801337644198485
9431,0.40591077669238596
9432,0.39360318787067095
9433,0.4075944016155895
9434,0.40831715628116644
9435,0.38922771989962784
9436,0.4082687675475156
9437,0.3978851455391486
9438,0.4081476800615395
9439,0.40946163541437636
9440,0.40277441419746174
9441,0.4119896576180085
9442,0.424110000313487
9443,0.40441844571013624
9444,0.40641557966579833
9445,0.40508131006567233
9446,0.3848263054362459
9447,0.40807251792482907
9448,0.4055248696024098
9449,0.4091157207338086
9450,0.377392696098397
9451,0.41320455137952455
9452,0.38874079670208167
9453,0.4131888169454586
9454,0.40514028094351306
9455,0.3986464932267601
9456,0.3913294378224037
9457,0.41401189380751113
9458,0.39832660599482544
9459,0.40708823395035815
9460,0.3967920678702577
9461,0.3932058890735614
9462,0.3949229258159613
9463,0.3997853285497354
9464,0.3989579320911202
9465,0.3829488017532617
9466,0.40428740638254773
9467,0.3885834465788297
9468,0.40479844299062495
9469,0.391740938666579
9470,0.3779906797666049
9471,0.397254866092088
9472,0.408353199179929
9473,0.40014516771293124
9474,0.40379064699523814
9475,0.397799002259369
9476,0.4052673765430483
9477,0.3958215464658262
9478,0.3642520959207944
9479,0.4057144865915522
9480,0.3834976276030225
9481,0.4095271059261348
9482,0.38277003869015447
9483,0.3931792428875357
9484,0.4097463587016013
9485,0.40849461247837915
9486,0.40615989655787477
9487,0.3987806956324207
9488,0.4077058553025381
9489,0.4098579800837311
9490,0.42007772342196614
9491,0.39753257509466683
9492,0.4085091383506223
9493,0.39599474089240067
9494,0.4122203657091254
9495,0.409530436699388
9496,0.4169756517002911
9497,0.40590580366287593
9498,0.3859822919284383
9499,0.38646847495415043
9500,0.4256624818224379
9501,0.40023025856088434
9502,0.4277140068427175
9503,0.4211519614046435
9504,0.41291284850320825
9505,0.4296723742985713
9506,0.43185773742118694
9507,0.42045477158030353
9508,0.44068403789071947
9509,0.4077513411747773
9510,0.40946867282939226
9511,0.42173414124767605
9512,0.4054325216009275
9513,0.4253152949715303
9514,0.42417058453462225
9515,0.4213433016063371
9516,0.4373994270730651
9517,0.42351328881561884
9518,0.4072421896918399
9519,0.4010066178585051
9520,0.4015165499914237
9521,0.4114733125900589
9522,0.39387008920795424
9523,0.3920086842623605
9524,0.39904904840040983
9525,0.3787860927063599
9526,0.3917889168361656
9527,0.4065738896993975
9528,0.39161827253286313
9529,0.3909226671388554
9530,0.4063388099683858
9531,0.4006696661962402
9532,0.3727346212689669
9533,0.40344222266954555
9534,0.3719317083067997
9535,0.40099481558730754
9536,0.39236610630191077
9537,0.40412237697651754
9538,0.4099191541292965
9539,0.38249503594084383
9540,0.40994442405831827
9541,0.41148529412162255
9542,0.39497564571135974
9543,0.40703789070045804
9544,0.400461995953458
9545,0.38278378969500887
9546,0.4035898696026605
9547,0.4068917992847131
9548,0.40857666168270174
9549,0.39100490716872893
9550,0.40630835883652566
9551,0.4009253319563864
9552,0.4031716551686467
9553,0.4140363657387743
9554,0.41308623953792617
9555,0.3782108693220489
9556,0.4137880033928969
9557,0.41317447611617397
9558,0.40633580302030997
9559,0.4080580498785104
9560,0.4115918210398008
9561,0.3981706726067246
9562,0.4103801886604284
9563,0.4091035541592864
9564,0.38336897070352477
9565,0.41905496785990215
9566,0.40866577143241
9567,0.39675122541975877
9568,0.4111311970727331
9569,0.40362906401431026
9570,0.39967969793338753
9571,0.40859575002039067
9572,0.3849034047414283
9573,0.4065422010927524
9574,0.40492564267682435
9575,0.37579120711840275
9576,0.3916842519127574
9577,0.37426672492211166
9578,0.3963178258979621
9579,0.39947905932302874
9580,0.4071376577680581
9581,0.41043787580274443
9582,0.4115200764152303
9583,0.40857679468232816
9584,0.3776632520341109
9585,0.40783496902683963
9586,0.4108609823099739
9587,0.39082680910375384
9588,0.3904561911882247
9589,0.41033833425625005
9590,0.39099013264501026
9591,0.4110370969457374
9592,0.3999249839400797
9593,0.37720620170917946
9594,0.4007484308880492
9595,0.4040058808689495
9596,0.3896727193018862
9597,0.37281054092528876
9598,0.39471851695532284
9599,0.39769015652161693
9600,0.3987926251206523
9601,0.3841373847191144
9602,0.4012473760953062
9603,0.39729698071292674
9604,0.3675365737388223
9605,0.4038249898118194
9606,0.38926234606323934
9607,0.38367501440912577
9608,0.3884684365975222
9609,0.40461797984533643
9610,0.40416662537397163
9611,0.3648892566528747
9612,0.3926043953717342
9613,0.39707360494904087
9614,0.38816257215228733
9615,0.37485508635647696
9616,0.39872384118341797
9617,0.39915730431373164
9618,0.4044582241636238
9619,0.3956218041572977
9620,0.39528327962988546
9621,0.39253037818832953
9622,0.41230844615737694
9623,0.4027962145710114
9624,0.41029482603063
9625,0.4024939931590221
9626,0.38951892547299316
9627,0.38246040977723234
9628,0.36784482639474053
9629,0.3986051419081252
9630,0.4176985278003095
9631,0.38246753393113503
9632,0.3877022777929895
9633,0.39611792745943736
9634,0.40166768382778817
9635,0.3910786467876958
9636,0.37538846111920204
9637,0.40119119242702805
9638,0.3979285901562517
9639,0.3996722036935678
9640,0.387329028797894
9641,0.4036872947203169
9642,0.37636308238168314
9643,0.3943055010719247
9644,0.4020234404807118
9645,0.39417280792289444
9646,0.3818411692991654
9647,0.40743126311729166
9648,0.3910244638964066
9649,0.39953912311084316
9650,0.368230137877694
9651,0.40293226162366463
9652,0.4010205423411331
9653,0.4120958086676772
9654,0.4315740896961583
9655,0.4200682168399726
9656,0.3940056563054339
9657,0.36975880667092137
9658,0.4080987419816056
9659,0.41251224206321535
9660,0.42151282986929606
9661,0.38419255065112073
9662,0.4067942642978
9663,0.41599034998954837
9664,0.3943121279228764
9665,0.4116371392168588
9666,0.4095155407412278
9667,0.40101612444049867
9668,0.411279965828784
9669,0.3870054233590118
9670,0.41224473933631683
9671,0.4042043625723231
9672,0.3906685915916339
9673,0.4152288924326803
9674,0.37426313393219807
9675,0.40889987390529714
9676,0.4063701747498535
9677,0.4160374723354519
9678,0.40464969736494383
9679,0.3776723538346327
9680,0.4005984015268434
9681,0.42311241059378063
9682,0.3944096282142347
9683,0.40658212411105127
9684,0.4121483319549323
9685,0.40625966362547483
9686,0.4083511000988684
9687,0.384834441543828
9688,0.4023590968422671
9689,0.4013773051651437
9690,0.4202342466344972
9691,0.4163305803817344
9692,0.42258263260356166
9693,0.4191452399106936
9694,0.42694294439978414
9695,0.41626122396784726
9696,0.4164224773410053
9697,0.42810041123564463
9698,0.3870918152902669
9699,0.41626292405002857
9700,0.4089757762138416
9701,0.41782035545811963
9702,0.39268121711247883
9703,0.4145365368556314
9704,0.41990153939509317
9705,0.41509714184622
9706,0.39244610268591235
9707,0.42774383345459255
9708,0.41232746510395646
9709,0.396065566084771
9710,0.4084423031470449
9711,0.4065177812048213
9712,0.374925766984036
9713,0.4206698435414262
9714,0.38817956719150815
9715,0.3820889360380201
9716,0.4135418846928914
9717,0.40859648440963225
9718,0.39201784388880684
9719,0.36986715510572243
9720,0.39562626253607935
9721,0.4117313260827412
9722,0.4092032287054072
9723,0.40328841149287514
9724,0.4073835162514032
9725,0.40901471619142343
9726,0.40026560754855256
9727,0.40237572757816337
9728,0.40230687424981965
9729,0.3830245016710703
9730,0.4104851427134593
9731,0.40846626042757966
9732,0.39753097331655723
9733,0.4128840974535295
9734,0.4014365593900146
9735,0.38472662510753264
9736,0.4144553723879542
9737,0.40726268319949505
9738,0.3917261699254528
9739,0.4247260545831121
9740,0.40184613463090285
9741,0.4172926938967386
9742,0.4123559617195673
9743,0.37522650805235713
9744,0.4045240936742615
9745,0.41112587130508343
9746,0.3985493630213188
9747,0.4108646253432196
9748,0.3776516001103171
9749,0.39289328790811817
9750,0.4139107678306845
9751,0.3956626350426118
9752,0.38020588684887296
9753,0.4117325462097489
9754,0.4059751485115782
9755,0.3982208712918134
9756,0.3875019630078081
9757,0.4138176044836663
9758,0.39703382071296084
9759,0.4095264235802253
9760,0.40640594008417835
9761,0.3697288007986802
9762,0.40285753318138817
9763,0.39526649276399295
9764,0.4045754083996938
9765,0.40496413739478726
9766,0.4107876590376637
9767,0.40990535108111004
9768,0.4053750137189776
9769,0.37237063598698195
9770,0.4126632949432854
9771,0.41746171907415414
9772,0.4012892131517072
9773,0.41275237578003143
9774,0.3899637340497006
9775,0.39938525410824827
9776,0.4147704658507449
9777,0.41234604457350954
9778,0.38282858165615363
9779,0.4056612809583876
9780,0.41313158084535395
9781,0.39816789696234695
9782,0.37961640937416413
9783,0.41403057736372834
9784,0.39979114583774367
9785,0.37766671002439806
9786,0.3966117666375579
9787,0.3664781627116901
9788,0.40683611291938593
9789,0.4039411331812478
9790,0.3944078182627968
9791,0.40384585340539164
9792,0.4019006239995921
9793,0.40005733591615517
9794,0.41059279145457345
9795,0.40346676399191816
9796,0.39984838772044073
9797,0.3914529944753574
9798,0.4049723891542184
9799,0.3984757217064236
9800,0.4068386803904353
9801,0.3811220114060946
9802,0.4026958634615735
9803,0.4066922073235884
9804,0.3959352264508693
9805,0.4086466137036116
9806,0.40897520373718876
9807,0.4018204541378169
9808,0.3866019082750147
9809,0.40882991031920235
9810,0.4056345769464374
9811,0.4034373652918846
9812,0.39536830686932156
9813,0.42018080391504203
9814,0.4000115030883688
9815,0.4099237975510367
9816,0.40924544163031773
9817,0.3802021917722952
9818,0.40802713613925407
9819,0.39092544278323305
9820,0.3772914544697213
9821,0.40359413137329875
9822,0.39980797896437575
9823,0.4053606555419156
9824,0.3756038337751323
9825,0.3986663506492454
9826,0.4068172501028027
9827,0.4026825345859682
9828,0.3669357045569801
9829,0.39643525878550756
9830,0.4061670496247397
9831,0.40959069709534585
9832,0.3969043542505196
9833,0.4003664675261263
9834,0.3986242128980368
9835,0.40428419126114357
9836,0.40786071891103504
9837,0.37800974497392403
9838,0.40101917186672165
9839,0.3986253173731954
9840,0.3914252842923203
9841,0.3866116866388536
9842,0.3908040892980041
9843,0.40776660143626203
9844,0.4013310849036629
9845,0.3766829002225084
9846,0.3743626176527679
9847,0.40247630999129935
9848,0.3998860670928677
9849,0.40231789008844354
9850,0.3950864748783233
9851,0.3807652023213444
9852,0.4067828321125195
9853,0.3999752982770175
9854,0.3937556517032997
9855,0.4012570214595186
9856,0.3918722324282355
9857,0.40308357472039513
9858,0.4019888200996927
9859,0.3998419459124476
9860,0.39596635992863893
9861,0.4111063897511076
9862,0.3812602558438802
9863,0.39594429933842884
9864,0.4047150464422607
9865,0.4181787258428323
9866,0.4190378398210549
9867,0.3928605353044616
9868,0.420541435293404
9869,0.41007053083454403
9870,0.4068255886011206
9871,0.42030506026168263
9872,0.41291998422229587
9873,0.4044285247687827
9874,0.4128979872406028
9875,0.386180952892178
9876,0.40441593606501147
9877,0.41193073878349984
9878,0.4071714281079865
9879,0.4311425463865392
9880,0.43980666826812115
9881,0.42330154184515695
9882,0.4090796720524535
9883,0.4313854788781028
9884,0.4062377360348912
9885,0.4315547469244014
9886,0.43405151999841485
9887,0.44201862553343035
9888,0.4409087320856847
9889,0.4410364348574276
9890,0.43749734371108007
9891,0.43057930453379184
9892,0.43782473096542684
9893,0.4244702847363017
9894,0.4249720287183062
9895,0.43784874028929377
9896,0.426659175240314
9897,0.43465707308014434
9898,0.4336539205064977
9899,0.4408760373079527
9900,0.37945487265397587
9901,0.41837580237623967
9902,0.42063863488995473
9903,0.4088014021384066
9904,0.41671109231295145
9905,0.4150617408152197
9906,0.3909873049573005
9907,0.42337296264455
9908,0.423351144923223
9909,0.40071985909873653
9910,0.4066144603680512
9911,0.4207126000300273
9912,0.4255842838246893
9913,0.42394057613719216
9914,0.380279053991187
9915,0.41793267653393623
9916,0.41516497165569943
9917,0.40012243634199657
9918,0.4274455557706566
9919,0.42370848600647887
9920,0.42772508628985834
9921,0.409932587091566
9922,0.42074080751601545
9923,0.3978231041047151
9924,0.4374278196020117
9925,0.4367546911448707
9926,0.43860710415919923
9927,0.4387799747605963
9928,0.43421270976305587
9929,0.4144566676886638
9930,0.4282857317585941
9931,0.4200867789617483
9932,0.4342819678728713
9933,0.44413625715063826
9934,0.43885608524246916
9935,0.4182036025555672
9936,0.43301551073444744
9937,0.3838936021864602
9938,0.42001115421764157
9939,0.4307756351127728
9940,0.40393811466798707
9941,0.38537159812201766
9942,0.39440033558816195
9943,0.36670197795260245
9944,0.39004203035152085
9945,0.3760671524302833
9946,0.41075517243325993
9947,0.3773218362104719
9948,0.4063894828260557
9949,0.4247577836679044
9950,0.4177346053946268
9951,0.3809942565910196
9952,0.3884826328619956
9953,0.36819557532259944
9954,0.37815494008783873
9955,0.3611528056260895
9956,0.3653487241014517
9957,0.3441258696253072
9958,0.358938893844531
9959,0.32906220471877934
9960,0.38479291096482704
9961,0.41125378225015463
9962,0.38626818908193133
9963,0.3690036926179748
9964,0.35274320455134794
9965,0.34597568625562414
9966,0.3704238163682577
9967,0.3809187532813544
9968,0.4138784691605355
9969,0.40485554609110314
9970,0.38432745853306066
9971,0.3906803071239447
9972,0.3859498458021818
9973,0.35202122475315983
9974,0.4196294308333055
9975,0.37731971399904146
9976,0.3645676115128342
9977,0.34194063371972555
9978,0.37026891806420603
9979,0.3761001536854154
9980,0.38376140055778846
9981,0.3969812222520039
9982,0.40460715483226345
9983,0.3881684414836276
9984,0.3531126254702392
9985,0.3770794646303763
9986,0.4009258176941525
9987,0.3632296873142776
9988,0.3643290390959805
9989,0.38226119368461714
9990,0.35711364744954893
9991,0.38368397742742866
9992,0.3750893970026924
9993,0.33662053301066513
9994,0.4240243948148055
9995,0.3605610902881011
9996,0.3822592622987377
9997,0.39707846810929426
9998,0.3619631492195594
9999,0.39810733587158154
10000,0.40271210676377533
10001,0.40480039750687424
10002,0.4131483792764314
10003,0.4004448274364636
10004,0.3885721473931756
10005,0.4115365278907605
10006,0.40508924378251854
10007,0.39244352943227057
10008,0.3884257899781778
10009,0.42213083287257797
10010,0.40236218474663726
10011,0.3736639012240202
10012,0.4109748589031605
10013,0.3812254562024951
10014,0.4209957909302521
10015,0.41624751344114
10016,0.44439537511847915
10017,0.4124052062769012
10018,0.4179812271801758
10019,0.4097831012940508
10020,0.40117693255403775
10021,0.4299087608954775
10022,0.4135207030567343
10023,0.41299921730409356
10024,0.4266843815608187
10025,0.4145848677633577
10026,0.4019922086988705
10027,0.3830733414469325
10028,0.4239226847961411
10029,0.45241552437407057
10030,0.398955595923769
10031,0.417929791020302
10032,0.3717734792294949
10033,0.41720130580560366
10034,0.381045993445701
10035,0.4271838761143588
10036,0.4115383436247909
10037,0.3968579026853407
10038,0.3663592379152916
10039,0.3994810485348328
10040,0.4296117033385493
10041,0.3739870324903212
10042,0.39244149395972694
10043,0.4042978266141489
10044,0.4186823318196068
10045,0.42278898441526447
10046,0.3661019356814811
10047,0.36525638188256193
10048,0.3757227932670855
10049,0.41959247717623144
10050,0.41270784981813957
10051,0.44155169854058834
10052,0.3644491955845716
10053,0.42588693893111257
10054,0.3848374369267189
10055,0.37406627135471143
10056,0.3919516274226219
10057,0.4211538465297834
10058,0.3966008606681906
10059,0.3834653433893547
10060,0.43640478647551
10061,0.37282271328240335
10062,0.423839328725924
10063,0.42823101686879916
10064,0.4196293874638621
10065,0.4274224832267672
10066,0.42729446241243935
10067,0.4113425681746855
10068,0.3980088698872835
10069,0.41207707885072037
10070,0.41566070174155223
10071,0.418148234232825
10072,0.41578476148004945
10073,0.41559026976546876
10074,0.40461022538885627
10075,0.4133576512973232
10076,0.4166687116928598
10077,0.45067051434067695
10078,0.41747169404613643
10079,0.42103697455370587
10080,0.40767647973287435
10081,0.435646734865597
10082,0.4348138622919283
10083,0.4215476699888283
10084,0.44353465357955446
10085,0.4270632974965186
10086,0.4170887245131267
10087,0.41360600786060814
10088,0.4002938670778728
10089,0.3902404889245246
10090,0.3977664346986709
10091,0.4109296795083214
10092,0.43606907228803016
10093,0.4207020988421318
10094,0.39916188990954726
10095,0.4118730863367386
10096,0.4047110448882829
10097,0.40585387020005115
10098,0.43237508283763093
10099,0.40629352070429003
10100,0.39946680022702735
10101,0.4301384339025453
10102,0.4076579233936911
10103,0.39818533147859425
10104,0.4184550875013695
10105,0.4472025808857658
10106,0.4180996951517704
10107,0.39785903135162864
10108,0.34488653496700916
10109,0.379535424166853
10110,0.3857967921451228
10111,0.338319105935361
10112,0.35564413457712074
10113,0.36557968662663654
10114,0.38303765128630957
10115,0.38644164372516626
10116,0.38328190799154505
10117,0.33253853738922917
10118,0.36249529229009186
10119,0.37113775836293544
10120,0.3591027956450327
10121,0.35110169424898313
10122,0.35544583791670564
10123,0.37347123102606233
10124,0.3402429513142675
10125,0.3762317250115097
10126,0.39624560131821795
10127,0.35371170783101324
10128,0.3736424015452781
10129,0.38445702329957354
10130,0.3826136137816951
10131,0.3841497710321498
10132,0.3926429132200669
10133,0.3558980135161988
10134,0.3851197546554832
10135,0.368387603652795
10136,0.3801980976968381
10137,0.3745289134465454
10138,0.36641549675727164
10139,0.40351128995381
10140,0.38105344720737355
10141,0.34742663122368417
10142,0.38864219771815717
10143,0.40948553486898664
10144,0.3828048903748717
10145,0.35838762774075483
10146,0.42949104954700723
10147,0.41975935701184675
10148,0.4094873043422774
10149,0.4163610430787794
10150,0.4221218351587203
10151,0.4127805659182422
10152,0.4417217414542757
10153,0.4189397439226739
10154,0.428398133790705
10155,0.4129048222648828
10156,0.387374780669386
10157,0.42430471176658097
10158,0.4174025862837248
10159,0.4064844445593269
10160,0.39542348436651276
10161,0.4195917254392125
10162,0.42107704791940853
10163,0.42790609299883753
10164,0.4146511073599124
10165,0.37826797242252713
10166,0.40694144284092626
10167,0.4052473976861215
10168,0.4041744145260065
10169,0.4249153708774469
10170,0.3999329407872957
10171,0.3757792255868391
10172,0.3836535089477912
10173,0.43529502891868704
10174,0.4163156265976497
10175,0.38961884288799703
10176,0.4062343590008984
10177,0.3917354105081935
10178,0.41724025156577793
10179,0.4426029796312254
10180,0.4040487472268072
10181,0.39129068867037287
10182,0.38471249823416875
10183,0.41839411006394744
10184,0.38686939365413586
10185,0.3550785045136901
10186,0.3946298987259731
10187,0.4006284189642695
10188,0.37944034099914026
10189,0.3884960947372273
10190,0.37970174887359276
10191,0.3862126761943778
10192,0.3942346469665921
10193,0.35830683335899466
10194,0.38277631280296653
10195,0.38146331736047695
10196,0.39933358086208387
10197,0.392672803440459
10198,0.38729044734104434
10199,0.3668942144561263
10200,0.381144280169633
10201,0.3954306952593023
10202,0.3813803949846939
10203,0.353722249497056
10204,0.3848754690372855
10205,0.3953645134886721
10206,0.3678332554272411
10207,0.39895615105264454
10208,0.39561367383230805
10209,0.3948930702911239
10210,0.3850666531089828
10211,0.40278574807867057
10212,0.38541604891020764
10213,0.40267469339060125
10214,0.4052564416607188
10215,0.3929918232835256
10216,0.37701912906071655
10217,0.39727091856873886
10218,0.38412797644119256
10219,0.41020893140232584
10220,0.4004768340856937
10221,0.3682129867084769
10222,0.427120441075144
10223,0.40702676499257756
10224,0.41833963804303553
10225,0.42021060739654736
10226,0.4118424732922898
10227,0.3906325313450939
10228,0.42410611441135826
10229,0.4240801216582798
10230,0.4070348895349747
10231,0.40228891930025157
10232,0.4327337943952983
10233,0.40608789749923635
10234,0.41854948832317274
10235,0.4182488744718856
10236,0.3881980367918046
10237,0.4503467036197626
10238,0.42031493114700075
10239,0.39630929079150073
10240,0.42913590006629115
10241,0.35967190682912037
10242,0.4034319932634953
10243,0.3592202863585027
10244,0.377278432071516
10245,0.4162255106768545
10246,0.37564320744714813
10247,0.37643347966221197
10248,0.4030038616834238
10249,0.35898980378849155
10250,0.3912659565224493
10251,0.3901330483567388
10252,0.4011258144367489
10253,0.4115771968634859
10254,0.4101603344953467
10255,0.3887215348866191
10256,0.37365998640892917
10257,0.42440378203179036
10258,0.39881401493013774
10259,0.3954237330179883
10260,0.38329576308306357
10261,0.3853625830603826
10262,0.3897707168961955
10263,0.3862878614614581
10264,0.37638571544854615
10265,0.3928878464886194
10266,0.37612839008436577
10267,0.3471810560873693
10268,0.38703286754279603
10269,0.3736731880675005
10270,0.3575902313717883
10271,0.40344080015180195
10272,0.3621129530596595
10273,0.3870380429630419
10274,0.34111683981620883
10275,0.3863182547673937
10276,0.39744790637596283
10277,0.3597418472848453
10278,0.35925915116238266
10279,0.4055744726804758
10280,0.3787069405808565
10281,0.3879500734448065
10282,0.4021693931142379
10283,0.40121809882971415
10284,0.3688730638544504
10285,0.40140178866159176
10286,0.3924385910983153
10287,0.4194670816588775
10288,0.38156834080461727
10289,0.39737724309618117
10290,0.3932963519499038
10291,0.38959704829703984
10292,0.35559842896636834
10293,0.39127554406073717
10294,0.35744735507744746
10295,0.3810261475884006
10296,0.39294367741875785
10297,0.38137320143968173
10298,0.3650922661261394
10299,0.39017023620880714
10300,0.40545185859009203
10301,0.4001450867566369
10302,0.371646453021069
10303,0.41877280047854165
10304,0.40851599650527215
10305,0.39779118419437187
10306,0.39345637363086927
10307,0.401555432143081
10308,0.39757979574464203
10309,0.4042123483325014
10310,0.41362838649340317
10311,0.41325452454350764
10312,0.3804785187352777
10313,0.41241914810730657
10314,0.4039814378506486
10315,0.413030246695199
10316,0.4075961363933256
10317,0.38319087263854973
10318,0.36846865825121555
10319,0.3961454872950707
10320,0.3630809243408191
10321,0.39502826152009407
10322,0.39735852484440926
10323,0.3961585443888307
10324,0.3968908923752879
10325,0.37430569381265577
10326,0.40092556326008455
10327,0.39957377818741696
10328,0.368012677705888
10329,0.3861728514801506
10330,0.3815824850257585
10331,0.3996146148553235
10332,0.40166269345050076
10333,0.394510366757367
10334,0.40225501596069674
10335,0.4135944195453314
10336,0.4081979365725528
10337,0.4035592970363589
10338,0.4160601747934243
10339,0.4072665170582917
10340,0.3761057454523179
10341,0.39347883900255104
10342,0.4009679323149913
10343,0.41002821960556185
10344,0.38413050343409477
10345,0.38562658731884675
10346,0.3924304318603634
10347,0.39762352370877535
10348,0.39509885540876627
10349,0.41408530960130063
10350,0.40249517280788266
10351,0.4177115559811072
10352,0.42770827629359603
10353,0.41162093061021165
10354,0.41166030428222744
10355,0.3941852751922242
10356,0.37528699396942067
10357,0.3582237779835852
10358,0.377723847820431
10359,0.38358758161122897
10360,0.39714098949890136
10361,0.3915238774936523
10362,0.3897499053459554
10363,0.38850515027700944
10364,0.35429237841741545
10365,0.34978674429024426
10366,0.4071260810179662
10367,0.3661255055283215
10368,0.3751110296810609
10369,0.4029913481533544
10370,0.371340102838068
10371,0.4069499490344254
10372,0.39506469185255105
10373,0.38607473245139984
10374,0.4069788446489155
10375,0.4138979940839547
10376,0.42964037921452614
10377,0.38262600009473047
10378,0.41936326099396753
10379,0.40584073793258924
10380,0.39935852118333576
10381,0.41065897900779613
10382,0.387112944883092
10383,0.4095342532104073
10384,0.43050454139596067
10385,0.3958529343776637
10386,0.4122329428477117
10387,0.4016460569320121
10388,0.4299139131853536
10389,0.4173365317301285
10390,0.37948030449558634
10391,0.41676138351951947
10392,0.4151787515735161
10393,0.37624353884789213
10394,0.4086184871739178
10395,0.3923879413710152
10396,0.40392405718573265
10397,0.36644328211401067
10398,0.38838479718027497
10399,0.391662046757736
10400,0.404995629393289
10401,0.3797613211410486
10402,0.3897734751927958
10403,0.39311576737017373
10404,0.3832017670427321
10405,0.38163438379302855
10406,0.3910752177103709
10407,0.37966339293784873
10408,0.3979460131073141
10409,0.3912197536087459
10410,0.39402449599164735
10411,0.41867174967541687
10412,0.42499112283858764
10413,0.42288030311528996
10414,0.40522930395433454
10415,0.4049235204653939
10416,0.39609780403769923
10417,0.38890263989966994
10418,0.4105002584101327
10419,0.401878129714948
10420,0.4082418611448295
10421,0.4037660941076806
10422,0.41351900297455296
10423,0.4000989763644128
10424,0.3794948939763465
10425,0.4165597618684436
10426,0.4118999869568322
10427,0.39462494304424045
10428,0.3894109818196639
10429,0.40742295353193597
10430,0.40363151583351053
10431,0.4139805637215981
10432,0.4009140327707323
10433,0.37536446336052004
10434,0.3931372843966932
10435,0.39895639970412
10436,0.41004120730821236
10437,0.4181264049463131
10438,0.40663752134675574
10439,0.40660032771209487
10440,0.3668619360250509
10441,0.40142703546024366
10442,0.41243808609759175
10443,0.3843480908229347
10444,0.3949284481917543
10445,0.408438683244169
10446,0.39241429842741815
10447,0.40850425205999913
10448,0.3673847170784012
10449,0.3859951755444247
10450,0.40537319220235474
10451,0.3843612057426192
10452,0.41551652436390935
10453,0.40418525110426434
10454,0.4198524509677555
10455,0.41606683055733823
10456,0.3940466895814838
10457,0.41215328185407246
10458,0.4221627354351439
10459,0.4028126313509868
10460,0.4252495642431115
10461,0.418545972506961
10462,0.41404760131591145
10463,0.40904579762586096
10464,0.39197834299975703
10465,0.4168427330301552
10466,0.40844373722997335
10467,0.4130675212861542
10468,0.40114327786595844
10469,0.3970072439180446
10470,0.3787339048094671
10471,0.3924221916661172
10472,0.3888787288798748
10473,0.402401199897921
10474,0.40373914144425493
10475,0.38377693838371096
10476,0.3891803546848413
10477,0.3858150130939437
10478,0.38940247562616476
10479,0.4235460934626075
10480,0.3820666788396666
10481,0.39820488242367946
10482,0.37374695081683723
10483,0.40173288255770123
10484,0.39340606507652387
10485,0.39628625872575846
10486,0.39823206060821087
10487,0.391200780922906
10488,0.41425506338536533
10489,0.42987691615883616
10490,0.3926992414531564
10491,0.4237823991032194
10492,0.40776654939292994
10493,0.41869668421407635
10494,0.41459820242155543
10495,0.4363938573757729
10496,0.3979463889758235
10497,0.41790286148724604
10498,0.41533212327316
10499,0.41789726393775106
10500,0.41939667281316384
10501,0.3884663143860918
10502,0.41122294368460016
10503,0.4199966225628059
10504,0.43657372491403873
10505,0.41681071481574017
10506,0.41616611188717223
10507,0.3874702801837554
10508,0.37650370346496714
10509,0.35824265236535335
10510,0.3703653080978133
10511,0.38538866833494034
10512,0.39568074612217613
10513,0.39969271454900035
10514,0.3855145206770981
10515,0.35507735377779187
10516,0.35954153828225643
10517,0.40133900127273175
10518,0.3958243972839057
10519,0.37287828977847387
10520,0.3970192254496082
10521,0.4011821600176157
10522,0.36643181523317536
10523,0.38062698679652107
10524,0.3926667259357904
10525,0.3885109386520554
10526,0.38913599641813057
10527,0.3927963427456354
10528,0.36607051307408883
10529,0.4120760900274108
10530,0.39194853951825176
10531,0.403384350484271
10532,0.37535878485473073
10533,0.4048306982913305
10534,0.39970288034653356
10535,0.4044779081083355
10536,0.3972007410267233
10537,0.40969579571318804
10538,0.38943450540576463
10539,0.3962029662640584
10540,0.40080877802289383
10541,0.3749789552694232
10542,0.39903468444075535
10543,0.3868050970086455
10544,0.39460493527435136
10545,0.4233673303995003
10546,0.41211516300461903
10547,0.38911181361649005
10548,0.41104599635552336
10549,0.4193808574228035
10550,0.39898960334998795
10551,0.44023188542159614
10552,0.4048271651273414
10553,0.4046850579177969
10554,0.4192550224284231
10555,0.4152132389549087
10556,0.387594854572981
10557,0.41732868475216917
10558,0.431823221126832
10559,0.40933484629224115
10560,0.4191387229289985
10561,0.422509725677908
10562,0.38063220847750656
10563,0.40720757509341327
10564,0.3901374720399657
10565,0.4124249133519827
10566,0.41092533099879636
10567,0.40352709956157784
10568,0.4184826415544104
10569,0.4186030582596619
10570,0.42356804996615344
10571,0.42817868440709506
10572,0.38590590966472016
10573,0.42485519143778344
10574,0.4085817214510985
10575,0.4229985166528167
10576,0.42224423529318333
10577,0.41175870087541605
10578,0.40742267018490574
10579,0.38532198347876667
10580,0.4073706326354168
10581,0.4279324442726481
10582,0.41795829920109767
10583,0.40207842715235204
10584,0.40679131517564876
10585,0.3939389887970376
10586,0.37623722425693296
10587,0.4071564338457546
10588,0.39419629681344054
10589,0.41143355148434874
10590,0.4001770413625349
10591,0.37850430697610127
10592,0.40641905500386283
10593,0.39032866767684793
10594,0.3909876461302552
10595,0.4101486999193303
10596,0.39130348554747246
10597,0.4036192336071393
10598,0.4066595703717809
10599,0.3718026524084227
10600,0.39913025912882666
10601,0.3979141278925255
10602,0.3989910663458787
10603,0.4080733448355499
10604,0.37951543952733374
10605,0.41484291016900227
10606,0.40038923359261575
10607,0.3970553608698501
10608,0.41599036733732575
10609,0.4120919690262881
10610,0.38660382231311685
10611,0.4198648199330135
10612,0.40904281380815494
10613,0.4133321384994184
10614,0.4227206457376491
10615,0.41431442169690036
10616,0.4083901152501521
10617,0.38937818295526766
10618,0.4026506146756249
10619,0.42466215115390854
10620,0.42602311320079983
10621,0.40392076110803415
10622,0.40040485815742505
10623,0.3927485958797469
10624,0.4107163018467876
10625,0.410421395414252
10626,0.3958735088416132
10627,0.4128660962432218
10628,0.37644269711458284
10629,0.4037982511043145
10630,0.40724763689393106
10631,0.3893651721222473
10632,0.39310430627193094
10633,0.4121695482866441
10634,0.3940328460551502
10635,0.41019233536198435
10636,0.41617581507730916
10637,0.37984926858967377
10638,0.3707477456323173
10639,0.4014820163492915
10640,0.37421877566548734
10641,0.39874491873291096
10642,0.3965341642468321
10643,0.4010462806601436
10644,0.40264103870252194
10645,0.387454106272663
10646,0.406401192575774
10647,0.3928329060777188
10648,0.39839891731345634
10649,0.391872978382662
10650,0.3848936090298121
10651,0.40681072733851514
10652,0.3915644828578607
10653,0.4004901109179669
10654,0.4008085062410485
10655,0.39804199835944953
10656,0.37748823609091353
10657,0.39241655942106746
10658,0.37453384021531577
10659,0.40324916503789326
10660,0.3704727544481916
10661,0.40886261666211926
10662,0.41285349019167317
10663,0.39780786697360015
10664,0.40804289948628225
10665,0.3889268516142727
10666,0.39892434679415034
10667,0.4149486737849766
10668,0.38353203402812075
10669,0.40080268895304033
10670,0.4161395003967013
10671,0.39663912986504785
10672,0.4118300522836997
10673,0.40815093566109084
10674,0.40274805135846625
10675,0.3845287216634044
10676,0.4124787377225398
10677,0.39897150383560853
10678,0.40170132695068256
10679,0.3744729668645579
10680,0.4091735987016755
10681,0.3884983210353219
10682,0.3992166684078592
10683,0.411668128129817
10684,0.4099536935540212
10685,0.3804050219851938
10686,0.4012581028043074
10687,0.41316528179417294
10688,0.4087217584925447
10689,0.4107102185595265
10690,0.40396217025259357
10691,0.39991064311079505
10692,0.40556873634876195
10693,0.37670901441002835
10694,0.3944088244338837
10695,0.3939169166416426
10696,0.395273761482707
10697,0.38144858331490544
10698,0.41617464121104114
10699,0.40488608396185005
10700,0.4062701995089251
10701,0.4178874161828028
10702,0.39635050911050923
10703,0.4036100392851383
10704,0.4237462463352002
10705,0.41989137359755996
10706,0.410789295511328
10707,0.3914150780166399
10708,0.40473137070075693
10709,0.42090553044464557
10710,0.4168484635792766
10711,0.41015288651626663
10712,0.4099711916787855
10713,0.38807129393040896
10714,0.4307779770627164
10715,0.4261815735818028
10716,0.39600769389949647
10717,0.3729506242274746
10718,0.39285406458350614
10719,0.3900661148490896
10720,0.42135665361231217
10721,0.38658942365790766
10722,0.39515501594667457
10723,0.40173746815351685
10724,0.4034647053890047
10725,0.37035511916991026
10726,0.4020463800249748
10727,0.41154902985564495
10728,0.3922458630744329
10729,0.40624653714060543
10730,0.4071685946376843
10731,0.3998858010936148
10732,0.3994626078474986
10733,0.36648378917414737
10734,0.40346031061874005
10735,0.41177378187653474
10736,0.4026332032897475
10737,0.42546542263680787
10738,0.37828426776806107
10739,0.4265859155765207
10740,0.41646627469624803
10741,0.41132974238462366
10742,0.41853864017972997
10743,0.41298757116289225
10744,0.4101469709241867
10745,0.40608788593405143
10746,0.397283709663246
10747,0.4306236859308724
10748,0.425447317339836
10749,0.4243130849604536
10750,0.3964144992785995
10751,0.4104121721792887
10752,0.4052203698489939
10753,0.38278800520490747
10754,0.39936814341717836
10755,0.399275436894964
10756,0.40163760278184507
10757,0.378665045698531
10758,0.40955972553016495
10759,0.4044657762293681
10760,0.40972313002771565
10761,0.40112457696196385
10762,0.3887814888051769
10763,0.401266666823731
10764,0.379590509142565
10765,0.4133471558920201
10766,0.4049918880559716
10767,0.38892335314583837
10768,0.40092063649131415
10769,0.39966956104881657
10770,0.4056364620715773
10771,0.4124050848424597
10772,0.3739169532523774
10773,0.3947717110233025
10774,0.37321362809744424
10775,0.38862030482312826
10776,0.3975017480942973
10777,0.39937222592745053
10778,0.39328760867011414
10779,0.35709521832739965
10780,0.3951877222895915
10781,0.4083343884066778
10782,0.38707840545836725
10783,0.3852519678493398
10784,0.39144431480408476
10785,0.39051611619382026
10786,0.4000083226625194
10787,0.37311767754086345
10788,0.3810798852200709
10789,0.3996169857182294
10790,0.3839202715028557
10791,0.3710332090913764
10792,0.4180309921708305
10793,0.3651759749344961
10794,0.40825507436858577
10795,0.3916575305530299
10796,0.3879129665490324
10797,0.3941525283711601
10798,0.4097663838192678
10799,0.4080860607563551
10800,0.37866631208627827
10801,0.396392739383197
10802,0.4130720953167849
10803,0.3971029053450027
10804,0.4121050087722707
10805,0.40780130855616786
10806,0.3999086654641759
10807,0.4025946565284525
10808,0.37860328182853525
10809,0.39362902449375314
10810,0.40236094727185223
10811,0.3750691463639203
10812,0.39921825862078386
10813,0.4153970155256731
10814,0.39864808922227724
10815,0.3999752751466477
10816,0.420470997534728
10817,0.41385238677727404
10818,0.4025498472195304
10819,0.38395398401685954
10820,0.4111505282793051
10821,0.42143899194625745
10822,0.41729075094567425
10823,0.41004947063282843
10824,0.40714119671463966
10825,0.38179047331112564
10826,0.4183295994625363
10827,0.42260029842350705
10828,0.43032910910610667
10829,0.41027210622488025
10830,0.44515415533504127
10831,0.44329325925758345
10832,0.45392404661519004
10833,0.43155368292738994
10834,0.43805959674051786
10835,0.43705015848887424
10836,0.44669473626872286
10837,0.4491056089318397
10838,0.4141661907219476
10839,0.4283070521769701
10840,0.4566448431034441
10841,0.43455851457436706
10842,0.4528568691778983
10843,0.4482353056372196
10844,0.4438961118686372
10845,0.44278832328454465
10846,0.4104516846335234
10847,0.43620895319948005
10848,0.43481538889633603
10849,0.40695179368141804
10850,0.3840356342223028
10851,0.3999876556770906
10852,0.39182877624594753
10853,0.40301383087281356
10854,0.397941358120389
10855,0.3925064151252023
10856,0.4054233041485567
10857,0.3696668981464656
10858,0.36921276803072317
10859,0.3932807678632417
10860,0.382951126355428
10861,0.3948916882515275
10862,0.3932197672954498
10863,0.3936673110383877
10864,0.3986343440000153
10865,0.37014295585279167
10866,0.39240897844236095
10867,0.39225203310058077
10868,0.4580361579781238
10869,0.4418612811927709
10870,0.4459783713678071
10871,0.43179178695425485
10872,0.41030678443182383
10873,0.44309412990385505
10874,0.4560586559238413
10875,0.42051796375063527
10876,0.4214925329697843
10877,0.4332925605214866
10878,0.4392826381748009
10879,0.4498334002354436
10880,0.44353741187615475
10881,0.39935670544930535
10882,0.43825990574310675
10883,0.42936615133260425
10884,0.4320359858335658
10885,0.4362717174579703
10886,0.42263262311532207
10887,0.40571069899349516
10888,0.3908019959995359
10889,0.3752413519671852
10890,0.39937270010003173
10891,0.40375758791418154
10892,0.4075163250522825
10893,0.4140217068669047
10894,0.40972025607926627
10895,0.40023928518770424
10896,0.38324114649734037
10897,0.4200085115728903
10898,0.38906156867066166
10899,0.38856301667969156
10900,0.40549300751799106
10901,0.3898178218943216
10902,0.4122899418615258
10903,0.36649137593544634
10904,0.404292651193903
10905,0.419852636010714
10906,0.37082375781011845
10907,0.40697933038668155
10908,0.4004576243135632
10909,0.4062095227663106
10910,0.39031738005637867
10911,0.39675204654788715
10912,0.38262883934762515
10913,0.39870607705940087
10914,0.40214748287143165
10915,0.40821173383814685
10916,0.38678507189097905
10917,0.3939241680125793
10918,0.39398348006337475
10919,0.38969794875276076
10920,0.40206042015945187
10921,0.4094711073008152
10922,0.4079785681452372
10923,0.3710583344555868
10924,0.38841477413955383
10925,0.4055075507380116
10926,0.3946830870113603
10927,0.4086674715145913
10928,0.4047902432745259
10929,0.38340725146556687
10930,0.4122091821753203
10931,0.39771141333147597
10932,0.3815355650705909
10933,0.41008839326263286
10934,0.40352395383128314
10935,0.3977217468241903
10936,0.38397370843971834
10937,0.3901185109193107
10938,0.3918312627607025
10939,0.400771711605267
10940,0.4151768837961536
10941,0.3676582279188588
10942,0.37254928339824006
10943,0.39856178981250134
10944,0.35841810778557714
10945,0.35122019113354
10946,0.39520977131461665
10947,0.364233614755313
10948,0.38463743440153003
10949,0.3718585295993008
10950,0.368103874971472
10951,0.4041314267337073
10952,0.38784836920873444
10953,0.384972946198274
10954,0.392649366593245
10955,0.36266608694079816
10956,0.38011610631844006
10957,0.38304845895160516
10958,0.3681952861929768
10959,0.3998082218332588
10960,0.3915511250692932
10961,0.38596232463669644
10962,0.39101371405703556
10963,0.39879741310720374
10964,0.3776531151495399
10965,0.36759864408621806
10966,0.41936167367233906
10967,0.382820885025598
10968,0.36327039676515016
10969,0.39289751498320163
10970,0.3927281370676465
10971,0.4116788374910409
10972,0.3931620396749866
10973,0.37554994001346576
10974,0.3528614874799841
10975,0.3727384088670239
10976,0.34574638911706584
10977,0.36320538886078807
10978,0.39506683719435126
10979,0.3904057554168454
10980,0.38959582238743967
10981,0.41886313613785003
10982,0.36810639039918924
10983,0.40462768303547336
10984,0.4108947526499023
10985,0.3826079063629435
10986,0.39960683726847357
10987,0.4083357588810893
10988,0.4042207157437816
10989,0.3903122740272423
10990,0.3986457125767789
10991,0.39802096128810377
10992,0.40822632331890696
10993,0.4041277547874993
10994,0.4023330289154868
10995,0.41079500871267205
10996,0.3906770630895783
10997,0.40471546278891735
10998,0.4027003507533174
10999,0.3833113298219484
11000,0.3924183173291733
11001,0.36890389085481995
11002,0.39278731033622305
11003,0.3733010493301561
11004,0.3722548395731008
11005,0.3978678035443806
11006,0.37734050241891176
11007,0.3872021876324267
11008,0.3723673803874306
11009,0.38396950449500467
11010,0.3895169073482269
11011,0.35621303758788003
11012,0.37234143967768424
11013,0.37372143801893243
11014,0.39566848702617474
11015,0.3706145783107059
11016,0.3486588901103381
11017,0.3625964182669185
11018,0.3994795392782024
11019,0.37151899890080164
11020,0.354468672313545
11021,0.3765118395725492
11022,0.3565651974682976
11023,0.3864137889773178
11024,0.389941858502449
11025,0.3982175116055979
11026,0.403994627944035
11027,0.39785607066429246
11028,0.3895694017225197
11029,0.35466534984807313
11030,0.38685797881663264
11031,0.4053616212348553
11032,0.37562738049160294
11033,0.37553049315504466
11034,0.3866272533777384
11035,0.37211070845619754
11036,0.39589129609600016
11037,0.4021685488557397
11038,0.39066960932790573
11039,0.3847455630978178
11040,0.39801642773562024
11041,0.390638423806804
11042,0.3963677932793527
11043,0.4109061154440734
11044,0.38860556499496435
11045,0.3777007001028397
11046,0.4038325418775637
11047,0.3573335594405552
11048,0.40940862060676275
11049,0.39802168411216043
11050,0.38124537723349733
11051,0.3867368392873245
11052,0.3949639070486792
11053,0.4134932357425802
11054,0.3915110748339603
11055,0.3983670320986678
11056,0.3751014941861051
11057,0.37560825745835924
11058,0.3633574450206488
11059,0.3641194750541698
11060,0.3769993265728596
11061,0.3637996976914918
11062,0.3852548504716779
11063,0.36915188022348416
11064,0.3764424340066262
11065,0.38162110406945915
11066,0.3524646715293444
11067,0.37189461008491437
11068,0.36760301283481667
11069,0.38568502908947794
11070,0.35996967853621664
11071,0.3702002295397473
11072,0.3794558354556194
11073,0.3858317392426155
11074,0.37863787618788824
11075,0.3807708143273205
11076,0.37969966424901325
11077,0.38581272896992463
11078,0.3701670692633227
11079,0.40540147486204475
11080,0.41639525289573426
11081,0.38419107030745264
11082,0.41389601643733565
11083,0.38546879771856835
11084,0.3818933976742053
11085,0.40201316481392196
11086,0.41858742791226006
11087,0.3650735999176995
11088,0.4106533120671917
11089,0.40402045300193234
11090,0.4184738867094358
11091,0.41399349938091656
11092,0.39879821110496233
11093,0.390497126160203
11094,0.3634800330893666
11095,0.40580133534761115
11096,0.3583215095786416
11097,0.3728138196552099
11098,0.3988974808696114
11099,0.3972267222146168
11100,0.40903601347942964
11101,0.4000299553408879
11102,0.36261850777009086
11103,0.4012044056507843
11104,0.37770024327803586
11105,0.37938415733086217
11106,0.3941831356330164
11107,0.40744967489166356
11108,0.41706902900323006
11109,0.3693902589234906
11110,0.39779663139646304
11111,0.41018179947853406
11112,0.40020160003268485
11113,0.4033831130094859
11114,0.40187961584120857
11115,0.40214396127262747
11116,0.4134003904381469
11117,0.39476437869607145
11118,0.4053133308052762
11119,0.42442824528916484
11120,0.4181016265376499
11121,0.3770631230241027
11122,0.40080670207220304
11123,0.4249905041011951
11124,0.4190829845203393
11125,0.4005326881462019
11126,0.39318093140453214
11127,0.3873735663249708
11128,0.41084802352028565
11129,0.4046640844549681
11130,0.40338135510138007
11131,0.42165551533808593
11132,0.40862551880634124
11133,0.4111423343457985
11134,0.4167233340611755
11135,0.3734151456618559
11136,0.40858232284071366
11137,0.42041200352651753
11138,0.3997446769247874
11139,0.41359709688563734
11140,0.3883892960372038
11141,0.40647372363291817
11142,0.41247281056527496
11143,0.42608807484442235
11144,0.40009343664084235
11145,0.4050143071669137
11146,0.4151279341510348
11147,0.4219175766454857
11148,0.41614277334402994
11149,0.3817333470802776
11150,0.39243819788202844
11151,0.3753064350452493
11152,0.4266360737834623
11153,0.4264695929467263
11154,0.38241233908616645
11155,0.3868599738110291
11156,0.41387116863756296
11157,0.41288930756933007
11158,0.42452061063842444
11159,0.40321972585971255
11160,0.37450124374165544
11161,0.4167657435942294
11162,0.4125914462320508
11163,0.39943018485161186
11164,0.3815948886865712
11165,0.42113144476661857
11166,0.39486102316374666
11167,0.43076722722334543
11168,0.41105910549261543
11169,0.37126363961805553
11170,0.4202841561899633
11171,0.4151776066202103
11172,0.3691107284042889
11173,0.38454590174558373
11174,0.44478834564513725
11175,0.37916234286693873
11176,0.4216220109974104
11177,0.42624417014511184
11178,0.4280297942166026
11179,0.41987478912240334
11180,0.4208877952335907
11181,0.43504614903078503
11182,0.43903270874636857
11183,0.4204671058500068
11184,0.4237007893759233
11185,0.4035430826471193
11186,0.3870089044796688
11187,0.42287979424715405
11188,0.38919117391532176
11189,0.38649382583946656
11190,0.41738489733340955
11191,0.3689556971006108
11192,0.41202525525715217
11193,0.3991367934582991
11194,0.3844046908378695
11195,0.4098152640732771
11196,0.3842024215364388
11197,0.3959876861296074
11198,0.4066196647012593
11199,0.4125592429746773
11200,0.36517251694420894
11201,0.4160474010466945
11202,0.40444309111917304
11203,0.410752865178871
11204,0.41868614833062606
11205,0.4070743268155075
11206,0.40074588076477724
11207,0.37164585163145386
11208,0.39762729974164746
11209,0.37906469801076903
11210,0.36245619039992133
11211,0.36795602564762114
11212,0.4342091881642517
11213,0.41674138153222284
11214,0.4303009478808582
11215,0.4075635225718879
11216,0.38934869173375486
11217,0.41662596676944363
11218,0.37741920350220376
11219,0.3984809954307412
11220,0.4197201163394574
11221,0.4221232634590563
11222,0.3810795960904482
11223,0.4383847403489927
11224,0.4127696541662825
11225,0.3697954683070765
11226,0.4334684958968841
11227,0.41882750380315165
11228,0.43400323535142815
11229,0.40440721013299913
11230,0.3906373887227549
11231,0.37978612846267407
11232,0.3696761618595761
11233,0.3597319070084178
11234,0.3981681224834526
11235,0.40084841191157006
11236,0.4094888251640927
11237,0.4018160420197749
11238,0.3585860978789435
11239,0.39249921579759767
11240,0.38967284073632774
11241,0.3619132627944631
11242,0.4036653613471408
11243,0.3910362372546419
11244,0.3694525837049543
11245,0.3994061986581148
11246,0.4087769706852906
11247,0.4018726362521172
11248,0.39661679749299245
11249,0.42331754227847573
11250,0.35628599655686577
11251,0.3618384187003376
11252,0.35571000408775844
11253,0.4051101073760907
11254,0.40804431043884093
11255,0.4032562776266111
11256,0.3972510322332913
11257,0.413702010460521
11258,0.4056560592774021
11259,0.3735238815303514
11260,0.40371274390970474
11261,0.40988466096531145
11262,0.38929368771433726
11263,0.3662023330516586
11264,0.41414168987772215
11265,0.37016117680161265
11266,0.39139053091167486
11267,0.3597615485773344
11268,0.39095678443433096
11269,0.38723623553679287
11270,0.36732184873324686
11271,0.3812159380553166
11272,0.40039103776146123
11273,0.37193439142969814
11274,0.3915056912403861
11275,0.4020401174773477
11276,0.4098123727770504
11277,0.3687902802608862
11278,0.4140025086599591
11279,0.39470495099342695
11280,0.39826333865079183
11281,0.41704870319075604
11282,0.40820955958338434
11283,0.40293022036852855
11284,0.36968947338740404
11285,0.4140137037589491
11286,0.40564488152618955
11287,0.36776420549075395
11288,0.3928406142734593
11289,0.3582716405013227
11290,0.3466418177758964
11291,0.39267393104598747
11292,0.40915533727470743
11293,0.41011290567204317
11294,0.4033467751985082
11295,0.36239536909249553
11296,0.397996315879067
11297,0.40105315037997835
11298,0.3696382396182661
11299,0.4017110821841516
11300,0.40878374788364613
11301,0.38762357092710503
11302,0.3745348926471423
11303,0.38275401512646584
11304,0.3839037853317708
11305,0.38576554301550414
11306,0.3739389502340705
11307,0.40427687049909744
11308,0.42521974341382884
11309,0.3894980329664587
11310,0.408687091850786
11311,0.3869019727800188
11312,0.39980454988705083
11313,0.4170597999856743
11314,0.4190229207325249
11315,0.37861158563129843
11316,0.40541878216125804
11317,0.40896295620637224
11318,0.41165707181304595
11319,0.42842685014482906
11320,0.4094186360568922
11321,0.4170300080693539
11322,0.4292651410076267
11323,0.3614595143298226
