mutant,DMS_score_predicted
V1D,0.4191617319
V1Y,0.358459488
V1C,0.3630302804
V1A,0.4403471759
V1E,0.4387784829
V1W,0.3474842663
V1T,0.4170878629
V1R,0.3952829674
V1Q,0.3952040928
V1S,0.4414285582
V1N,0.4088585862
V1M,0.3935735636
V1L,0.4028580189
V1K,0.4042599795
V1I,0.3845532746
V1H,0.3650802326
V1G,0.4221880979
V1F,0.3711160332
V1P,0.4063049008
N2R,0.4130415459
N2Y,0.3693521285
N2W,0.3570571804
N2V,0.4214638918
N2T,0.42857245
N2S,0.4411482239
N2Q,0.4152209529
N2I,0.3953108337
N2M,0.4067988615
N2A,0.4388651523
N2P,0.4151899178
N2D,0.4255452513
N2E,0.4466716579
N2F,0.3853408
N2C,0.3842750798
N2H,0.3830532527
N2K,0.4152602572
N2L,0.4223713251
N2G,0.4243036536
E3K,0.3901172619
E3C,0.3526198503
E3D,0.3912984547
E3F,0.3734528829
E3G,0.3999232087
E3H,0.372200275
E3I,0.3876941879
E3L,0.4077306684
E3A,0.4027076542
E3N,0.389782577
E3M,0.3907491489
E3W,0.3338318142
E3V,0.3962976967
E3T,0.402012361
E3Y,0.3611164909
E3R,0.3962082689
E3Q,0.3894475972
E3P,0.4020771319
E3S,0.4143963495
A4M,0.3711705688
A4F,0.3667850854
A4G,0.4077885232
A4I,0.3915721795
A4K,0.4078250808
A4L,0.4013270255
A4N,0.4079379397
A4S,0.4172869055
A4Q,0.3965804944
A4R,0.4031956009
A4E,0.4221272939
A4T,0.4079009137
A4V,0.4019818232
A4W,0.3339797329
A4Y,0.3596668991
A4P,0.3985719383
A4D,0.4067901182
A4H,0.3769401388
A4C,0.3594267018
R5W,0.3373636597
R5A,0.426978091
R5C,0.3775887954
R5D,0.4142820392
R5E,0.4258634732
R5F,0.3805169151
R5G,0.421407419
R5H,0.3853779358
R5I,0.3988894778
R5Y,0.366451106
R5L,0.4146602092
R5M,0.3922913258
R5N,0.4306270109
R5P,0.4151282522
R5Q,0.4082309783
R5S,0.4372290546
R5T,0.4225824533
R5V,0.4150575889
R5K,0.4121516627
G6V,0.397908727
G6T,0.4020147261
G6S,0.420613816
G6R,0.4204554019
G6Q,0.3956502025
G6P,0.4053388494
G6N,0.4035418567
G6H,0.3731629205
G6L,0.4060050734
G6K,0.4068635051
G6I,0.3873403164
G6F,0.3680737072
G6E,0.4146058644
G6D,0.3992970349
G6C,0.3601120257
G6M,0.3756725888
G6A,0.4019557899
G6Y,0.3557661531
G6W,0.3314197734
N7A,0.4150689864
N7W,0.3461861032
N7V,0.405799404
N7T,0.4099912168
N7S,0.4359901139
N7R,0.4140044863
N7Q,0.3954238371
N7P,0.4140810247
N7M,0.3837619326
N7Y,0.3773306836
N7K,0.4047623249
N7C,0.3755232649
N7D,0.4106182233
N7E,0.4137336412
N7L,0.4148779295
N7G,0.4202051833
N7H,0.3806615378
N7I,0.3964094684
N7F,0.3884727388
S8D,0.3847351429
S8E,0.3896051728
S8F,0.3614447225
S8G,0.4188794662
S8H,0.3600890284
S8I,0.3696921218
S8K,0.37136949
S8L,0.3939389136
S8N,0.3796426913
S8P,0.3941316359
S8C,0.3516424534
S8R,0.3815749272
S8T,0.3827630938
S8V,0.3827380552
S8W,0.3234410854
S8Y,0.3481403419
S8M,0.3587148993
S8Q,0.3722649418
S8A,0.3921573431
S9C,0.3454205429
S9D,0.3826669611
S9E,0.3877259199
S9F,0.3598862415
S9G,0.3919677001
S9H,0.3595529329
S9I,0.3691852111
S9K,0.3749068839
S9L,0.3893160692
S9M,0.3535169704
S9N,0.3802068728
S9P,0.3979506479
S9Q,0.3690783777
S9R,0.3793280112
S9T,0.3838500679
S9V,0.3810144003
S9A,0.3862476291
S9W,0.3240000626
S9Y,0.3442107321
L10V,0.3967425053
L10A,0.4015236163
L10C,0.3592812638
L10D,0.3937673383
L10E,0.4118081189
L10F,0.3721751728
L10G,0.4117105203
L10H,0.3650678115
L10K,0.3947264507
L10M,0.3633196413
L10N,0.390091431
L10P,0.4190409913
L10Q,0.3912110682
L10R,0.3995480861
L10S,0.4218241993
L10T,0.3980480238
L10W,0.3463575744
L10Y,0.3612164084
L10I,0.3832143615
N11Y,0.3750364053
N11C,0.3766416299
N11D,0.4150886414
N11E,0.4247532386
N11F,0.389701372
N11G,0.4167845602
N11H,0.3905222226
N11A,0.419968045
N11I,0.3940769788
N11L,0.4253449712
N11M,0.374631647
N11P,0.4352449083
N11Q,0.4084666016
N11R,0.4189215403
N11S,0.4480902406
N11K,0.409171037
N11W,0.3530982789
N11V,0.412153837
N11T,0.4190721422
P12W,0.3326712595
P12D,0.397129193
P12E,0.4000442788
P12F,0.3663660556
P12G,0.4401068253
P12H,0.3779605698
P12I,0.3783972885
P12K,0.3878771954
P12L,0.4053141982
P12N,0.4049270768
P12Q,0.3857980123
P12R,0.4030693611
P12S,0.4237413427
P12T,0.3930717676
P12V,0.3881144321
P12M,0.3559665488
P12Y,0.358049161
P12A,0.3995092502
P12C,0.3614023939
C13A,0.4543881806
C13D,0.4538495321
C13E,0.4548617518
C13F,0.425380673
C13G,0.4567580027
C13H,0.424439903
C13K,0.4398423584
C13L,0.4603829537
C13M,0.4054035392
C13I,0.443073567
C13P,0.4552822966
C13N,0.4426265148
C13W,0.3841542815
C13V,0.4504881227
C13T,0.4522715089
C13Y,0.4110550403
C13R,0.4470615435
C13Q,0.4337930497
C13S,0.4848040589
L14K,0.3979351765
L14D,0.4031270078
L14E,0.4122464799
L14F,0.3694399025
L14G,0.4139827033
L14H,0.3755304527
L14I,0.3736578179
L14M,0.3627679936
L14C,0.3634432153
L14P,0.4102284823
L14Q,0.3936166613
L14R,0.4168123166
L14S,0.4297611689
L14T,0.3989952992
L14V,0.3930014166
L14W,0.3427780109
L14Y,0.3602995436
L14N,0.3892499655
L14A,0.4054954536
E15C,0.3582857442
E15T,0.3985739795
E15A,0.4011706989
E15Y,0.3655466218
E15W,0.3308507201
E15V,0.3873327933
E15D,0.400631079
E15F,0.3706920188
E15G,0.404821423
E15H,0.3696146524
E15S,0.425947714
E15K,0.3843871869
E15L,0.3960144075
E15M,0.3582170702
E15N,0.4173219769
E15P,0.4084973476
E15Q,0.3855436418
E15R,0.3997444803
E15I,0.3715209419
G16D,0.4006083071
G16E,0.4012066551
G16F,0.3538215597
G16H,0.3681149371
G16I,0.3704780629
G16K,0.3944640366
G16L,0.3903020273
G16R,0.4192486992
G16P,0.3977746865
G16Q,0.3764824177
G16S,0.4229211427
G16T,0.3964622114
G16V,0.381624565
G16C,0.3470631548
G16Y,0.3513332408
G16N,0.3892034504
G16W,0.3197598581
G16M,0.3685032497
G16A,0.3979531083
S17A,0.3861029168
S17Y,0.3444595599
S17D,0.3800420949
S17V,0.3697752292
S17T,0.3792735363
S17R,0.3830995077
S17Q,0.3659704453
S17P,0.3791152494
S17N,0.3702332106
S17W,0.3167648164
S17M,0.3614224826
S17E,0.3890717171
S17F,0.3443361825
S17G,0.3920628325
S17C,0.3437120673
S17I,0.3541151477
S17K,0.3736489648
S17L,0.3749446298
S17H,0.3477635251
A18D,0.4074717817
A18E,0.4097589994
A18F,0.3835435587
A18G,0.4157562706
A18H,0.3748818135
A18I,0.387702752
A18K,0.389019402
A18M,0.3673302104
A18N,0.391709545
A18V,0.4012609594
A18Q,0.3890694503
A18R,0.4005589469
A18S,0.4430691433
A18T,0.4038597201
A18L,0.40768557
A18P,0.4110128274
A18C,0.3796893568
A18Y,0.3725866794
A18W,0.3520121692
S19R,0.3734550427
S19Q,0.3473690395
S19P,0.3682165285
S19N,0.3524556623
S19M,0.3595970714
S19L,0.3640415604
S19W,0.3036904818
S19I,0.3413453708
S19G,0.3853144863
S19F,0.337425201
S19E,0.3734369663
S19D,0.3773964345
S19C,0.3401838792
S19A,0.3775116238
S19Y,0.3263014129
S19H,0.34079673
S19K,0.3552830146
S19V,0.3632712613
S19T,0.3656350116
S20R,0.3673377451
S20A,0.3729487796
S20C,0.3402054859
S20D,0.3607223957
S20E,0.3726286553
S20F,0.3373671582
S20G,0.3736255279
S20H,0.3313682968
S20I,0.3438090645
S20Y,0.3218106198
S20K,0.3560552191
S20L,0.3662184838
S20M,0.3311853587
S20N,0.358309025
S20P,0.3815231036
S20Q,0.3539155905
S20T,0.3716488181
S20V,0.3623922523
S20W,0.308048096
G21A,0.4001092636
G21W,0.3332410414
G21N,0.3746734493
G21Y,0.3569219372
G21V,0.38696402
G21T,0.3945789541
G21S,0.4339747734
G21R,0.3855731099
G21P,0.3927701881
G21M,0.3530534291
G21L,0.3975811373
G21Q,0.3708656122
G21I,0.3755988318
G21H,0.3623657969
G21F,0.3705147823
G21E,0.3905156998
G21D,0.3967234805
G21C,0.369972167
G21K,0.3716438509
S22I,0.34307979
S22C,0.3382406737
S22A,0.3778711276
S22D,0.368286787
S22E,0.3792576082
S22F,0.3402381893
S22G,0.3848003156
S22H,0.3389304561
S22W,0.3130649547
S22K,0.3678104344
S22M,0.3345967615
S22L,0.367120895
S22V,0.3616960426
S22T,0.3752335715
S22Y,0.3434736077
S22Q,0.3600605809
S22P,0.3713166631
S22N,0.3609465434
S22R,0.3736651358
E23A,0.4201740383
E23I,0.3987793888
E23C,0.3904604298
E23D,0.4062550376
E23F,0.3880087899
E23G,0.4293972848
E23H,0.3776483098
E23K,0.3872190265
E23Q,0.3893285047
E23M,0.3680092139
E23N,0.4045000439
E23P,0.4059358731
E23R,0.4012860616
E23S,0.4514419324
E23T,0.4181712143
E23V,0.4132109932
E23W,0.3512155708
E23L,0.4150198112
E23Y,0.373187086
S24Y,0.3339226414
S24H,0.3463157605
S24D,0.3743018773
S24E,0.3708139737
S24F,0.3387904508
S24G,0.3865368368
S24I,0.3487052896
S24K,0.3614597977
S24A,0.3791787018
S24L,0.3648187958
S24N,0.3612117765
S24P,0.3637187096
S24Q,0.3494396731
S24R,0.3696332492
S24T,0.3744043044
S24V,0.3611670077
S24M,0.337555717
S24W,0.3095118437
S24C,0.337165126
S25E,0.3776636944
S25A,0.3651411551
S25C,0.3270069875
S25Y,0.3163336171
S25W,0.3137594267
S25V,0.3556792783
S25T,0.3657572035
S25F,0.3333059539
S25Q,0.3538023644
S25P,0.3724285631
S25R,0.3679539642
S25M,0.3259114869
S25L,0.3655589647
S25K,0.3561887015
S25I,0.3370126304
S25H,0.3284957275
S25D,0.371691057
S25G,0.3843690325
S25N,0.3483154128
K26G,0.4431877038
K26M,0.3955596471
K26F,0.4003956291
K26E,0.4301052245
K26H,0.39218296
K26I,0.4055149004
K26L,0.4339099737
K26N,0.4041821054
K26C,0.4065334
K26Q,0.4167410172
K26R,0.4363192562
K26S,0.4583817517
K26T,0.4298299846
K26V,0.4265826426
K26D,0.4169094757
K26Y,0.3906127896
K26W,0.3769023323
K26P,0.4325174792
K26A,0.4367220831
D27A,0.423066624
D27Y,0.374281511
D27C,0.3765250759
D27E,0.4101422465
D27F,0.3632769022
D27G,0.4237944269
D27I,0.3730086699
D27K,0.3904054836
D27L,0.3927029018
D27M,0.362846631
D27H,0.3745084893
D27P,0.4166024547
D27Q,0.3891223958
D27R,0.40327063
D27S,0.4426314416
D27T,0.4145623446
D27V,0.3930825059
D27W,0.3346639177
D27N,0.3995033289
S28H,0.3341270416
S28G,0.3836438896
S28F,0.3376258454
S28A,0.3687572299
S28D,0.366899572
S28C,0.3250603182
S28I,0.3454886561
S28E,0.3635361618
S28K,0.3451310606
S28L,0.3673781509
S28M,0.3189507549
S28W,0.3007174197
S28V,0.3543607605
S28T,0.3683081248
S28Y,0.3272451783
S28Q,0.3451859374
S28P,0.3670738247
S28N,0.3595975456
S28R,0.361194848
S29M,0.3172363637
S29V,0.3584686245
S29T,0.36875156
S29R,0.3640975793
S29Q,0.3509893153
S29P,0.3724541887
S29N,0.3490846855
S29L,0.3675199488
S29F,0.3393308341
S29I,0.3455862402
S29H,0.332164369
S29G,0.3737309215
S29W,0.3089918325
S29E,0.3722642189
S29D,0.3618638332
S29C,0.3229322057
S29A,0.365240075
S29K,0.3543403045
S29Y,0.3240808714
R30D,0.3685429848
R30W,0.3219797578
R30Y,0.3449777987
R30C,0.3532186059
R30E,0.3746792406
R30F,0.3549555579
R30G,0.3964728717
R30I,0.3604873362
R30K,0.3721782809
R30L,0.3798981517
R30H,0.3524514294
R30N,0.3609829275
R30A,0.3906535829
R30P,0.3989726748
R30Q,0.3601711903
R30S,0.4038307435
R30T,0.3798219314
R30V,0.3768282023
R30M,0.3296633891
C31P,0.4676788073
C31W,0.3475925107
C31V,0.4166297255
C31T,0.4399977309
C31S,0.4634054165
C31R,0.4240041326
C31Q,0.4179964296
C31N,0.4245019213
C31E,0.4384088422
C31L,0.4100798755
C31K,0.4131425562
C31I,0.3947488582
C31H,0.3949211563
C31G,0.436900904
C31F,0.3802249174
C31D,0.4307803884
C31A,0.4490080103
C31M,0.3717827834
C31Y,0.3804182063
S32W,0.3215347526
S32Y,0.3330457315
S32I,0.3426887826
S32R,0.3740286527
S32Q,0.3613968975
S32P,0.3820271288
S32N,0.3699870138
S32M,0.3243278026
S32L,0.3682075424
S32K,0.3602925207
S32T,0.3729947483
S32H,0.3443859735
S32F,0.3421153229
S32E,0.3693529005
S32D,0.3600845671
S32C,0.3354584603
S32A,0.3739645353
S32G,0.3870636859
S32V,0.3583757648
T33W,0.3403465522
T33A,0.4002852279
T33Y,0.3592847044
T33C,0.363528445
T33R,0.3962576291
T33Q,0.3801367907
T33P,0.4017585168
T33M,0.3506464018
T33L,0.4032220215
T33K,0.3835622307
T33N,0.3746942146
T33I,0.3790235953
T33H,0.3643343302
T33G,0.4003131694
T33F,0.3722403368
T33E,0.3981345256
T33D,0.3889222255
T33V,0.3911741405
T33S,0.4306655201
P34K,0.3826548437
P34D,0.384563371
P34E,0.3981477562
P34F,0.3583011664
P34G,0.3976286182
P34H,0.3568452484
P34I,0.3624652286
P34T,0.3914047272
P34M,0.3637709958
P34N,0.3732771788
P34Q,0.3765891355
P34R,0.3940787136
P34S,0.4083978061
P34A,0.3964708969
P34W,0.3361428504
P34V,0.3842149408
P34C,0.3526561071
P34L,0.3895904041
P34Y,0.3491855571
G35K,0.410183436
G35C,0.3777896711
G35Y,0.3639171046
G35A,0.4244885866
G35W,0.3336296895
G35V,0.4223018241
G35T,0.4130374055
G35S,0.4229861246
G35Q,0.4006517922
G35P,0.4403580732
G35R,0.4211541472
G35M,0.3698278508
G35L,0.4130665267
G35I,0.3984114482
G35H,0.3795746301
G35F,0.3706948812
G35E,0.4161224013
G35D,0.4027561875
G35N,0.3872967735
L36K,0.3962182381
L36S,0.4057856877
L36R,0.4147852519
L36Q,0.3835835511
L36P,0.4225601875
L36N,0.3784208757
L36M,0.3637546831
L36I,0.3846558867
L36W,0.3585526629
L36G,0.4041118816
L36F,0.3862896541
L36E,0.3950009792
L36D,0.3847104281
L36C,0.3609975777
L36A,0.4008872883
L36Y,0.3789386259
L36T,0.3904625636
L36H,0.3769795299
L36V,0.3959800705
D37M,0.3614125134
D37C,0.3642070669
D37A,0.411670551
D37Y,0.3737744239
D37W,0.3394460638
D37V,0.4076153866
D37T,0.4100608681
D37R,0.4202435103
D37Q,0.4016200584
D37P,0.4321165952
D37S,0.4251175187
D37L,0.4151733217
D37K,0.4105613573
D37I,0.3959938388
D37H,0.3913044165
D37G,0.4093843568
D37F,0.3786025995
D37E,0.4056717012
D37N,0.3955519042
P38N,0.3593780586
P38W,0.3402573268
P38V,0.3831251882
P38T,0.3794113529
P38S,0.3933680098
P38R,0.4000252252
P38Q,0.3764339538
P38M,0.35438745
P38C,0.3382300078
P38K,0.386299126
P38I,0.3665913454
P38H,0.3647880786
P38G,0.3892558349
P38F,0.3616047731
P38E,0.3899260836
P38D,0.3716123299
P38L,0.3951922443
P38A,0.3893885338
P38Y,0.3537791329
E39G,0.4050445559
E39Q,0.396536512
E39V,0.4044386674
E39T,0.403818866
E39A,0.4144187108
E39C,0.3556385139
E39D,0.3899061741
E39F,0.3752853806
E39S,0.4232568713
E39H,0.3858255779
E39I,0.3823253689
E39K,0.4110458691
E39L,0.4055591488
E39M,0.3586491744
E39N,0.3958796384
E39P,0.4279736742
E39W,0.3460517042
E39Y,0.3756331804
E39R,0.4198703076
R40Y,0.3508496975
R40M,0.3390974689
R40L,0.380685336
R40K,0.3936619535
R40I,0.3636151752
R40H,0.3657470204
R40G,0.3854362504
R40Q,0.3709875642
R40N,0.3625728513
R40S,0.3842366747
R40E,0.3860148103
R40D,0.3672492454
R40C,0.3289038224
R40W,0.3268752658
R40A,0.394045935
R40T,0.377623251
R40V,0.3787676376
R40F,0.3506095233
R40P,0.3925103502
H41W,0.378510078
H41V,0.4306999525
H41R,0.4623236987
H41S,0.4319841854
H41Y,0.396700992
H41Q,0.4276142224
H41P,0.4522769966
H41N,0.406824461
H41M,0.4053093755
H41L,0.4340590142
H41K,0.4510400018
H41I,0.4151787111
H41F,0.398586175
H41E,0.432864533
H41D,0.4042569668
H41C,0.3801487953
H41A,0.4369159272
H41T,0.4256935459
H41G,0.442396119
E42H,0.3926676222
E42Y,0.3885775946
E42A,0.401403749
E42C,0.3703936891
E42D,0.3932435916
E42F,0.3998617571
E42I,0.4053861915
E42K,0.3866155147
E42L,0.4355134837
E42M,0.3887664367
E42G,0.4108825861
E42P,0.4270200264
E42Q,0.3961559596
E42R,0.4065095873
E42S,0.4211784052
E42T,0.4016416275
E42V,0.4091902815
E42W,0.3746642261
E42N,0.3931326468
R43M,0.3349303738
R43N,0.3861795824
R43P,0.397766614
R43V,0.3663786674
R43S,0.4336753334
R43T,0.4339393435
R43L,0.3783909971
R43Q,0.3500766141
R43K,0.3810741373
R43A,0.3734435555
R43H,0.3573153443
R43G,0.4018734227
R43F,0.3513461013
R43E,0.3542205586
R43D,0.3655316217
R43C,0.3409312244
R43W,0.3279590422
R43I,0.3587752407
R43Y,0.3518975524
L44A,0.3420806447
L44E,0.2815800862
L44V,0.3994166883
L44G,0.2947238378
L44H,0.2891665815
L44I,0.4120342645
L44K,0.2928582694
L44M,0.3543648372
L44N,0.2849264493
L44P,0.3301905475
L44D,0.2679955043
L44Q,0.2940880649
L44S,0.3040269767
L44T,0.3300614454
L44W,0.2836233074
L44Y,0.297073016
L44C,0.3014417299
L44R,0.3095172359
L44F,0.3562502862
R45Y,0.3542634597
R45W,0.3361697048
R45V,0.4498127217
R45A,0.4481948362
R45Q,0.3802977549
R45S,0.4475064474
R45P,0.3783818895
R45N,0.3776897594
R45M,0.3798883936
R45L,0.3993821431
R45K,0.3909222624
R45T,0.4231171292
R45H,0.3689255235
R45G,0.4403776617
R45F,0.354374497
R45E,0.3772856025
R45D,0.3547469538
R45C,0.3880978013
R45I,0.408440152
E46R,0.3912642738
E46A,0.3979566415
E46Y,0.3636555348
E46W,0.3444498336
E46V,0.3776385141
E46T,0.4099374329
E46S,0.4209650507
E46Q,0.3865125036
E46M,0.3546907817
E46N,0.4213568936
E46P,0.3733499874
E46F,0.3519801683
E46G,0.402199532
E46H,0.3782354627
E46D,0.3982573999
E46K,0.3805420463
E46L,0.3771934858
E46C,0.3570004532
E46I,0.352838386
K47W,0.2939657371
K47M,0.3372430522
K47Y,0.3217116103
K47S,0.3647492601
K47R,0.4111643834
K47Q,0.3507866933
K47P,0.3130234502
K47N,0.3692833099
K47L,0.3658666767
K47V,0.3645437468
K47H,0.3399498028
K47G,0.3536382863
K47F,0.3194268155
K47E,0.3624784649
K47D,0.3311448343
K47C,0.3109151632
K47A,0.3725767391
K47T,0.3659841732
K47I,0.3540460747
R49Q,0.3813759511
R49S,0.3625467198
R49Y,0.3377539356
R49V,0.3565729086
R49W,0.3207343203
R49P,0.2462272935
R49T,0.3546663763
R49N,0.3576257567
R49I,0.3547602046
R49L,0.3811082633
R49K,0.3903793434
R49G,0.3401167376
R49F,0.3348396015
R49E,0.3679489564
R49D,0.3403166418
R49C,0.3083108368
R49A,0.3890534817
R49M,0.3430916848
R49H,0.3523134741
R50A,0.3935677926
R50Y,0.312352866
R50C,0.315624865
R50D,0.340841733
R50E,0.3864885521
R50G,0.3537681691
R50H,0.3465521818
R50I,0.334082877
R50K,0.401388587
R50F,0.3059596781
R50M,0.3311753433
R50V,0.3436243627
R50L,0.3656546464
R50T,0.364983565
R50S,0.3877818116
R50W,0.2971572771
R50Q,0.3997782854
R50P,0.288933621
R50N,0.3520075142
R51A,0.4070174261
R51C,0.377657163
R51E,0.3199858476
R51F,0.3492058193
R51G,0.3658273261
R51H,0.3649036264
R51I,0.39126081
R51K,0.4118912321
R51M,0.3656519632
R51D,0.3211100992
R51L,0.3901746599
R51Q,0.3583495436
R51P,0.2745500757
R51Y,0.3560358474
R51W,0.3032168152
R51N,0.3611178325
R51T,0.4064404332
R51S,0.3827032266
R51V,0.4016155711
L52A,0.3473089902
L52C,0.3112471823
L52D,0.2554800457
L52E,0.3075110262
L52F,0.34498492
L52G,0.2876056198
L52H,0.3110149534
L52K,0.3470581182
L52M,0.3757215847
L52P,0.2363158751
L52R,0.3582861432
L52S,0.3158344551
L52T,0.3290242247
L52V,0.373957362
L52W,0.3153544768
L52Y,0.3229399197
L52N,0.2834090421
L52Q,0.3386215587
L52I,0.3884632149
E53R,0.3689672854
E53Y,0.3059370566
E53W,0.2834999965
E53T,0.3432512005
E53S,0.3733682199
E53A,0.4026422357
E53C,0.2997227589
E53D,0.3795285255
E53F,0.3056214196
E53V,0.3456927209
E53Q,0.3744847229
E53H,0.3356410312
E53I,0.3280524426
E53K,0.3709078309
E53G,0.346027984
E53L,0.364137138
E53M,0.3153936539
E53P,0.3093400429
E53N,0.3549680859
S54L,0.3602021243
S54M,0.3288640468
S54P,0.3410560532
S54K,0.402280309
S54Q,0.3875710997
S54R,0.4095729619
S54N,0.3910069195
S54I,0.3190445919
S54D,0.370634534
S54G,0.3718258984
S54F,0.3001881593
S54E,0.4013965728
S54W,0.282197427
S54Y,0.3018455659
S54T,0.3739653882
S54A,0.4206941449
S54C,0.3291780416
S54H,0.3480799948
S54V,0.3437247659
G55C,0.2907992733
G55A,0.3180542044
G55D,0.3330432392
G55E,0.3470381191
G55F,0.2591226713
G55H,0.3109263496
G55I,0.2508829397
G55K,0.3511343688
G55L,0.2761019356
G55M,0.2596611232
G55N,0.3285064022
G55P,0.3625277124
G55Q,0.3264643953
G55R,0.3429174206
G55S,0.3485931276
G55T,0.3291488366
G55V,0.2840900088
G55W,0.2421192589
G55Y,0.2699818479
D56V,0.3323742713
D56S,0.3735497644
D56R,0.3759179384
D56Q,0.4042311649
D56P,0.3349672551
D56N,0.3640190979
D56M,0.3116772395
D56L,0.3372113405
D56K,0.4005423162
D56H,0.3491883848
D56G,0.4083030063
D56F,0.2831545444
D56E,0.441950508
D56C,0.3131040479
D56A,0.3648061839
D56I,0.2995615749
D56T,0.3565694708
D56Y,0.299573302
D56W,0.2637499799
K57Y,0.3435918328
K57W,0.2888425828
K57V,0.3367766543
K57T,0.3644234602
K57S,0.371327332
K57Q,0.3839059567
K57P,0.4032641477
K57N,0.3627850146
K57M,0.3052161437
K57R,0.4093452058
K57I,0.3161523444
K57L,0.3276269971
K57C,0.333307122
K57D,0.3301907788
K57E,0.3238072825
K57A,0.3588669439
K57G,0.3497213114
K57H,0.3944622816
K57F,0.362952438
W58P,0.3319341987
W58A,0.3950920782
W58Y,0.4436423023
W58V,0.4109243537
W58T,0.3803672385
W58S,0.364085991
W58R,0.2927064677
W58Q,0.3174545062
W58N,0.3196859624
W58C,0.3849099391
W58L,0.3864008244
W58K,0.276367718
W58I,0.3875440892
W58H,0.3820123919
W58G,0.3282970521
W58F,0.459950423
W58E,0.2856408105
W58D,0.2892075135
W58M,0.3626483691
F59Y,0.3631834779
F59T,0.2501892592
F59V,0.3169389787
F59A,0.2472206612
F59C,0.262490013
F59D,0.134525764
F59E,0.1539578421
F59G,0.167052754
F59H,0.2776184313
F59I,0.3270478755
F59K,0.1826017981
F59L,0.3224813969
F59M,0.2835930521
F59N,0.2011878598
F59P,0.2425410867
F59Q,0.2438770506
F59R,0.2012968964
F59W,0.3081730138
F59S,0.218177741
S60V,0.199422103
S60Y,0.1546714759
S60C,0.2522443272
S60E,0.1415641661
S60F,0.1928808576
S60G,0.2694630834
S60H,0.1642604945
S60I,0.191454107
S60K,0.1264557092
S60L,0.1860940601
S60M,0.1874986981
S60N,0.2024228059
S60P,0.2023840163
S60Q,0.1551994728
S60R,0.153075249
S60T,0.2979014567
S60W,0.1398392187
S60A,0.2761921705
S60D,0.1551048465
L61F,0.4458478438
L61C,0.3352206426
L61E,0.1769235851
L61G,0.2612992883
L61H,0.2551538497
L61I,0.3504554375
L61A,0.2976264824
L61M,0.4290403225
L61N,0.2198776302
L61K,0.1689020885
L61Q,0.2335362986
L61D,0.1678574285
L61R,0.1847732693
L61S,0.2554132568
L61T,0.2945936052
L61V,0.3457840858
L61W,0.269249925
L61Y,0.3346693996
L61P,0.2520755907
E62N,0.1084153885
E62H,0.0953233216
E62I,0.08545065525
E62K,0.1345056129
E62L,0.1033839317
E62M,0.1005189578
E62C,0.09677311005
E62D,0.1858079636
E62R,0.07823185187
E62S,0.1405339424
E62T,0.1072391629
E62V,0.1398626297
E62W,0.02991149159
E62G,0.1721333815
E62Q,0.1778002759
E62A,0.1757546722
E62P,0.0896672754
E62F,0.07713463965
E62Y,0.0671893208
F63S,0.2639079964
F63K,0.1551721511
F63I,0.3765381807
F63H,0.3286103081
F63G,0.2480000615
F63E,0.1822184925
F63D,0.1952571051
F63C,0.3146723694
F63M,0.3261585525
F63N,0.2555788081
F63P,0.2985732041
F63Q,0.2360532486
F63R,0.1668731575
F63T,0.2774965104
F63V,0.3625356389
F63W,0.250498338
F63Y,0.3529926092
F63A,0.3171769027
F63L,0.3570230877
F64I,0.2240957724
F64A,0.1490536129
F64D,0.09941079685
F64H,0.1596747086
F64E,0.09733054391
F64V,0.1974052917
F64T,0.1553837012
F64S,0.1662016595
F64R,0.1191299922
F64Q,0.1290406387
F64P,0.1432453457
F64C,0.1833884264
F64N,0.1541178223
F64L,0.2428747067
F64G,0.1314503606
F64K,0.1344444251
F64Y,0.256930165
F64M,0.2184964765
F64W,0.1832458739
P65E,0.1283876679
P65D,0.07765878843
P65F,0.2010582474
P65H,0.1764054366
P65I,0.2146639704
P65K,0.1227626164
P65L,0.225009861
P65M,0.1930247693
P65N,0.1454395847
P65Q,0.188906592
P65R,0.1336602357
P65S,0.2144328402
P65T,0.2123142486
P65W,0.1235047774
P65Y,0.1728280243
P65G,0.1764884515
P65V,0.2222353731
P65C,0.1953558248
P65A,0.2351170809
P66C,0.1998322537
P66Y,0.1711006104
P66W,0.130802325
P66V,0.219817911
P66T,0.2244524969
P66R,0.1898338044
P66Q,0.2265176573
P66N,0.1794176438
P66S,0.2546672942
P66L,0.2179171613
P66D,0.1505976424
P66M,0.2046087676
P66E,0.1744147529
P66F,0.2016600155
P66A,0.2608844254
P66H,0.2025024467
P66I,0.1948167569
P66K,0.1648958425
P66G,0.2102074968
R67K,0.4231550688
R67A,0.2794487671
R67E,0.2635803388
R67F,0.238533109
R67G,0.2627940797
R67H,0.3047529869
R67I,0.2717529115
R67D,0.2361652531
R67L,0.2956928905
R67N,0.3450312068
R67M,0.2809829583
R67Y,0.2483804708
R67W,0.2310089385
R67V,0.2770441339
R67C,0.2660244556
R67S,0.2825959084
R67Q,0.3163366067
R67P,0.2476795974
R67T,0.2831188051
T68I,0.2854479137
T68C,0.2785879318
T68D,0.2875831822
T68E,0.2505896484
T68F,0.232740821
T68G,0.2612560334
T68H,0.2515109773
T68K,0.2805145065
T68Q,0.2474705527
T68M,0.2544239467
T68N,0.3192733039
T68P,0.168512306
T68R,0.2802730486
T68S,0.3526645429
T68V,0.2927341884
T68W,0.1768437727
T68Y,0.2358613854
T68L,0.2681139683
T68A,0.2689882269
A69E,0.3569293215
A69D,0.2984115329
A69Y,0.3563582096
A69W,0.3317799017
A69V,0.3988619411
A69S,0.3657254427
A69R,0.3610834781
A69Q,0.3974306685
A69P,0.4045364164
A69N,0.3444919829
A69M,0.423779129
A69L,0.4223225923
A69K,0.3543867735
A69I,0.3824938968
A69H,0.3609480382
A69G,0.3548377
A69F,0.3629218915
A69T,0.3834825177
A69C,0.3307165639
E70S,0.3573436819
E70R,0.3752477793
E70W,0.2694734077
E70A,0.3954778321
E70Y,0.2894711506
E70D,0.3588642146
E70F,0.2883324078
E70G,0.341657012
E70H,0.331728081
E70C,0.2779856151
E70K,0.3885663966
E70L,0.341631557
E70M,0.322068376
E70N,0.3320309501
E70P,0.3246219688
E70Q,0.4373396119
E70V,0.3417619892
E70I,0.3137920752
E70T,0.3485740219
G71Q,0.2026288794
G71R,0.2189595103
G71S,0.2736950555
G71Y,0.1620265684
G71V,0.1973125258
G71W,0.1527456694
G71P,0.2062614114
G71T,0.2158085409
G71N,0.2199464716
G71F,0.1645252266
G71L,0.1788143595
G71K,0.2122545712
G71I,0.1666659654
G71H,0.1899396741
G71E,0.2203734351
G71D,0.2171597478
G71C,0.2094864326
G71A,0.3056201355
G71M,0.1849788112
A72Q,0.2949366286
A72R,0.2441343449
A72S,0.3493156423
A72P,0.2526823581
A72V,0.4293135789
A72W,0.2952923737
A72Y,0.3547135073
A72T,0.4089841552
A72N,0.2867413998
A72C,0.3633321028
A72L,0.4038243711
A72K,0.2256587539
A72I,0.4135796653
A72H,0.2874409662
A72G,0.3000674072
A72F,0.3918777432
A72E,0.2479204626
A72D,0.204154981
A72M,0.396217521
V73Q,0.4014312105
V73P,0.290667514
V73N,0.3550323363
V73M,0.3974291245
V73L,0.4154022401
V73K,0.3964586147
V73F,0.3573307433
V73H,0.3721189718
V73G,0.3466910508
V73R,0.4199247767
V73E,0.345507782
V73D,0.3084484654
V73C,0.3384668165
V73A,0.3950700465
V73I,0.3895911327
V73S,0.3695919442
V73Y,0.3515889066
V73W,0.3227559291
V73T,0.3677413064
N74T,0.2956089901
N74S,0.3123237702
N74Y,0.2230416299
N74R,0.292754714
N74Q,0.2738409066
N74P,0.2944042564
N74M,0.222607068
N74L,0.2352680311
N74I,0.228629534
N74H,0.2856800938
N74A,0.296459355
N74G,0.2803074294
N74F,0.2022246555
N74E,0.2590651569
N74D,0.2680209123
N74K,0.2874206657
N74C,0.239429335
N74W,0.1776644588
N74V,0.2510024883
L75D,0.1486202483
L75E,0.1748646135
L75F,0.3038586382
L75G,0.2056626084
L75H,0.2085854776
L75I,0.3919795646
L75K,0.2054194157
L75M,0.3418023098
L75N,0.2218390407
L75P,0.1974901862
L75Q,0.2448288473
L75R,0.2306171317
L75S,0.2470709665
L75T,0.2946714403
L75V,0.3712957171
L75A,0.290710804
L75W,0.230002766
L75C,0.2575232106
L75Y,0.2484084571
I76C,0.3325904824
I76Y,0.4232054583
I76W,0.3110764628
I76V,0.3720170998
I76T,0.3122718172
I76D,0.2019208013
I76R,0.2696675033
I76Q,0.289451325
I76P,0.2281275334
I76S,0.2898814573
I76M,0.4069438195
I76N,0.2964125486
I76F,0.4296917749
I76A,0.3049913252
I76E,0.2346942916
I76H,0.3086592929
I76K,0.2539114655
I76L,0.4610804211
I76G,0.2556896127
S77Y,0.3349056647
S77W,0.2849687692
S77V,0.3061024561
S77T,0.3837984323
S77R,0.4387614155
S77Q,0.4001013067
S77P,0.25943047
S77N,0.4289266136
S77M,0.3329943329
S77K,0.4184889995
S77I,0.2877019925
S77H,0.3904848555
S77G,0.3642072404
S77F,0.2968270043
S77E,0.3593917171
S77D,0.3484955434
S77C,0.350932698
S77A,0.3725196939
S77L,0.350486224
R78A,0.1898953525
R78C,0.202296307
R78D,0.1471691415
R78E,0.1590225771
R78F,0.1583460138
R78G,0.1884389025
R78Y,0.1765584275
R78I,0.1819689911
R78V,0.1849608813
R78H,0.2473518618
R78T,0.2024930539
R78S,0.2110069498
R78W,0.1674188088
R78K,0.2803964402
R78P,0.1349911868
R78N,0.2048161989
R78M,0.1816895299
R78L,0.2034749613
R78Q,0.2342215952
F79D,0.1737994817
F79E,0.2255058043
F79G,0.2647304011
F79H,0.2588109693
F79I,0.4821961936
F79K,0.2381003369
F79L,0.5084935736
F79N,0.2462047559
F79P,0.2360235998
F79Q,0.2856645885
F79S,0.2951898599
F79T,0.3547587965
F79V,0.4452242924
F79W,0.308377432
F79M,0.4722349494
F79R,0.245972712
F79C,0.3625451614
F79A,0.3638602385
F79Y,0.3204091102
D80Y,0.2551671786
D80C,0.2476568632
D80E,0.4126595984
D80F,0.2109214642
D80G,0.3210776994
D80H,0.3211197851
D80I,0.22464388
D80K,0.339119249
D80L,0.2421747573
D80N,0.3425598279
D80P,0.2639118346
D80Q,0.3502919694
D80R,0.3277111887
D80S,0.3301384435
D80T,0.2972588657
D80V,0.2572777207
D80W,0.1977061125
D80M,0.2367073856
D80A,0.3132923638
R81I,0.2880151892
R81W,0.2377870823
R81A,0.2995725676
R81C,0.2558517045
R81D,0.255328299
R81E,0.2861869879
R81F,0.2483210112
R81G,0.2660133039
R81H,0.2939554383
R81K,0.370165878
R81Y,0.2605673624
R81M,0.2884788375
R81N,0.2824614371
R81P,0.2463880641
R81Q,0.3147383416
R81S,0.2943952623
R81T,0.2951056884
R81V,0.2939414444
R81L,0.307286465
M82A,0.2622182333
M82C,0.2396483933
M82D,0.1602167026
M82E,0.1979941478
M82G,0.1768517407
M82H,0.2284204839
M82I,0.3415635205
M82K,0.215205294
M82F,0.3049003924
M82N,0.2004559362
M82V,0.3173650133
M82T,0.2602150507
M82S,0.223038787
M82W,0.2348987916
M82R,0.2239929379
M82Q,0.2541691769
M82P,0.1787931189
M82Y,0.261377826
M82L,0.4053560989
A83Y,0.238242687
A83Q,0.2801509618
A83W,0.2001585793
A83V,0.3069879502
A83T,0.3317278064
A83S,0.4079361991
A83R,0.2993022372
A83P,0.2425326767
A83M,0.2723905146
A83N,0.2857243632
A83C,0.3113289193
A83D,0.2552669861
A83F,0.238514677
A83E,0.2759723217
A83H,0.2584947598
A83I,0.2662989004
A83K,0.3116883652
A83L,0.2781783113
A83G,0.3186595002
A84C,0.3468552793
A84D,0.3582705678
A84E,0.3864056442
A84F,0.3268204469
A84G,0.3541451045
A84H,0.3529959646
A84I,0.3583349917
A84K,0.3986959546
A84L,0.3820506582
A84N,0.3567956945
A84Y,0.3349450818
A84W,0.3097723581
A84V,0.3840759071
A84T,0.387054613
A84M,0.3542392798
A84R,0.3913694042
A84Q,0.3884077165
A84P,0.3403210655
A84S,0.4018648963
G85N,0.3487290995
G85Y,0.3855784328
G85W,0.3262721357
G85V,0.3764985425
G85T,0.3507023744
G85S,0.3634535112
G85R,0.3323142856
G85P,0.2573399212
G85M,0.3607040504
G85Q,0.3416044714
G85K,0.324746017
G85I,0.3553107074
G85H,0.3778841326
G85F,0.3763210747
G85E,0.3360084832
G85D,0.3191907383
G85C,0.3650931422
G85L,0.398869496
G85A,0.3918328212
G86E,0.2880653561
G86F,0.2659078612
G86H,0.2899330063
G86I,0.2460918652
G86K,0.3228468286
G86L,0.2743713676
G86N,0.3071692605
G86S,0.3548822867
G86Q,0.3003303157
G86R,0.3387839194
G86T,0.3035319636
G86V,0.2921497052
G86W,0.2304592626
G86Y,0.2746756014
G86D,0.2736199776
G86P,0.2457711279
G86C,0.3221454926
G86M,0.2808144593
G86A,0.4040093446
I90Y,0.2884933981
I90A,0.3829541102
I90C,0.4307181677
I90D,0.2017071403
I90E,0.2065588279
I90G,0.3138795341
I90H,0.2175394158
I90K,0.1857380023
I90L,0.3936479625
I90M,0.3606369521
I90N,0.2424562597
I90P,0.2191563443
I90Q,0.2261077375
I90R,0.1989111412
I90S,0.3175143098
I90T,0.3706682812
I90V,0.4311964922
I90W,0.2385611054
I90F,0.3469895135
D91L,0.1080939215
D91T,0.2299507467
D91V,0.1350233157
D91S,0.2749736414
D91R,0.08776646673
D91Q,0.1534805413
D91P,0.1519769285
D91N,0.2997245712
D91M,0.1116136467
D91K,0.115670968
D91I,0.1192006162
D91H,0.1837822972
D91G,0.2056867806
D91F,0.1001915925
D91E,0.2270158034
D91C,0.1725166969
D91A,0.1809408238
D91W,0.07521088565
D91Y,0.1476844407
V92W,0.1765979818
V92Y,0.2211914843
V92S,0.2634072196
V92R,0.1539271199
V92Q,0.1824698112
V92P,0.2070812186
V92T,0.2990024416
V92M,0.299946126
V92L,0.3272165313
V92K,0.1373895531
V92N,0.2162404055
V92H,0.1736860532
V92G,0.2442551115
V92F,0.2831029955
V92E,0.1597982785
V92D,0.1363418167
V92C,0.3369460091
V92A,0.3430533982
V92I,0.3650944982
T93N,0.1959326561
T93P,0.239464972
T93Q,0.1419789174
T93W,0.07850802613
T93S,0.29346001
T93V,0.2189065953
T93M,0.2055470488
T93R,0.110101937
T93L,0.1678024487
T93Y,0.09316745313
T93I,0.1971134615
T93A,0.2686674109
T93C,0.2291890161
T93D,0.1483338477
T93K,0.1069624057
T93F,0.1252816586
T93G,0.2325481703
T93H,0.1263749386
T93E,0.1319006452
W94C,0.2675623937
W94D,0.2157612019
W94E,0.1990986618
W94F,0.2576399393
W94G,0.2773117868
W94H,0.2995399912
W94I,0.1874076939
W94L,0.2267810537
W94M,0.2137299738
W94N,0.247845361
W94A,0.2723196632
W94Q,0.2622709284
W94R,0.2935766349
W94S,0.2727628063
W94T,0.2274966032
W94K,0.204343635
W94P,0.1886017993
W94Y,0.2792282998
W94V,0.2073241914
H95I,0.2182266581
H95W,0.1767736699
H95R,0.2343165828
H95Q,0.3519208895
H95P,0.1899658219
H95N,0.338910814
H95M,0.2386857131
H95L,0.2261557026
H95K,0.2099009625
H95S,0.313889762
H95Y,0.2373718502
H95G,0.2862676479
H95F,0.2198135518
H95E,0.2158099624
H95V,0.2097535757
H95D,0.2151535687
H95C,0.222225529
H95A,0.2426591405
H95T,0.2837415108
P96Y,0.2351937972
P96A,0.3159025619
P96D,0.2102861014
P96E,0.2378277218
P96F,0.233625882
P96G,0.2897994885
P96H,0.2463877281
P96I,0.2536707992
P96K,0.240054737
P96M,0.2748605195
P96N,0.2199136436
P96Q,0.2709958973
P96S,0.2889842124
P96T,0.2596760331
P96V,0.2642000558
P96W,0.2394121522
P96C,0.2192630557
P96R,0.2620577904
P96L,0.2616153064
A97N,0.2959458586
A97V,0.3917874249
A97T,0.3505178548
A97S,0.3435633506
A97R,0.299127788
A97Q,0.3062340852
A97P,0.3109857571
A97M,0.3651288642
A97L,0.3783410413
A97K,0.274806713
A97I,0.3575823728
A97H,0.2809824755
A97G,0.3489466493
A97F,0.3088903075
A97E,0.3313206829
A97D,0.3096983207
A97W,0.2482214986
A97Y,0.3093705287
A97C,0.3583807754
G98C,0.242138846
G98F,0.2206132959
G98H,0.2279909356
G98I,0.223889308
G98K,0.2311537823
G98L,0.2691218333
G98M,0.2414330574
G98E,0.2679577281
G98N,0.2787325482
G98Q,0.2379310501
G98R,0.2457375961
G98S,0.2689891113
G98T,0.2408353224
G98V,0.2368681171
G98W,0.2127293094
G98P,0.2133986791
G98D,0.2689928584
G98A,0.2709132226
G98Y,0.219378007
D99E,0.3630209834
D99F,0.2402837065
D99G,0.2842491733
D99H,0.2840633554
D99I,0.2590941328
D99K,0.2891493421
D99L,0.2814382204
D99W,0.1853341938
D99A,0.302125653
D99N,0.3291200899
D99P,0.2778752066
D99Q,0.3048770684
D99R,0.288279513
D99S,0.3109055135
D99T,0.2936505352
D99V,0.2775196697
D99M,0.2631387555
D99C,0.2392292623
D99Y,0.2466338488
P100K,0.2525610036
P100D,0.249327933
P100E,0.2581653071
P100F,0.2363867571
P100G,0.2775833914
P100H,0.2338103693
P100I,0.251261921
P100Y,0.2307047355
P100L,0.2666328845
P100M,0.2352621816
P100N,0.2267417745
P100Q,0.2499142532
P100R,0.2481292941
P100S,0.2789979754
P100T,0.2634071115
P100V,0.2692885632
P100C,0.2249345756
P100A,0.2979731593
P100W,0.2078761938
G101A,0.3881829327
G101C,0.3296686021
G101D,0.3786117533
G101E,0.369041557
G101F,0.3328835153
G101H,0.3472642792
G101K,0.3653256169
G101L,0.3567277114
G101M,0.3309435249
G101I,0.322669861
G101P,0.3359628846
G101N,0.3765663868
G101W,0.3118413206
G101V,0.3450706064
G101T,0.3963442523
G101Y,0.3402717139
G101R,0.3748780606
G101Q,0.3511975523
G101S,0.4178277716
S102M,0.3194097626
S102E,0.3607161505
S102F,0.3130840459
S102G,0.3684586081
S102H,0.3256494343
S102I,0.3205845194
S102K,0.3422636725
S102L,0.3364230517
S102A,0.3923814707
S102C,0.3348330007
S102P,0.3746141026
S102Q,0.3405450108
S102R,0.3326994669
S102T,0.3677686176
S102V,0.3409907851
S102W,0.2871188874
S102Y,0.3150978453
S102D,0.3688792165
S102N,0.3561336426
D103C,0.3162893283
D103A,0.3663146397
D103W,0.2948353551
D103E,0.4041603802
D103F,0.3210645006
D103G,0.3714637433
D103H,0.3500771432
D103I,0.3317784879
D103K,0.3623788685
D103L,0.3493202365
D103Y,0.3265250142
D103N,0.3689116598
D103P,0.3746003776
D103Q,0.3655416805
D103R,0.3593357792
D103S,0.3831085777
D103T,0.367454007
D103V,0.3496244125
D103M,0.3224350213
K104W,0.2773606759
K104V,0.323512379
K104T,0.3794420873
K104S,0.3646917522
K104R,0.3981016631
K104Q,0.3511055397
K104P,0.3355734212
K104N,0.3420283614
K104H,0.3350930901
K104L,0.3276111268
K104I,0.3112538034
K104G,0.3516459461
K104F,0.2901447619
K104E,0.3366782838
K104D,0.3187784828
K104Y,0.3068216429
K104A,0.3385420885
K104M,0.3168693599
K104C,0.30196068
E105N,0.3511067251
E105P,0.3027559079
E105F,0.2661885511
E105G,0.3711382614
E105H,0.3251021351
E105I,0.2721838736
E105K,0.3468225527
E105L,0.2906848156
E105D,0.4054178743
E105M,0.2787656435
E105R,0.338263142
E105S,0.3527348314
E105T,0.3333376801
E105V,0.3010678304
E105W,0.2530847109
E105Y,0.2847107962
E105Q,0.346152038
E105C,0.2755317171
E105A,0.3407302851
T106Y,0.3264189181
T106C,0.3387014799
T106F,0.3515276169
T106G,0.3326880694
T106H,0.3219731107
T106I,0.4012002827
T106K,0.300996213
T106L,0.4141968818
T106M,0.4060960192
T106A,0.3920516663
T106N,0.3551254649
T106D,0.346059609
T106W,0.2928438332
T106V,0.4065692145
T106E,0.3209253396
T106R,0.3049968417
T106Q,0.3499064208
T106P,0.3571960378
T106S,0.3639575307
S107T,0.3416942989
S107R,0.2260176367
S107Q,0.2324581841
S107P,0.3148881606
S107N,0.3605450009
S107M,0.2114336263
S107L,0.2316266357
S107I,0.2034590612
S107H,0.2573885709
S107G,0.3183216616
S107E,0.2240542037
S107D,0.3166688463
S107C,0.2812785883
S107A,0.2881037128
S107Y,0.2085856764
S107K,0.217820731
S107F,0.1914961033
S107W,0.1660644699
S107V,0.2204112283
S108D,0.2737696648
S108E,0.2194414107
S108F,0.1799508147
S108G,0.2882977576
S108H,0.2139549102
S108I,0.1913786515
S108K,0.1771228263
S108C,0.253684813
S108A,0.2917621087
S108N,0.2775142635
S108P,0.2664270677
S108Q,0.2018500243
S108R,0.1872809908
S108T,0.3316871394
S108V,0.2054314383
S108W,0.1459231957
S108M,0.1995306496
S108L,0.1982303759
S108Y,0.1830519265
M109C,0.2873102854
M109Y,0.3238715242
M109W,0.3067847846
M109V,0.3476293458
M109T,0.3393566129
M109R,0.3102106353
M109Q,0.3255753766
M109P,0.2913751472
M109N,0.2946890237
M109S,0.3195674944
M109K,0.3053669045
M109D,0.3146807874
M109L,0.4295926548
M109E,0.345276594
M109F,0.3526481561
M109A,0.3353183973
M109H,0.3037556314
M109I,0.3558594205
M109G,0.2828032057
M110L,0.4154247344
M110W,0.2661022315
M110T,0.3937024547
M110S,0.3442027579
M110R,0.2760612088
M110Q,0.3566341809
M110P,0.2532217034
M110N,0.3190142246
M110V,0.4168916104
M110K,0.2869240516
M110H,0.3199177778
M110G,0.3130394882
M110F,0.3291571578
M110E,0.3786551257
M110D,0.3432191042
M110C,0.2914261237
M110A,0.4085507701
M110Y,0.3060426323
M110I,0.3932947126
I111P,0.2079303489
I111Q,0.263979676
I111V,0.4182718082
I111S,0.2630457642
I111T,0.3491253661
I111N,0.2294741835
I111R,0.2090653099
I111M,0.3830117164
I111F,0.3183656288
I111K,0.2042725585
I111H,0.2265400036
I111G,0.2268080615
I111E,0.2129839646
I111D,0.1679218408
I111C,0.2960508937
I111A,0.3302740337
I111Y,0.2656918322
I111L,0.4482203851
I111W,0.2393799263
S113L,0.2956445827
S113M,0.3039208834
S113D,0.3793312784
S113E,0.3763602287
S113F,0.3210520449
S113G,0.3639375316
S113H,0.4174494831
S113I,0.267255107
S113C,0.3255041206
S113K,0.3244874715
S113A,0.4235585896
S113N,0.3836838415
S113P,0.1773688823
S113Q,0.3563697834
S113R,0.3275223379
S113T,0.3657141753
S113Y,0.3738845505
S113V,0.3052866971
S113W,0.3185615401
T114D,0.2587734085
T114V,0.3165333768
T114S,0.3709576104
T114R,0.2492853886
T114Q,0.3167995611
T114P,0.1653941973
T114N,0.3241540819
T114C,0.3176543786
T114M,0.3211927585
T114K,0.2486041877
T114I,0.3006214981
T114H,0.3417811122
T114G,0.2727631419
T114F,0.3179838592
T114E,0.293294699
T114L,0.3211093966
T114A,0.3676203201
T114W,0.2674583535
T114Y,0.3592214458
A115D,0.179668362
A115W,0.2273845107
A115V,0.4472773903
A115T,0.3800303505
A115S,0.3311182517
A115R,0.2000896566
A115Q,0.2328695079
A115P,0.1990924601
A115N,0.2416952243
A115L,0.3951986977
A115K,0.2054002739
A115I,0.437939128
A115H,0.2025339353
A115G,0.2853464419
A115F,0.3121880332
A115E,0.2118103933
A115M,0.3812229639
A115Y,0.2480801316
A115C,0.3658463509
V116C,0.3464481009
V116A,0.3939726493
V116Y,0.3560072236
V116W,0.3338125697
V116T,0.3781980609
V116S,0.375668593
V116R,0.4200192845
V116Q,0.5269395245
V116P,0.2766731777
V116D,0.31429558
V116M,0.4145196112
V116L,0.444588028
V116K,0.4208369084
V116I,0.4012837659
V116H,0.4056378615
V116G,0.336265823
V116F,0.3448436513
V116E,0.4035172692
V116N,0.3736661622
N117P,0.2347769047
N117Q,0.3696994744
N117V,0.3187205325
N117S,0.3691072039
N117T,0.3637040016
N117M,0.3214765277
N117R,0.3643929975
N117L,0.34055788
N117G,0.3372771608
N117I,0.2984805222
N117H,0.366213265
N117F,0.2891563
N117E,0.3460122987
N117D,0.3361096092
N117C,0.3034697082
N117W,0.2556192183
N117K,0.3665666451
N117A,0.3603692846
N117Y,0.3106717652
Y118V,0.4524104126
Y118W,0.3320941799
Y118C,0.4029880232
Y118D,0.3773021638
Y118E,0.4278017635
Y118F,0.3965654249
Y118G,0.3810602128
Y118H,0.4353340874
Y118I,0.4440936799
Y118A,0.4203183949
Y118L,0.4566587502
Y118K,0.4211268996
Y118S,0.4218608552
Y118R,0.420833728
Y118T,0.4389322131
Y118P,0.2971499621
Y118N,0.4244677173
Y118M,0.4250881721
Y118Q,0.4631449136
C119Y,0.3206340415
C119Q,0.2867744878
C119W,0.27069023
C119V,0.4171974777
C119T,0.3987036888
C119S,0.3761628254
C119R,0.2817072251
C119P,0.2432628157
C119I,0.3876753714
C119L,0.4088330214
C119K,0.2810013094
C119H,0.3253765538
C119G,0.3638986639
C119F,0.343755564
C119E,0.2566992475
C119A,0.4082409822
C119N,0.3065490573
C119D,0.2462544284
C119M,0.3636827534
G120C,0.2831662614
G120A,0.2970257361
G120D,0.3343352539
G120E,0.3128329267
G120F,0.2432033548
G120H,0.3329902056
G120K,0.3438441779
G120L,0.2529451379
G120M,0.2417994223
G120I,0.1886038161
G120P,0.2426065681
G120Q,0.3272777849
G120R,0.3400006274
G120S,0.32548484
G120T,0.2677227033
G120V,0.2192357118
G120W,0.2125872108
G120N,0.3638646695
G120Y,0.2662441638
L121P,0.2429772113
L121Q,0.251410521
L121R,0.2584852916
L121V,0.3531638224
L121T,0.2889883511
L121M,0.3598990044
L121S,0.2416144971
L121K,0.2783395105
L121A,0.2934730176
L121H,0.2299807191
L121G,0.2143094541
L121F,0.2971634912
L121E,0.1940590697
L121D,0.1606161633
L121C,0.2885176481
L121W,0.2177179916
L121I,0.3523737468
L121Y,0.2647521646
L121N,0.2098945835
E122C,0.1893030685
E122Y,0.2995726309
E122A,0.2384034311
E122W,0.203699295
E122V,0.2030161858
E122S,0.254921846
E122R,0.2129556064
E122Q,0.2901717662
E122P,0.2683644651
E122T,0.237445244
E122N,0.2768174357
E122M,0.1951929396
E122L,0.2048633078
E122K,0.2385931117
E122I,0.1778169201
E122H,0.2755230717
E122G,0.2568575225
E122F,0.2492966441
E122D,0.3679548803
T123N,0.2166117868
T123P,0.3338698781
T123Q,0.1588986343
T123R,0.1521690846
T123Y,0.1582154557
T123V,0.3375475028
T123W,0.114914617
T123M,0.2252331117
T123S,0.3325297623
T123L,0.2387108659
T123K,0.1445588459
T123I,0.2613570593
T123H,0.1605243061
T123G,0.2458563691
T123F,0.18599008
T123E,0.1428490721
T123D,0.1396732261
T123C,0.2939426963
T123A,0.3226096671
I124S,0.360092787
I124R,0.271581021
I124Q,0.3053202737
I124P,0.2399135671
I124N,0.3326309027
I124M,0.409007488
I124L,0.3846718929
I124K,0.2713878015
I124E,0.2722184824
I124G,0.3290167015
I124F,0.3091142557
I124W,0.2388895393
I124D,0.2534644017
I124C,0.3618890048
I124A,0.373548365
I124V,0.4281853792
I124Y,0.2700881638
I124H,0.2856588117
I124T,0.3613252946
L125Y,0.2893067761
L125M,0.381135894
L125S,0.2306009954
L125R,0.1770395593
L125Q,0.235404167
L125P,0.2896141324
L125N,0.1999463972
L125K,0.1744274235
L125I,0.3443525227
L125H,0.2346466243
L125G,0.1859916601
L125F,0.3565779987
L125E,0.2137725758
L125D,0.1762760258
L125C,0.2772899938
L125W,0.2515035289
L125T,0.2567467674
L125V,0.3154560986
L125A,0.2647943088
M127F,0.4035656579
M127D,0.2215405534
M127A,0.3020775173
M127K,0.2694655232
M127L,0.4738279814
M127N,0.2718862551
M127P,0.2580462678
M127Q,0.3175306398
M127R,0.2747782684
M127S,0.2795062085
M127C,0.3036574603
M127T,0.3116892846
M127V,0.3957604302
M127W,0.3138905441
M127Y,0.3716944138
M127E,0.265331941
M127G,0.229860825
M127I,0.4279676545
M127H,0.3218419557
T128W,0.08421312186
T128D,0.188052453
T128E,0.1503868894
T128F,0.161705227
T128G,0.2270399172
T128H,0.1754873884
T128I,0.2932793172
T128K,0.1786139205
T128L,0.2412197013
T128C,0.2599102313
T128M,0.2211428063
T128P,0.277532809
T128Q,0.1661232433
T128R,0.1844692117
T128S,0.3065066042
T128V,0.3203327423
T128Y,0.1565473627
T128N,0.2613218315
T128A,0.3040232814
C129W,0.192455979
C129R,0.2046343269
C129Q,0.1871249607
C129P,0.1894438266
C129N,0.2258996024
C129M,0.2316750707
C129L,0.2506958909
C129S,0.2996700773
C129K,0.1770252929
C129H,0.1860230299
C129G,0.343248654
C129F,0.2440461524
C129E,0.1772833585
C129D,0.1867128007
C129A,0.3485327754
C129I,0.2218422349
C129T,0.2798088615
C129V,0.2715867899
C129Y,0.2267488571
C130V,0.3867437466
C130A,0.3581596404
C130D,0.2548924736
C130E,0.2561524658
C130F,0.2799238013
C130G,0.3222102114
C130H,0.2885486768
C130T,0.4207411024
C130I,0.3523369051
C130L,0.319428345
C130M,0.3135217043
C130N,0.32653736
C130P,0.265018059
C130Q,0.2980667545
C130R,0.3209214682
C130S,0.3802122969
C130Y,0.2802640722
C130K,0.301882005
C130W,0.2446359819
R131Y,0.3897181763
R131W,0.3589876642
R131I,0.3444154734
R131S,0.4265040514
R131Q,0.3878670412
R131P,0.3289541975
R131N,0.4994756163
R131M,0.3592244267
R131L,0.3720730811
R131K,0.392489264
R131T,0.3909567729
R131V,0.3652679413
R131G,0.4261178552
R131F,0.3791712365
R131E,0.3590485549
R131D,0.4065162141
R131C,0.4063265914
R131A,0.3990408256
R131H,0.4167954372
Q132Y,0.3890305798
Q132W,0.3587349534
Q132T,0.4024077689
Q132R,0.3818507973
Q132S,0.3945969842
Q132V,0.361335524
Q132A,0.3676850245
Q132C,0.3447196609
Q132E,0.3386208069
Q132F,0.3842566391
Q132G,0.3143722456
Q132D,0.3249217066
Q132I,0.3610283295
Q132K,0.3629096671
Q132L,0.3973888198
Q132M,0.4194080356
Q132N,0.3651084632
Q132P,0.2746968379
Q132H,0.3850432567
R133N,0.4186653657
R133Y,0.3137706363
R133W,0.2492907057
R133V,0.3320366199
R133S,0.4787946125
R133Q,0.3657250668
R133P,0.4616969611
R133M,0.3148262138
R133T,0.4989401569
R133K,0.4164898619
R133A,0.3829528785
R133C,0.3417055077
R133D,0.3927303749
R133E,0.3783758525
R133L,0.3379677672
R133F,0.2864440704
R133G,0.3965118781
R133H,0.3478391845
R133I,0.3068183179
L134E,0.3912550968
L134F,0.3570290423
L134G,0.3522165145
L134H,0.4000836351
L134I,0.3599464296
L134K,0.4802523404
L134M,0.3805900996
L134N,0.3437863274
L134Q,0.4083195214
L134Y,0.3784752899
L134R,0.4860072053
L134D,0.3419130912
L134T,0.3543379163
L134V,0.3677880182
L134W,0.3768867655
L134C,0.3147496176
L134A,0.3782546262
L134P,0.3728753349
L134S,0.3677844793
E135W,0.2744168607
E135V,0.2972530816
E135C,0.2656295523
E135D,0.3950106521
E135Y,0.281716204
E135G,0.3400854147
E135I,0.2686588096
E135K,0.3338277823
E135L,0.282429776
E135F,0.2631660291
E135A,0.3470450596
E135M,0.2611005565
E135T,0.3301591553
E135S,0.3763474043
E135H,0.3334191843
E135Q,0.3318957083
E135P,0.3489304855
E135N,0.3349162975
E135R,0.3109613878
E136L,0.3281486274
E136C,0.2650730804
E136D,0.4028578859
E136F,0.3096219992
E136G,0.2923777302
E136H,0.3308831922
E136I,0.3106973185
E136K,0.3178017538
E136A,0.3226659433
E136M,0.3084637575
E136P,0.2266556641
E136Q,0.351028981
E136R,0.3063801275
E136S,0.3209531394
E136T,0.3457395859
E136V,0.3424511297
E136W,0.2856183422
E136Y,0.3218351698
E136N,0.3286861656
I137G,0.1655305928
I137F,0.2438785331
I137A,0.2820390635
I137D,0.1496103062
I137C,0.2358554637
I137H,0.177321877
I137E,0.1819996936
I137K,0.1773118847
I137Q,0.2210675128
I137N,0.2020060988
I137P,0.1457676116
I137R,0.1721372972
I137S,0.2260557158
I137T,0.3040830114
I137V,0.3997104845
I137W,0.1814819434
I137Y,0.1927248298
I137L,0.3366751828
I137M,0.3115114222
T138A,0.3684273532
T138C,0.327460045
T138I,0.3762128391
T138E,0.4038114238
T138F,0.3253561528
T138G,0.3373576574
T138H,0.3870869232
T138K,0.4634760754
T138L,0.3797921713
T138M,0.362275334
T138D,0.3586262869
T138P,0.2754200552
T138Q,0.4086900236
T138R,0.4533442723
T138S,0.3778974817
T138V,0.3830370499
T138W,0.3175565689
T138Y,0.3693548926
T138N,0.3662603614
G139P,0.3639898264
G139W,0.343954809
G139V,0.3853169295
G139T,0.3942059075
G139S,0.4133987135
G139R,0.3883269076
G139Q,0.3982385949
G139E,0.4360333619
G139F,0.3680948541
G139M,0.3599836926
G139L,0.3933291161
G139K,0.3855633489
G139I,0.3690750267
G139H,0.3849359839
G139C,0.3418777365
G139N,0.3879776853
G139A,0.4096264913
G139Y,0.3720598737
G139D,0.4192197139
H140C,0.411466599
H140W,0.4447820108
H140V,0.4679723606
H140T,0.4760056912
H140S,0.4180065318
H140R,0.3893560241
H140Q,0.3959054345
H140P,0.342366007
H140A,0.4327726245
H140M,0.4422890716
H140D,0.3576595068
H140N,0.4036539928
H140E,0.3479422072
H140F,0.4347542958
H140Y,0.4352935283
H140I,0.4708854485
H140L,0.4727855621
H140K,0.3652080105
H140G,0.3647080244
H142Y,0.3816296421
H142W,0.3628091772
H142V,0.4021186046
H142T,0.4016911901
H142S,0.3895228981
H142R,0.4442229035
H142N,0.3952406966
H142M,0.3858946105
H142L,0.4102650919
H142I,0.3948637872
H142G,0.3669238387
H142F,0.3543308789
H142E,0.4288212287
H142D,0.3806763354
H142P,0.251008766
H142K,0.4385338532
H142Q,0.4232743926
H142A,0.4076285247
H142C,0.3462953653
K143W,0.2765458595
K143Y,0.3014852671
K143V,0.3393130555
K143T,0.3623220025
K143S,0.3342889657
K143R,0.4013192422
K143P,0.1919199666
K143N,0.3202038195
K143M,0.3390193229
K143Q,0.3878140004
K143I,0.3345031298
K143L,0.3535028435
K143C,0.2882772476
K143D,0.3469292849
K143E,0.3841852212
K143A,0.3529138402
K143G,0.2908093871
K143H,0.3372563493
K143F,0.2889893045
A144Q,0.1183135502
A144Y,0.1971636162
A144W,0.1440788855
A144V,0.2860948573
A144T,0.2398986167
A144S,0.2589709251
A144R,0.1074743814
A144P,0.1543542054
A144G,0.2907045781
A144M,0.2318402966
A144C,0.2744397415
A144N,0.1189605992
A144E,0.1273835234
A144F,0.1984830651
A144D,0.08739430595
A144H,0.1247144175
A144I,0.2455210198
A144K,0.09338259678
A144L,0.2332683425
K145A,0.3134830029
K145C,0.2455439256
K145D,0.2338981429
K145E,0.2899196441
K145F,0.2942574212
K145G,0.2506788214
K145H,0.3585512447
K145I,0.2460686727
K145Y,0.3355821861
K145L,0.2869107647
K145V,0.277521789
K145T,0.2605817538
K145S,0.3025347975
K145W,0.3043359941
K145Q,0.3536740675
K145P,0.1131204998
K145N,0.2911526201
K145M,0.2713335709
K145R,0.3757836131
Q146K,0.4125142024
Q146V,0.3589449945
Q146R,0.4106317141
Q146P,0.2460236393
Q146N,0.3785377477
Q146M,0.3608009175
Q146L,0.3773509284
Q146I,0.3436586882
Q146D,0.3972236979
Q146G,0.375105594
Q146F,0.3254929516
Q146E,0.4266982251
Q146T,0.3772471772
Q146C,0.3226793271
Q146Y,0.330588734
Q146A,0.4236185349
Q146W,0.2929363315
Q146H,0.3562616634
Q146S,0.4111401427
L147A,0.3589683518
L147C,0.3346155882
L147E,0.266379887
L147Y,0.3276402493
L147W,0.2948482142
L147V,0.3559028376
L147T,0.2949006045
L147S,0.3120517274
L147R,0.2727727164
L147D,0.2376675229
L147Q,0.2940210837
L147N,0.3112073995
L147M,0.377547619
L147K,0.24576114
L147I,0.3614912333
L147H,0.3022000519
L147F,0.3398589424
L147P,0.1401148412
L147G,0.2619062537
L149N,0.1623078167
L149G,0.1510395794
L149V,0.3737244623
L149T,0.220155877
L149S,0.178145551
L149R,0.1320893301
L149Q,0.2003997655
L149P,0.1664191705
L149M,0.3352465775
L149K,0.1343168309
L149I,0.4147041453
L149H,0.2121742571
L149F,0.3255438673
L149E,0.133443567
L149D,0.09393083516
L149A,0.2362702274
L149C,0.2715259649
L149W,0.1801592116
L149Y,0.2723112526
K150V,0.3905199558
K150W,0.3467794666
K150Y,0.3939622406
K150R,0.429496543
K150Q,0.3988546897
K150T,0.3983252529
K150S,0.3752691142
K150A,0.3749748496
K150C,0.3605567938
K150P,0.3160472545
K150D,0.3606059806
K150F,0.3838022893
K150E,0.4096828254
K150N,0.3627112721
K150M,0.4064539934
K150L,0.4077135462
K150I,0.3689424029
K150H,0.3875789871
K150G,0.3507073504
M153Y,0.2927274701
M153E,0.2336901849
M153W,0.2353718785
M153F,0.3701188887
M153V,0.4630423304
M153D,0.1843882874
M153C,0.3928829197
M153A,0.364443679
M153G,0.2642894668
M153H,0.2763856094
M153I,0.4140751958
M153K,0.2246818543
M153L,0.4988154597
M153N,0.2924479627
M153P,0.2507412459
M153Q,0.3022885704
M153R,0.2243737115
M153S,0.3058143558
M153T,0.3561808401
A154R,0.0859407028
A154S,0.2618038074
A154T,0.2557933808
A154Y,0.1153506905
A154W,0.0634790551
A154Q,0.1078630197
A154V,0.297672812
A154P,0.2410383097
A154I,0.2247234421
A154M,0.1884780717
A154L,0.2074646357
A154K,0.07730849504
A154H,0.09605223648
A154G,0.2586843416
A154F,0.1468791193
A154E,0.1139291904
A154D,0.1044489308
A154C,0.2718891228
A154N,0.1535461708
L155S,0.1297034486
L155R,0.1247929174
L155Q,0.1863998015
L155K,0.1017115377
L155N,0.1367033924
L155M,0.2611992078
L155T,0.1598833306
L155I,0.2699002747
L155P,0.1616704755
L155V,0.2493816012
L155C,0.1628529925
L155F,0.2400068623
L155E,0.1057476022
L155D,0.05513708084
L155A,0.1378999265
L155Y,0.1670339225
L155G,0.09165870886
L155W,0.1300237117
L155H,0.1588957795
R156C,0.2181916095
R156D,0.07650226168
R156A,0.1669611827
R156M,0.1552003149
R156F,0.1148083283
R156E,0.09493152261
R156Y,0.1451190589
R156W,0.1806265821
R156T,0.1726815082
R156S,0.1864526365
R156Q,0.210105637
R156V,0.1467970053
R156N,0.1439622165
R156L,0.1639475268
R156K,0.2406525286
R156I,0.133100565
R156H,0.2270787833
R156G,0.1888633299
R156P,0.1416555635
P159H,0.3166806363
P159C,0.2936517857
P159A,0.338613836
P159D,0.2756450472
P159E,0.2924895887
P159F,0.3114728682
P159G,0.2988210417
P159I,0.3466000357
P159K,0.3538074705
P159V,0.3544763429
P159M,0.3405839768
P159N,0.2974979151
P159Q,0.3215391011
P159R,0.3557535326
P159S,0.3246187826
P159T,0.333210466
P159W,0.2461307416
P159L,0.3878761748
P159Y,0.317928913
I160K,0.375570688
I160H,0.3553906315
I160E,0.3411088309
I160L,0.4078316845
I160F,0.3731573114
I160G,0.3505793527
I160M,0.37654066
I160T,0.3827785449
I160P,0.4612906429
I160Q,0.3657038736
I160R,0.3776841156
I160S,0.3837115604
I160V,0.4147328906
I160Y,0.3656085418
I160N,0.3166641241
I160D,0.3193060287
I160W,0.3287038286
I160A,0.3954444578
I160C,0.3464416186
G161A,0.390094889
G161Y,0.3301055405
G161W,0.3043585476
G161V,0.3583011491
G161S,0.3941357357
G161R,0.3953060862
G161Q,0.3832975094
G161P,0.4012288082
G161N,0.3705889267
G161K,0.4154426402
G161I,0.3401645104
G161H,0.3552710706
G161F,0.3210382274
G161E,0.4059711643
G161D,0.3833845317
G161C,0.3102126129
G161L,0.3541360981
G161T,0.3776929803
G161M,0.3343365131
D162W,0.2961471623
D162T,0.3755043848
D162S,0.3940182334
D162R,0.3694682834
D162Q,0.3666089303
D162P,0.3862451223
D162N,0.3865902737
D162V,0.3488691278
D162M,0.3384352262
D162K,0.3800677291
D162I,0.3348190589
D162H,0.3506531039
D162G,0.4336386169
D162F,0.3248626606
D162E,0.401924801
D162L,0.3478626676
D162C,0.3093828109
D162A,0.3780756607
D162Y,0.326341547
Q163C,0.3560447468
Q163V,0.3845710387
Q163T,0.3956977816
Q163S,0.4095474896
Q163R,0.4057767651
Q163P,0.3948484576
Q163N,0.4049342992
Q163M,0.3682532914
Q163L,0.3850242898
Q163I,0.372010554
Q163H,0.3888920809
Q163G,0.4363961791
Q163F,0.3634688322
Q163E,0.4261343818
Q163D,0.4265979202
Q163W,0.3348838355
Q163K,0.4057493788
Q163A,0.3972894923
Q163Y,0.3715534516
W164L,0.383720668
W164V,0.385555554
W164T,0.3869094439
W164S,0.3926704152
W164R,0.3850701284
W164Q,0.3731849464
W164P,0.3986004175
W164Y,0.3897387565
W164N,0.3712706655
W164C,0.3392984805
W164K,0.3948076036
W164I,0.3672492888
W164H,0.3671212159
W164G,0.3991097541
W164F,0.3814800001
W164M,0.3598001069
W164E,0.4173175388
W164A,0.3919608333
W164D,0.400601287
E165D,0.393076411
E165F,0.3366569633
E165G,0.4023046826
E165H,0.3697813646
E165I,0.3585068012
E165K,0.4074649641
E165Y,0.3403485588
E165W,0.3184621634
E165P,0.393502565
E165Q,0.3852866345
E165R,0.3968543984
E165S,0.4017016161
E165T,0.3962813088
E165V,0.3835743857
E165M,0.3476312945
E165L,0.3679548055
E165N,0.3788437625
E165A,0.389107494
E165C,0.3350513572
E166Y,0.3664253445
E166W,0.3417428344
E166V,0.400665682
E166T,0.4044760982
E166S,0.4065030125
E166R,0.404482274
E166Q,0.3842775837
E166P,0.4385962242
E166C,0.3568381069
E166K,0.4156305687
E166I,0.3690442344
E166H,0.3800947223
E166G,0.4066825967
E166F,0.3544733273
E166D,0.3969105532
E166A,0.4034430033
E166L,0.3789534698
E166M,0.3638049512
E166N,0.3852772783
E167M,0.3718618083
E167C,0.3785456294
E167D,0.392796655
E167F,0.3584652995
E167G,0.4206712603
E167H,0.4008429242
E167I,0.3754707474
E167K,0.4361787681
E167L,0.3772138521
E167Y,0.3687851453
E167N,0.4072060311
E167P,0.4097357303
E167Q,0.4038501961
E167R,0.4292189381
E167S,0.4284383691
E167T,0.4323492462
E167V,0.4093563691
E167W,0.3396123596
E167A,0.4154131085
E168C,0.3283357029
E168A,0.3903826077
E168D,0.3872446955
E168H,0.3533824239
E168I,0.3409527414
E168K,0.3994079855
E168L,0.3462279461
E168M,0.3293201083
E168N,0.3682593284
E168G,0.3927727498
E168P,0.4131037955
E168R,0.382122556
E168S,0.3932746846
E168T,0.3893455691
E168V,0.3688332796
E168W,0.2821383174
E168Y,0.3199458552
E168Q,0.375169856
E168F,0.3108729214
G169E,0.3357144875
G169A,0.3287516275
G169F,0.2704167712
G169H,0.3176233695
G169I,0.2718248324
G169K,0.3384493646
G169L,0.2862920345
G169M,0.2731626699
G169C,0.2956625405
G169N,0.3591981564
G169P,0.3127979811
G169Q,0.3111826717
G169R,0.3304376406
G169S,0.3501354982
G169T,0.3340900474
G169V,0.2938686763
G169W,0.2489525976
G169D,0.3476593748
G169Y,0.2829869475
G170V,0.3098661113
G170K,0.3594471288
G170C,0.3064300139
G170D,0.372121467
G170E,0.3589568517
G170F,0.2807022655
G170H,0.351873627
G170I,0.2891512113
G170Y,0.3057427528
G170A,0.3387488538
G170L,0.3053671966
G170N,0.364468946
G170P,0.3484714271
G170Q,0.3417606592
G170R,0.3588757566
G170S,0.355563187
G170T,0.3324017068
G170M,0.2954047265
G170W,0.2503913962
F171Y,0.316164112
F171A,0.1876564728
F171C,0.2134692022
F171W,0.2681985138
F171D,0.1210483401
F171E,0.1307747993
F171G,0.1506918751
F171H,0.2059890256
F171K,0.1521797824
F171L,0.3177592864
F171M,0.3041462195
F171I,0.2772546087
F171P,0.1884792894
F171Q,0.1645543914
F171R,0.1629111637
F171S,0.1774661108
F171T,0.1916271015
F171V,0.2525770369
F171N,0.1519622875
N172A,0.4002711531
N172H,0.3853669663
N172C,0.349634558
N172D,0.3857043227
N172E,0.4061944533
N172F,0.329535932
N172G,0.3770089112
N172I,0.3524278509
N172Y,0.3457581162
N172L,0.3855250797
N172M,0.3578036726
N172P,0.3721852923
N172Q,0.4124726429
N172R,0.4311549154
N172S,0.3990690273
N172T,0.3864026054
N172V,0.3658555394
N172K,0.4303073694
N172W,0.2988256938
Y173A,0.217280914
Y173R,0.2956489316
Y173W,0.2501175503
Y173V,0.1920015478
Y173T,0.2739805515
Y173S,0.2942747794
Y173Q,0.2451539349
Y173P,0.1599406579
Y173M,0.2123113541
Y173N,0.3020235343
Y173K,0.2638290369
Y173I,0.1774181272
Y173H,0.3485435249
Y173G,0.2271335726
Y173F,0.3201439527
Y173E,0.2171314224
Y173D,0.2838046325
Y173L,0.2400652882
Y173C,0.2923039794
A174W,0.05645109689
A174S,0.3290101284
A174V,0.2219876016
A174T,0.2550060773
A174C,0.2357426542
A174D,0.1316714759
A174R,0.1230204169
A174Y,0.09640839439
A174Q,0.1266162179
A174K,0.104217161
A174N,0.1665172855
A174E,0.1320751008
A174P,0.243546656
A174G,0.2828093254
A174H,0.1155746352
A174F,0.1047713646
A174L,0.1196874231
A174M,0.1447903277
A174I,0.1396152313
V175M,0.2877527289
V175Y,0.3180119481
V175W,0.2528524936
V175T,0.3565369669
V175S,0.3946978211
V175R,0.32967036
V175Q,0.2745396208
V175P,0.3003150525
V175N,0.3194198937
V175L,0.3235630634
V175H,0.3143872919
V175I,0.3506927551
V175G,0.3145049677
V175F,0.2861744166
V175E,0.2684577214
V175D,0.2608324249
V175C,0.3520988618
V175A,0.3832221565
V175K,0.3433820085
D176V,0.210614637
D176W,0.1594502127
D176Q,0.3100289665
D176T,0.2743410957
D176S,0.2791060213
D176R,0.2435514394
D176P,0.2375904308
D176F,0.1708688436
D176M,0.1943716124
D176L,0.2007248079
D176K,0.2728405361
D176I,0.1615326399
D176H,0.2854456625
D176G,0.2622767459
D176Y,0.2057206671
D176N,0.2979240922
D176A,0.2772443157
D176C,0.179453981
D176E,0.3740635304
L177W,0.1543885613
L177D,0.04273775735
L177E,0.081624697
L177F,0.2749570827
L177G,0.09305972731
L177H,0.1447612388
L177I,0.2432460975
L177K,0.1071668705
L177M,0.2902018122
L177P,0.1083412919
L177Q,0.1596390627
L177R,0.1255886372
L177S,0.1352582883
L177T,0.1795685363
L177V,0.2523466721
L177Y,0.1911856489
L177N,0.1045324139
L177C,0.2147448673
L177A,0.1866070616
V178T,0.2993962795
V178S,0.2312674522
V178A,0.2953273236
V178C,0.2760318188
V178D,0.106582176
V178E,0.1420675866
V178F,0.1615815231
V178G,0.1841550986
V178H,0.1178703516
V178K,0.1323136021
V178W,0.0765518318
V178L,0.2753023795
V178M,0.2518062607
V178N,0.1847281304
V178P,0.1608977893
V178Q,0.1500486281
V178R,0.1308679078
V178Y,0.1242739945
V178I,0.3525896883
K179R,0.4081877997
K179S,0.3413657443
K179T,0.3022969999
K179H,0.3211066745
K179W,0.2155530013
K179Y,0.2308180508
K179Q,0.3368834371
K179V,0.2217762504
K179P,0.2082233109
K179A,0.3212134558
K179M,0.2229265006
K179L,0.2304736627
K179I,0.191097562
K179G,0.3236714508
K179F,0.1876233111
K179E,0.304624343
K179D,0.2743827029
K179C,0.2529953453
K179N,0.3368403742
H180Y,0.3959877035
H180W,0.3155421277
H180V,0.3117870278
H180C,0.3001326059
H180D,0.2371634818
H180E,0.2757748924
H180F,0.3782082267
H180G,0.2752111359
H180I,0.2906134641
H180K,0.3021732134
H180T,0.3257700534
H180L,0.3349226887
H180M,0.3095419479
H180N,0.2724360467
H180P,0.1697243442
H180Q,0.2927743496
H180R,0.3090245446
H180S,0.2868137226
H180A,0.3521801767
I181Y,0.1647255838
I181W,0.1283753749
I181D,0.05356546751
I181V,0.327774238
I181T,0.2488990466
I181S,0.1875857215
I181R,0.1373038133
I181Q,0.1601166032
I181P,0.06002700571
I181C,0.2524801714
I181N,0.1331374786
I181L,0.3181564683
I181K,0.1435258828
I181H,0.1178351661
I181G,0.1217852319
I181F,0.2223115076
I181E,0.108295392
I181M,0.3211215157
I181A,0.2376065803
S183K,0.4206171323
S183C,0.3050032199
S183V,0.3190138169
S183T,0.3892332018
S183R,0.409145478
S183Q,0.4039198417
S183P,0.2333174275
S183N,0.393321194
S183A,0.3910922359
S183M,0.3128184052
S183I,0.2895248159
S183H,0.3584499525
S183G,0.3798884861
S183F,0.2827568119
S183E,0.4172706304
S183D,0.3895815105
S183L,0.3232614781
S183W,0.277791612
S183Y,0.3020227446
E184Y,0.29155086
E184V,0.3298051609
E184T,0.3807219312
E184S,0.3420982123
E184R,0.3307330588
E184Q,0.3553678741
E184P,0.1550541067
E184N,0.3764614761
E184M,0.3093196679
E184W,0.2271300275
E184K,0.335639866
E184I,0.3091394939
E184H,0.349057782
E184G,0.2728947248
E184F,0.2807570729
E184D,0.3247181796
E184C,0.3047322795
E184A,0.3304578536
E184L,0.3336093087
G186I,0.1810899157
G186H,0.2785142238
G186C,0.2325102081
G186E,0.2905096567
G186D,0.2921316276
G186K,0.2970772245
G186F,0.1960885033
G186L,0.2264318823
G186Q,0.2942106546
G186N,0.2851511942
G186P,0.2973221173
G186R,0.2801807438
G186S,0.318495733
G186T,0.2514730635
G186V,0.2088817489
G186A,0.3029534024
G186M,0.2164607153
G186W,0.2021173879
G186Y,0.2159246111
D187T,0.2882223983
D187A,0.2922492338
D187V,0.2169757243
D187W,0.2238507295
D187Y,0.2474742503
D187S,0.3482871634
D187Q,0.2886715207
D187P,0.3177098785
D187N,0.3275117659
D187R,0.2749289353
D187L,0.2140295397
D187M,0.1969198664
D187E,0.3596261564
D187F,0.2072593962
D187G,0.3194037386
D187C,0.2311332454
D187I,0.1872857667
D187K,0.2911725151
D187H,0.3020230988
Y188P,0.1845222802
Y188W,0.3113993556
Y188V,0.260871375
Y188T,0.2708642846
Y188S,0.2999029835
Y188R,0.2634797521
Y188Q,0.2774247514
Y188N,0.2764634069
Y188A,0.2922310678
Y188L,0.2644798746
Y188K,0.2536375716
Y188I,0.2352980449
Y188H,0.3369335375
Y188G,0.2506140853
Y188F,0.3817363468
Y188E,0.3105596538
Y188D,0.3344796828
Y188M,0.246640947
Y188C,0.2823516126
D190Y,0.3419607571
D190C,0.4528233591
D190V,0.3050073314
D190T,0.3703006992
D190S,0.4376846708
D190R,0.2988526638
D190Q,0.3309590396
D190P,0.2674512669
D190A,0.3901543572
D190M,0.2884893329
D190K,0.2851410037
D190W,0.3000763529
D190H,0.374400511
D190G,0.4606303518
D190F,0.3263094652
D190E,0.328482309
D190L,0.2805992399
D190I,0.2634792505
D190N,0.4089498818
C192D,0.2769455378
C192V,0.3688276416
C192T,0.3792739238
C192S,0.4321402749
C192R,0.2708726592
C192Q,0.2898722688
C192P,0.2679382248
C192N,0.3479214361
C192W,0.2666750985
C192Y,0.3022423906
C192L,0.3075017509
C192K,0.2470587407
C192I,0.3063656103
C192H,0.2994735003
C192G,0.4175153642
C192F,0.3023156676
C192E,0.2508821446
C192M,0.3213194406
C192A,0.4233411295
A194Y,0.1104552501
A194E,0.1597811339
A194W,0.08966403149
A194V,0.2251973239
A194T,0.2414147548
A194S,0.2984403686
A194R,0.1190764247
A194Q,0.1339545956
A194P,0.2454816752
A194N,0.1675703784
A194M,0.1640556493
A194L,0.1428547687
A194K,0.1072943695
A194I,0.1449474426
A194H,0.1219154463
A194G,0.3424656736
A194F,0.1311133766
A194D,0.1581954082
A194C,0.2671981781
P197M,0.195678965
P197W,0.1621420799
P197D,0.1629021207
P197E,0.1894675817
P197F,0.188344024
P197G,0.2259679067
P197H,0.2184438981
P197I,0.2174181356
P197Y,0.1911694218
P197K,0.1849727495
P197N,0.1951913074
P197Q,0.2318342889
P197R,0.2095183972
P197S,0.2663008761
P197T,0.2513957583
P197V,0.2370940078
P197L,0.237275558
P197C,0.2171862536
P197A,0.2667139151
K198Y,0.3813088759
K198C,0.3674489039
K198D,0.474586007
K198E,0.5350200321
K198F,0.3716328061
K198G,0.4093511069
K198H,0.3970099675
K198I,0.3875824683
K198L,0.4079403163
K198A,0.4163728627
K198N,0.424624414
K198P,0.3754526479
K198Q,0.4500333392
K198R,0.374612657
K198S,0.416886276
K198T,0.4235609258
K198V,0.4106714
K198W,0.3414929281
K198M,0.3863052439
G199N,0.2940874054
G199P,0.2033061857
G199T,0.2774828993
G199R,0.2778327693
G199S,0.3001831368
G199M,0.2259413112
G199Q,0.2547769602
G199L,0.2437875018
G199F,0.2206447919
G199I,0.2370288193
G199H,0.2474435805
G199E,0.2872519069
G199D,0.2961962937
G199C,0.2546906955
G199A,0.2876407169
G199V,0.2675172836
G199K,0.2957100586
G199W,0.203684321
G199Y,0.2259304284
H200C,0.2300888379
H200W,0.1755538445
H200V,0.1920556749
H200T,0.2036895107
H200S,0.2430049752
H200R,0.3175004252
H200Q,0.2510596523
H200P,0.1563473338
H200A,0.2056228858
H200N,0.2832203613
H200Y,0.2675137994
H200K,0.2337079427
H200I,0.1916088424
H200G,0.1682645167
H200F,0.2288938998
H200E,0.1774732951
H200D,0.2074839785
H200M,0.1884282546
H200L,0.2143417052
P201L,0.30873564
P201C,0.2360469956
P201Y,0.2490032872
P201W,0.2301769819
P201V,0.3023889441
P201T,0.2829381303
P201R,0.2936551015
P201Q,0.2947333005
P201N,0.2453636888
P201M,0.2663854941
P201S,0.2969060287
P201K,0.2974987097
P201D,0.2410860045
P201E,0.2836299366
P201F,0.2563687024
P201A,0.2988940955
P201H,0.260764849
P201I,0.2915702109
P201G,0.2417234544
E202N,0.2797726346
E202Y,0.2139393461
E202V,0.218993702
E202T,0.2443275749
E202S,0.2671092082
E202R,0.2330970749
E202Q,0.3186849656
E202P,0.2003302692
E202W,0.1790512542
E202M,0.2286569229
E202K,0.256715935
E202I,0.1918204211
E202H,0.2543934955
E202G,0.2680407029
E202F,0.1981571247
E202D,0.3526181723
E202C,0.2008147348
E202A,0.2612251312
E202L,0.2422119672
A203Q,0.2442669036
A203R,0.247243921
A203W,0.2109607093
A203T,0.3268841898
A203V,0.3019014359
A203P,0.2594369567
A203S,0.4121788409
A203D,0.2503322301
A203I,0.261731871
A203M,0.25990914
A203L,0.2571737541
A203K,0.2391574281
A203H,0.2455333608
A203G,0.3300043379
A203F,0.2485880268
A203E,0.2490770144
A203Y,0.2435706795
A203N,0.2674106197
A203C,0.3408274196
G204A,0.4392934863
G204V,0.4159837463
G204W,0.327330087
G204T,0.430368425
G204S,0.4480324523
G204R,0.4133377592
G204Q,0.4122691592
G204P,0.4948007749
G204N,0.3988039359
G204M,0.3686131595
G204Y,0.3635524196
G204K,0.4294462634
G204I,0.3835964116
G204H,0.3858765457
G204F,0.3621042965
G204E,0.4331406749
G204D,0.4207985467
G204C,0.3720006484
G204L,0.4082020133
S205D,0.4049865218
S205W,0.2041482009
S205V,0.2528762224
S205T,0.3524919133
S205Q,0.2581378496
S205P,0.2902053085
S205N,0.3650948885
S205M,0.2185184983
S205H,0.2895609543
S205K,0.2742227203
S205I,0.234218711
S205G,0.3474593231
S205F,0.2422392477
S205E,0.3190430508
S205Y,0.2555381232
S205L,0.2424173862
S205R,0.2669540594
S205A,0.2822014373
S205C,0.3008623142
F206D,0.3007001269
F206Y,0.3770393681
F206W,0.338267583
F206V,0.3912042678
F206T,0.3499129378
F206S,0.3183719261
F206R,0.3471931533
F206Q,0.3345974063
F206P,0.3846857711
F206N,0.2965364869
F206L,0.4175016132
F206K,0.3369616308
F206A,0.3477729969
F206I,0.4016265927
F206H,0.3348838644
F206G,0.2832537216
F206E,0.3448335433
F206C,0.3017434107
F206M,0.4037047408
E207M,0.2850221989
E207A,0.3332719595
E207Y,0.2659999794
E207W,0.2432151194
E207V,0.2977993573
E207T,0.3082258457
E207R,0.2854365563
E207Q,0.3299005751
E207P,0.2860399814
E207N,0.292357429
E207S,0.3140701384
E207K,0.3141835929
E207I,0.2742145105
E207H,0.2856446718
E207G,0.2834217045
E207F,0.250696279
E207D,0.367673984
E207C,0.2189032041
E207L,0.2937901703
A208I,0.343103594
A208H,0.3504758558
A208G,0.3584136436
A208C,0.2997572232
A208E,0.4315630276
A208D,0.4173731211
A208K,0.3715649821
A208F,0.3287766083
A208L,0.3595571108
A208W,0.3273966504
A208N,0.360539446
A208M,0.3462720499
A208V,0.3787600306
A208T,0.383219109
A208Y,0.3443325453
A208R,0.3540245866
A208Q,0.3767923069
A208P,0.3034123999
A208S,0.3778262691
D209K,0.1138192954
D209A,0.1700668497
D209C,0.1630461117
D209E,0.3004688894
D209F,0.07713221581
D209H,0.2093950243
D209I,0.07360772571
D209L,0.08067067665
D209G,0.2171613582
D209N,0.2287153827
D209M,0.1009124796
D209Y,0.1429355967
D209V,0.1155631865
D209T,0.1572606742
D209W,0.05600826679
D209R,0.09898541912
D209Q,0.1929364478
D209P,0.08124791816
D209S,0.2075439008
L210D,0.08354566883
L210I,0.3368638468
L210E,0.1645154944
L210F,0.287689386
L210G,0.1553925296
L210H,0.202199493
L210K,0.2308610744
L210Q,0.2061827971
L210N,0.1462251083
L210P,0.1364488724
L210V,0.3155839702
L210R,0.2229664478
L210S,0.1784540172
L210T,0.2176731668
L210C,0.2347212671
L210M,0.3223978649
L210A,0.2404774447
L210W,0.2151770876
L210Y,0.2547886092
K211A,0.3959418649
K211Y,0.3668253958
K211W,0.3297126885
K211V,0.3910183575
K211T,0.3693797057
K211R,0.4014111622
K211Q,0.4037178962
K211P,0.2896119596
K211N,0.372511737
K211M,0.3711239958
K211L,0.4175221009
K211I,0.3943048823
K211H,0.3706919147
K211G,0.3296476459
K211F,0.3703658401
K211E,0.3922641072
K211D,0.3305359909
K211C,0.3235237186
K211S,0.360198886
H212N,0.351673962
H212A,0.297743371
H212Y,0.3732199246
H212V,0.249199155
H212T,0.2516125778
H212S,0.2833737097
H212R,0.2935842645
H212Q,0.260498306
H212P,0.1826330849
H212M,0.2391502468
H212W,0.2559729301
H212K,0.2503928787
H212I,0.2297158778
H212G,0.2295285218
H212F,0.3184020179
H212E,0.1874622203
H212D,0.2069991484
H212C,0.3000491682
H212L,0.2690309144
L213D,0.05185487429
L213V,0.2671801245
L213T,0.1938186293
L213S,0.1418758912
L213R,0.1192882292
L213Q,0.1765572207
L213P,0.1326076908
L213N,0.1002661138
L213H,0.1471389061
L213K,0.1035763241
L213I,0.282269256
L213G,0.09930509319
L213F,0.2648548631
L213E,0.1098556413
L213W,0.1493744795
L213M,0.3143678716
L213Y,0.1854320892
L213A,0.2024498887
L213C,0.1899115397
K214W,0.226884302
K214Y,0.2769567878
K214V,0.3051224772
K214T,0.3065805232
K214S,0.311669008
K214R,0.3538647123
K214P,0.1706455372
K214N,0.3090475044
K214M,0.3010025305
K214Q,0.3631420608
K214I,0.2837817967
K214H,0.3130738426
K214G,0.2905503096
K214F,0.2328619529
K214E,0.3437810161
K214D,0.2767718837
K214C,0.2596704794
K214A,0.3371483362
K214L,0.3294645083
E215R,0.3011252407
E215Y,0.2460782219
E215W,0.2247675761
E215V,0.2916616002
E215T,0.331307401
E215S,0.3119355891
E215Q,0.3394970323
E215D,0.3573869682
E215N,0.2957587289
E215L,0.3333388142
E215K,0.3141407923
E215I,0.2799848807
E215H,0.2755258311
E215G,0.270255773
E215F,0.2239005111
E215C,0.2564560209
E215P,0.1989231928
E215A,0.3621462615
E215M,0.3229073528
V217G,0.1966245371
V217Y,0.1880848277
V217W,0.1570783819
V217T,0.2857017771
V217R,0.2321111158
V217Q,0.3401926666
V217P,0.1206024827
V217N,0.199238107
V217M,0.2903761704
V217L,0.28784225
V217K,0.2601555558
V217S,0.249248002
V217H,0.2174157789
V217F,0.2116611973
V217E,0.2763151029
V217D,0.1926574474
V217C,0.2781816544
V217A,0.3080932819
V217I,0.3704324563
S218E,0.4758241525
S218F,0.3075004672
S218G,0.3790525777
S218H,0.3563157017
S218I,0.321646932
S218K,0.3906424427
S218L,0.3668690024
S218M,0.33813611
S218N,0.4256697852
S218R,0.3664367189
S218Q,0.4029748389
S218T,0.3730785352
S218V,0.348828401
S218Y,0.3217136862
S218W,0.2814700116
S218C,0.3166037481
S218A,0.4350115229
S218P,0.2243220613
S218D,0.5039663762
A219C,0.3132811015
A219D,0.1869702518
A219S,0.337394142
A219Y,0.2160030872
A219T,0.2843865221
A219R,0.2045221084
A219Q,0.2364718223
A219P,0.11166207
A219N,0.2718121476
A219M,0.2180913664
A219W,0.1725996306
A219L,0.2516822494
A219I,0.2317727026
A219H,0.24060818
A219G,0.2711223884
A219F,0.1975913938
A219E,0.2452409387
A219K,0.2093663018
A219V,0.2973381761
D222V,0.2135557745
D222W,0.1223243222
D222Y,0.1819977388
D222A,0.289917776
D222G,0.2778829636
D222C,0.243306033
D222E,0.3069504136
D222F,0.1507519399
D222T,0.3250304638
D222H,0.2880768877
D222I,0.1667387726
D222K,0.2662031909
D222M,0.1940329559
D222N,0.3421435315
D222P,0.2007530917
D222Q,0.2967664935
D222R,0.2597243627
D222S,0.3423495711
D222L,0.1919676915
F223S,0.3158491819
F223R,0.2896792965
F223T,0.3072066927
F223Q,0.2713950861
F223W,0.2914085692
F223Y,0.3457965343
F223V,0.3188323867
F223N,0.2717208195
F223P,0.1926487713
F223L,0.3504987477
F223M,0.3501818847
F223A,0.3187365575
F223D,0.1867121306
F223E,0.2046063167
F223C,0.3375579997
F223H,0.2954058672
F223I,0.3063120216
F223K,0.2536645011
F223G,0.2778410228
I225Q,0.3189563047
I225Y,0.2417483157
I225A,0.2830501354
I225V,0.3834212815
I225W,0.192850286
I225S,0.2587042299
I225R,0.1993367819
I225P,0.1779781753
I225T,0.2918677446
I225M,0.3217048692
I225L,0.3324970198
I225K,0.246320415
I225H,0.2408480008
I225G,0.2289109373
I225F,0.2871220751
I225E,0.2372973849
I225D,0.1845181486
I225C,0.2571640827
I225N,0.2337590166
T226N,0.2143698718
T226P,0.2065959048
T226W,0.08275639059
T226R,0.1293364681
T226S,0.333754419
T226M,0.1856638454
T226Q,0.1458157001
T226L,0.1816934017
T226G,0.2055345216
T226I,0.1719049531
T226H,0.146634307
T226F,0.1497133756
T226E,0.134725266
T226D,0.1609345194
T226C,0.2136864966
T226A,0.2279304212
T226Y,0.1262724574
T226K,0.1213809625
T226V,0.1827056099
F229Y,0.2735764473
F229N,0.1859328161
F229P,0.172395397
F229T,0.2082567455
F229V,0.2727898991
F229W,0.2293750854
F229C,0.267306868
F229D,0.1305577393
F229E,0.1262002089
F229G,0.2031233532
F229A,0.2087640639
F229I,0.2702441127
F229K,0.1370250369
F229L,0.2966055986
F229M,0.2679056092
F229S,0.2099341831
F229R,0.1376600118
F229Q,0.1831485672
F229H,0.2231871911
F230P,0.1912983278
F230R,0.1759922913
F230S,0.2236882936
F230W,0.2667475471
F230V,0.2313572139
F230Y,0.3579905472
F230N,0.2135721801
F230T,0.2238355415
F230M,0.2495866169
F230Q,0.2013844875
F230K,0.1603779502
F230I,0.2341539532
F230H,0.2652616059
F230G,0.1944957314
F230E,0.1523415576
F230D,0.1523665153
F230C,0.2459322845
F230A,0.2046522536
F230L,0.280877624
E231I,0.2352005287
E231H,0.3489779736
E231G,0.3138557213
E231A,0.3166548546
E231D,0.4547616584
E231C,0.2799090817
E231Y,0.2895481429
E231F,0.2434344778
E231K,0.3418536693
E231M,0.251604772
E231V,0.2663534129
E231T,0.3331028722
E231S,0.3595029048
E231R,0.329867211
E231Q,0.3407192288
E231N,0.3841830383
E231P,0.2366325993
E231L,0.2553122696
E231W,0.221955732
A232E,0.2460442196
A232Y,0.2659862414
A232F,0.2560672911
A232D,0.2217925935
A232C,0.3220960081
A232W,0.2115706354
A232N,0.3956718525
A232Q,0.2646611256
A232P,0.3586358629
A232M,0.3105563823
A232L,0.3297353794
A232K,0.3450492918
A232I,0.3398727555
A232H,0.2721030677
A232G,0.3078394428
A232T,0.3712295281
A232R,0.322814368
A232V,0.3847387975
A232S,0.371022812
D233F,0.2211927478
D233G,0.3454744974
D233Y,0.2493255459
D233H,0.3092992409
D233I,0.2388068714
D233K,0.351983927
D233R,0.3254877935
D233S,0.3666929976
D233N,0.3416828168
D233W,0.2244914855
D233V,0.2811284165
D233P,0.3417102668
D233Q,0.3447474405
D233T,0.3287748388
D233M,0.2496790473
D233L,0.2591001626
D233C,0.2387869562
D233A,0.3471231376
D233E,0.4055798505
T234S,0.3672413146
T234A,0.373163175
T234C,0.3226527445
T234D,0.3882198487
T234E,0.3685591385
T234F,0.3081619726
T234G,0.319073713
T234H,0.3572381987
T234I,0.3711596744
T234L,0.3530646589
T234M,0.3317379722
T234N,0.3646226734
T234P,0.3483881607
T234Q,0.3492610546
T234R,0.3757934045
T234K,0.3720856236
T234Y,0.3362603295
T234W,0.2733108777
T234V,0.3975622745
F235P,0.1249580271
F235W,0.2469769499
F235V,0.2138049464
F235T,0.1649456716
F235Y,0.3558218781
F235S,0.1826306666
F235R,0.1162388029
F235Q,0.1561065627
F235N,0.1596065115
F235M,0.2239122588
F235K,0.09173162092
F235I,0.2262619111
F235H,0.2312787727
F235G,0.1263170519
F235E,0.1096923531
F235D,0.1119060683
F235C,0.2174446951
F235A,0.1769735102
F235L,0.2732327069
F236T,0.3609649755
F236S,0.3313769476
F236V,0.3973252576
F236P,0.2514531929
F236Y,0.3651002461
F236R,0.345395698
F236W,0.2807114222
F236Q,0.3320178092
F236K,0.3661215849
F236N,0.3295217647
F236A,0.3268610667
F236D,0.2599679678
F236E,0.3089393439
F236G,0.2831540355
F236C,0.3507009953
F236I,0.422683695
F236L,0.4338751321
F236M,0.381140562
F236H,0.3412661753
R237M,0.3011160225
R237F,0.2603693086
R237G,0.3711586913
R237H,0.3672494507
R237I,0.2708946446
R237K,0.4125158967
R237L,0.3177778225
R237N,0.4186523433
R237V,0.2980923743
R237Q,0.4037762252
R237S,0.41540562
R237T,0.3906797867
R237E,0.4346984128
R237W,0.2705933253
R237Y,0.3080685722
R237C,0.2946951938
R237P,0.3156127274
R237D,0.4189555535
R237A,0.4070366417
F238N,0.1876958544
F238W,0.3401656952
F238V,0.230644221
F238T,0.2143948239
F238S,0.2043447245
F238R,0.1654220947
F238Q,0.2113995336
F238P,0.1044806019
F238M,0.2598095587
F238L,0.3008247237
F238K,0.1604861894
F238I,0.2301876853
F238H,0.2564521624
F238G,0.1569907048
F238E,0.1612468779
F238D,0.1369063503
F238C,0.2277695439
F238A,0.2068327427
F238Y,0.3558926581
V239A,0.4001188454
V239Y,0.36193395
V239L,0.3453442474
V239E,0.2926734115
V239F,0.3022561387
V239G,0.2865791836
V239H,0.3616111426
V239I,0.3408987869
V239K,0.3419949814
V239M,0.3383097352
V239C,0.338039746
V239N,0.3314994836
V239Q,0.3338039392
V239R,0.3555318337
V239S,0.3530424393
V239T,0.3503145707
V239W,0.3308991348
V239P,0.1974921363
V239D,0.2546954723
K240A,0.3349480844
K240D,0.3217767208
K240E,0.3733867286
K240Y,0.2364231813
K240C,0.2362035815
K240G,0.3067891548
K240H,0.307454419
K240I,0.210883344
K240L,0.2458036102
K240M,0.2449922894
K240N,0.3304222806
K240P,0.1678893296
K240F,0.1988870321
K240R,0.3787517195
K240S,0.3389439136
K240T,0.3124862921
K240V,0.2415010145
K240W,0.2174209348
K240Q,0.3881508147
A241W,0.2937634389
A241V,0.3452326289
A241T,0.3916281608
A241S,0.3780421391
A241R,0.4103232243
A241Q,0.4203493
A241P,0.2264972587
A241L,0.3732364636
A241M,0.3770814596
A241K,0.4210554586
A241I,0.3441082154
A241H,0.3591389773
A241G,0.3561020639
A241F,0.3024300646
A241Y,0.32707855
A241N,0.3663680506
A241C,0.3304232593
A241D,0.4189234919
A241E,0.416581091
T243C,0.3774055797
T243W,0.4296317111
T243V,0.3922082415
T243S,0.4145173097
T243R,0.5272668959
T243Q,0.4781524266
T243P,0.2845981166
T243A,0.4240677469
T243N,0.4214183365
T243K,0.4729617404
T243I,0.3830674895
T243H,0.4690681011
T243G,0.3915594
T243F,0.3861377569
T243E,0.4329494273
T243D,0.3887500546
T243M,0.3993869253
T243Y,0.4381081358
T243L,0.4242897522
D244W,0.2051981434
D244Y,0.2404591662
D244A,0.3549307766
D244C,0.2421835353
D244E,0.3915966399
D244G,0.3114450222
D244H,0.2818374318
D244I,0.2441634256
D244K,0.33117809
D244F,0.2239219233
D244M,0.2496961406
D244L,0.2735456568
D244T,0.3039221932
D244S,0.3371985263
D244R,0.3192036652
D244V,0.2758631579
D244P,0.2250003768
D244N,0.3244878098
D244Q,0.3263876458
M245N,0.3875927728
M245W,0.3126356637
M245V,0.4283849495
M245T,0.3781655511
M245S,0.38916085
M245R,0.3722640223
M245Q,0.3992326341
M245P,0.2357872074
M245Y,0.3542081897
M245L,0.4458421306
M245I,0.438978176
M245H,0.3854321303
M245G,0.3489413582
M245F,0.3522937005
M245E,0.4008389458
M245D,0.3243661961
M245C,0.3796921671
M245A,0.455543771
M245K,0.3712912399
G246K,0.2817827002
G246I,0.1292315736
G246H,0.2509638996
G246C,0.2146227116
G246E,0.3120836524
G246D,0.3252833044
G246L,0.1733418365
G246F,0.1573155434
G246M,0.1717705442
G246R,0.2569948544
G246P,0.1476059924
G246Q,0.2742601257
G246S,0.2824870431
G246T,0.1867034416
G246V,0.1712538811
G246W,0.1426706885
G246Y,0.1729792217
G246N,0.3174509911
G246A,0.257587732
T248A,0.3156530783
T248C,0.2865053312
T248Y,0.3123826753
T248W,0.2651314123
T248V,0.3235499716
T248S,0.3669013964
T248R,0.3596421207
T248P,0.2876509206
T248N,0.363436999
T248M,0.2791302591
T248Q,0.3629298657
T248K,0.3717697495
T248I,0.3030512133
T248H,0.3557065403
T248G,0.3006888855
T248F,0.2874268104
T248E,0.3708154251
T248D,0.3780765339
T248L,0.3078237604
C249L,0.2862792
C249E,0.1925597758
C249F,0.1770427441
C249G,0.2322132559
C249H,0.203286346
C249I,0.3226005422
C249K,0.254538631
C249N,0.2206597056
C249M,0.2467473741
C249Q,0.2515208117
C249R,0.225604331
C249S,0.322691618
C249T,0.3471851646
C249V,0.3887929036
C249W,0.1189585458
C249Y,0.1637577237
C249D,0.1600364635
C249P,0.230193246
C249A,0.3802232057
F256Y,0.3211452921
F256C,0.3293658602
F256W,0.2968855588
F256V,0.3649185917
F256T,0.352348612
F256S,0.341208066
F256R,0.282297755
F256P,0.2860489921
F256N,0.3081123002
F256M,0.4631907421
F256Q,0.3084400344
F256A,0.3391277321
F256L,0.4306647597
F256K,0.3853325194
F256I,0.389751218
F256H,0.2719166947
F256G,0.2926621615
F256E,0.2332783834
F256D,0.2040964149
P257L,0.2298226176
P257M,0.1834225638
P257N,0.1558238691
P257V,0.2259374557
P257R,0.1076462695
P257T,0.234208367
P257K,0.08943219038
P257Q,0.1726856311
P257S,0.231921664
P257I,0.2060233869
P257G,0.1727137114
P257H,0.1635408775
P257Y,0.1388605185
P257A,0.2514667571
P257W,0.09556934827
P257D,0.09544948669
P257E,0.104728674
P257F,0.1673585682
P257C,0.2111486258
Q259W,0.2285591504
Q259V,0.3049185267
Q259T,0.3416696773
Q259S,0.3145064582
Q259R,0.3348906979
Q259P,0.2694320174
Q259N,0.3158789044
Q259M,0.297484553
Q259K,0.3374555784
Q259I,0.2963366506
Q259H,0.3136244162
Q259F,0.2587189784
Q259E,0.2729434966
Q259D,0.2420483079
Q259C,0.2606595702
Q259Y,0.2726639546
Q259A,0.294730975
Q259L,0.3161371839
Q259G,0.2820113765
G260Y,0.3223798409
G260A,0.3711366134
G260W,0.2701647427
G260V,0.3089106333
G260T,0.4129512565
G260S,0.4540162732
G260R,0.3864732629
G260Q,0.3620531206
G260P,0.288361127
G260N,0.5208685822
G260M,0.3041187146
G260L,0.3051512312
G260K,0.3922304929
G260I,0.284646991
G260H,0.3763513437
G260F,0.2939872657
G260E,0.3295273796
G260C,0.3493435491
G260D,0.3801914015
Y261K,0.248904232
Y261V,0.3479916657
Y261E,0.2871592383
Y261F,0.3686261182
Y261G,0.2911040535
Y261H,0.3241842295
Y261I,0.3370892931
Y261A,0.3396388901
Y261W,0.3306598425
Y261L,0.3479207884
Y261N,0.2568021083
Y261P,0.2905064457
Y261Q,0.2621672091
Y261R,0.2507505906
Y261S,0.3095364486
Y261T,0.3005484958
Y261M,0.3030979251
Y261D,0.2488503382
Y261C,0.2828505246
H262Y,0.37336194
H262W,0.3430472889
H262S,0.4147732126
H262R,0.4494598708
H262Q,0.4107317472
H262P,0.3797030962
H262N,0.4269175473
H262M,0.3467727935
H262L,0.3594504682
H262T,0.3908182798
H262I,0.3295181853
H262K,0.4463602162
H262A,0.4078668542
H262C,0.3109128907
H262V,0.3520133142
H262E,0.3932998099
H262F,0.3479191693
H262G,0.4104550501
H262D,0.3910717539
S263V,0.2994145178
S263T,0.3570489865
S263R,0.3107022771
S263Q,0.3345730153
S263P,0.321718347
S263N,0.3406779873
S263M,0.2950658233
S263K,0.3192863852
S263I,0.2728379542
S263H,0.3131330592
S263F,0.2725239479
S263E,0.256946916
S263D,0.2551731173
S263C,0.2873956423
S263A,0.3906842104
S263L,0.2750653047
S263G,0.379948654
S263Y,0.2876023815
S263W,0.2388621009
L264T,0.2802547651
L264Q,0.2417796154
L264P,0.1855222307
L264N,0.2017764735
L264M,0.3605105446
L264K,0.1992567898
L264I,0.3791597002
L264H,0.2542843444
L264S,0.2397143972
L264G,0.2127643707
L264E,0.1879528393
L264D,0.1468519763
L264C,0.2886144855
L264A,0.3011170287
L264Y,0.3511695934
L264W,0.3131617062
L264V,0.3521316202
L264F,0.4370762308
L264R,0.2090374667
R265A,0.4166707703
R265C,0.4107943726
R265W,0.3788594738
R265Y,0.3944356152
R265D,0.4076226207
R265E,0.4320313829
R265F,0.4077809249
R265G,0.3667578378
R265I,0.434754371
R265K,0.4222695284
R265L,0.4959785184
R265H,0.4040552816
R265N,0.4184530462
R265P,0.3156756998
R265Q,0.4384669457
R265S,0.4304119852
R265T,0.4373245945
R265V,0.4511539246
R265M,0.4756837628
Q266D,0.3165825028
Q266K,0.423148228
Q266E,0.3454036375
Q266F,0.3767975632
Q266G,0.3656740296
Q266H,0.3894564041
Q266I,0.3316478678
Q266L,0.3754938546
Q266Y,0.3777714443
Q266N,0.4177506
Q266P,0.3039440687
Q266R,0.4631819598
Q266S,0.3836487383
Q266T,0.3847088147
Q266V,0.3353334378
Q266W,0.3668461149
Q266A,0.3656230965
Q266M,0.3719808025
Q266C,0.3219104447
L267H,0.2859779414
L267Y,0.3156044409
L267C,0.3073349636
L267D,0.2219269636
L267E,0.243138623
L267F,0.4212496294
L267G,0.2819420273
L267I,0.3983768683
L267A,0.3386600418
L267K,0.2917374382
L267N,0.2877080353
L267P,0.2211526051
L267Q,0.2996731211
L267R,0.2991947504
L267S,0.3086363592
L267T,0.3393230045
L267M,0.4169150212
L267W,0.3150569682
L267V,0.3742976618
V268S,0.3687864319
V268C,0.3623688646
V268D,0.3040410226
V268E,0.3399355169
V268F,0.3583682532
V268G,0.3451702203
V268H,0.3245317315
V268I,0.3930366817
V268K,0.3238297479
V268L,0.4144143594
V268M,0.3758845873
V268N,0.3305029405
V268P,0.3900119927
V268Q,0.3505234668
V268R,0.3239190427
V268Y,0.327650804
V268T,0.3862189648
V268W,0.2929168529
V268A,0.3826107254
K269C,0.2849848592
K269V,0.319794597
K269T,0.3678296847
K269S,0.3858588133
K269R,0.397752808
K269Q,0.3717081967
K269P,0.306262417
K269W,0.2772271182
K269N,0.38674754
K269L,0.3253588388
K269I,0.3054176265
K269H,0.3564306394
K269G,0.3717957046
K269F,0.2957239546
K269E,0.3743922274
K269M,0.3127907326
K269A,0.3724292339
K269D,0.3531447507
K269Y,0.3115613072
L270V,0.3595472139
L270T,0.3215879756
L270A,0.3276066713
L270C,0.2980301796
L270D,0.260982382
L270E,0.2594569572
L270F,0.3804100673
L270G,0.3068095659
L270H,0.312344409
L270I,0.3711252477
L270K,0.3160727355
L270M,0.3671517914
L270N,0.3172578431
L270P,0.2389704812
L270Q,0.3030636488
L270R,0.3239470188
L270Y,0.3714546473
L270S,0.3150466607
L270W,0.3376578809
S271A,0.3904694275
S271H,0.3291996338
S271E,0.2804117278
S271D,0.2754972181
S271C,0.4893595919
S271I,0.338542927
S271G,0.37372511
S271Y,0.3596831366
S271W,0.3073849888
S271V,0.3697412045
S271F,0.3833283306
S271R,0.3264965263
S271Q,0.3256830543
S271P,0.3237599954
S271N,0.3829648947
S271M,0.3612881877
S271L,0.3744475871
S271K,0.3088849008
S271T,0.3864738643
K272L,0.2792284215
K272I,0.2181713577
K272H,0.3513814011
K272D,0.3011448401
K272F,0.2653876939
K272E,0.2882675734
K272C,0.2798472976
K272G,0.3842631735
K272M,0.2561625854
K272A,0.2965162218
K272Q,0.3339251539
K272N,0.3470918162
K272Y,0.2788160995
K272W,0.2453987174
K272P,0.2983149434
K272T,0.2792927354
K272S,0.3266209069
K272R,0.3802488689
K272V,0.2407648832
L273A,0.4919840437
L273C,0.4574784212
L273D,0.2771951145
L273E,0.2869844653
L273F,0.3571614637
L273G,0.4370375582
L273I,0.4376554167
L273M,0.4160380506
L273P,0.3409251237
L273Q,0.3627642407
L273R,0.3516695159
L273S,0.4540780428
L273H,0.337638622
L273N,0.3989177026
L273K,0.3466161893
L273T,0.4887408016
L273V,0.4685426023
L273W,0.2947190759
L273Y,0.3232107185
E274C,0.3192921129
E274H,0.3814852652
E274I,0.3459339041
E274K,0.3742211899
E274L,0.3402030659
E274M,0.3290655731
E274N,0.383298079
E274P,0.36709411
E274D,0.3887968445
E274R,0.3639261977
E274S,0.38906773
E274T,0.3947238572
E274V,0.3699176979
E274W,0.3317097444
E274Y,0.3771684038
E274Q,0.3797158555
E274G,0.3216388855
E274F,0.3537012442
E274A,0.3617554125
V275T,0.3096268855
V275D,0.1769974837
V275E,0.2077077914
V275F,0.332376807
V275G,0.2225138649
V275H,0.2051411762
V275I,0.4007362817
V275K,0.2035151112
V275C,0.3074362428
V275L,0.3709068103
V275N,0.2157885249
V275P,0.3004869314
V275Q,0.2217143174
V275R,0.2092563928
V275S,0.2549379248
V275W,0.2498907509
V275Y,0.2767967488
V275M,0.3384423185
V275A,0.3299021928
Q277D,0.3577588648
Q277A,0.3524490802
Q277C,0.2601628195
Q277E,0.363172337
Q277F,0.276203037
Q277G,0.3264229674
Q277H,0.3081928936
Q277K,0.3683450394
Q277L,0.3103172215
Q277M,0.2844881389
Q277I,0.2802035733
Q277P,0.3551149479
Q277R,0.3483066045
Q277S,0.3449720552
Q277T,0.3218501395
Q277V,0.3070631717
Q277W,0.2860284249
Q277Y,0.2876971654
Q277N,0.3227140935
E278I,0.3675611208
E278H,0.3913392567
E278G,0.3621968064
E278A,0.3850386249
E278D,0.3786600206
E278C,0.3935958902
E278K,0.4087155191
E278F,0.4234253038
E278L,0.3668636824
E278N,0.3602674213
E278P,0.3692329146
E278Q,0.3856414139
E278R,0.4155696259
E278S,0.3980032203
E278T,0.3668419976
E278V,0.3719404285
E278W,0.4095545617
E278Y,0.3964764308
E278M,0.3645534442
I279C,0.2402726516
I279T,0.2646956274
I279S,0.2050165671
I279R,0.2046633201
I279Q,0.212541524
I279P,0.1779988148
I279N,0.1660510767
I279G,0.1695907403
I279L,0.4110434058
I279K,0.2077480093
I279H,0.2258404458
I279F,0.3738938952
I279E,0.1845188034
I279D,0.1552453775
I279M,0.353131231
I279A,0.2623645141
I279Y,0.3032253301
I279W,0.2935334854
I279V,0.376791425
K280V,0.4328471795
K280T,0.4039280414
K280S,0.3892989152
K280R,0.4015754399
K280Q,0.4035037032
K280P,0.2912857773
K280N,0.3688596251
K280M,0.4274286822
K280W,0.3655665891
K280H,0.3873611684
K280G,0.356759747
K280F,0.4099497672
K280E,0.4120296732
K280D,0.3443585958
K280C,0.3878356302
K280A,0.4133435938
K280I,0.4436561343
K280L,0.4798090729
K280Y,0.4005585826
D281A,0.3585808964
D281W,0.2421041606
D281V,0.2898595269
D281T,0.3449890632
D281S,0.3493680239
D281R,0.3568304941
D281Q,0.3504301011
D281Y,0.262639141
D281P,0.2984373898
D281M,0.2795072985
D281L,0.2963603751
D281K,0.3635446333
D281I,0.2556575395
D281H,0.3039675605
D281G,0.3173673076
D281N,0.3480892614
D281C,0.2590558997
D281E,0.3998247832
D281F,0.2408170249
V282Y,0.3339103071
V282E,0.3785964699
V282F,0.3343212875
V282G,0.3831443401
V282H,0.3666797728
V282I,0.398294102
V282K,0.436786773
V282L,0.4108151726
V282M,0.3844287002
V282P,0.307306149
V282Q,0.3897746491
V282R,0.4164915215
V282S,0.3990923831
V282T,0.3918550292
V282W,0.303396145
V282N,0.3605542264
V282D,0.3727323429
V282C,0.3615660875
V282A,0.4716112448
I283T,0.3190124291
I283S,0.2571493992
I283R,0.2214480666
I283Q,0.242806442
I283P,0.1789806151
I283N,0.1928355447
I283M,0.4144739981
I283L,0.4547737509
I283K,0.2095507296
I283H,0.2103146101
I283G,0.2044394499
I283F,0.3773115548
I283E,0.2060005185
I283D,0.1543395777
I283C,0.3151318817
I283V,0.3803899179
I283Y,0.3157345666
I283W,0.3054455189
I283A,0.3057149877
E284A,0.3623170207
E284Y,0.2839638182
E284W,0.2540959418
E284V,0.2964739713
E284T,0.3111562279
E284S,0.3287661649
E284R,0.3162203911
E284Q,0.3302506547
E284P,0.2471306472
E284N,0.3193324667
E284L,0.3212275032
E284K,0.3301562596
E284I,0.2781274014
E284H,0.2868654768
E284G,0.3160584207
E284F,0.2695515624
E284D,0.3752554615
E284C,0.2427173264
E284M,0.2868368646
P285A,0.2878843454
P285Y,0.2169651397
P285W,0.1818182189
P285V,0.26017444
P285T,0.2848939818
P285S,0.3036308304
P285Q,0.2788052821
P285N,0.2729425544
P285M,0.2179050769
P285R,0.2890364345
P285K,0.3067352499
P285L,0.2442361001
P285D,0.2847295712
P285E,0.2985283402
P285F,0.20525842
P285C,0.2170217744
P285H,0.2643636506
P285I,0.2270409138
P285G,0.3010617287
I286N,0.2218103135
I286Y,0.308284612
I286V,0.3741073964
I286T,0.2327890742
I286S,0.196695809
I286R,0.2055453035
I286Q,0.2135800538
I286P,0.1603598716
I286M,0.3007279665
I286W,0.2278099845
I286K,0.2085364998
I286H,0.2728219039
I286G,0.151557008
I286F,0.3021067794
I286E,0.2160936542
I286D,0.1769267677
I286C,0.2579127961
I286A,0.2453685952
I286L,0.3526195228
K287W,0.2430223719
K287V,0.2945420902
K287T,0.2696126403
K287S,0.2829774142
K287R,0.3706880686
K287Q,0.3230602865
K287I,0.2864786814
K287N,0.2533219671
K287M,0.2870800132
K287L,0.2956400658
K287H,0.2718520995
K287G,0.2964429093
K287F,0.2299673483
K287P,0.2258591633
K287Y,0.2481054557
K287D,0.2209644879
K287E,0.2952850146
K287C,0.252598958
K287A,0.3086458911
D288G,0.3550907376
D288Y,0.2841617477
D288W,0.2343065139
D288V,0.2608725763
D288T,0.3173904553
D288S,0.3264476605
D288R,0.2829432629
D288Q,0.30861551
D288P,0.213170618
D288N,0.3661899843
D288M,0.2540464457
D288L,0.2677743086
D288I,0.2267066145
D288E,0.3707691817
D288F,0.2544175378
D288H,0.321259773
D288K,0.3026564907
D288A,0.317296199
D288C,0.2337806334
A291C,0.2881763501
A291D,0.4116950808
A291E,0.4575100143
A291F,0.296421633
A291G,0.3571628862
A291H,0.3326443357
A291I,0.3435477954
A291K,0.379538061
A291W,0.2908495732
A291M,0.3374624727
A291N,0.3602789518
A291P,0.3281685051
A291Q,0.4071425036
A291R,0.358389536
A291S,0.3713247558
A291T,0.3785305137
A291V,0.374844828
A291Y,0.3066595973
A291L,0.3661773118
I293Y,0.2706245513
I293D,0.2098412239
I293C,0.3437756758
I293A,0.4015984315
I293W,0.2425711598
I293T,0.3683284709
I293S,0.3371214616
I293R,0.3142935677
I293Q,0.2986632318
I293V,0.4694134831
I293N,0.2725333157
I293P,0.2782492233
I293F,0.3070146485
I293G,0.2964961244
I293H,0.2493942951
I293E,0.2866496532
I293K,0.2850961019
I293L,0.3895481044
I293M,0.3562645027
R294V,0.315550219
R294T,0.3003741405
R294S,0.2835469005
R294Q,0.3376847686
R294P,0.2388899167
R294N,0.2681081535
R294M,0.2898617575
R294L,0.3229735874
R294W,0.2689145245
R294Y,0.3129767919
R294H,0.3254616171
R294I,0.3019989911
R294A,0.300884755
R294C,0.2875409487
R294K,0.4024167377
R294E,0.2914915002
R294F,0.2954221365
R294G,0.2495069068
R294D,0.2087044371
E299S,0.3657539624
E299R,0.3209838074
E299Q,0.3589387666
E299P,0.2627557961
E299N,0.3722892807
E299M,0.2747381141
E299L,0.2800613258
E299H,0.3420139801
E299G,0.3453340614
E299D,0.3943196626
E299C,0.2631577672
E299A,0.3319894918
E299W,0.27090163
E299Y,0.306522758
E299I,0.2452548379
E299F,0.263036009
E299K,0.3267548462
E299V,0.2611103825
E299T,0.3324779416
L300V,0.3703044145
L300T,0.3340152814
L300S,0.2751232665
L300R,0.3427141624
L300Q,0.3627133394
L300P,0.1840637423
L300N,0.2797396489
L300W,0.3368054401
L300A,0.3087450517
L300I,0.3772977546
L300H,0.3839975934
L300G,0.2137500222
L300F,0.3816380413
L300E,0.273149899
L300D,0.1888375037
L300C,0.3134227179
L300K,0.3385362857
L300M,0.3554285682
L300Y,0.4146780369
A301K,0.1322399492
A301E,0.1892456015
A301F,0.2035298539
A301G,0.3283555314
A301H,0.1791476222
A301I,0.2599935153
A301L,0.2387760039
A301M,0.248856994
A301N,0.2252127483
A301P,0.2072587933
A301Q,0.1936785137
A301R,0.1399214525
A301S,0.362559375
A301T,0.3587449573
A301V,0.3369602256
A301W,0.1586554792
A301D,0.1816691332
A301C,0.4330515117
A301Y,0.196495839
S303E,0.4199676113
S303V,0.3397599082
S303T,0.3905233097
S303R,0.4438527366
S303Q,0.4181851387
S303P,0.3688318918
S303A,0.3856094651
S303N,0.4131426372
S303M,0.3259701253
S303L,0.3424166972
S303K,0.443261189
S303I,0.3209079282
S303H,0.3873103915
S303G,0.3992488485
S303F,0.3021173015
S303D,0.3985092665
S303W,0.3055055306
S303Y,0.3359009761
S303C,0.3087315233
Q306N,0.3659603344
Q306F,0.2736775028
Q306G,0.3354823829
Q306H,0.3658572655
Q306I,0.2956968631
Q306K,0.4187355432
Q306L,0.3318330351
Q306M,0.31526223
Q306C,0.3060626921
Q306P,0.2061292709
Q306R,0.4173477095
Q306S,0.3575767088
Q306T,0.3567193007
Q306V,0.3121850581
Q306W,0.2799058637
Q306Y,0.3143337538
Q306A,0.3388716644
Q306E,0.3961142642
Q306D,0.33149059
E307C,0.2319336068
E307W,0.2060418641
E307D,0.3825608361
E307A,0.3236570883
E307Y,0.2454260951
E307V,0.2651010421
E307T,0.322936346
E307R,0.3550947652
E307Q,0.3853370703
E307P,0.2687202279
E307S,0.3364058254
E307M,0.2731812667
E307L,0.2701684204
E307K,0.3694486805
E307I,0.2445242073
E307H,0.3010572482
E307G,0.3227063376
E307F,0.2111622803
E307N,0.3256707374
A310Q,0.3882673701
A310Y,0.3388710949
A310W,0.2981170024
A310V,0.3543244834
A310T,0.3822853765
A310S,0.4059858347
A310R,0.393695692
A310P,0.2716184691
A310E,0.4164208813
A310M,0.3286195877
A310L,0.3602231556
A310K,0.396402564
A310I,0.3297439203
A310H,0.3697073474
A310G,0.3812882262
A310F,0.3245034343
A310C,0.3228947171
A310N,0.4066987532
A310D,0.4458722088
G312Y,0.1948416273
G312W,0.1651283079
G312A,0.2493963971
G312C,0.2195231197
G312D,0.3622446718
G312E,0.334803842
G312F,0.1605812473
G312H,0.2847419614
G312I,0.1553223264
G312K,0.3213864464
G312V,0.1933106743
G312M,0.1693758303
G312N,0.3452917993
G312P,0.3599451661
G312Q,0.297851087
G312R,0.3065291276
G312S,0.3109977184
G312T,0.2585108615
G312L,0.193107636
L313I,0.3816660377
L313H,0.3872222012
L313G,0.3677075766
L313D,0.3997442259
L313E,0.3955008208
L313K,0.3956702392
L313C,0.3969123978
L313F,0.3473105341
L313M,0.3704602409
L313R,0.3690377694
L313P,0.331413748
L313Q,0.3958324293
L313S,0.401991827
L313T,0.3885916636
L313V,0.4128228656
L313W,0.3347116299
L313A,0.4399715878
L313N,0.374203712
L313Y,0.3873038398
L317Y,0.382710079
L317W,0.2624680659
L317A,0.2502908282
L317C,0.2780143922
L317D,0.07826515611
L317E,0.1111168734
L317F,0.4497727676
L317H,0.2289813737
L317I,0.3748058534
L317K,0.1010592104
L317G,0.1666452814
L317N,0.1676576977
L317P,0.1716228676
L317Q,0.1809305053
L317R,0.105714498
L317S,0.1859531263
L317T,0.2287440792
L317V,0.3595614998
L317M,0.3423436399
T321L,0.2242808324
T321S,0.2975696983
T321R,0.0916540328
T321Q,0.1471363883
T321P,0.2260140604
T321N,0.2233349275
T321M,0.2220720902
T321K,0.09448100347
T321W,0.06894916927
T321H,0.1454784959
T321G,0.2151246177
T321F,0.1760020721
T321E,0.1292761807
T321D,0.1445450004
T321C,0.2650057575
T321A,0.2916614848
T321V,0.2933289069
T321I,0.2461402809
T321Y,0.1585433152
L322D,0.1372724816
L322A,0.2203330614
L322E,0.1899173884
L322C,0.2344911839
L322F,0.3363151948
L322G,0.1741452055
L322H,0.2646503642
L322I,0.2985715373
L322K,0.1638431239
L322M,0.3800008188
L322Y,0.2342526635
L322P,0.2773325147
L322Q,0.2666292367
L322R,0.1723328023
L322S,0.210967644
L322T,0.2358324909
L322V,0.3138527086
L322N,0.208413311
L322W,0.1851100648
N323C,0.182480603
N323D,0.2373935466
N323E,0.1714128136
N323F,0.1342040979
N323G,0.2330562784
N323H,0.2197386326
N323I,0.1191630892
N323M,0.1460807101
N323L,0.1431614262
N323P,0.09982640074
N323Q,0.1912456254
N323R,0.1560761062
N323S,0.2341519062
N323V,0.1389123541
N323W,0.1034390407
N323K,0.1693575183
N323T,0.197725691
N323Y,0.158484741
N323A,0.168157214
R324E,0.2160650672
R324D,0.1931291776
R324F,0.227128485
R324G,0.2344784723
R324H,0.2763720477
R324I,0.2293267838
R324K,0.3991343301
R324M,0.3120675746
R324N,0.2801604669
R324L,0.3247758913
R324Q,0.3097986126
R324A,0.2486646751
R324P,0.1699927013
R324Y,0.2472616099
R324W,0.2678981558
R324C,0.2580519737
R324T,0.3028238808
R324S,0.2709899808
R324V,0.2394578511
E325C,0.184871543
E325M,0.1931232331
E325G,0.201419264
E325H,0.1769288053
E325I,0.2228491931
E325K,0.1556570532
E325L,0.2123945435
E325A,0.2512949451
E325N,0.1827247209
E325Q,0.2205389087
E325R,0.1358192453
E325S,0.2226557307
E325T,0.2230549609
E325V,0.249013747
E325W,0.1375141463
E325D,0.2621478765
E325Y,0.156281712
E325P,0.1844436312
E325F,0.1634617258
M326F,0.3790548676
M326W,0.3855178746
M326D,0.40444009
M326C,0.3477994234
M326A,0.4320864679
M326G,0.3992303674
M326H,0.4117913031
M326I,0.4091087816
M326K,0.4530872448
M326L,0.4271067768
M326N,0.4292146358
M326P,0.3795865307
M326E,0.4220571395
M326R,0.465624975
M326S,0.4198598469
M326T,0.440192957
M326V,0.4303020061
M326Y,0.3929134055
M326Q,0.4212901249
A327M,0.2560651042
A327C,0.2894657746
A327W,0.1704384875
A327V,0.3103181615
A327T,0.3135742294
A327S,0.3463296724
A327R,0.2019705247
A327Q,0.2153991153
A327P,0.2865095167
A327N,0.2401022231
A327Y,0.2069411255
A327K,0.1954699193
A327I,0.2723918261
A327H,0.2024441421
A327G,0.3042477232
A327F,0.2132673279
A327E,0.2059458488
A327D,0.2101005721
A327L,0.2480693517
T328S,0.3454563198
T328R,0.1835507512
T328Q,0.2452414251
T328P,0.2812711627
T328N,0.2847615818
T328M,0.319236334
T328L,0.3203776558
T328F,0.2631582327
T328H,0.2180512938
T328G,0.2795412192
T328E,0.2539198011
T328D,0.2395000626
T328C,0.3359037893
T328A,0.3747860104
T328V,0.4194907845
T328I,0.3660270829
T328Y,0.2290790908
T328W,0.1884415291
T328K,0.1855132243
T329E,0.3859947418
T329F,0.3830417338
T329G,0.3870819386
T329H,0.3752769033
T329I,0.4302998087
T329K,0.4441902579
T329L,0.4624472496
T329D,0.3170547671
T329M,0.4240715981
T329P,0.3479649212
T329Q,0.4171269243
T329R,0.4380842364
T329S,0.3984968455
T329V,0.4299200196
T329W,0.3499161414
T329A,0.4037270963
T329N,0.3587701578
T329Y,0.3861341948
T329C,0.3816435029
E330N,0.3042880752
E330F,0.2665983519
E330G,0.2812825862
E330H,0.298781162
E330I,0.2832657263
E330K,0.2967053964
E330L,0.3157380998
E330M,0.3043880215
E330P,0.190218355
E330Q,0.3292398228
E330R,0.2855840601
E330S,0.3005368265
E330T,0.3226966865
E330V,0.2804927419
E330W,0.2590051025
E330Y,0.2953579598
E330D,0.3428745397
E330C,0.2366409956
E330A,0.327785576
L332W,0.1905992691
L332Y,0.2258688503
L332E,0.1077141795
L332F,0.287537481
L332G,0.1865316086
L332H,0.1420027323
L332I,0.3062929264
L332K,0.1524349916
L332M,0.3340795495
L332A,0.2751483344
L332C,0.2907181844
L332D,0.03862501393
L332T,0.2438314907
L332S,0.2082889134
L332V,0.3118752503
L332Q,0.1760815388
L332P,0.1560665291
L332N,0.1275830053
L332R,0.18133662
K333A,0.3860884748
K333H,0.3613082909
K333C,0.3255657457
K333D,0.3741307906
K333E,0.4178194447
K333F,0.280943654
K333G,0.3716856792
K333I,0.3114429896
K333Q,0.3975321906
K333M,0.3161129881
K333N,0.3730386902
K333P,0.2592328875
K333R,0.4025794454
K333S,0.386077962
K333T,0.3797951117
K333V,0.32794785
K333Y,0.3151829275
K333L,0.3222668924
K333W,0.282603154
M337Y,0.3256886808
M337I,0.4063849377
M337W,0.3052601001
M337A,0.3450179444
M337C,0.3387937469
M337D,0.2163268466
M337E,0.2802947517
M337F,0.3575495393
M337V,0.3953439332
M337G,0.2782080454
M337T,0.3069234396
M337K,0.3122642999
M337L,0.4513007902
M337N,0.2561752926
M337P,0.2582332016
M337Q,0.3211240642
M337H,0.304135062
M337R,0.3058485714
M337S,0.2841557887
W338D,0.252050577
W338T,0.2880549406
W338S,0.2717961295
W338R,0.2864318016
W338Q,0.2660530437
W338P,0.2533696326
W338N,0.2510517267
W338C,0.2833517384
W338M,0.2946841971
W338K,0.2715105041
W338I,0.3074517102
W338H,0.2800069944
W338G,0.264234719
W338F,0.3250568939
W338E,0.2729383187
W338L,0.33754143
W338A,0.2867655612
W338Y,0.3339542855
W338V,0.3087565869
T339V,0.3796242506
T339S,0.4169210698
T339R,0.4275391817
T339Q,0.4156899559
T339P,0.4797485104
T339N,0.3897350094
T339M,0.3424862098
T339L,0.3578162903
T339K,0.4369889902
T339I,0.3455787171
T339H,0.3848610588
T339G,0.384754555
T339F,0.3218730834
T339E,0.4198082951
T339D,0.3916140512
T339C,0.3528902964
T339A,0.4116037332
T339Y,0.3514288271
T339W,0.3165326395
E340N,0.3969206322
E340Y,0.3822776509
E340A,0.4102891591
E340C,0.3742885369
E340D,0.3867080535
E340F,0.3603918107
E340H,0.3840235891
E340I,0.3686858756
E340K,0.4035729324
E340G,0.398679188
E340M,0.3604661054
E340L,0.3793951096
E340V,0.3935249147
E340T,0.4235623772
E340S,0.4189094374
E340W,0.3486161278
E340Q,0.3956395452
E340P,0.4098934447
E340R,0.4110584925
D341L,0.42453132
D341E,0.4408712898
D341F,0.3898695356
D341G,0.4198229366
D341H,0.4053823114
D341I,0.4131399772
D341K,0.4517775367
D341C,0.3836303959
D341A,0.4376637899
D341P,0.447100362
D341N,0.4155219253
D341Y,0.4032502233
D341W,0.3649524373
D341V,0.4355931476
D341M,0.3957699542
D341S,0.4245440012
D341R,0.4516213547
D341Q,0.4284307187
D341T,0.4374878082
P342V,0.3718844096
P342T,0.3668359115
P342S,0.373579247
P342R,0.3749314715
P342Q,0.3544781297
P342N,0.3467842748
P342Y,0.3525060691
P342M,0.3302802587
P342K,0.372276718
P342I,0.3574559567
P342H,0.346398414
P342F,0.3420735784
P342E,0.3644015326
P342D,0.3459896194
P342C,0.3365379374
P342A,0.3692122794
P342L,0.365593533
P342G,0.3603368095
P342W,0.3230541924
R343A,0.4254394241
R343W,0.3614869932
R343V,0.4447479224
R343T,0.4185406294
R343S,0.4186232569
R343Q,0.3904854858
R343P,0.4135471179
R343N,0.4023272868
R343M,0.3782046299
R343C,0.3917360986
R343L,0.4207594217
R343K,0.4056576495
R343I,0.4285675291
R343H,0.3897840342
R343G,0.3872331361
R343F,0.3924607153
R343E,0.3970691986
R343D,0.3896480681
R343Y,0.4047066212
R344Y,0.3583628609
R344L,0.3929963857
R344A,0.3856554078
R344E,0.3847771823
R344F,0.3542736428
R344G,0.3725560953
R344H,0.3656531429
R344I,0.3777617007
R344K,0.4004958415
R344D,0.3667909778
R344M,0.3506662188
R344P,0.4097716113
R344Q,0.3805842245
R344S,0.3817929887
R344T,0.3818317263
R344V,0.3875746386
R344W,0.3272409946
R344N,0.3701493109
R344C,0.3457686521
P345E,0.3686372121
P345A,0.3628492188
P345F,0.32496771
P345G,0.3580570456
P345H,0.3442504816
P345I,0.342591664
P345K,0.3724320384
P345L,0.3550711115
P345C,0.3194459125
P345N,0.3494209519
P345Q,0.3556739352
P345R,0.3750345115
P345S,0.3674752754
P345T,0.3624167618
P345V,0.3592166057
P345W,0.3072472099
P345Y,0.3328019547
P345D,0.3620778325
P345M,0.3205527123
L346M,0.3595369758
L346C,0.3562534463
L346A,0.3901798469
L346Y,0.3862674547
L346W,0.3564460645
L346V,0.389028579
L346T,0.3836569959
L346R,0.392452718
L346Q,0.3717487182
L346P,0.3846207458
L346S,0.3973395059
L346K,0.3835402164
L346I,0.3763031111
L346H,0.3710725539
L346G,0.404591484
L346F,0.3742069618
L346E,0.3777400217
L346D,0.3774741613
L346N,0.3772797679
W348K,0.4459847669
W348D,0.4369147707
W348E,0.4554100399
W348F,0.4181364724
W348G,0.4436821964
W348H,0.4198706719
W348I,0.4208195086
W348L,0.4448221189
W348Y,0.4205557472
W348N,0.4235942856
W348P,0.4721841089
W348Q,0.4352267972
W348R,0.4464127481
W348S,0.4551243509
W348T,0.440584797
W348V,0.4407271182
W348M,0.4074068721
W348A,0.4555182611
W348C,0.3981382091
A349Y,0.3911308173
A349W,0.3733760727
A349C,0.3653573749
A349D,0.4276518093
A349E,0.4197807063
A349F,0.3832793868
A349H,0.3968156262
A349I,0.3852274381
A349K,0.4061712247
A349G,0.4115200128
A349M,0.3738455614
A349N,0.4062552226
A349P,0.4184554287
A349Q,0.399360759
A349R,0.4109127076
A349S,0.4138645938
A349T,0.406091795
A349L,0.4036225644
A349V,0.3964821151
L350H,0.3762913956
L350G,0.4025524841
L350F,0.381083401
L350A,0.4043408028
L350D,0.3949726735
L350C,0.3568969621
L350I,0.3866403394
L350E,0.4017768071
L350K,0.3968194658
L350R,0.4009542507
L350N,0.3820660832
L350P,0.4125624581
L350Q,0.3849778267
L350S,0.4060250523
L350T,0.3968107167
L350V,0.3991519207
L350W,0.3677140299
L350Y,0.3831454909
L350M,0.3670941823
S351L,0.4020928432
S351K,0.4116441593
S351I,0.3768903449
S351H,0.3813021565
S351E,0.4166426091
S351F,0.3784024929
S351C,0.3566873836
S351D,0.4013873322
S351G,0.4033243272
S351M,0.3702959864
S351P,0.4302679177
S351Q,0.3982755573
S351R,0.4081564812
S351T,0.3980663662
S351V,0.3937425483
S351W,0.3693643298
S351Y,0.3855113287
S351N,0.3870079735
S351A,0.4109281587
A352C,0.3699038283
A352D,0.406653863
A352E,0.4135113526
A352F,0.3910598476
A352H,0.3905170703
A352I,0.3922971142
A352K,0.4085356573
A352L,0.4159640392
A352G,0.4087285241
A352N,0.3952925491
A352M,0.373446522
A352Y,0.3915126477
A352V,0.4022366389
A352T,0.4029487767
A352W,0.3764863383
A352R,0.4132238074
A352Q,0.4003938192
A352P,0.4173154079
A352S,0.412914352
H353N,0.417358043
H353T,0.4234085661
H353S,0.4266958831
H353R,0.4300169705
H353Q,0.4133541181
H353P,0.4431780642
H353M,0.4045601886
H353F,0.4202687687
H353K,0.4281790834
H353I,0.4242442374
H353G,0.4240964286
H353E,0.4288162788
H353D,0.4316829007
H353C,0.3843000606
H353A,0.4314800705
H353L,0.4474457389
H353Y,0.4170389364
H353W,0.4008078355
H353V,0.4305891696
P354W,0.3731829514
P354Y,0.3822359816
P354C,0.3569155127
P354D,0.386914839
P354E,0.4094497522
P354F,0.3884970489
P354G,0.3997095592
P354H,0.3723404219
P354I,0.3875300259
P354A,0.3968156782
P354L,0.417415441
P354M,0.3781651637
P354N,0.37350174
P354Q,0.3928622643
P354R,0.4027001946
P354S,0.3941046659
P354T,0.3890960907
P354K,0.3925327491
P354V,0.3953962252
K355T,0.404712265
K355S,0.4139487132
K355R,0.4143558019
K355Q,0.3995788553
K355P,0.4262543591
K355N,0.3953584186
K355M,0.3780596892
K355G,0.4135389587
K355I,0.40126137
K355H,0.3914373583
K355V,0.414697478
K355F,0.4045635194
K355E,0.4207298669
K355D,0.4112291831
K355C,0.3743403489
K355A,0.4112790869
K355Y,0.4016778091
K355L,0.4252338125
K355W,0.3932210626
R356T,0.3934953946
R356W,0.3895408704
R356A,0.4011084146
R356C,0.3595494778
R356D,0.3910671163
R356E,0.400244478
R356F,0.399041612
R356G,0.3914763735
R356H,0.3784421904
R356I,0.4052533653
R356K,0.3939350046
R356M,0.3829977977
R356N,0.375567016
R356P,0.4195719432
R356Q,0.38182599
R356S,0.3907005751
R356V,0.4120418629
R356Y,0.4031648086
R356L,0.4242847531
R357Y,0.3840806864
R357W,0.3795848075
R357T,0.4096848897
R357S,0.4062167741
R357Q,0.3822588691
R357P,0.4126230944
R357N,0.3783705614
R357M,0.3760026997
R357V,0.3992397467
R357L,0.4096709942
R357I,0.3902554138
R357H,0.3705334543
R357G,0.3930102582
R357F,0.386591251
R357E,0.4042186224
R357D,0.3873073441
R357K,0.4050604927
R357C,0.3527021597
R357A,0.3951322672
E358W,0.3911155744
E358D,0.3903576153
E358F,0.3913606176
E358G,0.3901467704
E358H,0.36737964
E358I,0.3963569394
E358K,0.3978573602
E358L,0.4181026385
E358Y,0.3863535748
E358M,0.3819388951
E358P,0.4225079591
E358Q,0.3815407463
E358R,0.4025730932
E358S,0.3921390586
E358T,0.3868008815
E358V,0.4013878931
E358A,0.4005065393
E358N,0.3708001475
E358C,0.3489710576
E359C,0.3484536775
E359D,0.3902945388
E359Y,0.3709240916
E359W,0.3687940736
E359V,0.3898185447
E359T,0.3813840727
E359S,0.3890372991
E359R,0.3924794278
E359Q,0.3719150602
E359P,0.3901767821
E359A,0.3878738589
E359M,0.3655968204
E359L,0.3957185296
E359K,0.3875831448
E359I,0.3795492966
E359H,0.358766029
E359G,0.3933515699
E359F,0.3748195986
E359N,0.3686393662
D360V,0.4090737102
D360T,0.3990182041
D360S,0.3994055915
D360R,0.4082548662
D360Q,0.3885694816
D360P,0.4133029538
D360N,0.3871394176
D360M,0.3876567688
D360H,0.3759170248
D360K,0.4051842633
D360I,0.4019995352
D360G,0.4099177779
D360F,0.3936340091
D360E,0.417616814
D360C,0.3621561085
D360Y,0.3894457468
D360A,0.4062229384
D360L,0.4158239328
D360W,0.3811685324
V361Y,0.3967198433
V361L,0.4213544215
V361S,0.4020264474
V361R,0.4091631727
V361Q,0.3896897606
V361P,0.4165728479
V361N,0.3917040689
V361M,0.3802691079
V361T,0.3955358806
V361I,0.4028656404
V361G,0.4347636
V361F,0.4027518794
V361E,0.407782278
V361D,0.3995493872
V361C,0.3744935471
V361A,0.397715519
V361H,0.3810043877
V361W,0.3865106243
V361K,0.4011084435
R362V,0.4024307489
R362Q,0.3917066248
R362P,0.4197696905
R362N,0.3954466552
R362M,0.3747230177
R362L,0.4112166869
R362K,0.4056985324
R362I,0.3954788238
R362H,0.388413421
R362G,0.3981048725
R362F,0.3938791274
R362E,0.4073928841
R362D,0.4110201077
R362C,0.3667617526
R362A,0.3996986012
R362W,0.371573124
R362T,0.3984080712
R362S,0.4052518156
R362Y,0.3896825381
P363V,0.3855249814
P363T,0.3946784378
P363S,0.4080473405
P363R,0.4174443539
P363Q,0.396548667
P363N,0.4011856816
P363M,0.3642123753
P363L,0.3929059923
P363E,0.4172415873
P363I,0.3758551915
P363H,0.385572601
P363G,0.4017182584
P363F,0.3770189787
P363C,0.3594401174
P363D,0.4114663214
P363W,0.3617627072
P363K,0.4125943317
P363Y,0.3811831739
P363A,0.4059413493
I364W,0.3922013545
I364V,0.4152423832
I364A,0.419036718
I364C,0.3842222038
I364D,0.4178277167
I364E,0.4240581594
I364G,0.4209181423
I364H,0.3962660023
I364K,0.4049911479
I364F,0.4053103354
I364M,0.3851344077
I364L,0.4220441345
I364T,0.4084535214
I364S,0.4236608837
I364R,0.4151366716
I364Y,0.4031170964
I364P,0.424876454
I364N,0.39997387
I364Q,0.3979772449
F365P,0.4294531678
F365W,0.3861059527
F365Y,0.4035495476
F365V,0.4112910626
F365T,0.4132334933
F365S,0.4199833168
F365R,0.4136455087
F365Q,0.3968939803
F365N,0.4050969115
F365H,0.3965143993
F365L,0.4186230776
F365A,0.4069452073
F365M,0.3794901118
F365D,0.421441756
F365E,0.4119490985
F365C,0.3768577832
F365I,0.403345503
F365K,0.4054908044
F365G,0.4060992083
W366A,0.4334935577
W366K,0.4347917323
W366D,0.4438944118
W366E,0.4452203949
W366F,0.4238315454
W366G,0.4321469596
W366H,0.4166114987
W366I,0.4242751107
W366L,0.4430341124
W366C,0.3983453069
W366N,0.4242009778
W366Y,0.4219318886
W366V,0.4330509522
W366T,0.4345140291
W366M,0.4216716141
W366R,0.437219814
W366Q,0.4266144469
W366P,0.4501675184
W366S,0.4423828306
A367Y,0.3902296003
A367W,0.3756551196
A367V,0.4010549025
A367T,0.4049323505
A367S,0.4120300432
A367C,0.3718752702
A367D,0.4126729114
A367E,0.4131800158
A367G,0.4143327988
A367H,0.3896871758
A367Q,0.3962639784
A367K,0.409430207
A367L,0.4082654888
A367M,0.3800088624
A367N,0.4024018707
A367P,0.4155242152
A367F,0.3926761631
A367I,0.3954939915
A367R,0.4115276111
S368R,0.4041355035
S368Q,0.3901607643
S368N,0.3992907376
S368T,0.3987790592
S368V,0.397430229
S368C,0.3706355691
S368M,0.3778913522
S368L,0.4076674994
S368K,0.4026167692
S368P,0.4103168288
S368I,0.391209131
S368G,0.4094144726
S368F,0.3901836807
S368W,0.3740242608
S368E,0.4080351103
S368D,0.4085261045
S368Y,0.3919421671
S368H,0.3872540286
S368A,0.3976993046
R369T,0.4051476711
R369S,0.4138396709
R369P,0.4083757918
R369A,0.4046639746
R369C,0.3787551096
R369D,0.4196241253
R369E,0.403949622
R369F,0.4033739881
R369G,0.412599831
R369H,0.3990521537
R369I,0.4058916884
R369K,0.4009993318
R369M,0.3834281787
R369N,0.4073424483
R369Q,0.3918143545
R369Y,0.3982314187
R369L,0.4190507928
R369W,0.3761422105
R369V,0.4078806052
P370W,0.3770190308
P370C,0.3649611516
P370D,0.4051521179
P370E,0.4048286975
P370F,0.3911103238
P370G,0.4119430615
P370H,0.3785719228
P370I,0.3941579871
P370L,0.4109218094
P370A,0.3984190465
P370N,0.3945656888
P370Q,0.3844649686
P370R,0.3998324914
P370S,0.3995419624
P370T,0.39318565
P370V,0.3970513015
P370Y,0.3881058391
P370M,0.3807868581
P370K,0.3968467828
K371E,0.4173592168
K371D,0.4183295705
K371C,0.37980875
K371G,0.4282485959
K371H,0.3975234444
K371I,0.4016989734
K371L,0.4185441857
K371M,0.3849377013
K371A,0.4106100004
K371N,0.4085195586
K371Q,0.3977299639
K371R,0.4120123427
K371S,0.4182433174
K371T,0.4065717328
K371V,0.4081305867
K371W,0.3864830066
K371Y,0.4020652544
K371P,0.4176948269
K371F,0.4046657961
S372D,0.4115106913
S372C,0.3732518048
S372A,0.4036872138
S372F,0.3946111516
S372Y,0.3936184308
S372W,0.3733335012
S372V,0.4066737493
S372T,0.3999860712
S372R,0.4047573808
S372Q,0.3891860448
S372E,0.4124864748
S372P,0.4115833033
S372M,0.3797483161
S372L,0.4096623781
S372K,0.4024948663
S372I,0.3979442147
S372H,0.3869675242
S372G,0.4160241608
S372N,0.3974378215
Y373T,0.409142737
Y373W,0.3954997163
Y373A,0.4103187428
Y373D,0.4099816061
Y373E,0.4189838825
Y373F,0.4071151172
Y373G,0.4179947122
Y373H,0.397882925
Y373I,0.4070816649
Y373V,0.4142292846
Y373K,0.4115788276
Y373M,0.387856621
Y373N,0.4011022388
Y373P,0.4164354361
Y373Q,0.400980203
Y373R,0.416447036
Y373S,0.4168555993
Y373L,0.4201181437
Y373C,0.3793489587
I374R,0.4136316305
I374W,0.3905598731
I374Q,0.3964423772
I374P,0.4116606165
I374N,0.4067421631
I374M,0.3797971732
I374L,0.4188466962
I374K,0.4039761699
I374S,0.4113707294
I374H,0.3948195735
I374F,0.408239525
I374E,0.4065465554
I374D,0.4193243268
I374C,0.3795381825
I374A,0.4043765624
I374T,0.4039818137
I374G,0.4080118643
I374V,0.408222449
I374Y,0.4039187199
Y375K,0.4083226613
Y375D,0.4113784318
Y375E,0.4209782234
Y375F,0.4058519041
Y375G,0.409762735
Y375H,0.3923904048
Y375I,0.404593612
Y375L,0.4219850942
Y375C,0.3774749303
Y375M,0.3872439033
Y375P,0.4215241175
Y375Q,0.4030573911
Y375R,0.4115726171
Y375S,0.4147540895
Y375T,0.4068089521
Y375V,0.4087144609
Y375W,0.3909367246
Y375N,0.3990194473
Y375A,0.4064922395
R376A,0.3963346301
R376W,0.3764646941
R376Y,0.3924668622
R376D,0.4009701644
R376E,0.4018823741
R376F,0.3930056148
R376G,0.4068514715
R376H,0.3869491819
R376I,0.3879310661
R376K,0.4019846913
R376C,0.3706243682
R376M,0.3739675278
R376N,0.3986171234
R376P,0.4074572674
R376Q,0.389561734
R376S,0.411551632
R376T,0.408663256
R376V,0.3939419148
R376L,0.4061490715
T377W,0.3875621367
T377V,0.4081719149
T377S,0.4108596465
T377R,0.4124744702
T377Q,0.4002530535
T377P,0.4206860753
T377N,0.4080552511
T377M,0.3851902618
T377H,0.392770934
T377K,0.4111039032
T377I,0.4052119677
T377G,0.4302910886
T377F,0.4035570881
T377E,0.4106246304
T377D,0.4117490439
T377Y,0.4014404106
T377L,0.4181963454
T377C,0.3791155617
T377A,0.4061386455
Q378E,0.4266387164
Q378D,0.4173266955
Q378A,0.4181804259
Q378F,0.4107914987
Q378G,0.4278155376
Q378H,0.3966546503
Q378I,0.4118163533
Q378K,0.4266128162
Q378L,0.4266671783
Q378M,0.3993222239
Q378C,0.3809845303
Q378P,0.4279653472
Q378R,0.4225557378
Q378S,0.4224181178
Q378T,0.4144909295
Q378V,0.4181200614
Q378W,0.3989981616
Q378Y,0.4078625867
Q378N,0.4056335245
E379W,0.3827953722
E379V,0.4015177296
E379T,0.4092047669
E379S,0.4103154236
E379R,0.4065348283
E379Q,0.388190982
E379P,0.4115325148
E379K,0.4044850323
E379M,0.3784529518
E379L,0.4126981582
E379I,0.3977055267
E379H,0.3908976921
E379G,0.4049574122
E379F,0.4013502889
E379D,0.4049220112
E379N,0.4009217236
E379Y,0.3997528015
E379A,0.3995401293
E379C,0.3697464493
W380R,0.4130283269
W380Y,0.4057070502
W380A,0.4098050694
W380C,0.3700473869
W380D,0.414579224
W380E,0.4214949096
W380F,0.4111606652
W380G,0.4372145634
W380H,0.3858424804
W380S,0.4105557077
W380K,0.41416323
W380L,0.4251894831
W380M,0.3964163613
W380N,0.4023227186
W380P,0.4180793289
W380Q,0.39379554
W380V,0.4126542625
W380T,0.4065318849
W380I,0.4099093989
D381Y,0.398065626
D381W,0.3852656552
D381V,0.4144889403
D381T,0.4034549791
D381S,0.4052751368
D381R,0.4146670384
D381Q,0.3993060384
D381L,0.4167494714
D381N,0.3948905606
D381M,0.3908180832
D381K,0.4169920164
D381I,0.4078767309
D381H,0.3887201644
D381G,0.4094154556
D381P,0.4077782881
D381E,0.4191491721
D381C,0.3730292212
D381A,0.4049433374
D381F,0.4015206325
E382P,0.3983255362
E382H,0.38686715
E382I,0.4101517069
E382K,0.4090328967
E382L,0.4170062358
E382M,0.3825384806
E382N,0.3965181002
E382A,0.4001496897
E382Q,0.3935404525
E382R,0.4130731188
E382S,0.4038787564
E382T,0.4000695083
E382V,0.4105165191
E382W,0.3780744695
E382Y,0.3997146479
E382D,0.4033000519
E382C,0.3765363925
E382G,0.4002619067
E382F,0.402572515
F383V,0.4105967352
F383A,0.4043926496
F383Y,0.4029269069
F383T,0.4045872165
F383L,0.4281494071
F383G,0.4073580613
F383C,0.3695439313
F383D,0.4154705065
F383E,0.405121713
F383H,0.3926856466
F383I,0.410135371
F383M,0.3910066304
F383K,0.4054750873
F383P,0.3981393194
F383Q,0.3897731398
F383R,0.4066770165
F383S,0.4047411491
F383W,0.3842240369
F383N,0.4067860993
P384S,0.4078220854
P384Q,0.4031388737
P384R,0.4218547025
P384T,0.4036469496
P384L,0.4375516596
P384W,0.4138461416
P384Y,0.4175609599
P384N,0.404078597
P384V,0.4254618027
P384M,0.4037250377
P384K,0.4193190704
P384I,0.4231240163
P384H,0.3961996818
P384G,0.4052497223
P384F,0.420245939
P384E,0.4145694514
P384D,0.3945836149
P384C,0.3926306946
P384A,0.4079992756
N385I,0.4083936426
N385K,0.4154938971
N385Y,0.4028286665
N385W,0.3949238337
N385V,0.4148174494
N385C,0.3765018646
N385S,0.4158063479
N385E,0.4246193947
N385T,0.4058011503
N385D,0.4195871572
N385L,0.422445695
N385M,0.3854119953
N385P,0.4150549694
N385A,0.4121715664
N385F,0.4093782446
N385G,0.4181343271
N385H,0.390801516
N385Q,0.4021718449
N385R,0.4116923283
G386Y,0.3934676613
G386N,0.3825729101
G386V,0.3968919101
G386T,0.3887511244
G386S,0.3994419119
G386R,0.3965266931
G386P,0.39958687
G386W,0.381536444
G386M,0.3726941142
G386Q,0.3810136225
G386K,0.3899127836
G386L,0.4091106725
G386A,0.3921441646
G386C,0.3644106662
G386H,0.3771202261
G386E,0.3927110553
G386F,0.3964722038
G386I,0.3960922759
G386D,0.3854391157
R387S,0.4038888528
R387T,0.4015629437
R387V,0.4062059896
R387A,0.3967615011
R387C,0.3728045097
R387D,0.3928377808
R387E,0.3999570773
R387F,0.4031594308
R387H,0.3822225255
R387I,0.4030807933
R387K,0.4047373557
R387M,0.376405781
R387N,0.3896261058
R387P,0.4042308873
R387Q,0.3883000995
R387W,0.3885439573
R387Y,0.4002697132
R387G,0.4028543643
R387L,0.4094330868
W388V,0.4164456944
W388Q,0.3930472552
W388T,0.4087662035
W388S,0.4138674793
W388R,0.4163899156
W388P,0.4207156706
W388M,0.3900288113
W388L,0.4264667768
W388K,0.4128916495
W388I,0.4184508431
W388N,0.3984451202
W388G,0.4174450826
W388F,0.4175633077
W388E,0.4078138221
W388D,0.4029612208
W388C,0.375915689
W388A,0.4075624759
W388Y,0.4114598276
W388H,0.3887900008
G389K,0.4071446258
G389I,0.4138551162
G389H,0.3844112252
G389A,0.4022662515
G389D,0.3986065702
G389C,0.3722842383
G389L,0.4205309688
G389E,0.4080828572
G389M,0.3875500684
G389F,0.4051600111
G389P,0.4027576794
G389Y,0.4020319351
G389W,0.390613391
G389V,0.4173518267
G389T,0.4018051129
G389N,0.3919544031
G389S,0.4046178006
G389R,0.4098605129
G389Q,0.3904463377
N390P,0.4222721999
N390Y,0.4144654688
N390W,0.3981683596
N390V,0.42132563
N390T,0.4153700224
N390S,0.4235995477
N390R,0.4180508843
N390Q,0.3971574815
N390A,0.4126106097
N390C,0.3844619327
N390M,0.3940599202
N390K,0.4160035863
N390I,0.4216125102
N390H,0.3974710714
N390G,0.4202614075
N390F,0.419430235
N390E,0.4131765752
N390D,0.4146651533
N390L,0.4277622337
S391P,0.4171146421
S391Q,0.3792143457
S391R,0.3983287051
S391N,0.3823925337
S391V,0.40277442
S391W,0.383468067
S391Y,0.3958259875
S391T,0.3969694315
S391M,0.3750043698
S391L,0.4120445055
S391I,0.402284166
S391H,0.3775104355
S391G,0.4028341715
S391F,0.4012673665
S391E,0.3946751244
S391D,0.3899971054
S391C,0.3674430056
S391A,0.396833159
S391K,0.3939300084
S392H,0.377457519
S392G,0.400178302
S392F,0.393932466
S392I,0.3918133078
S392D,0.394720379
S392C,0.3609894879
S392A,0.3924227352
S392E,0.3936625867
S392K,0.3948093094
S392L,0.4033174748
S392M,0.3678777756
S392W,0.3767395292
S392V,0.3948290107
S392T,0.3954343209
S392Y,0.3898008905
S392Q,0.3820494178
S392P,0.3991473698
S392N,0.389842901
S392R,0.3963707771
S393M,0.3702613371
S393Y,0.3899386549
S393W,0.3715520175
S393V,0.3972657952
S393T,0.3926543107
S393R,0.3982024364
S393Q,0.3822665657
S393P,0.3950427411
S393L,0.407623118
S393N,0.4018569134
S393K,0.3958369744
S393I,0.3961301519
S393H,0.3982581806
S393G,0.3998110611
S393F,0.3925857754
S393E,0.3921284707
S393D,0.4105570261
S393C,0.3658454604
S393A,0.3950795011
P394D,0.396561886
P394E,0.4053641424
P394F,0.3970087416
P394G,0.4058595429
P394H,0.383107956
P394I,0.3975522937
P394Q,0.3896311367
P394L,0.4097698071
P394M,0.3836661902
P394N,0.3903450671
P394S,0.4091199652
P394R,0.4053198998
P394C,0.3628584044
P394K,0.404116976
P394A,0.4025778581
P394V,0.4024700821
P394W,0.3816648291
P394Y,0.3938940349
P394T,0.3995771263
A395T,0.4092922344
A395Y,0.4027686605
A395W,0.3826137757
A395V,0.4089851845
A395S,0.4146807431
A395R,0.410234768
A395Q,0.3907998333
A395P,0.4047424848
A395M,0.3778543667
A395N,0.3985173159
A395K,0.4051548878
A395I,0.4021592215
A395H,0.3906810762
A395G,0.4096136482
A395F,0.4032498243
A395E,0.4119031789
A395D,0.4052142056
A395C,0.3699403801
A395L,0.4157227143
F396R,0.4070384054
F396W,0.3923681013
F396V,0.4059894951
F396Y,0.4014542541
F396T,0.4081144533
F396S,0.4152807218
F396Q,0.3929023088
F396G,0.4099877993
F396N,0.3971407987
F396M,0.3809798926
F396L,0.4153652575
F396I,0.3996481192
F396H,0.3867644627
F396C,0.3682094362
F396D,0.4074504324
F396E,0.4138939405
F396P,0.4203068702
F396K,0.4101069496
F396A,0.4083218517
G397W,0.3880640021
G397C,0.3669303672
G397D,0.4086099983
G397E,0.4198713196
G397F,0.3900945132
G397H,0.3924600734
G397I,0.3887610994
G397K,0.4242597405
G397A,0.4086737341
G397L,0.4099714808
G397N,0.401147424
G397P,0.4199083455
G397Q,0.4166182181
G397R,0.418674907
G397S,0.4150825177
G397T,0.4044653136
G397V,0.3973872585
G397M,0.3791150991
G397Y,0.3938098115
E398A,0.4028733139
E398V,0.4056230465
E398C,0.3713746365
E398D,0.4037706624
E398F,0.4032050554
E398G,0.4078643851
E398H,0.3920778152
E398I,0.4032068596
E398K,0.4076213832
E398L,0.4126292644
E398M,0.3837274105
E398N,0.4039497897
E398P,0.4054850969
E398Q,0.3921674396
E398R,0.4082865895
E398S,0.4115927058
E398T,0.4053968661
E398W,0.3815285566
E398Y,0.4012378001
L399Y,0.3905130109
L399M,0.3766173025
L399C,0.3606195118
L399D,0.3995724482
L399E,0.4025732147
L399F,0.3895971697
L399G,0.4099401796
L399H,0.3770872307
L399A,0.3943860584
L399I,0.3914333394
L399N,0.3920874547
L399P,0.3970924504
L399Q,0.379842902
L399R,0.3968784714
L399S,0.3959699047
L399T,0.393872408
L399K,0.3971369879
L399V,0.3979330428
L399W,0.3799901325
K400D,0.3963717775
K400V,0.4006799881
K400T,0.3946022811
K400S,0.4012785385
K400R,0.408812817
K400Q,0.3878070642
K400P,0.4047554783
K400W,0.3768382958
K400N,0.3903183053
K400M,0.3818176052
K400L,0.4105680998
K400I,0.3925534739
K400H,0.3832318018
K400G,0.404148335
K400F,0.393714896
K400E,0.4016029708
K400C,0.3708784669
K400A,0.4001034984
K400Y,0.3934549338
D401A,0.3857067861
D401Y,0.3740908936
D401W,0.3465529393
D401V,0.3708050511
D401T,0.3836736439
D401R,0.3974076827
D401Q,0.381110903
D401P,0.394101763
D401N,0.3947460016
D401S,0.3926005731
D401L,0.3781534193
D401M,0.3503882785
D401E,0.3990962633
D401F,0.3637226418
D401G,0.4002830305
D401C,0.3511214649
D401I,0.3607410388
D401K,0.3961063565
D401H,0.3767602135
Y402K,0.4222976028
Y402C,0.3880512341
Y402D,0.412986831
Y402E,0.4166794384
Y402F,0.4078562547
Y402G,0.4224662926
Y402H,0.3983124039
Y402I,0.4057066974
Y402A,0.4231574859
Y402L,0.4225915494
Y402N,0.4079713226
Y402P,0.4072883637
Y402Q,0.4047416868
Y402R,0.4240460564
Y402S,0.4170832426
Y402T,0.4091714996
Y402V,0.4112466928
Y402W,0.382451308
Y402M,0.3890711042
Y403N,0.3996730017
Y403P,0.4104272127
Y403Q,0.3969749134
Y403V,0.4108825919
Y403S,0.4112699735
Y403T,0.4064468404
Y403M,0.3861121458
Y403R,0.4114837791
Y403L,0.4211243669
Y403G,0.4101738542
Y403I,0.4040138146
Y403H,0.3964979305
Y403F,0.4067199291
Y403E,0.4070914259
Y403D,0.4078795644
Y403C,0.3860994646
Y403A,0.4104326946
Y403K,0.4041570263
Y403W,0.3798373796
L404A,0.4011592436
L404P,0.400967967
L404D,0.4191389947
L404C,0.369857342
L404Y,0.3934284321
L404W,0.368676421
L404V,0.3918413245
L404T,0.4012277731
L404R,0.4132873697
L404Q,0.3981951214
L404S,0.4081484491
L404M,0.3683901596
L404K,0.4054886127
L404I,0.384917734
L404H,0.3933515468
L404G,0.4061148733
L404F,0.3872040554
L404E,0.418854069
L404N,0.4066027275
F405E,0.4717859919
F405M,0.393697768
F405G,0.4468373061
F405H,0.4275319824
F405I,0.3951593413
F405K,0.4629826454
F405L,0.4220901812
F405N,0.4554332107
F405Y,0.4119715234
F405Q,0.4500861516
F405R,0.4563550022
F405S,0.4570882234
F405T,0.4402071822
F405V,0.4109949476
F405W,0.3977568472
F405D,0.4589900313
F405P,0.4465302157
F405C,0.3917295354
F405A,0.4557826181
Y406C,0.3831826209
Y406E,0.4046853702
Y406F,0.4039200845
Y406G,0.4066501216
Y406H,0.400910916
Y406I,0.3930422938
Y406K,0.4097346085
Y406L,0.4178329095
Y406M,0.3802987032
Y406A,0.4047622729
Y406N,0.4041168835
Y406P,0.4064578446
Y406Q,0.3974074282
Y406R,0.4144281537
Y406S,0.412657842
Y406T,0.4074023675
Y406V,0.4011378827
Y406W,0.3865805936
Y406D,0.4088494208
L407Y,0.3797700413
L407A,0.3868461187
L407E,0.3895272177
L407W,0.3659529298
L407V,0.3835247017
L407T,0.3832240069
L407S,0.3930539572
L407R,0.392401276
L407Q,0.3760272988
L407D,0.3914261979
L407P,0.3914403133
L407M,0.3637746851
L407K,0.3911817851
L407I,0.3764405229
L407H,0.3686482135
L407G,0.3964400121
L407F,0.3885123091
L407N,0.3787443193
L407C,0.3647358792
K408Y,0.3831341281
K408V,0.3855773312
K408S,0.4060020549
K408R,0.401421623
K408Q,0.386952663
K408P,0.4025898281
K408N,0.3973400899
K408M,0.3648934722
K408L,0.3998929599
K408I,0.3789270607
K408H,0.3795663032
K408G,0.4060829071
K408F,0.3849153978
K408E,0.3968819641
K408D,0.4023656948
K408C,0.3627508829
K408A,0.3959495384
K408T,0.3946753441
K408W,0.3814152004
S409W,0.3542407167
S409C,0.355290026
S409V,0.3803548406
S409T,0.3965079286
S409R,0.3980871893
S409Q,0.3878052079
S409P,0.3957774022
S409N,0.3983669164
S409M,0.362879054
S409L,0.3889785306
S409K,0.4019809963
S409I,0.3663286711
S409H,0.3794394967
S409G,0.4199277924
S409F,0.3653863861
S409E,0.4181986989
S409D,0.4164773368
S409Y,0.374647925
S409A,0.3935768192
K410Y,0.3784854673
K410A,0.3987442595
K410E,0.4097353024
K410F,0.386670779
K410G,0.4151495321
K410H,0.3779287424
K410I,0.3883110113
K410L,0.406809779
K410D,0.4140035842
K410N,0.3951620013
K410Q,0.3880993973
K410R,0.3996574581
K410S,0.4125777588
K410T,0.3974418925
K410V,0.3927509899
K410W,0.3595932983
K410P,0.4111258077
K410C,0.36702711
K410M,0.3648084565
S411A,0.4207261082
S411D,0.4042024081
S411E,0.4077178484
S411F,0.4053864112
S411G,0.3943899558
S411H,0.3939776628
S411I,0.4344945302
S411K,0.4241210451
S411Y,0.4075319843
S411L,0.4325509257
S411N,0.4014160601
S411P,0.4183012416
S411Q,0.3965288616
S411R,0.4168489724
S411T,0.4331889307
S411V,0.4351756386
S411W,0.3701252785
S411M,0.4037302478
S411C,0.3852484
P412A,0.4508581277
P412W,0.379470104
P412V,0.4304617329
P412T,0.4278059905
P412S,0.435787408
P412R,0.4364840658
P412Q,0.4388980784
P412N,0.4128774822
P412M,0.3994204874
P412L,0.4339251241
P412Y,0.3968161235
P412K,0.4401512414
P412I,0.4093938403
P412H,0.4109297489
P412G,0.4320278035
P412F,0.408287295
P412E,0.4510403314
P412D,0.4356736413
P412C,0.390084677
K413W,0.370594744
K413C,0.3613892847
K413D,0.4000681898
K413E,0.4050995599
K413F,0.4032927253
K413G,0.3901949626
K413H,0.3753080773
K413N,0.3889714007
K413L,0.4147899011
K413M,0.375717375
K413P,0.4116615418
K413Q,0.3897600769
K413R,0.4079831248
K413S,0.4116978333
K413Y,0.3913259972
K413I,0.3960677346
K413A,0.4039736776
K413V,0.4081200046
K413T,0.4070734132
E414C,0.3101828731
E414V,0.3596435953
E414T,0.3602300716
E414S,0.3718382963
E414R,0.3675834301
E414Q,0.3650194806
E414P,0.3843827228
E414N,0.3553446079
E414M,0.3364040848
E414K,0.3770134853
E414I,0.3471868849
E414H,0.3406342015
E414G,0.368139195
E414F,0.3419599649
E414D,0.3822857639
E414A,0.3805106295
E414L,0.3662820923
E414Y,0.3469740508
E414W,0.330297644
E415A,0.4008839055
E415Y,0.3750015536
E415W,0.3523890381
E415V,0.3918138572
E415T,0.3901681718
E415S,0.3820218291
E415R,0.3948702522
E415Q,0.3825098336
E415P,0.3629283449
E415N,0.3730899905
E415L,0.3947501477
E415K,0.3942495371
E415I,0.3826383633
E415H,0.3692945455
E415G,0.370103241
E415F,0.3756075115
E415D,0.3863408821
E415C,0.3468291102
E415M,0.3653643429
L416D,0.3555478689
L416A,0.3836432998
L416R,0.3631937398
L416W,0.3717472118
L416V,0.3933596511
L416T,0.361949511
L416S,0.3511740547
L416Y,0.3677136917
L416Q,0.3509418258
L416P,0.3429893734
L416N,0.340325414
L416M,0.3630327871
L416K,0.3569897005
L416I,0.3910477475
L416H,0.3428691301
L416G,0.34560654
L416F,0.3870352182
L416E,0.3638698752
L416C,0.3398702083
L417Q,0.3816734076
L417P,0.3471906118
L417R,0.395961783
L417N,0.3440976188
L417T,0.3678292972
L417V,0.3933551754
L417S,0.3674442402
L417M,0.3604671087
L417A,0.3844220357
L417I,0.387264602
L417H,0.3446243204
L417G,0.3516201933
L417F,0.3583530392
L417E,0.4003242922
L417D,0.35277596
L417C,0.3395766839
L417W,0.3402309727
L417K,0.3981739253
L417Y,0.3483671265
K418W,0.333448145
K418Y,0.3418381315
K418V,0.3581575846
K418T,0.3652244388
K418S,0.3826556243
K418R,0.402334969
K418Q,0.3806727676
K418P,0.3536766364
K418N,0.3644600958
K418L,0.3687317778
K418I,0.3434511278
K418H,0.3512038553
K418G,0.3674454979
K418F,0.3432218133
K418E,0.397902077
K418D,0.3693832273
K418C,0.3266578895
K418A,0.3907067278
K418M,0.3360841282
M419C,0.3938551932
M419A,0.4370321284
M419Y,0.4178604115
M419W,0.4011175742
M419V,0.4327895617
M419T,0.4272450155
M419S,0.4249959571
M419Q,0.4279543892
M419P,0.4018969174
M419N,0.4101748141
M419R,0.456574547
M419K,0.4586676662
M419I,0.4315454832
M419H,0.4144973251
M419G,0.4109219829
M419F,0.4224034416
M419E,0.4388656034
M419D,0.411799445
M419L,0.4491578026
W420P,0.4023770229
W420Y,0.4305279725
W420V,0.4395581614
W420T,0.4266254569
W420S,0.4126879346
W420R,0.4121643844
W420Q,0.3923313876
W420N,0.3965018164
W420M,0.4144711184
W420C,0.3960666995
W420K,0.4176676545
W420I,0.4403627628
W420H,0.3988822206
W420G,0.4064081201
W420F,0.4467190521
W420E,0.4116578872
W420D,0.3979558262
W420A,0.4275895886
W420L,0.4612058571
G421Q,0.399445474
G421R,0.415363251
G421Y,0.3755754759
G421T,0.3900126663
G421V,0.3941626479
G421P,0.3997310878
G421S,0.3941808515
G421N,0.3987562931
G421E,0.4194876272
G421K,0.4171753188
G421I,0.391302994
G421H,0.3780919445
G421F,0.3794457419
G421D,0.3981849093
G421C,0.3607169312
G421A,0.398281681
G421L,0.4060504552
G421W,0.3653077082
G421M,0.3769337202
E422C,0.3616364327
E422F,0.3747774204
E422G,0.3896822779
E422H,0.3724693275
E422I,0.3933083624
E422K,0.4200104025
E422L,0.3967244751
E422M,0.3675602245
E422D,0.3895460111
E422N,0.3794613549
E422Q,0.3855599603
E422R,0.4116074283
E422S,0.393186795
E422T,0.3864591014
E422V,0.3994054932
E422W,0.3563619104
E422Y,0.3777475102
E422P,0.3929544909
E422A,0.3889936001
E423C,0.3632401943
E423F,0.3970557194
E423Y,0.3921433724
E423W,0.3695183087
E423V,0.4058033708
E423T,0.3980537659
E423S,0.3990630076
E423R,0.4142650094
E423A,0.4034220992
E423Q,0.3863762831
E423N,0.3897863762
E423M,0.3801711624
E423L,0.4162339359
E423K,0.4162045083
E423I,0.4020513299
E423H,0.3857629408
E423G,0.3985736846
E423P,0.4094178034
E423D,0.4012656144
L424W,0.3676269846
L424Y,0.3909616881
L424A,0.3874112573
L424V,0.3973152942
L424T,0.3765886208
L424S,0.3795940886
L424R,0.3824544074
L424P,0.3916070312
L424N,0.3744717814
L424M,0.3646881612
L424Q,0.3639509269
L424I,0.3976099404
L424H,0.3588331187
L424G,0.388048019
L424F,0.3970492545
L424E,0.3906034218
L424D,0.3769580764
L424C,0.3511531304
L424K,0.3918303954
T425K,0.4160994155
T425I,0.3992529426
T425H,0.3774165204
T425A,0.410161971
T425F,0.4012438429
T425E,0.4141925478
T425L,0.4180162928
T425G,0.4062521116
T425M,0.3714794518
T425Y,0.3884233208
T425P,0.4149029103
T425Q,0.3952161842
T425R,0.4088670114
T425S,0.4142871973
T425V,0.4061471055
T425W,0.3696642382
T425C,0.3740443785
T425N,0.394812594
T425D,0.4026792269
S426C,0.3557609719
S426A,0.4005097023
S426Q,0.3900613905
S426W,0.3682040931
S426V,0.4001225867
S426T,0.3946862385
S426R,0.4065458499
S426P,0.4100055287
S426N,0.3853080243
S426Y,0.3756218812
S426M,0.3659808598
S426K,0.4124944028
S426I,0.3855182389
S426H,0.3719699717
S426G,0.4015606712
S426F,0.3851967499
S426E,0.4148862218
S426D,0.4017968785
S426L,0.4050086634
E427H,0.3769349808
E427G,0.3999116493
E427F,0.3925063515
E427Y,0.3859489784
E427C,0.3661267257
E427A,0.4007850867
E427I,0.392695795
E427D,0.4011850976
E427K,0.4056792301
E427V,0.3982983869
E427M,0.3761637622
E427N,0.385912976
E427P,0.4101515623
E427Q,0.3875785477
E427R,0.4017753326
E427S,0.4030005251
E427T,0.3900249312
E427W,0.3748824669
E427L,0.41545871
E428A,0.3898940191
E428C,0.3524552893
E428R,0.3968815882
E428W,0.3519465137
E428Y,0.3715482357
E428V,0.3792556334
E428T,0.3880750353
E428S,0.3953366356
E428Q,0.379071134
E428P,0.3962704491
E428N,0.3894214078
E428L,0.3920814987
E428K,0.4035470669
E428I,0.3730206861
E428H,0.3700288711
E428G,0.4005467398
E428F,0.3720760302
E428D,0.4004655985
E428M,0.3640536431
S429F,0.3787906899
S429G,0.4069595424
S429E,0.4218764046
S429W,0.3574575787
S429C,0.3581061427
S429A,0.408260776
S429H,0.3777507831
S429D,0.416149938
S429I,0.385291064
S429P,0.3996023095
S429L,0.4018781471
S429K,0.4174230682
S429V,0.3923134038
S429T,0.3989491021
S429R,0.408748902
S429Y,0.3737086758
S429N,0.4001850734
S429M,0.3714068224
S429Q,0.3954601576
V430N,0.3931494625
V430Y,0.3875121982
V430W,0.373645102
V430T,0.3963892409
V430S,0.4073404706
V430R,0.4080579631
V430Q,0.3890067323
V430P,0.4333858887
V430M,0.3785099392
V430C,0.374433917
V430K,0.4047460469
V430L,0.4219263951
V430D,0.4102901768
V430E,0.4053585044
V430A,0.4115286462
V430G,0.4102309457
V430H,0.3802814827
V430I,0.4015401834
V430F,0.4024550647
F431T,0.410225539
F431M,0.3921626284
F431S,0.4237371966
F431R,0.4387604238
F431Q,0.4152620498
F431P,0.428179095
F431N,0.4142566073
F431L,0.4227450367
F431G,0.4241769454
F431I,0.396856353
F431H,0.404324548
F431E,0.4397628767
F431D,0.4303996047
F431C,0.379519788
F431Y,0.407125098
F431W,0.3925551739
F431K,0.4350430438
F431V,0.4088420885
F431A,0.4252646857
E432A,0.3952445594
E432Y,0.3774136291
E432W,0.3586558822
E432V,0.3805599781
E432T,0.3867505151
E432S,0.4034382558
E432R,0.4126776011
E432Q,0.3957835375
E432P,0.4132536225
E432C,0.3608259966
E432M,0.3609953341
E432D,0.415757005
E432F,0.3743891829
E432G,0.4092393063
E432N,0.4003619398
E432I,0.3696369096
E432K,0.4107451743
E432L,0.3932255961
E432H,0.3839252503
V433I,0.3928860308
V433C,0.3875930388
V433D,0.4402142948
V433E,0.4366790317
V433F,0.4012982571
V433G,0.4298773556
V433H,0.4139141969
V433A,0.4412590011
V433K,0.4466804822
V433M,0.3934895021
V433L,0.4228071649
V433Y,0.4065258479
V433W,0.3861851973
V433T,0.4211823894
V433Q,0.4268605078
V433R,0.4489336404
V433P,0.4293788036
V433N,0.4311004838
V433S,0.4328447161
F434L,0.4222440618
F434C,0.3906721826
F434D,0.4315795138
F434E,0.4317562992
F434G,0.4329950808
F434H,0.4054787766
F434I,0.4010654962
F434K,0.430632117
F434A,0.4262222483
F434M,0.3965156657
F434P,0.4441423694
F434Q,0.415278137
F434R,0.4295380505
F434S,0.4265390939
F434T,0.4146580349
F434V,0.4107415602
F434W,0.3825791553
F434Y,0.4021559486
F434N,0.4202718797
V435D,0.4496601885
V435Y,0.4118926142
V435W,0.3923760408
V435T,0.4237375262
V435S,0.4427934235
V435R,0.4584258787
V435Q,0.4355220564
V435L,0.4278042269
V435N,0.4418455525
V435M,0.3976420396
V435C,0.4066848114
V435K,0.4543606902
V435I,0.395756926
V435H,0.4223692954
V435G,0.4355246701
V435P,0.4393175361
V435A,0.4248171709
V435E,0.44233114
V435F,0.4014341943
L436W,0.379206464
L436C,0.3824706218
L436D,0.4387432842
L436E,0.4355631012
L436F,0.3886487436
L436G,0.4256588793
L436H,0.4202712552
L436Y,0.3991017856
L436I,0.3817844016
L436M,0.3750500407
L436N,0.4393872453
L436P,0.429926473
L436Q,0.4278974133
L436R,0.4687424053
L436T,0.4182606825
L436V,0.3933778402
L436K,0.4628859026
L436S,0.4366991609
L436A,0.4295555081
Y437W,0.3862069109
Y437D,0.4288997448
Y437E,0.4187176519
Y437F,0.4023914504
Y437G,0.4234773442
Y437H,0.4044402345
Y437I,0.3918286722
Y437K,0.4191485476
Y437L,0.4157753532
Y437M,0.3851964376
Y437N,0.4167660154
Y437P,0.4277694446
Y437Q,0.4041362436
Y437R,0.4225342612
Y437S,0.4225152538
Y437T,0.413598716
Y437C,0.3851882495
Y437V,0.4016616641
Y437A,0.4168432361
L438Y,0.3874799082
L438E,0.3992577653
L438F,0.3889169171
L438G,0.4060605921
L438H,0.3866003932
L438I,0.3814693197
L438K,0.401219157
L438M,0.3681811304
L438N,0.3924062664
L438P,0.4088896272
L438Q,0.3882532663
L438R,0.4073877896
L438S,0.4012607686
L438T,0.3923880802
L438V,0.3892673191
L438W,0.3671297279
L438A,0.3957353396
L438D,0.3975694449
L438C,0.3737097341
S439Y,0.3869696291
S439T,0.4038460442
S439R,0.4068335801
S439Q,0.3937648402
S439P,0.3942876676
S439N,0.4010456099
S439M,0.3745599371
S439L,0.4091677583
S439V,0.3864659942
S439K,0.4106760955
S439H,0.3837393168
S439G,0.4011085014
S439F,0.3895949839
S439E,0.4068933432
S439D,0.4031632646
S439C,0.3707684647
S439A,0.3986469211
S439I,0.3821036932
S439W,0.3664057415
G440C,0.3630461883
G440Y,0.38295289
G440T,0.3952290273
G440S,0.4045343462
G440R,0.4069956489
G440Q,0.3947142783
G440P,0.4013343521
G440N,0.3918268044
G440V,0.3863993961
G440A,0.3924643872
G440L,0.4008096396
G440K,0.4086871381
G440I,0.3789907733
G440H,0.3822630152
G440F,0.3811820752
G440E,0.4064069116
G440M,0.3688482565
G440W,0.3677494714
G440D,0.4002057577
E441W,0.3739220766
E441T,0.3985735343
E441S,0.4033924345
E441R,0.4062303574
E441Q,0.392743166
E441P,0.3934478327
E441N,0.40388233
E441M,0.3790707061
E441Y,0.3959120498
E441L,0.417088817
E441I,0.4036428092
E441H,0.395303351
E441G,0.4015680845
E441F,0.3976198344
E441D,0.4109052365
E441C,0.3696972568
E441A,0.3962921974
E441K,0.4092794375
E441V,0.4021553356
P442I,0.4231674898
P442C,0.3819427116
P442W,0.398158639
P442V,0.4248777262
P442T,0.4081115446
P442S,0.406633115
P442R,0.4153133877
P442Q,0.3948405412
P442A,0.4201083654
P442N,0.3962246163
P442L,0.4439229778
P442H,0.3850224625
P442G,0.4171323079
P442F,0.4170901933
P442E,0.4253995878
P442D,0.4041524118
P442M,0.405906833
P442Y,0.410721512
P442K,0.4180455817
N443M,0.3909572991
N443Y,0.4083980374
N443C,0.383148093
N443V,0.4219307957
N443T,0.4126201105
N443S,0.4180586214
N443R,0.4121768401
N443W,0.3945157619
N443Q,0.4002074289
N443D,0.4200955512
N443L,0.4329964108
N443K,0.409554926
N443I,0.4165645441
N443H,0.3952237421
N443G,0.423414181
N443P,0.413406254
N443F,0.4138483332
N443A,0.4126796423
N443E,0.4204145421
R444D,0.3949352023
R444E,0.4170135913
R444F,0.4002691176
R444G,0.4068316314
R444H,0.3786954564
R444I,0.4051695524
R444W,0.3862368474
R444V,0.4066577893
R444M,0.3743909639
R444N,0.3873068526
R444P,0.4182024981
R444Q,0.3907059471
R444S,0.4060732618
R444T,0.3949776754
R444L,0.4148212775
R444K,0.4072063318
R444A,0.4061641525
R444Y,0.3942858923
R444C,0.3657033242
N445Q,0.3989766735
N445P,0.4198658261
N445M,0.3855074659
N445L,0.4231560229
N445K,0.41759277
N445I,0.4116888876
N445H,0.3956036063
N445G,0.4113026567
N445F,0.4130974057
N445D,0.4128972471
N445C,0.3734431161
N445A,0.4080205324
N445T,0.4083796372
N445V,0.4128571737
N445W,0.3972518244
N445Y,0.4129092228
N445E,0.4189324521
N445R,0.4152975202
N445S,0.4115184284
G446L,0.4135791593
G446H,0.3804315294
G446I,0.4029412015
G446K,0.3918043274
G446D,0.3855324583
G446M,0.3726530809
G446N,0.384178418
G446P,0.4016499255
G446Q,0.3811818555
G446R,0.3997552591
G446S,0.3955018501
G446T,0.3926695074
G446V,0.4012499609
G446W,0.3817029191
G446Y,0.3966613697
G446C,0.367995116
G446A,0.393573581
G446E,0.3921963641
G446F,0.3999159342
H447W,0.4191692145
H447V,0.4389725756
H447T,0.4224369864
H447S,0.4229817414
H447R,0.4329022008
H447Q,0.4158863616
H447D,0.4220386757
H447L,0.444140889
H447K,0.431495377
H447I,0.4340730023
H447G,0.4298668891
H447F,0.4292881615
H447E,0.4345488229
H447N,0.4154813315
H447P,0.4212476228
H447M,0.4099970688
H447C,0.3945228976
H447Y,0.4276530757
H447A,0.4257713507
K448F,0.4159732856
K448Y,0.4123182766
K448C,0.3825502481
K448A,0.4075540218
K448W,0.397718948
K448V,0.4182073959
K448T,0.4100579826
K448S,0.4119334624
K448R,0.4148711813
K448Q,0.3970736686
K448E,0.4020560716
K448N,0.3936283826
K448M,0.3934773413
K448L,0.4268464214
K448I,0.4148115974
K448H,0.39573501
K448G,0.4118515693
K448D,0.3936580878
K448P,0.4126198619
V449F,0.3945807814
V449P,0.3813556917
V449T,0.3802709237
V449D,0.372492932
V449C,0.3486721554
V449A,0.3861085722
V449S,0.3799799783
V449R,0.3811595231
V449Q,0.3620952699
V449W,0.3745151971
V449Y,0.3879344662
V449M,0.3703330644
V449E,0.3805033723
V449L,0.408951605
V449K,0.376114853
V449I,0.40576472
V449H,0.360440263
V449G,0.3846607093
V449N,0.3695796909
T450E,0.4016230653
T450W,0.39145104
T450D,0.3940729021
T450S,0.4076369846
T450R,0.4071768811
T450Q,0.3876862253
T450P,0.3969133346
T450N,0.3895789025
T450M,0.3857388217
T450K,0.3985162461
T450I,0.4151653707
T450H,0.3906286917
T450G,0.4005322776
T450F,0.4155350691
T450V,0.4192521947
T450L,0.4254954806
T450Y,0.4132495746
T450C,0.3809781694
T450A,0.4058823842
C451F,0.4418745522
C451G,0.4348106356
C451H,0.4105458715
C451I,0.4437059976
C451K,0.4224540856
C451L,0.4564410472
C451M,0.4098017039
C451N,0.4170393296
C451P,0.4319302916
C451Q,0.4102031025
C451R,0.4301451244
C451S,0.4323225249
C451T,0.427367271
C451V,0.4471988106
C451W,0.4107888329
C451D,0.4218391878
C451A,0.430039939
C451Y,0.4295734052
C451E,0.4255846481
L452A,0.3842924623
L452C,0.3613438162
L452E,0.3815848154
L452F,0.3948598435
L452G,0.3922178406
L452H,0.3756936895
L452I,0.3961386523
L452K,0.3846851928
L452M,0.3685904396
L452D,0.3794909734
L452N,0.3792556045
L452P,0.3807575173
L452Q,0.3745645805
L452R,0.3932441756
L452S,0.3920709397
L452T,0.3893511378
L452Y,0.3908276071
L452W,0.369965332
L452V,0.3955390495
P453C,0.3806705586
P453A,0.4062480811
P453E,0.399654081
P453Y,0.4099527568
P453W,0.3858501481
P453V,0.4167999534
P453T,0.4046170835
P453S,0.4078459617
P453R,0.4080212437
P453Q,0.3895262405
P453N,0.3990693048
P453M,0.3818624435
P453L,0.4237587888
P453K,0.4033948228
P453I,0.4085054259
P453H,0.3913214636
P453G,0.4078353333
P453F,0.4247270029
P453D,0.4031187791
W454Y,0.4112631327
W454C,0.3830789737
W454T,0.4115595137
W454D,0.4115464797
W454E,0.4261127549
W454F,0.4193511927
W454G,0.4217063732
W454H,0.3929501655
W454I,0.4181372589
W454V,0.4254282637
W454K,0.417955911
W454A,0.4172662617
W454N,0.4012473587
W454P,0.4225465897
W454Q,0.4031828734
W454R,0.4181380742
W454S,0.4203644244
W454L,0.4365586092
W454M,0.3946872042
N455Y,0.3982834563
N455E,0.4174173435
N455C,0.3758773331
N455V,0.4095114004
N455T,0.4120201145
N455S,0.4168570507
N455R,0.4139317355
N455Q,0.3986847624
N455D,0.411095131
N455P,0.4106468992
N455L,0.4208949541
N455K,0.418018681
N455I,0.4046788301
N455H,0.3879786626
N455G,0.4170391908
N455F,0.403875281
N455W,0.3889753213
N455M,0.3907937442
N455A,0.4088045132
D456N,0.3982602334
D456Y,0.3965304807
D456W,0.3858565552
D456V,0.4062521173
D456S,0.4121203326
D456R,0.4112366484
D456Q,0.3980558997
D456P,0.4186690492
D456M,0.386742859
D456T,0.4048084642
D456K,0.4119289867
D456I,0.4024458068
D456H,0.384632658
D456G,0.424766978
D456F,0.4000160482
D456E,0.4141829429
D456C,0.3742339318
D456A,0.406926969
D456L,0.4186069037
E457D,0.4095649067
E457F,0.3978230983
E457G,0.4056053344
E457H,0.3905503491
E457I,0.4063038773
E457K,0.4062136342
E457P,0.4061793434
E457M,0.380517823
E457N,0.4005927924
E457T,0.4012907051
E457S,0.409376666
E457C,0.3717679106
E457Q,0.391408561
E457L,0.4207114493
E457A,0.4039796337
E457R,0.4043741453
E457W,0.3701802651
E457Y,0.3908436133
E457V,0.4071837913
P458T,0.4265362894
P458A,0.4320144515
P458C,0.375413361
P458D,0.4317074305
P458E,0.4469635459
P458F,0.4069718593
P458G,0.4152315409
P458V,0.4266470376
P458H,0.3989414806
P458W,0.3892576506
P458M,0.3990330537
P458N,0.4200365687
P458Q,0.4268936998
P458R,0.4336047569
P458S,0.4223482121
P458I,0.4170167891
P458K,0.4363438148
P458L,0.42988389
P458Y,0.401170005
L459W,0.3666450946
L459V,0.3903972839
L459T,0.4267638431
L459S,0.4242594919
L459R,0.3850167725
L459Q,0.373588554
L459P,0.3894492568
L459N,0.3948216206
L459Y,0.3729884482
L459A,0.3890893945
L459K,0.390361588
L459I,0.3873819337
L459H,0.3601972149
L459G,0.3927232681
L459F,0.3863482606
L459E,0.3934076495
L459D,0.3968273822
L459C,0.357204758
L459M,0.3618670772
A460K,0.4092004878
A460I,0.3949736449
A460N,0.3955105933
A460E,0.4152156156
A460D,0.4077203638
A460V,0.4023623004
A460T,0.4062993785
A460S,0.4147516666
A460R,0.4023823082
A460Q,0.3935522432
A460P,0.4185140584
A460Y,0.3870987891
A460M,0.3743764496
A460C,0.3633828161
A460L,0.4140953944
A460F,0.3943660679
A460G,0.3980906994
A460H,0.3786865396
A460W,0.3778563154
A461D,0.3969580051
A461Y,0.3843337211
A461W,0.3743603277
A461N,0.3905530843
A461E,0.4188122031
A461Q,0.3969091422
A461C,0.3581138567
A461R,0.412293423
A461T,0.3970423153
A461V,0.4077119386
A461P,0.406358384
A461S,0.4056536479
A461L,0.4152305809
A461K,0.4161987431
A461I,0.3989298576
A461H,0.3752985534
A461G,0.3994725076
A461F,0.3933379519
A461M,0.3770128954
E462Q,0.3935833883
E462R,0.4056521445
E462S,0.4076060362
E462A,0.4367680894
E462C,0.3942074225
E462D,0.407069429
E462F,0.4426175749
E462H,0.3870392978
E462G,0.4039374092
E462K,0.4057797547
E462L,0.4542930974
E462M,0.4137465596
E462N,0.3954072873
E462P,0.3979533801
E462Y,0.415583828
E462W,0.414882492
E462V,0.4419583825
E462I,0.4373619212
E462T,0.4112241696
T463I,0.4327513157
T463H,0.3882902113
T463D,0.4061568376
T463E,0.4173316859
T463K,0.4072366326
T463G,0.40649313
T463L,0.4474788847
T463F,0.4227256882
T463N,0.3999454659
T463Y,0.4097138663
T463M,0.4059657634
T463W,0.3999915184
T463C,0.3861071901
T463V,0.4316714281
T463S,0.4086615791
T463R,0.4110274921
T463P,0.4055072443
T463Q,0.3934402749
T463A,0.4221525523
S464A,0.4168934348
S464C,0.3598848219
S464D,0.4031204908
S464E,0.4186793827
S464F,0.3848084314
S464G,0.4007385658
S464H,0.3821696784
S464I,0.3894321635
S464L,0.4096535307
S464M,0.3703592017
S464N,0.391324326
S464Q,0.4010977573
S464R,0.4201231341
S464T,0.3953702787
S464V,0.3974132108
S464Y,0.3785629136
S464W,0.3661935377
S464K,0.4150761279
S464P,0.4042473908
L465A,0.4070745408
L465F,0.3871567885
L465G,0.3886846419
L465E,0.4006146159
L465D,0.3852634752
L465C,0.3499591176
L465H,0.3706511243
L465K,0.4109245272
L465M,0.3579275416
L465N,0.3780768577
L465I,0.3861543414
L465Q,0.3877926655
L465R,0.4191648313
L465Y,0.3703925846
L465W,0.3700648562
L465S,0.4011732837
L465V,0.3887692413
L465T,0.3874067873
L465P,0.3897526058
L466V,0.3833243291
L466W,0.3603016485
L466D,0.3748121737
L466E,0.378758874
L466F,0.3789201621
L466I,0.3826842077
L466H,0.343414258
L466K,0.3789858928
L466M,0.3558573792
L466N,0.371637091
L466P,0.3902974822
L466R,0.3778106966
L466S,0.4127434301
L466T,0.4089240538
L466G,0.3748435848
L466Q,0.3587556955
L466Y,0.3587749053
L466A,0.3770130631
L466C,0.3372950956
K467S,0.3954124338
K467Y,0.3943956806
K467W,0.3844626555
K467V,0.4203653207
K467T,0.3959733337
K467R,0.4111152834
K467Q,0.3931589344
K467P,0.3971959588
K467N,0.3844075127
K467M,0.3980615435
K467L,0.4354544232
K467A,0.4104910757
K467H,0.3779988274
K467G,0.394084953
K467F,0.4066498672
K467E,0.4044015837
K467D,0.3877183476
K467C,0.3759792455
K467I,0.4166161132
E468D,0.3907915151
E468F,0.3499664817
E468G,0.3828819694
E468Y,0.3545643019
E468W,0.3408528963
E468V,0.3630351291
E468T,0.3725883419
E468S,0.3811208057
E468N,0.374932177
E468Q,0.3781879153
E468P,0.3752738125
E468M,0.3475714476
E468L,0.3743397967
E468K,0.3871524487
E468H,0.3557616455
E468I,0.3523750587
E468A,0.3831707637
E468R,0.3846751398
E468C,0.3306929623
E469I,0.4050566357
E469A,0.4102058666
E469V,0.4045055836
E469T,0.3908339043
E469S,0.386134935
E469Q,0.3789604726
E469P,0.376286677
E469N,0.3787639974
E469W,0.3723842829
E469M,0.3816887344
E469K,0.3873320762
E469H,0.3763802451
E469G,0.3987137621
E469F,0.3985956816
E469D,0.3891892888
E469C,0.3666854744
E469L,0.4169386258
E469Y,0.3852660947
E469R,0.3891983906
L470E,0.3741619501
L470A,0.3800594832
L470C,0.3461936669
L470Y,0.3679362492
L470W,0.3587411639
L470D,0.3630783164
L470T,0.3667599427
L470S,0.366581781
L470R,0.367921278
L470Q,0.3554973608
L470V,0.3872890884
L470N,0.3627623555
L470F,0.3814722341
L470P,0.3601892002
L470H,0.3464128155
L470G,0.3951319492
L470K,0.3663442841
L470M,0.3652443599
L470I,0.3927680717
L471P,0.3721349896
L471C,0.3553006312
L471Y,0.3697548225
L471W,0.3552804384
L471V,0.3871087062
L471T,0.3862318686
L471S,0.3997011514
L471R,0.4035027028
L471Q,0.3961011117
L471N,0.3881799199
L471A,0.4065993273
L471K,0.4054073037
L471I,0.3849288771
L471H,0.3713487594
L471G,0.3874144666
L471F,0.3750589632
L471E,0.4205624377
L471D,0.4052856438
L471M,0.3663955526
R472Y,0.3556715672
R472W,0.3468778169
R472V,0.3699711319
R472T,0.3761324263
R472Q,0.384835413
R472P,0.3842991123
R472N,0.3757521688
R472M,0.3432972473
R472S,0.3892182769
R472K,0.4111295519
R472L,0.3832456743
R472A,0.3947974551
R472D,0.3772123255
R472E,0.4046382652
R472C,0.3351752492
R472G,0.3779486924
R472H,0.3603201586
R472I,0.3611528288
R472F,0.3602514498
V473T,0.3884446991
V473S,0.3952397888
V473R,0.4233993717
V473Q,0.4047854495
V473P,0.3782440094
V473N,0.3900807506
V473M,0.3953172986
V473H,0.3902303578
V473K,0.4002356132
V473I,0.4111861317
V473G,0.3968525191
V473F,0.4024932414
V473E,0.4042548099
V473D,0.3850522487
V473W,0.3852196605
V473L,0.4437088773
V473Y,0.3937830496
V473C,0.3771034393
V473A,0.409125262
N474A,0.4294200162
N474Y,0.4169714015
N474W,0.3911068543
N474V,0.4251311599
N474T,0.4110424227
N474S,0.4186382453
N474Q,0.4084335367
N474P,0.3992017956
N474M,0.3999510866
N474L,0.4394344312
N474K,0.4130858521
N474I,0.4236485783
N474H,0.4031794964
N474G,0.4283078617
N474F,0.4221425311
N474E,0.4129562295
N474D,0.4054999351
N474C,0.4024130022
N474R,0.4158209663
R475M,0.364116685
R475Y,0.3838706222
R475C,0.3884864725
R475D,0.398820289
R475E,0.4122993444
R475F,0.3947838834
R475G,0.4105749117
R475H,0.3835354053
R475I,0.3945156694
R475K,0.4033383326
R475L,0.4064100342
R475N,0.3934618035
R475P,0.4356414698
R475Q,0.3985409089
R475S,0.4116728294
R475T,0.3923740285
R475V,0.3996739847
R475A,0.4100920421
R475W,0.3594957228
Q476Y,0.3993512062
Q476L,0.4193860733
Q476D,0.424488656
Q476E,0.4268936767
Q476F,0.4000146662
Q476G,0.4173402499
Q476H,0.3975345817
Q476I,0.4035197961
Q476K,0.4184486573
Q476C,0.3824232566
Q476A,0.4160663101
Q476N,0.4127903212
Q476P,0.4174873244
Q476R,0.4148002404
Q476S,0.4147684766
Q476T,0.4079998481
Q476V,0.4083742131
Q476W,0.3762457247
Q476M,0.3852619197
G477A,0.3984114135
G477W,0.3638478175
G477T,0.3878532324
G477R,0.3952960245
G477Q,0.3787654893
G477P,0.3891988185
G477N,0.388521862
G477M,0.3686947981
G477L,0.4037364468
G477K,0.3889804331
G477S,0.3889706432
G477Y,0.3832842731
G477I,0.3901541722
G477H,0.3817419574
G477F,0.3852100209
G477E,0.3923222453
G477D,0.3890578331
G477C,0.3635976163
G477V,0.3976025618
I478W,0.3821794683
I478C,0.3729514222
I478V,0.407688016
I478T,0.3977436744
I478S,0.3972374258
I478R,0.405985216
I478Q,0.3884893754
I478P,0.3919120687
I478N,0.3909025611
I478M,0.3771147847
I478K,0.4043569652
I478H,0.3831369962
I478G,0.4036640545
I478F,0.402395134
I478E,0.3967772876
I478D,0.3859363261
I478A,0.3950040325
I478L,0.4163714113
I478Y,0.3977793588
L479D,0.3712099136
L479A,0.3872879319
L479F,0.3914861461
L479G,0.3773320309
L479H,0.3656388079
L479I,0.3964823464
L479K,0.3821925543
L479M,0.3636749469
L479C,0.3599415086
L479N,0.3696829969
L479Q,0.3731232867
L479R,0.3871838799
L479S,0.3845121719
L479T,0.3820122646
L479V,0.3990224543
L479W,0.3695487771
L479Y,0.3835133158
L479P,0.377401237
L479E,0.3842731311
T480S,0.4100116293
T480A,0.408554578
T480R,0.4113432679
T480Q,0.3962216093
T480P,0.3955999344
T480N,0.3980057762
T480M,0.3807570604
T480L,0.4155879683
T480Y,0.4009453224
T480K,0.4040576813
T480H,0.3936337951
T480G,0.4073014844
T480F,0.403470141
T480E,0.4071466034
T480D,0.4007313375
T480C,0.3804843765
T480I,0.3993569252
T480W,0.3855915853
T480V,0.4104460408
I481V,0.4085483328
I481R,0.3930627699
I481Q,0.3750358618
I481P,0.3934636597
I481N,0.3765880715
I481M,0.3748801192
I481L,0.4128219808
I481K,0.3830638927
I481S,0.3965762673
I481H,0.3741477481
I481F,0.4018064082
I481E,0.3879167021
I481D,0.3842536784
I481C,0.3673607656
I481A,0.3952664465
I481Y,0.3938372441
I481W,0.3868067682
I481G,0.3981998978
I481T,0.3911745337
N482E,0.4076321504
N482Y,0.4104428546
N482F,0.4121327594
N482G,0.4208222091
N482H,0.4013107996
N482I,0.4084084229
N482K,0.4031054445
N482L,0.4233933578
N482D,0.4064739492
N482M,0.3854840175
N482Q,0.4006334325
N482R,0.4116005181
N482S,0.4224931065
N482T,0.4146020883
N482V,0.413557278
N482W,0.3905167465
N482P,0.4143676794
N482C,0.3904421857
N482A,0.4148995044
S483M,0.3818888005
S483C,0.3846880032
S483W,0.3879892158
S483V,0.4138847635
S483T,0.4019236503
S483R,0.4001426176
S483Q,0.3879943739
S483P,0.4085422726
S483N,0.3936016555
S483A,0.4031678155
S483L,0.4234924773
S483K,0.3883946276
S483I,0.4129546682
S483H,0.3896652887
S483G,0.4108032547
S483F,0.4118237608
S483E,0.3945177685
S483D,0.3930064995
S483Y,0.407155659
Q484W,0.4011889661
Q484Y,0.4216316274
Q484F,0.4232140397
Q484D,0.4197609704
Q484E,0.4104987723
Q484G,0.4224495405
Q484H,0.4123700308
Q484I,0.423138519
Q484K,0.4125639963
Q484A,0.4180272913
Q484L,0.432500328
Q484N,0.4199030371
Q484P,0.4148981224
Q484R,0.4222587843
Q484S,0.4252906438
Q484T,0.4173286616
Q484V,0.4228053549
Q484M,0.3972460303
Q484C,0.3921714006
P485W,0.39087828
P485V,0.4161801809
P485C,0.3751934605
P485T,0.4026091419
P485S,0.4030934861
P485R,0.4074399197
P485A,0.4059544873
P485N,0.3911982308
P485M,0.386500418
P485L,0.4190110838
P485Q,0.3893089769
P485I,0.4103846413
P485K,0.4014287008
P485Y,0.4021593834
P485D,0.3922571912
P485G,0.4146515006
P485F,0.4051224937
P485H,0.3846040746
P485E,0.4033412239
N486K,0.4123604374
N486A,0.4146060957
N486D,0.4175834947
N486E,0.4164483544
N486F,0.4235984433
N486G,0.4175808752
N486H,0.3998576919
N486I,0.4262410533
N486C,0.3845833036
N486L,0.4378995693
N486P,0.4137497631
N486Q,0.4024626862
N486R,0.417734189
N486S,0.419298097
N486T,0.4177412901
N486V,0.4307908722
N486W,0.4070363121
N486Y,0.4192198585
N486M,0.4014036969
I487D,0.3949846666
I487E,0.4148813124
I487F,0.4046703181
I487H,0.3843375434
I487K,0.4076817997
I487L,0.4185298391
I487M,0.3783851393
I487R,0.411674275
I487P,0.4297394755
I487Q,0.3954576768
I487C,0.3646281668
I487S,0.4116948784
I487T,0.4003279612
I487V,0.4070446332
I487W,0.3961822646
I487N,0.39254746
I487A,0.4111209445
I487G,0.4123846781
I487Y,0.3999472354
N488A,0.4118953435
N488C,0.3769898749
N488Y,0.4148506935
N488D,0.4139951821
N488E,0.4189047072
N488F,0.4190777108
N488G,0.416716898
N488H,0.4000742963
N488I,0.4111803549
N488W,0.404533369
N488L,0.426400225
N488M,0.3894366739
N488P,0.4283185653
N488Q,0.4047290692
N488R,0.4107184877
N488V,0.4135890764
N488T,0.4140208568
N488S,0.420090902
N488K,0.4148630683
G489A,0.3874478032
G489C,0.3546669401
G489D,0.379308654
G489E,0.3859540671
G489F,0.3942525441
G489H,0.3677934538
G489I,0.3934486597
G489N,0.3785534532
G489L,0.4062625202
G489M,0.3656118147
G489P,0.3989532771
G489Q,0.3754445812
G489R,0.3898128546
G489S,0.391327252
G489V,0.3937387376
G489W,0.3780173606
G489Y,0.3882910093
G489K,0.3824132412
G489T,0.3849592819
K490A,0.3981740092
K490N,0.4000171874
K490V,0.4052770566
K490T,0.3984908837
K490S,0.4023835399
K490R,0.4050074953
K490Q,0.3927769595
K490P,0.3982520973
K490M,0.3806064065
K490L,0.4146174064
K490W,0.3796950642
K490I,0.4054871613
K490G,0.4000350325
K490F,0.3988758655
K490E,0.4011954831
K490D,0.4095930448
K490C,0.3651498203
K490H,0.3857315067
K490Y,0.3952824585
P491T,0.3914612809
P491S,0.3961257802
P491R,0.3926473543
P491Q,0.3711680591
P491Y,0.3914826823
P491V,0.3966289062
P491W,0.3782572226
P491A,0.3889016858
P491N,0.3819394213
P491M,0.3665636815
P491L,0.4040150347
P491K,0.389269476
P491I,0.3947676459
P491H,0.3699389286
P491G,0.395353035
P491F,0.3923116112
P491E,0.3887967548
P491D,0.390908176
P491C,0.3508456237
S492V,0.4126210242
S492T,0.3999716552
S492R,0.3900029111
S492Q,0.3800510984
S492P,0.4022941583
S492N,0.3839637624
S492L,0.417429458
S492G,0.4055860783
S492I,0.4081810051
S492H,0.3764455768
S492W,0.3802668932
S492F,0.401235649
S492E,0.3953817572
S492D,0.3924641733
S492C,0.3707350066
S492A,0.3994664764
S492K,0.3890067613
S492Y,0.3967650285
S492M,0.3752795113
S493C,0.3620038934
S493A,0.3955565476
S493W,0.3793170214
S493V,0.3985973759
S493T,0.3984586573
S493R,0.3960583783
S493Q,0.3847788477
S493P,0.4058006819
S493N,0.3910525268
S493M,0.3710995643
S493Y,0.3915146253
S493K,0.3981359828
S493I,0.3949081918
S493H,0.3770978764
S493G,0.4048986727
S493F,0.3976505805
S493E,0.4029465273
S493D,0.4003873543
S493L,0.4088659937
D494F,0.4083385692
D494A,0.4085898633
D494C,0.3788575251
D494G,0.4164692412
D494H,0.395956622
D494I,0.4101238984
D494K,0.4079681306
D494L,0.4215941447
D494Q,0.3989872556
D494N,0.4017174026
D494P,0.4093314056
D494R,0.4093518182
D494S,0.4152627495
D494T,0.4060847691
D494V,0.4123291363
D494Y,0.4044210884
D494W,0.3872841328
D494M,0.3850683011
D494E,0.4089084726
P495A,0.4077808729
P495Y,0.407168531
P495C,0.3818231623
P495E,0.4069160168
P495F,0.4129656725
P495G,0.415092695
P495H,0.3876367495
P495I,0.4139640313
P495K,0.400630547
P495D,0.4018679061
P495L,0.4210583875
P495N,0.3954449147
P495Q,0.3903586909
P495R,0.405387747
P495S,0.4067886783
P495T,0.4020675732
P495V,0.4179982627
P495M,0.3880371998
P495W,0.391665898
I496D,0.3983936956
I496C,0.3739922195
I496F,0.4058072856
I496G,0.4081861054
I496H,0.3877373492
I496K,0.4041577317
I496L,0.4181152041
I496M,0.3874484104
I496A,0.4070051844
I496N,0.402407821
I496Q,0.3922293017
I496R,0.4119653071
I496S,0.4142360618
I496T,0.4064687275
I496V,0.4118837437
I496W,0.3892552335
I496P,0.4048781387
I496E,0.4051245754
I496Y,0.4020698053
V497F,0.4051773127
V497E,0.4017946927
V497A,0.4039152792
V497C,0.3731575601
V497D,0.3934515972
V497Y,0.403427159
V497W,0.3891018965
V497S,0.4106140309
V497R,0.404156396
V497T,0.4057472912
V497P,0.4180889569
V497N,0.3909259863
V497M,0.383297307
V497L,0.4145288055
V497K,0.4029593068
V497I,0.4037884091
V497H,0.3872046741
V497G,0.4107025855
V497Q,0.3912388246
G498M,0.3835608603
G498H,0.3893166562
G498I,0.4061936091
G498K,0.3982744239
G498L,0.4139812519
G498N,0.3931073768
G498W,0.3808757886
G498Q,0.3922619965
G498R,0.4040740865
G498S,0.4088279963
G498T,0.406057828
G498V,0.4130260717
G498F,0.4062657643
G498Y,0.4031945253
G498P,0.3976497131
G498E,0.4005098238
G498A,0.4036239002
G498C,0.3814497398
G498D,0.3918172805
W499Y,0.4229391005
W499V,0.4287167835
W499A,0.4243701534
W499C,0.3973090259
W499D,0.4136451098
W499E,0.4221092927
W499F,0.4273057096
W499G,0.4353614449
W499H,0.4058285598
W499K,0.419485025
W499L,0.4335824477
W499M,0.406161215
W499P,0.4240264361
W499Q,0.4090636716
W499R,0.4236154614
W499S,0.4288787887
W499T,0.4241344665
W499I,0.4279233251
W499N,0.4104007342
G500A,0.3977895766
G500C,0.3677879373
G500W,0.3732338036
G500V,0.4024008761
G500T,0.4006921316
G500S,0.4052125171
G500R,0.3996627202
G500Q,0.3877307339
G500P,0.388125818
G500Y,0.393330024
G500N,0.3977146747
G500L,0.4097009307
G500K,0.3959214928
G500I,0.3990906599
G500H,0.3891821993
G500F,0.3950947035
G500E,0.3938189653
G500D,0.4006624264
G500M,0.380619134
P501A,0.4090298492
P501C,0.3787976001
P501Q,0.3915177248
P501Y,0.4015162146
P501W,0.3866350888
P501V,0.4083100957
P501T,0.4070773338
P501S,0.4147349607
P501R,0.4058492152
P501N,0.3993173838
P501M,0.3854671439
P501L,0.4114381833
P501K,0.3999085325
P501I,0.4051504641
P501G,0.4259933733
P501F,0.4035646922
P501E,0.4047174
P501D,0.4000609269
P501H,0.3910150267
S502W,0.3774486485
S502A,0.4002016058
S502C,0.3682948682
S502D,0.4016994476
S502E,0.4038320966
S502F,0.3921124644
S502G,0.4125878668
S502Y,0.391348104
S502I,0.3908235882
S502K,0.3973520194
S502H,0.3885111931
S502L,0.4026305028
S502M,0.3765250528
S502N,0.3970663015
S502P,0.3937815346
S502Q,0.3894715371
S502R,0.3993960329
S502T,0.3968641479
S502V,0.3978957913
G503A,0.3926064251
G503F,0.3860038437
G503H,0.3775829318
G503I,0.3837763196
G503K,0.3892361047
G503L,0.3973419346
G503E,0.3929603371
G503N,0.3829876319
G503M,0.369298547
G503Q,0.3811247755
G503R,0.3921837118
G503S,0.4001733868
G503T,0.3915471004
G503V,0.3889932589
G503W,0.3710770296
G503Y,0.3858622164
G503D,0.3897907131
G503P,0.3943190555
G503C,0.3625607859
G504A,0.3932980231
G504Y,0.3827902199
G504W,0.3636999393
G504V,0.3891129297
G504T,0.3931207982
G504S,0.4002201448
G504Q,0.3856519035
G504P,0.3943320374
G504N,0.391898734
G504M,0.3654582638
G504R,0.3990965697
G504K,0.3986599782
G504I,0.3834059157
G504H,0.3813655395
G504F,0.3830628692
G504E,0.3991051453
G504D,0.397825261
G504C,0.3658670468
G504L,0.3922711099
Y505K,0.4155257592
Y505I,0.4105585816
Y505H,0.3981638376
Y505D,0.4112794049
Y505F,0.4083001439
Y505E,0.4165823313
Y505L,0.4192376457
Y505G,0.4273182578
Y505M,0.395725382
Y505C,0.3791172618
Y505P,0.4177398329
Y505Q,0.4036519862
Y505R,0.4181341825
Y505S,0.4193454101
Y505T,0.4144201853
Y505V,0.4158739175
Y505W,0.3914278344
Y505A,0.4151595302
Y505N,0.4079941464
V506D,0.4119238748
V506E,0.4042038421
V506N,0.4051166244
V506T,0.4078174767
V506S,0.4164306944
V506R,0.4095497795
V506Q,0.3952064058
V506P,0.412549187
V506M,0.3800192363
V506L,0.409687145
V506K,0.397857632
V506I,0.3992198141
V506H,0.3980291784
V506G,0.4209317834
V506F,0.4017212942
V506C,0.382305951
V506A,0.4066996437
V506W,0.3830593591
V506Y,0.4036237325
F507H,0.3975749095
F507Y,0.405764772
F507W,0.3864891651
F507D,0.4103952812
F507V,0.4079534428
F507T,0.4088693476
F507S,0.4165099564
F507R,0.4070491205
F507Q,0.3970319587
F507P,0.4178501936
F507N,0.4080141484
F507M,0.3855581966
F507C,0.3807858057
F507A,0.4080379727
F507I,0.402626507
F507L,0.4147514411
F507G,0.4231902732
F507E,0.409128986
F507K,0.4019796316
Q508Y,0.4030727439
Q508S,0.4230178363
Q508R,0.4151478957
Q508P,0.4221322149
Q508N,0.4149116941
Q508M,0.3845823205
Q508L,0.4133516894
Q508K,0.4107039676
Q508I,0.3980550208
Q508H,0.4011093398
Q508F,0.4005736289
Q508E,0.4169540306
Q508D,0.4202983871
Q508C,0.386266142
Q508A,0.4124490325
Q508W,0.3831523895
Q508G,0.429488777
Q508V,0.4086304282
Q508T,0.4149659695
K509C,0.3794931534
K509A,0.4067004013
K509D,0.4120848738
K509E,0.4095542147
K509F,0.3917627795
K509G,0.4246038453
K509H,0.3956784215
K509L,0.4026454103
K509M,0.3829695034
K509I,0.3918218603
K509P,0.4092811144
K509Q,0.3973383378
K509R,0.4107953036
K509S,0.4140393322
K509T,0.4093335394
K509V,0.4013038894
K509W,0.3756678991
K509Y,0.3973256624
K509N,0.4079173652
A510E,0.4047713226
A510D,0.4104789611
A510C,0.3794868273
A510H,0.3932016042
A510I,0.399339988
A510K,0.3979509572
A510L,0.4072157517
A510R,0.4034531171
A510N,0.4046987222
A510P,0.4075859879
A510Q,0.3892350407
A510S,0.4061682582
A510T,0.4013339068
A510V,0.4070739625
A510W,0.3733632122
A510M,0.3782719971
A510Y,0.3966950591
A510G,0.4230964333
A510F,0.3952435185
Y511W,0.3839168598
Y511V,0.4114202226
Y511A,0.4091119042
Y511C,0.3873736242
Y511D,0.4037030349
Y511E,0.4038494907
Y511F,0.4045635425
Y511H,0.3985872274
Y511I,0.4013292171
Y511K,0.4022417796
Y511G,0.4191054557
Y511M,0.3883340318
Y511N,0.4012009708
Y511P,0.4010346172
Y511Q,0.3937982116
Y511R,0.4092724232
Y511S,0.412044679
Y511T,0.409009801
Y511L,0.411538812
L512Q,0.3764057232
L512R,0.3897192518
L512S,0.3875045536
L512W,0.3621330649
L512V,0.3996258736
L512Y,0.3804507623
L512P,0.389531705
L512T,0.3839696375
L512N,0.3784030827
L512A,0.3924658849
L512K,0.3854734816
L512I,0.3929987161
L512H,0.3699178742
L512G,0.3946371732
L512F,0.3896521044
L512E,0.3869882086
L512D,0.3837692128
L512C,0.3662666355
L512M,0.3729243366
E513V,0.4279437261
E513W,0.3865971319
E513Y,0.419614
E513I,0.4187979895
E513F,0.4298476447
E513H,0.4070257126
E513D,0.4110608981
E513K,0.4021004935
E513L,0.4367847144
E513M,0.4018201534
E513N,0.4054111087
E513P,0.4128737408
E513Q,0.3973297738
E513R,0.4098803761
E513S,0.4146655928
E513T,0.4105368738
E513C,0.4040938572
E513A,0.425189992
E513G,0.4253464053
F514W,0.3755081492
F514Q,0.3933719073
F514P,0.4068194533
F514N,0.4066370472
F514M,0.3865072935
F514L,0.4178732026
F514K,0.4075999356
F514I,0.4117460254
F514H,0.3973264315
F514G,0.4281072694
F514E,0.4086779785
F514D,0.4113434182
F514C,0.3882315007
F514R,0.4116890322
F514V,0.4212687987
F514T,0.4089600071
F514S,0.4102820696
F514Y,0.4038130083
F514A,0.4136877968
F515A,0.3932587478
F515C,0.370641184
F515D,0.392734284
F515E,0.4032334653
F515G,0.393417902
F515H,0.3961213508
F515I,0.3919860685
F515K,0.3909802733
F515L,0.4007759155
F515M,0.3702812176
F515N,0.3970196996
F515P,0.3808482866
F515V,0.399456513
F515R,0.3982585622
F515S,0.4036394785
F515T,0.3979928058
F515Q,0.3890935869
F515W,0.3923500943
F515Y,0.4118532
T516L,0.4039510445
T516Y,0.3791650144
T516W,0.3542936795
T516V,0.4108817418
T516S,0.4086320358
T516R,0.3939685783
T516Q,0.3854041426
T516P,0.4111037182
T516A,0.4060780613
T516D,0.4016529035
T516E,0.3993915224
T516F,0.3845330528
T516G,0.409874738
T516N,0.389479147
T516I,0.3930670895
T516K,0.396652239
T516M,0.3743225963
T516H,0.377230824
T516C,0.391370101
S517D,0.4032894148
S517C,0.3447433522
S517A,0.3644034842
S517Y,0.356571194
S517W,0.3306950411
S517V,0.3566781257
S517T,0.4037169507
S517R,0.3861962768
S517Q,0.361810217
S517P,0.3916555703
S517N,0.3889395675
S517M,0.3269410978
S517L,0.3673907483
S517K,0.3853686606
S517I,0.3427153855
S517H,0.3663449376
S517G,0.3688977729
S517F,0.3488329982
S517E,0.3810789369
R518A,0.3888391355
R518W,0.3469464679
R518Y,0.357871462
R518V,0.3835003686
R518T,0.3809544897
R518S,0.384929224
R518Q,0.3908741974
R518P,0.4080322826
R518N,0.3686988922
R518M,0.3572593861
R518L,0.3920501686
R518K,0.4127011478
R518I,0.3697700133
R518H,0.3592266935
R518G,0.3791268956
R518F,0.3601781728
R518E,0.4009395109
R518D,0.3791537673
R518C,0.3284936255
E519Y,0.3464883911
E519W,0.328643253
E519A,0.3792757366
E519D,0.3751423511
E519C,0.3230346356
E519F,0.3503051335
E519G,0.364668723
E519I,0.3500708344
E519K,0.3797380549
E519L,0.3648685752
E519H,0.3443493871
E519N,0.3556698064
E519P,0.3690055517
E519Q,0.3646187846
E519R,0.3671699834
E519S,0.3721131053
E519T,0.3624187163
E519V,0.3596071216
E519M,0.3398575618
T520I,0.3833871685
T520A,0.4179347525
T520C,0.3634763033
T520D,0.4184525605
T520E,0.433280154
T520F,0.3723051192
T520G,0.4044975863
T520K,0.4204054981
T520H,0.3915411964
T520M,0.3785739005
T520N,0.4075306485
T520P,0.3707610051
T520Q,0.4128158108
T520R,0.4079187646
T520S,0.4088058143
T520W,0.3439070737
T520Y,0.3751314422
T520L,0.3966958687
T520V,0.4022849351
A521F,0.38918516
A521Y,0.3774605722
A521G,0.3734747064
A521H,0.3583324618
A521I,0.3802318565
A521K,0.3835157387
A521L,0.4032911467
A521M,0.3741358359
A521C,0.3584930386
A521P,0.3635668529
A521Q,0.374501955
A521R,0.390511253
A521S,0.3700607158
A521T,0.3780542015
A521V,0.3946365487
A521W,0.3552204556
A521E,0.3800318886
A521D,0.3504393272
A521N,0.3502178655
E522V,0.365532041
E522L,0.3826868416
E522T,0.3620932547
E522S,0.3598015323
E522Q,0.370834418
E522P,0.3390061386
E522N,0.3620861536
E522M,0.3450711992
E522W,0.3188388617
E522K,0.3765276579
E522H,0.3411052544
E522G,0.3431750871
E522F,0.3430339109
E522D,0.3856105956
E522C,0.3133687143
E522A,0.3722288671
E522I,0.3610738993
E522Y,0.3372575983
E522R,0.3677136685
A523T,0.3876699415
A523Y,0.3721774858
A523W,0.3445410887
A523C,0.344125008
A523D,0.3755526116
A523E,0.4085298747
A523F,0.367219572
A523V,0.3851501537
A523H,0.377287638
A523I,0.3778665564
A523G,0.381687734
A523L,0.3931668392
A523M,0.3606085538
A523N,0.3834059388
A523P,0.3597709106
A523Q,0.3930202332
A523R,0.412517562
A523S,0.3883437234
A523K,0.4190599698
L524D,0.3263160747
L524M,0.3811446734
L524E,0.3398610111
L524F,0.4075734455
L524G,0.3645977909
L524H,0.3431095674
L524I,0.3965684088
L524N,0.3357856134
L524K,0.343640155
L524Q,0.3366388118
L524R,0.3514383394
L524S,0.3609526123
L524T,0.3788343716
L524V,0.4112463227
L524W,0.3650119112
L524Y,0.3930648806
L524C,0.37645358
L524P,0.307322028
L524A,0.4196247036
L525Y,0.3850769635
L525W,0.3508630467
L525V,0.3986692419
L525T,0.3776707347
L525S,0.3880560048
L525R,0.3922529872
L525Q,0.3852970142
L525N,0.3790146265
L525M,0.3647808909
L525K,0.391678851
L525P,0.351561607
L525H,0.3786256778
L525G,0.381715051
L525F,0.3825056528
L525E,0.3998426687
L525D,0.3805048006
L525C,0.3696816264
L525A,0.4033724904
L525I,0.3883423645
Q526M,0.3489668363
Q526N,0.4004787944
Q526P,0.4224835941
Q526T,0.3969758734
Q526W,0.326880421
Q526V,0.3748824958
Q526L,0.3795956672
Q526Y,0.3491579625
Q526K,0.4209671671
Q526R,0.4076209553
Q526H,0.3725034795
Q526G,0.4014644026
Q526F,0.3460601121
Q526E,0.4264751876
Q526D,0.4059191672
Q526C,0.3425815011
Q526A,0.4208302931
Q526S,0.4116503235
Q526I,0.3542620256
V527D,0.3751206114
V527E,0.3940074605
V527L,0.4142898919
V527G,0.3758527512
V527F,0.3879228837
V527Y,0.3713180307
V527W,0.3512499484
V527T,0.390107923
V527S,0.3832353061
V527R,0.3919782273
V527Q,0.3742639551
V527A,0.4004089985
V527N,0.3699943721
V527H,0.3722739742
V527P,0.3538254572
V527I,0.3999244404
V527K,0.3891896068
V527M,0.3659670394
V527C,0.3612761657
L528D,0.3351569097
L528W,0.3482233366
L528V,0.3833850261
L528T,0.3654865956
L528S,0.3767796401
L528Q,0.364286511
L528C,0.3758977543
L528P,0.3391258267
L528M,0.3754701836
L528A,0.4064861909
L528I,0.3831698385
L528H,0.3460771043
L528G,0.3722245301
L528F,0.3831846245
L528E,0.3658956735
L528N,0.3470316599
L528K,0.3642763452
L528R,0.3636631302
L528Y,0.3647303076
K529C,0.3325180612
K529A,0.38310551
K529D,0.3887984896
K529E,0.4044815598
K529F,0.3361623204
K529G,0.3796885819
K529I,0.3456122792
K529L,0.3727969229
K529M,0.3391823602
K529H,0.3641399483
K529P,0.3667403744
K529Q,0.3905174982
K529R,0.3975868216
K529S,0.3860018834
K529T,0.3673803223
K529V,0.3551802666
K529W,0.327927076
K529Y,0.3429645111
K529N,0.3782063705
K530R,0.392795007
K530Y,0.3388253777
K530W,0.31436596
K530V,0.3516989493
K530T,0.3708068206
K530S,0.3761695332
K530Q,0.3741149781
K530A,0.3730729087
K530N,0.3698538147
K530M,0.3337322784
K530L,0.3606376923
K530I,0.3427829493
K530H,0.3570473327
K530G,0.3764688171
K530F,0.33762128
K530D,0.3905637937
K530P,0.3900246941
K530E,0.3906229959
K530C,0.3239170216
Y531V,0.3818736559
Y531W,0.3656377786
Y531A,0.3981638549
Y531C,0.3604168956
Y531D,0.387082939
Y531E,0.4050814662
Y531F,0.3828301892
Y531G,0.3908968421
Y531H,0.4029217142
Y531I,0.373382821
Y531K,0.4013264184
Y531L,0.4053983349
Y531M,0.3713543916
Y531N,0.3948453697
Y531P,0.3955308498
Y531Q,0.3827219044
Y531R,0.4029338345
Y531S,0.3917969546
Y531T,0.3829344262
E532Y,0.3772058837
E532W,0.3486960144
E532C,0.3742947531
E532T,0.3860467852
E532V,0.3749495161
E532D,0.4222226778
E532F,0.3790247981
E532G,0.4340164659
E532H,0.3987569407
E532K,0.4156470548
E532I,0.3686102219
E532M,0.3565982508
E532N,0.4298594527
E532P,0.4137476814
E532S,0.4107245189
E532Q,0.401822692
E532R,0.4118377778
E532L,0.3856094188
E532A,0.3929846587
L533C,0.3654057405
L533W,0.3653015844
L533V,0.3974402734
L533Y,0.3827823614
L533T,0.3949781438
L533S,0.406777969
L533R,0.3975500732
L533Q,0.3852670257
L533A,0.3972381371
L533N,0.4032064432
L533M,0.3643484628
L533P,0.4107012671
L533I,0.3944351699
L533H,0.3880595148
L533G,0.4248069473
L533F,0.3867091696
L533E,0.410643979
L533D,0.4168089164
L533K,0.4064582725
R534P,0.434459453
R534Y,0.3848609836
R534W,0.3709186791
R534V,0.39976816
R534T,0.4007127234
R534S,0.4073008252
R534Q,0.3982964845
R534N,0.399363899
R534E,0.4141463217
R534L,0.406707589
R534M,0.3717819739
R534A,0.4031361963
R534D,0.4094841008
R534F,0.3897197607
R534C,0.3670701325
R534H,0.3858099475
R534I,0.3912383504
R534K,0.4137246088
R534G,0.409462578
V535A,0.4018306546
V535Q,0.3881475605
V535Y,0.3990989117
V535W,0.3799867324
V535T,0.398542661
V535S,0.4028776161
V535R,0.4044374473
V535P,0.4108121714
V535I,0.3978260417
V535M,0.3755971607
V535L,0.4111100154
V535K,0.4036226858
V535H,0.392304753
V535G,0.4186368286
V535F,0.4009853437
V535E,0.4087821866
V535C,0.3800805492
V535N,0.3985060283
V535D,0.4029350199
N536Y,0.3950641599
N536Q,0.3978972659
N536I,0.3948218692
N536A,0.4075945173
N536C,0.379709752
N536E,0.4093244203
N536F,0.3991576397
N536G,0.4217097214
N536H,0.3936514089
N536K,0.4060116714
N536L,0.4069660131
N536M,0.3772438117
N536P,0.4159217453
N536R,0.411896928
N536S,0.4123858751
N536T,0.4033405011
N536V,0.4037349548
N536W,0.3760422584
N536D,0.4111291096
Y537A,0.4190331617
Y537C,0.3954859017
Y537T,0.4079794702
Y537S,0.4115322141
Y537R,0.4089828194
Y537Q,0.3954199339
Y537P,0.4184986478
Y537N,0.4006823995
Y537W,0.3854858911
Y537V,0.4261230017
Y537L,0.430688983
Y537K,0.4027573845
Y537I,0.4183065269
Y537H,0.393327896
Y537G,0.4346652728
Y537F,0.4130655726
Y537E,0.4081862037
Y537M,0.3912512977
Y537D,0.4072621801
H538Q,0.4098840885
H538R,0.4249001916
H538S,0.4202164941
H538W,0.3872046684
H538V,0.4186702289
H538P,0.4097559462
H538Y,0.4093680095
H538T,0.4136377196
H538N,0.4105578126
H538I,0.4090344984
H538L,0.4221081246
H538K,0.4157129532
H538G,0.4206137987
H538F,0.4112989501
H538E,0.415611116
H538D,0.4107576416
H538A,0.4174889204
H538M,0.3909784923
H538C,0.395660906
L539A,0.3871461427
L539W,0.3673432501
L539H,0.3686178549
L539C,0.3625454042
L539D,0.3758475527
L539E,0.3815247921
L539Y,0.3845508169
L539F,0.3906749756
L539G,0.3917795606
L539T,0.3837147639
L539V,0.3980088236
L539K,0.3783408331
L539M,0.3671307456
L539N,0.3719097402
L539P,0.3914010379
L539Q,0.3712700872
L539R,0.3861983296
L539S,0.3851100399
L539I,0.3935834461
V540E,0.3961641535
V540F,0.3973376959
V540G,0.3982970338
V540I,0.3966632028
V540K,0.3952805213
V540L,0.407662428
V540M,0.3759771637
V540N,0.3855894457
V540P,0.3954154234
V540Q,0.3854219529
V540R,0.4006193287
V540S,0.3961702657
V540T,0.3953277131
V540W,0.3825241918
V540Y,0.3964335356
V540A,0.3946942416
V540C,0.3685986162
V540H,0.3828657579
V540D,0.3877603408
N541T,0.4113641662
N541V,0.4149440535
N541G,0.413323615
N541K,0.4127696137
N541S,0.413867011
N541R,0.4148036753
N541Q,0.4012946141
N541P,0.419854712
N541M,0.3859173072
N541L,0.4214492271
N541I,0.4026527889
N541H,0.395072828
N541F,0.4067161357
N541E,0.4216903728
N541D,0.4151738768
N541C,0.3825832552
N541W,0.3866672689
N541Y,0.4036512229
N541A,0.4132487593
V542E,0.4329297578
V542Y,0.3970590964
V542W,0.3868982257
V542T,0.3999497277
V542S,0.4220867522
V542R,0.4112295416
V542Q,0.3974412101
V542D,0.4111513668
V542F,0.3970023576
V542P,0.4118269933
V542M,0.3833151926
V542L,0.4169010852
V542K,0.4097737451
V542I,0.4005672796
V542H,0.3892038725
V542G,0.4105304146
V542A,0.4166218727
V542N,0.3939977168
V542C,0.3736503295
K543F,0.3999815261
K543A,0.3982831787
K543G,0.3971851454
K543H,0.3885672091
K543I,0.393552648
K543L,0.408441297
K543M,0.3755430183
K543N,0.4030436748
K543D,0.4056126725
K543Q,0.3880705364
K543R,0.4043709706
K543S,0.4064321237
K543T,0.4064753081
K543V,0.3988170161
K543W,0.3815636916
K543Y,0.3985831912
K543C,0.3689689045
K543E,0.4040110505
K543P,0.4030051743
G544C,0.3504460408
G544R,0.3970841466
G544V,0.3988835043
G544W,0.3749110619
G544Y,0.3833156494
G544T,0.3896246486
G544S,0.3903365667
G544Q,0.3822874004
G544P,0.4123713608
G544M,0.3737700349
G544N,0.382787132
G544K,0.3990456887
G544I,0.3888495788
G544H,0.3715557762
G544F,0.3833124632
G544E,0.4076030003
G544D,0.3972628576
G544A,0.3963185025
G544L,0.4047899888
E545G,0.4009979266
E545H,0.3748996701
E545F,0.3927030637
E545W,0.3802071764
E545C,0.3642235877
E545A,0.3936937722
E545I,0.3965426589
E545D,0.3887957255
E545L,0.4059657229
E545K,0.4018246407
E545N,0.3825086597
E545P,0.3909028271
E545Q,0.3854651316
E545R,0.4004580349
E545S,0.3942668387
E545T,0.3920262229
E545V,0.4032544503
E545Y,0.3903566843
E545M,0.3766866647
N546L,0.432248473
N546M,0.3942931899
N546P,0.4298201484
N546W,0.3918888111
N546R,0.4229100835
N546Y,0.4046855147
N546K,0.4205933977
N546V,0.4356566231
N546Q,0.3977550893
N546I,0.4258857072
N546E,0.4253356844
N546G,0.4069625204
N546F,0.4088817339
N546D,0.4271961641
N546C,0.3797671558
N546A,0.4146268205
N546T,0.4115619886
N546H,0.3906188266
N546S,0.4107130925
I547S,0.389378767
I547Y,0.391729119
I547W,0.3871229256
I547T,0.3856962329
I547Q,0.3732849564
I547P,0.4045267479
I547N,0.376334314
I547M,0.3710883056
I547L,0.4136474344
I547K,0.3843882336
I547H,0.3654776297
I547G,0.3962619661
I547R,0.3903454603
I547E,0.3874775836
I547D,0.3811723778
I547C,0.3564344415
I547A,0.3919660319
I547V,0.4039672821
I547F,0.398806087
T548G,0.4040178335
T548H,0.3855959107
T548I,0.4097265533
T548K,0.4085323844
T548L,0.4264320466
T548D,0.4005053827
T548N,0.3926901397
T548P,0.422330951
T548S,0.4079714729
T548R,0.4111699057
T548V,0.4119606232
T548W,0.3986943847
T548Y,0.407973491
T548E,0.4167841554
T548F,0.4128790435
T548C,0.3744109486
T548A,0.4083950305
T548Q,0.3951347884
T548M,0.3816386109
N549C,0.3826080856
N549W,0.3944730806
N549D,0.4141250418
N549E,0.420738269
N549F,0.4186869926
N549G,0.4174445737
N549H,0.3916806031
N549I,0.422922198
N549K,0.4163412435
N549L,0.4347240702
N549M,0.3897373745
N549P,0.4245094734
N549Q,0.4014357845
N549R,0.4135477598
N549S,0.4198808666
N549T,0.4161439125
N549V,0.4289890685
N549Y,0.4092105437
N549A,0.4167203849
A550D,0.4178049969
A550G,0.39439043
A550H,0.4082193784
A550F,0.4139042798
A550I,0.4214282595
A550K,0.4003963346
A550L,0.4338411522
A550N,0.4102389662
A550P,0.4189193487
A550Q,0.3893294473
A550M,0.3874419975
A550R,0.4115991765
A550E,0.398453291
A550Y,0.4080254418
A550W,0.3915394038
A550C,0.3806962449
A550T,0.4020989033
A550S,0.409828032
A550V,0.4141873781
P551L,0.4143779088
P551D,0.400447019
P551E,0.41638219
P551F,0.396943115
P551G,0.3987762893
P551H,0.3760861829
P551I,0.3978931776
P551K,0.4075996985
P551M,0.3817237017
P551C,0.360158911
P551Q,0.3905036431
P551R,0.4035584354
P551S,0.4053306381
P551T,0.3979402421
P551V,0.4047413052
P551W,0.3796245628
P551Y,0.3898792619
P551N,0.3860051794
P551A,0.4047472497
E552A,0.3980891901
E552D,0.4006360636
E552P,0.4081940969
E552C,0.3673196513
E552V,0.4039548553
E552T,0.3945382562
E552S,0.40288012
E552R,0.3967490569
E552Q,0.3854305806
E552W,0.382034545
E552N,0.3949458769
E552L,0.4120004653
E552K,0.3941890107
E552I,0.3984560262
E552H,0.390067919
E552G,0.4053431516
E552F,0.4007047203
E552M,0.3726233989
E552Y,0.3970378512
L553C,0.3540962618
L553W,0.3814676023
L553D,0.3970707541
L553E,0.3940696118
L553F,0.3917504626
L553G,0.4105462474
L553H,0.3744822132
L553I,0.391971774
L553A,0.3870506664
L553K,0.3855187362
L553N,0.3917148245
L553P,0.3974459345
L553Q,0.3736407824
L553R,0.3879326042
L553S,0.3907999374
L553V,0.393363644
L553M,0.3667348925
L553Y,0.3897124978
L553T,0.3849014965
Q554V,0.4203667432
Q554Y,0.4192075473
Q554W,0.3965702881
Q554T,0.4128377268
Q554S,0.4216355018
Q554R,0.418317589
Q554P,0.444808605
Q554M,0.3926722425
Q554L,0.4343788205
Q554K,0.4208135121
Q554N,0.4187881648
Q554H,0.4129736756
Q554G,0.4239537836
Q554F,0.4248272962
Q554E,0.4171786959
Q554D,0.4329128639
Q554C,0.3863934689
Q554A,0.4178137864
Q554I,0.4205089487
P555K,0.4137459582
P555A,0.4038905008
P555D,0.399299666
P555E,0.4134240355
P555F,0.3918111278
P555G,0.4106023559
P555I,0.39792604
P555L,0.4074802128
P555H,0.3808475522
P555N,0.3943499229
P555Q,0.393325982
P555R,0.4132296999
P555S,0.3995224924
P555Y,0.3888656082
P555C,0.3643589293
P555W,0.3778857431
P555M,0.3785856565
P555V,0.4041640753
P555T,0.3928310267
N556H,0.3971085376
N556Y,0.4092365307
N556D,0.4147592418
N556E,0.4181629856
N556F,0.4106636051
N556G,0.430358051
N556C,0.3780133764
N556I,0.4059107767
N556W,0.3936031879
N556A,0.4075944016
N556K,0.4083171563
N556M,0.3892277199
N556P,0.4082687675
N556Q,0.3978851455
N556R,0.4081476801
N556S,0.4094616354
N556T,0.4027744142
N556V,0.4119896576
N556L,0.4241100003
A557Q,0.4044184457
A557R,0.4064155797
A557D,0.4050813101
A557W,0.3848263054
A557P,0.4080725179
A557V,0.4055248696
A557S,0.4091157207
A557C,0.3773926961
A557E,0.4132045514
A557M,0.3887407967
A557L,0.4131888169
A557K,0.4051402809
A557I,0.3986464932
A557H,0.3913294378
A557G,0.4140118938
A557F,0.398326606
A557T,0.407088234
A557Y,0.3967920679
A557N,0.3932058891
V558Y,0.3949229258
V558S,0.3997853285
V558A,0.3989579321
V558W,0.3829488018
V558R,0.4042874064
V558Q,0.3885834466
V558P,0.404798443
V558N,0.3917409387
V558M,0.3779906798
V558T,0.3972548661
V558L,0.4083531992
V558I,0.4001451677
V558G,0.403790647
V558F,0.3977990023
V558E,0.4052673765
V558D,0.3958215465
V558C,0.3642520959
V558K,0.4057144866
V558H,0.3834976276
T559I,0.4095271059
T559W,0.3827700387
T559H,0.3931792429
T559G,0.4097463587
T559F,0.4084946125
T559E,0.4061598966
T559D,0.3987806956
T559K,0.4077058553
T559A,0.4098579801
T559L,0.4200777234
T559N,0.3975325751
T559P,0.4085091384
T559Q,0.3959947409
T559R,0.4122203657
T559S,0.4095304367
T559V,0.4169756517
T559Y,0.4059058037
T559M,0.3859822919
T559C,0.386468475
W560A,0.4256624818
W560C,0.4002302586
W560G,0.4277140068
W560E,0.4211519614
W560D,0.4129128485
W560F,0.4296723743
W560I,0.4318577374
W560K,0.4204547716
W560L,0.4406840379
W560M,0.4077513412
W560N,0.4094686728
W560P,0.4217341412
W560H,0.4054325216
W560R,0.425315295
W560S,0.4241705845
W560T,0.4213433016
W560V,0.4373994271
W560Y,0.4235132888
W560Q,0.4072421897
G561V,0.4010066179
G561A,0.40151655
G561R,0.4114733126
G561Q,0.3938700892
G561P,0.3920086843
G561N,0.3990490484
G561M,0.3787860927
G561I,0.3917889168
G561K,0.4065738897
G561H,0.3916182725
G561F,0.3909226671
G561E,0.40633881
G561D,0.4006696662
G561C,0.3727346213
G561L,0.4034422227
G561W,0.3719317083
G561T,0.4009948156
G561Y,0.3923661063
G561S,0.404122377
I562V,0.4099191541
I562W,0.3824950359
I562S,0.4099444241
I562R,0.4114852941
I562Q,0.3949756457
I562P,0.4070378907
I562N,0.400461996
I562M,0.3827837897
I562A,0.4035898696
I562T,0.4068917993
I562K,0.4085766617
I562H,0.3910049072
I562G,0.4063083588
I562F,0.400925332
I562Y,0.4031716552
I562E,0.4140363657
I562D,0.4130862395
I562C,0.3782108693
I562L,0.4137880034
F563V,0.4131744761
F563T,0.406335803
F563S,0.4080580499
F563R,0.411591821
F563Q,0.3981706726
F563P,0.4103801887
F563E,0.4091035542
F563M,0.3833689707
F563L,0.4190549679
F563K,0.4086657714
F563H,0.3967512254
F563G,0.4111311971
F563D,0.403629064
F563N,0.3996796979
F563I,0.40859575
F563W,0.3849034047
F563A,0.4065422011
F563Y,0.4049256427
F563C,0.3757912071
P564Y,0.3916842519
P564W,0.3742667249
P564V,0.3963178259
P564T,0.3994790593
P564S,0.4071376578
P564R,0.4104378758
P564D,0.4115200764
P564N,0.4085767947
P564M,0.377663252
P564L,0.407834969
P564K,0.4108609823
P564I,0.3908268091
P564H,0.3904561912
P564G,0.4103383343
P564F,0.3909901326
P564E,0.4110370969
P564Q,0.3999249839
P564C,0.3772062017
P564A,0.4007484309
G565S,0.4040058809
G565Y,0.3896727193
G565W,0.3728105409
G565V,0.394718517
G565T,0.3976901565
G565R,0.3987926251
G565Q,0.3841373847
G565P,0.4012473761
G565N,0.3972969807
G565M,0.3675365737
G565L,0.4038249898
G565I,0.3892623461
G565H,0.3836750144
G565F,0.3884684366
G565E,0.4046179798
G565D,0.4041666254
G565C,0.3648892567
G565A,0.3926043954
G565K,0.3970736049
R566Y,0.3881625722
R566W,0.3748550864
R566V,0.3987238412
R566T,0.3991573043
R566S,0.4044582242
R566Q,0.3956218042
R566P,0.3952832796
R566N,0.3925303782
R566E,0.4123084462
R566L,0.4027962146
R566K,0.410294826
R566D,0.4024939932
R566I,0.3895189255
R566H,0.3824604098
R566C,0.3678448264
R566A,0.3986051419
R566G,0.4176985278
R566M,0.3824675339
R566F,0.3877022778
E567A,0.3961179275
E567R,0.4016676838
E567Y,0.3910786468
E567W,0.3753884611
E567V,0.4011911924
E567T,0.3979285902
E567S,0.3996722037
E567Q,0.3873290288
E567P,0.4036872947
E567M,0.3763630824
E567N,0.3943055011
E567K,0.4020234405
E567I,0.3941728079
E567H,0.3818411693
E567G,0.4074312631
E567F,0.3910244639
E567D,0.3995391231
E567C,0.3682301379
E567L,0.4029322616
I568F,0.4010205423
I568K,0.4120958087
I568G,0.4315740897
I568E,0.4200682168
I568H,0.3940056563
I568C,0.3697588067
I568A,0.408098742
I568L,0.4125122421
I568D,0.4215128299
I568M,0.3841925507
I568T,0.4067942643
I568P,0.41599035
I568Q,0.3943121279
I568R,0.4116371392
I568S,0.4095155407
I568Y,0.4010161244
I568V,0.4112799658
I568W,0.3870054234
I568N,0.4122447393
I569K,0.4042043626
I569H,0.3906685916
I569G,0.4152288924
I569C,0.3742631339
I569E,0.4088998739
I569D,0.4063701747
I569L,0.4160374723
I569F,0.4046496974
I569M,0.3776723538
I569N,0.4005984015
I569P,0.4231124106
I569Q,0.3944096282
I569R,0.4065821241
I569S,0.412148332
I569T,0.4062596636
I569V,0.4083511001
I569W,0.3848344415
I569Y,0.4023590968
I569A,0.4013773052
Q570V,0.4202342466
Q570T,0.4163305804
Q570S,0.4225826326
Q570R,0.4191452399
Q570P,0.4269429444
Q570N,0.416261224
Q570K,0.4164224773
Q570L,0.4281004112
Q570W,0.3870918153
Q570I,0.4162629241
Q570H,0.4089757762
Q570G,0.4178203555
Q570M,0.3926812171
Q570F,0.4145365369
Q570E,0.4199015394
Q570A,0.4150971418
Q570C,0.3924461027
Q570D,0.4277438335
Q570Y,0.4123274651
P571Q,0.3960655661
P571D,0.4084423031
P571A,0.4065177812
P571C,0.374925767
P571G,0.4206698435
P571H,0.3881795672
P571M,0.382088936
P571E,0.4135418847
P571K,0.4085964844
P571Y,0.3920178439
P571W,0.3698671551
P571F,0.3956262625
P571V,0.4117313261
P571L,0.4092032287
P571T,0.4032884115
P571S,0.4073835163
P571R,0.4090147162
P571I,0.4002656075
P571N,0.4023757276
T572I,0.4023068742
T572W,0.3830245017
T572S,0.4104851427
T572R,0.4084662604
T572Q,0.3975309733
T572P,0.4128840975
T572N,0.4014365594
T572M,0.3847266251
T572L,0.4144553724
T572K,0.4072626832
T572H,0.3917261699
T572G,0.4247260546
T572F,0.4018461346
T572E,0.4172926939
T572D,0.4123559617
T572C,0.3752265081
T572A,0.4045240937
T572V,0.4111258713
T572Y,0.398549363
V573S,0.4108646253
V573W,0.3776516001
V573Q,0.3928932879
V573P,0.4139107678
V573N,0.395662635
V573M,0.3802058868
V573L,0.4117325462
V573K,0.4059751485
V573I,0.3982208713
V573H,0.387501963
V573G,0.4138176045
V573F,0.3970338207
V573E,0.4095264236
V573D,0.4064059401
V573C,0.3697288008
V573A,0.4028575332
V573Y,0.3952664928
V573R,0.4045754084
V573T,0.4049641374
V574T,0.410787659
V574R,0.4099053511
V574A,0.4053750137
V574C,0.372370636
V574D,0.4126632949
V574E,0.4174617191
V574F,0.4012892132
V574G,0.4127523758
V574H,0.389963734
V574I,0.3993852541
V574K,0.4147704659
V574L,0.4123460446
V574M,0.3828285817
V574N,0.405661281
V574P,0.4131315808
V574Q,0.398167897
V574W,0.3796164094
V574S,0.4140305774
V574Y,0.3997911458
D575C,0.37766671
D575Y,0.3966117666
D575W,0.3664781627
D575S,0.4068361129
D575R,0.4039411332
D575Q,0.3944078183
D575P,0.4038458534
D575A,0.401900624
D575N,0.4000573359
D575L,0.4105927915
D575K,0.403466764
D575I,0.3998483877
D575H,0.3914529945
D575G,0.4049723892
D575F,0.3984757217
D575E,0.4068386804
D575M,0.3811220114
D575T,0.4026958635
D575V,0.4066922073
P576Q,0.3959352265
P576S,0.4086466137
P576R,0.4089752037
P576N,0.4018204541
P576M,0.3866019083
P576L,0.4088299103
P576K,0.4056345769
P576V,0.4034373653
P576I,0.3953683069
P576G,0.4201808039
P576F,0.4000115031
P576E,0.4099237976
P576D,0.4092454416
P576C,0.3802021918
P576A,0.4080271361
P576H,0.3909254428
P576W,0.3772914545
P576T,0.4035941314
P576Y,0.399807979
V577R,0.4053606555
V577W,0.3756038338
V577T,0.3986663506
V577S,0.4068172501
V577A,0.4026825346
V577C,0.3669357046
V577Y,0.3964352588
V577D,0.4061670496
V577E,0.4095906971
V577F,0.3969043543
V577G,0.4003664675
V577I,0.3986242129
V577K,0.4042841913
V577L,0.4078607189
V577M,0.378009745
V577N,0.4010191719
V577P,0.3986253174
V577Q,0.3914252843
V577H,0.3866116866
S578Q,0.3908040893
S578R,0.4077666014
S578T,0.4013310849
S578C,0.3766829002
S578W,0.3743626177
S578Y,0.40247631
S578P,0.3998860671
S578V,0.4023178901
S578N,0.3950864749
S578M,0.3807652023
S578L,0.4067828321
S578K,0.3999752983
S578I,0.3937556517
S578A,0.4012570215
S578H,0.3918722324
S578G,0.4030835747
S578E,0.4019888201
S578D,0.3998419459
S578F,0.3959663599
F579D,0.4111063898
F579C,0.3812602558
F579H,0.3959442993
F579I,0.4047150464
F579K,0.4181787258
F579L,0.4190378398
F579M,0.3928605353
F579R,0.4205414353
F579P,0.4100705308
F579Q,0.4068255886
F579E,0.4203050603
F579S,0.4129199842
F579T,0.4044285248
F579V,0.4128979872
F579W,0.3861809529
F579Y,0.4044159361
F579A,0.4119307388
F579N,0.4071714281
F579G,0.4311425464
M580E,0.4398066683
M580F,0.4233015418
M580C,0.4090796721
M580Y,0.4313854789
M580W,0.406237736
M580V,0.4315547469
M580T,0.43405152
M580S,0.4420186255
M580D,0.4409087321
M580R,0.4410364349
M580P,0.4374973437
M580N,0.4305793045
M580L,0.437824731
M580I,0.4244702847
M580H,0.4249720287
M580G,0.4378487403
M580Q,0.4266591752
M580K,0.4346570731
M580A,0.4336539205
F581P,0.4408760373
F581W,0.3794548727
F581S,0.4183758024
F581R,0.4206386349
F581Q,0.4088014021
F581V,0.4167110923
F581N,0.4150617408
F581M,0.390987305
F581L,0.4233729626
F581K,0.4233511449
F581Y,0.4007198591
F581I,0.4066144604
F581G,0.4207126
F581E,0.4255842838
F581D,0.4239405761
F581C,0.380279054
F581A,0.4179326765
F581T,0.4151649717
F581H,0.4001224363
W582V,0.4274455558
W582Y,0.423708486
W582N,0.4277250863
W582M,0.4099325871
W582F,0.4207408075
W582C,0.3978231041
W582D,0.4374278196
W582P,0.4367546911
W582E,0.4386071042
W582L,0.4387799748
W582G,0.4342127098
W582H,0.4144566677
W582A,0.4282857318
W582Q,0.420086779
W582K,0.4342819679
W582S,0.4441362572
W582T,0.4388560852
W582I,0.4182036026
W582R,0.4330155107
K583V,0.3838936022
K583T,0.4200111542
K583S,0.4307756351
K583R,0.4039381147
K583Q,0.3853715981
K583P,0.3944003356
K583M,0.366701978
K583L,0.3900420304
K583I,0.3760671524
K583G,0.4107551724
K583F,0.3773218362
K583E,0.4063894828
K583D,0.4247577837
K583N,0.4177346054
K583H,0.3809942566
K583A,0.3884826329
K583C,0.3681955753
K583Y,0.3781549401
K583W,0.3611528056
D584V,0.3653487241
D584W,0.3441258696
D584Y,0.3589388938
D584C,0.3290622047
D584A,0.384792911
D584E,0.4112537823
D584G,0.3862681891
D584H,0.3690036926
D584I,0.3527432046
D584F,0.3459756863
D584L,0.3704238164
D584T,0.3809187533
D584K,0.4138784692
D584R,0.4048555461
D584Q,0.3843274585
D584S,0.3906803071
D584N,0.3859498458
D584M,0.3520212248
D584P,0.4196294308
E585Q,0.377319714
E585Y,0.3645676115
E585W,0.3419406337
E585V,0.3702689181
E585T,0.3761001537
E585S,0.3837614006
E585R,0.3969812223
E585P,0.4046071548
E585D,0.3881684415
E585M,0.3531126255
E585L,0.3770794646
E585K,0.4009258177
E585I,0.3632296873
E585H,0.3643290391
E585G,0.3822611937
E585F,0.3571136474
E585A,0.3836839774
E585N,0.375089397
E585C,0.336620533
A586D,0.4240243948
A586C,0.3605610903
A586F,0.3822592623
A586G,0.3970784681
A586W,0.3619631492
A586V,0.3981073359
A586T,0.4027121068
A586S,0.4048003975
A586R,0.4131483793
A586Q,0.4004448274
A586Y,0.3885721474
A586N,0.4115365279
A586P,0.4050892438
A586H,0.3924435294
A586I,0.38842579
A586E,0.4221308329
A586L,0.4023621847
A586M,0.3736639012
A586K,0.4109748589
F587W,0.3812254562
F587V,0.4209957909
F587S,0.4162475134
F587R,0.4443953751
F587Q,0.4124052063
F587P,0.4179812272
F587N,0.4097831013
F587M,0.4011769326
F587L,0.4299087609
F587I,0.4135207031
F587G,0.4129992173
F587E,0.4266843816
F587D,0.4145848678
F587Y,0.4019922087
F587C,0.3830733414
F587A,0.4239226848
F587K,0.4524155244
F587H,0.3989555959
F587T,0.417929791
A588F,0.3717734792
A588Q,0.4172013058
A588V,0.3810459934
A588R,0.4271838761
A588S,0.4115383436
A588T,0.3968579027
A588M,0.3663592379
A588L,0.3994810485
A588K,0.4296117033
A588I,0.3739870325
A588H,0.392441494
A588G,0.4042978266
A588E,0.4186823318
A588D,0.4227889844
A588C,0.3661019357
A588W,0.3652563819
A588Y,0.3757227933
A588P,0.4195924772
A588N,0.4127078498
L589E,0.4415516985
L589C,0.3644491956
L589A,0.4258869389
L589F,0.3848374369
L589W,0.3740662714
L589Y,0.3919516274
L589G,0.4211538465
L589H,0.3966008607
L589I,0.3834653434
L589K,0.4364047865
L589M,0.3728227133
L589S,0.4238393287
L589P,0.4282310169
L589Q,0.4196293875
L589R,0.4274224832
L589D,0.4272944624
L589T,0.4113425682
L589V,0.3980088699
L589N,0.4120770789
W590T,0.4156607017
W590S,0.4181482342
W590R,0.4157847615
W590Q,0.4155902698
W590P,0.4046102254
W590N,0.4133576513
W590M,0.4166687117
W590L,0.4506705143
W590G,0.417471694
W590I,0.4210369746
W590H,0.4076764797
W590F,0.4356467349
W590E,0.4348138623
W590D,0.42154767
W590A,0.4435346536
W590V,0.4270632975
W590Y,0.4170887245
W590K,0.4136060079
W590C,0.4002938671
I591W,0.3902404889
I591H,0.3977664347
I591S,0.4109296795
I591R,0.4360690723
I591Q,0.4207020988
I591P,0.3991618899
I591N,0.4118730863
I591M,0.4047110449
I591T,0.4058538702
I591L,0.4323750828
I591G,0.4062935207
I591F,0.3994668002
I591E,0.4301384339
I591D,0.4076579234
I591C,0.3981853315
I591A,0.4184550875
I591K,0.4472025809
I591V,0.4180996952
I591Y,0.3978590314
E592F,0.344886535
E592A,0.3795354242
E592D,0.3857967921
E592W,0.3383191059
E592V,0.3556441346
E592T,0.3655796866
E592S,0.3830376513
E592R,0.3864416437
E592Q,0.383281908
E592C,0.3325385374
E592P,0.3624952923
E592G,0.3711377584
E592H,0.3591027956
E592I,0.3511016942
E592Y,0.3554458379
E592L,0.373471231
E592M,0.3402429513
E592N,0.376231725
E592K,0.3962456013
R593W,0.3537117078
R593V,0.3736424015
R593T,0.3844570233
R593S,0.3826136138
R593Q,0.384149771
R593N,0.3926429132
R593M,0.3558980135
R593L,0.3851197547
R593I,0.3683876037
R593H,0.3801980977
R593Y,0.3745289134
R593F,0.3664154968
R593E,0.40351129
R593D,0.3810534472
R593C,0.3474266312
R593A,0.3886421977
R593K,0.4094855349
R593G,0.3828048904
R593P,0.3583876277
W594G,0.4294910495
W594R,0.419759357
W594S,0.4094873043
W594T,0.4163610431
W594N,0.4221218352
W594M,0.4127805659
W594L,0.4417217415
W594K,0.4189397439
W594I,0.4283981338
W594H,0.4129048223
W594P,0.3873747807
W594F,0.4243047118
W594E,0.4174025863
W594D,0.4064844446
W594C,0.3954234844
W594A,0.4195917254
W594Y,0.4210770479
W594V,0.427906093
W594Q,0.4146511074
G595C,0.3782679724
G595A,0.4069414428
G595T,0.4052473977
G595S,0.4041744145
G595E,0.4249153709
G595D,0.3999329408
G595W,0.3757792256
G595Y,0.3836535089
G595R,0.4352950289
G595Q,0.4163156266
G595P,0.3896188429
G595V,0.406234359
G595M,0.3917354105
G595L,0.4172402516
G595K,0.4426029796
G595I,0.4040487472
G595H,0.3912906887
G595F,0.3847124982
G595N,0.4183941101
K596A,0.3868693937
K596C,0.3550785045
K596D,0.3946298987
K596E,0.400628419
K596F,0.379440341
K596G,0.3884960947
K596H,0.3797017489
K596I,0.3862126762
K596P,0.394234647
K596M,0.3583068334
K596N,0.3827763128
K596Q,0.3814633174
K596R,0.3993335809
K596S,0.3926728034
K596V,0.3872904473
K596W,0.3668942145
K596Y,0.3811442802
K596L,0.3954306953
K596T,0.381380395
L597C,0.3537222495
L597Y,0.384875469
L597A,0.3953645135
L597W,0.3678332554
L597V,0.3989561511
L597T,0.3956136738
L597S,0.3948930703
L597Q,0.3850666531
L597P,0.4027857481
L597N,0.3854160489
L597R,0.4026746934
L597K,0.4052564417
L597I,0.3929918233
L597H,0.3770191291
L597G,0.3972709186
L597F,0.3841279764
L597E,0.4102089314
L597D,0.4004768341
L597M,0.3682129867
Y598I,0.4271204411
Y598D,0.407026765
Y598E,0.418339638
Y598F,0.4202106074
Y598G,0.4118424733
Y598H,0.3906325313
Y598K,0.4241061144
Y598S,0.4240801217
Y598M,0.4070348895
Y598N,0.4022889193
Y598P,0.4327337944
Y598Q,0.4060878975
Y598R,0.4185494883
Y598T,0.4182488745
Y598C,0.3881980368
Y598L,0.4503467036
Y598A,0.4203149311
Y598W,0.3963092908
Y598V,0.4291359001
E599W,0.3596719068
E599D,0.4034319933
E599C,0.3592202864
E599F,0.3772784321
E599G,0.4162255107
E599H,0.3756432074
E599I,0.3764334797
E599K,0.4030038617
E599M,0.3589898038
E599N,0.3912659565
E599Q,0.3901330484
E599R,0.4011258144
E599S,0.4115771969
E599T,0.4101603345
E599V,0.3887215349
E599Y,0.3736599864
E599P,0.424403782
E599L,0.3988140149
E599A,0.395423733
E600V,0.3832957631
E600T,0.3853625831
E600S,0.3897707169
E600R,0.3862878615
E600Q,0.3763857154
E600P,0.3928878465
E600N,0.3761283901
E600W,0.3471810561
E600L,0.3870328675
E600I,0.3736731881
E600H,0.3575902314
E600G,0.4034408002
E600F,0.3621129531
E600D,0.387038043
E600C,0.3411168398
E600A,0.3863182548
E600K,0.3974479064
E600Y,0.3597418473
E600M,0.3592591512
E601D,0.4055744727
E601H,0.3787069406
E601I,0.3879500734
E601K,0.4021693931
E601L,0.4012180988
E601M,0.3688730639
E601N,0.4014017887
E601P,0.3924385911
E601G,0.4194670817
E601Q,0.3815683408
E601S,0.3973772431
E601T,0.3932963519
E601V,0.3895970483
E601W,0.355598429
E601A,0.3912755441
E601C,0.3574473551
E601Y,0.3810261476
E601R,0.3929436774
E601F,0.3813732014
S602W,0.3650922661
S602Q,0.3901702362
S602V,0.4054518586
S602A,0.4001450868
S602C,0.371646453
S602D,0.4187728005
S602E,0.4085159965
S602F,0.3977911842
S602Y,0.3934563736
S602T,0.4015554321
S602H,0.3975797957
S602I,0.4042123483
S602K,0.4136283865
S602L,0.4132545245
S602M,0.3804785187
S602N,0.4124191481
S602P,0.4039814379
S602G,0.4130302467
S602R,0.4075961364
P603Y,0.3831908726
P603W,0.3684686583
P603G,0.3961454873
P603C,0.3630809243
P603A,0.3950282615
P603D,0.3973585248
P603E,0.3961585444
P603F,0.3968908924
P603H,0.3743056938
P603I,0.4009255633
P603K,0.3995737782
P603M,0.3680126777
P603N,0.3861728515
P603Q,0.381582485
P603R,0.3996146149
P603S,0.4016626935
P603T,0.3945103668
P603V,0.402255016
P603L,0.4135944195
S604F,0.4081979366
S604G,0.403559297
S604E,0.4160601748
S604K,0.4072665171
S604C,0.3761057455
S604H,0.393478839
S604D,0.4009679323
S604I,0.4100282196
S604W,0.3841305034
S604M,0.3856265873
S604N,0.3924304319
S604P,0.3976235237
S604Q,0.3950988554
S604R,0.4140853096
S604T,0.4024951728
S604V,0.417711556
S604L,0.4277082763
S604A,0.4116209306
S604Y,0.4116603043
R605A,0.3941852752
R605Y,0.375286994
R605W,0.358223778
R605V,0.3777238478
R605T,0.3835875816
R605S,0.3971409895
R605Q,0.3915238775
R605P,0.3897499053
R605N,0.3885051503
R605M,0.3542923784
R605C,0.3497867443
R605K,0.407126081
R605I,0.3661255055
R605H,0.3751110297
R605G,0.4029913482
R605F,0.3713401028
R605E,0.406949949
R605D,0.3950646919
R605L,0.3860747325
T606P,0.4069788446
T606Q,0.4138979941
T606R,0.4296403792
T606W,0.3826260001
T606V,0.419363261
T606N,0.4058407379
T606Y,0.3993585212
T606S,0.410658979
T606M,0.3871129449
T606I,0.4095342532
T606K,0.4305045414
T606H,0.3958529344
T606G,0.4122329428
T606F,0.4016460569
T606E,0.4299139132
T606A,0.4173365317
T606C,0.3794803045
T606L,0.4167613835
T606D,0.4151787516
I607W,0.3762435388
I607V,0.4086184872
I607Y,0.3923879414
I607A,0.4039240572
I607C,0.3664432821
I607D,0.3883847972
I607E,0.3916620468
I607F,0.4049956294
I607H,0.3797613211
I607K,0.3897734752
I607G,0.3931157674
I607M,0.383201767
I607N,0.3816343838
I607P,0.3910752177
I607Q,0.3796633929
I607R,0.3979460131
I607S,0.3912197536
I607T,0.394024496
I607L,0.4186717497
I608L,0.4249911228
I608R,0.4228803031
I608Q,0.405229304
I608P,0.4049235205
I608N,0.396097804
I608M,0.3889026399
I608K,0.4105002584
I608T,0.4018781297
I608G,0.4082418611
I608F,0.4037660941
I608E,0.413519003
I608D,0.4000989764
I608C,0.379494894
I608A,0.4165597619
I608S,0.411899987
I608H,0.394624943
I608W,0.3894109818
I608V,0.4074229535
I608Y,0.4036315158
Q609D,0.4139805637
Q609A,0.4009140328
Q609C,0.3753644634
Q609V,0.3931372844
Q609T,0.3989563997
Q609S,0.4100412073
Q609R,0.4181264049
Q609P,0.4066375213
Q609N,0.4066003277
Q609M,0.366861936
Q609L,0.4014270355
Q609K,0.4124380861
Q609I,0.3843480908
Q609H,0.3949284482
Q609G,0.4084386832
Q609F,0.3924142984
Q609E,0.4085042521
Q609W,0.3673847171
Q609Y,0.3859951755
Y610F,0.4053731922
Y610C,0.3843612057
Y610G,0.4155165244
Y610H,0.4041852511
Y610K,0.419852451
Y610L,0.4160668306
Y610M,0.3940466896
Y610N,0.4121532819
Y610A,0.4221627354
Y610P,0.4028126314
Y610R,0.4252495642
Y610S,0.4185459725
Y610T,0.4140476013
Y610V,0.4090457976
Y610W,0.391978343
Y610E,0.416842733
Y610Q,0.4084437372
Y610D,0.4130675213
Y610I,0.4011432779
I611A,0.3970072439
I611C,0.3787339048
I611D,0.3924221917
I611E,0.3888787289
I611F,0.4024011999
I611G,0.4037391414
I611H,0.3837769384
I611K,0.3891803547
I611M,0.3858150131
I611N,0.3894024756
I611L,0.4235460935
I611Q,0.3820666788
I611P,0.3982048824
I611W,0.3737469508
I611V,0.4017328826
I611Y,0.3934060651
I611S,0.3962862587
I611R,0.3982320606
I611T,0.3912007809
H612D,0.4142550634
H612L,0.4298769162
H612C,0.3926992415
H612E,0.4237823991
H612F,0.4077665494
H612G,0.4186966842
H612I,0.4145982024
H612K,0.4363938574
H612M,0.397946389
H612V,0.4179028615
H612P,0.4153321233
H612N,0.4178972639
H612A,0.4193966728
H612W,0.3884663144
H612Y,0.4112229437
H612S,0.4199966226
H612R,0.4365737249
H612Q,0.4168107148
H612T,0.4161661119
D613Q,0.3874702802
D613Y,0.3765037035
D613W,0.3582426524
D613V,0.3703653081
D613T,0.3853886683
D613S,0.3956807461
D613R,0.3996927145
D613A,0.3855145207
D613C,0.3550773538
D613M,0.3595415383
D613E,0.4013390013
D613N,0.3958243973
D613F,0.3728782898
D613G,0.3970192254
D613P,0.40118216
D613I,0.3664318152
D613H,0.3806269868
D613K,0.3926667259
D613L,0.3885109387
N614V,0.3891359964
N614Y,0.3927963427
N614W,0.3660705131
N614R,0.41207609
N614Q,0.3919485395
N614P,0.4033843505
N614M,0.3753587849
N614L,0.4048306983
N614S,0.3997028803
N614K,0.4044779081
N614H,0.397200741
N614G,0.4096957957
N614F,0.3894345054
N614E,0.3962029663
N614D,0.400808778
N614C,0.3749789553
N614A,0.3990346844
N614I,0.386805097
N614T,0.3946049353
Y615R,0.4233673304
Y615A,0.412115163
Y615C,0.3891118136
Y615T,0.4110459964
Y615E,0.4193808574
Y615F,0.3989896033
Y615G,0.4402318854
Y615H,0.4048271651
Y615I,0.4046850579
Y615K,0.4192550224
Y615L,0.415213239
Y615M,0.3875948546
Y615N,0.4173286848
Y615P,0.4318232211
Y615Q,0.4093348463
Y615S,0.4191387229
Y615D,0.4225097257
Y615W,0.3806322085
Y615V,0.4072075751
F616C,0.390137472
F616A,0.4124249134
F616H,0.410925331
F616I,0.4035270996
F616K,0.4184826416
F616L,0.4186030583
F616E,0.42356805
F616G,0.4281786844
F616M,0.3859059097
F616P,0.4248551914
F616Q,0.4085817215
F616R,0.4229985167
F616S,0.4222442353
F616T,0.4117587009
F616V,0.4074226702
F616W,0.3853219835
F616Y,0.4073706326
F616D,0.4279324443
F616N,0.4179582992
L617T,0.4020784272
L617S,0.4067913152
L617Y,0.3939389888
L617W,0.3762372243
L617R,0.4071564338
L617Q,0.3941962968
L617P,0.4114335515
L617N,0.4001770414
L617M,0.378504307
L617K,0.406419055
L617I,0.3903286677
L617H,0.3909876461
L617G,0.4101486999
L617F,0.3913034855
L617E,0.4036192336
L617D,0.4066595704
L617C,0.3718026524
L617A,0.3991302591
L617V,0.3979141279
V618F,0.3989910663
V618A,0.4080733448
V618C,0.3795154395
V618G,0.4148429102
V618H,0.4003892336
V618I,0.3970553609
V618D,0.4159903673
V618L,0.412091969
V618M,0.3866038223
V618E,0.4198648199
V618N,0.4090428138
V618Q,0.4133321385
V618R,0.4227206457
V618S,0.4143144217
V618T,0.4083901153
V618W,0.389378183
V618Y,0.4026506147
V618P,0.4246621512
V618K,0.4260231132
N619A,0.4039207611
N619V,0.4004048582
N619Y,0.3927485959
N619S,0.4107163018
N619R,0.4104213954
N619Q,0.3958735088
N619P,0.4128660962
N619M,0.3764426971
N619L,0.4037982511
N619K,0.4072476369
N619I,0.3893651721
N619H,0.3931043063
N619G,0.4121695483
N619F,0.3940328461
N619E,0.4101923354
N619D,0.4161758151
N619C,0.3798492686
N619W,0.3707477456
N619T,0.4014820163
L620C,0.3742187757
L620V,0.3987449187
L620T,0.3965341642
L620S,0.4010462807
L620R,0.4026410387
L620Q,0.3874541063
L620P,0.4064011926
L620N,0.3928329061
L620K,0.3983989173
L620I,0.3918729784
L620H,0.384893609
L620G,0.4068107273
L620F,0.3915644829
L620E,0.4004901109
L620D,0.4008085062
L620A,0.3980419984
L620M,0.3774882361
L620Y,0.3924165594
L620W,0.3745338402
V621A,0.403249165
V621C,0.3704727544
V621D,0.4088626167
V621E,0.4128534902
V621F,0.397807867
V621G,0.4080428995
V621H,0.3889268516
V621I,0.3989243468
V621K,0.4149486738
V621M,0.383532034
V621N,0.400802689
V621P,0.4161395004
V621Q,0.3966391299
V621R,0.4118300523
V621S,0.4081509357
V621T,0.4027480514
V621W,0.3845287217
V621L,0.4124787377
V621Y,0.3989715038
D622A,0.401701327
D622C,0.3744729669
D622G,0.4091735987
D622H,0.388498321
D622I,0.3992166684
D622K,0.4116681281
D622L,0.4099536936
D622M,0.380405022
D622N,0.4012581028
D622E,0.4131652818
D622P,0.4087217585
D622R,0.4107102186
D622S,0.4039621703
D622T,0.3999106431
D622V,0.4055687363
D622W,0.3767090144
D622Y,0.3944088244
D622Q,0.3939169166
D622F,0.3952737615
N623C,0.3814485833
N623D,0.4161746412
N623Y,0.404886084
N623F,0.4062701995
N623G,0.4178874162
N623H,0.3963505091
N623I,0.4036100393
N623K,0.4237462463
N623L,0.4198913736
N623A,0.4107892955
N623M,0.391415078
N623Q,0.4047313707
N623R,0.4209055304
N623S,0.4168484636
N623T,0.4101528865
N623V,0.4099711917
N623W,0.3880712939
N623P,0.4307779771
N623E,0.4261815736
D624A,0.3960076939
D624C,0.3729506242
D624Y,0.3928540646
D624F,0.3900661148
D624G,0.4213566536
D624H,0.3865894237
D624I,0.3951550159
D624K,0.4017374682
D624L,0.4034647054
D624M,0.3703551192
D624N,0.40204638
D624P,0.4115490299
D624Q,0.3922458631
D624R,0.4062465371
D624S,0.4071685946
D624T,0.3998858011
D624V,0.3994626078
D624W,0.3664837892
D624E,0.4034603106
F625A,0.4117737819
F625Y,0.4026332033
F625E,0.4254654226
F625W,0.3782842678
F625V,0.4265859156
F625T,0.4164662747
F625S,0.4113297424
F625R,0.4185386402
F625Q,0.4129875712
F625D,0.4101469709
F625P,0.4060878859
F625M,0.3972837097
F625L,0.4306236859
F625K,0.4254473173
F625I,0.424313085
F625H,0.3964144993
F625G,0.4104121722
F625N,0.4052203698
F625C,0.3827880052
P626K,0.3993681434
P626A,0.3992754369
P626Y,0.4016376028
P626W,0.3786650457
P626V,0.4095597255
P626T,0.4044657762
P626S,0.40972313
P626R,0.401124577
P626Q,0.3887814888
P626N,0.4012666668
P626M,0.3795905091
P626L,0.4133471559
P626I,0.4049918881
P626H,0.3889233531
P626G,0.4009206365
P626F,0.399669561
P626E,0.4056364621
P626D,0.4124050848
P626C,0.3739169533
L627S,0.394771711
L627W,0.3732136281
L627T,0.3886203048
L627R,0.3975017481
L627V,0.3993722259
L627A,0.3932876087
L627C,0.3570952183
L627D,0.3951877223
L627E,0.4083343884
L627F,0.3870784055
L627Y,0.3852519678
L627G,0.3914443148
L627I,0.3905161162
L627K,0.4000083227
L627M,0.3731176775
L627N,0.3810798852
L627P,0.3996169857
L627Q,0.3839202715
L627H,0.3710332091
D628E,0.4180309922
D628C,0.3651759749
D628G,0.4082550744
D628F,0.3916575306
D628H,0.3879129665
D628I,0.3941525284
D628K,0.4097663838
D628L,0.4080860608
D628M,0.3786663121
D628N,0.3963927394
D628P,0.4130720953
D628Q,0.3971029053
D628R,0.4121050088
D628S,0.4078013086
D628T,0.3999086655
D628V,0.4025946565
D628W,0.3786032818
D628Y,0.3936290245
D628A,0.4023609473
N629C,0.3750691464
N629F,0.3992182586
N629G,0.4153970155
N629H,0.3986480892
N629I,0.3999752751
N629K,0.4204709975
N629L,0.4138523868
N629Y,0.4025498472
N629M,0.383953984
N629Q,0.4111505283
N629R,0.4214389919
N629S,0.4172907509
N629T,0.4100494706
N629V,0.4071411967
N629W,0.3817904733
N629P,0.4183295995
N629D,0.4226002984
N629E,0.4303291091
N629A,0.4102721062
C630D,0.4451541553
C630A,0.4432932593
C630E,0.4539240466
C630F,0.4315536829
C630G,0.4380595967
C630I,0.4370501585
C630K,0.4466947363
C630L,0.4491056089
C630M,0.4141661907
C630H,0.4283070522
C630P,0.4566448431
C630Q,0.4345585146
C630R,0.4528568692
C630S,0.4482353056
C630T,0.4438961119
C630V,0.4427883233
C630W,0.4104516846
C630N,0.4362089532
C630Y,0.4348153889
L631P,0.4069517937
L631Q,0.3840356342
L631R,0.3999876557
L631Y,0.3918287762
L631T,0.4030138309
L631V,0.3979413581
L631N,0.3925064151
L631S,0.4054233041
L631M,0.3696668981
L631W,0.369212768
L631I,0.3932807679
L631H,0.3829511264
L631G,0.3948916883
L631F,0.3932197673
L631E,0.393667311
L631D,0.398634344
L631C,0.3701429559
L631K,0.3924089784
L631A,0.3922520331
W632R,0.458036158
W632Q,0.4418612812
W632P,0.4459783714
W632N,0.431791787
W632M,0.4103067844
W632L,0.4430941299
W632K,0.4560586559
W632F,0.4205179638
W632H,0.421492533
W632G,0.4332925605
W632S,0.4392826382
W632E,0.4498334002
W632D,0.4435374119
W632C,0.3993567054
W632A,0.4382599057
W632I,0.4293661513
W632T,0.4320359858
W632V,0.4362717175
W632Y,0.4226326231
Q633A,0.405710699
Q633Y,0.390801996
Q633W,0.375241352
Q633V,0.3993727001
Q633T,0.4037575879
Q633S,0.4075163251
Q633R,0.4140217069
Q633P,0.4097202561
Q633N,0.4002392852
Q633M,0.3832411465
Q633K,0.4200085116
Q633I,0.3890615687
Q633H,0.3885630167
Q633G,0.4054930075
Q633F,0.3898178219
Q633D,0.4122899419
Q633C,0.3664913759
Q633L,0.4042926512
Q633E,0.419852636
V634W,0.3708237578
V634A,0.4069793304
V634D,0.4004576243
V634E,0.4062095228
V634F,0.3903173801
V634G,0.3967520465
V634H,0.3826288393
V634I,0.3987060771
V634K,0.4021474829
V634L,0.4082117338
V634M,0.3867850719
V634N,0.393924168
V634P,0.3939834801
V634Q,0.3896979488
V634R,0.4020604202
V634S,0.4094711073
V634T,0.4079785681
V634C,0.3710583345
V634Y,0.3884147741
V635T,0.4055075507
V635Y,0.394683087
V635S,0.4086674715
V635R,0.4047902433
V635Q,0.3834072515
V635P,0.4122091822
V635N,0.3977114133
V635M,0.3815355651
V635L,0.4100883933
V635K,0.4035239538
V635I,0.3977217468
V635H,0.3839737084
V635G,0.3901185109
V635F,0.3918312628
V635E,0.4007717116
V635D,0.4151768838
V635C,0.3676582279
V635W,0.3725492834
V635A,0.3985617898
E636C,0.3584181078
E636W,0.3512201911
E636D,0.3952097713
E636F,0.3642336148
E636G,0.3846374344
E636H,0.3718585296
E636I,0.368103875
E636K,0.4041314267
E636L,0.3878483692
E636A,0.3849729462
E636N,0.3926493666
E636M,0.3626660869
E636V,0.3801161063
E636T,0.383048459
E636Y,0.3681952862
E636R,0.3998082218
E636Q,0.3915511251
E636P,0.3859623246
E636S,0.3910137141
D637G,0.3987974131
D637H,0.3776531151
D637I,0.3675986441
D637K,0.4193616737
D637L,0.382820885
D637M,0.3632703968
D637N,0.392897515
D637P,0.3927281371
D637R,0.4116788375
D637S,0.3931620397
D637V,0.37554994
D637W,0.3528614875
D637Y,0.3727384089
D637C,0.3457463891
D637F,0.3632053889
D637A,0.3950668372
D637Q,0.3904057554
D637T,0.3895958224
D637E,0.4188631361
T638W,0.3681063904
T638Y,0.404627683
T638A,0.4108947526
T638C,0.3826079064
T638D,0.3996068373
T638E,0.4083357589
T638G,0.4042207157
T638H,0.390312274
T638I,0.3986457126
T638F,0.3980209613
T638L,0.4082263233
T638K,0.4041277548
T638S,0.4023330289
T638R,0.4107950087
T638Q,0.3906770631
T638V,0.4047154628
T638N,0.4027003508
T638M,0.3833113298
T638P,0.3924183173
L639N,0.3689038909
L639V,0.3927873103
L639T,0.3733010493
L639S,0.3722548396
L639R,0.3978678035
L639Q,0.3773405024
L639P,0.3872021876
L639M,0.3723673804
L639A,0.3839695045
L639I,0.3895169073
L639H,0.3562130376
L639G,0.3723414397
L639F,0.373721438
L639E,0.395668487
L639D,0.3706145783
L639C,0.3486588901
L639W,0.3625964183
L639K,0.3994795393
L639Y,0.3715189989
E640C,0.3544686723
E640Y,0.3765118396
E640W,0.3565651975
E640V,0.386413789
E640T,0.3899418585
E640S,0.3982175116
E640R,0.4039946279
E640P,0.3978560707
E640N,0.3895694017
E640M,0.3546653498
E640Q,0.3868579788
E640K,0.4053616212
E640I,0.3756273805
E640H,0.3755304932
E640G,0.3866272534
E640F,0.3721107085
E640D,0.3958912961
E640A,0.4021685489
E640L,0.3906696093
L641N,0.3847455631
L641V,0.3980164277
L641T,0.3906384238
L641S,0.3963677933
L641R,0.4109061154
L641Q,0.388605565
L641P,0.3777007001
L641A,0.4038325419
L641C,0.3573335594
L641K,0.4094086206
L641I,0.3980216841
L641H,0.3812453772
L641G,0.3867368393
L641F,0.394963907
L641E,0.4134932357
L641D,0.3915110748
L641Y,0.3983670321
L641M,0.3751014942
L641W,0.3756082575
L642N,0.363357445
L642D,0.3641194751
L642Y,0.3769993266
L642W,0.3637996977
L642V,0.3852548505
L642T,0.3691518802
L642S,0.376442434
L642R,0.3816211041
L642C,0.3524646715
L642Q,0.3718946101
L642M,0.3676030128
L642I,0.3856850291
L642H,0.3599696785
L642G,0.3702002295
L642F,0.3794558355
L642E,0.3858317392
L642P,0.3786378762
L642K,0.3807708143
L642A,0.3796996642
N643Y,0.385812729
N643C,0.3701670693
N643D,0.4054014749
N643E,0.4163952529
N643F,0.3841910703
N643G,0.4138960164
N643H,0.3854687977
N643I,0.3818933977
N643A,0.4020131648
N643K,0.4185874279
N643M,0.3650735999
N643P,0.4106533121
N643Q,0.404020453
N643R,0.4184738867
N643S,0.4139934994
N643T,0.3987982111
N643V,0.3904971262
N643W,0.3634800331
N643L,0.4058013353
R644W,0.3583215096
R644Y,0.3728138197
R644V,0.3988974809
R644D,0.3972267222
R644S,0.4090360135
R644A,0.4000299553
R644C,0.3626185078
R644E,0.4012044057
R644F,0.3777002433
R644H,0.3793841573
R644G,0.3941831356
R644K,0.4074496749
R644L,0.417069029
R644M,0.3693902589
R644N,0.3977966314
R644P,0.4101817995
R644Q,0.4002016
R644I,0.403383113
R644T,0.4018796158
P645G,0.4021439613
P645I,0.4134003904
P645H,0.3947643787
P645Y,0.4053133308
P645E,0.4244282453
P645A,0.4181016265
P645C,0.377063123
P645F,0.4008067021
P645L,0.4249905041
P645K,0.4190829845
P645N,0.4005326881
P645M,0.3931809314
P645W,0.3873735663
P645V,0.4108480235
P645T,0.4046640845
P645D,0.4033813551
P645R,0.4216555153
P645Q,0.4086255188
P645S,0.4111423343
T646A,0.4167233341
T646C,0.3734151457
T646D,0.4085823228
T646E,0.4204120035
T646F,0.3997446769
T646G,0.4135970969
T646H,0.388389296
T646I,0.4064737236
T646K,0.4124728106
T646L,0.4260880748
T646N,0.4000934366
T646Q,0.4050143072
T646R,0.4151279342
T646S,0.4219175766
T646V,0.4161427733
T646W,0.3817333471
T646Y,0.3924381979
T646M,0.375306435
T646P,0.4266360738
Q647S,0.4264695929
Q647W,0.3824123391
Q647Y,0.3868599738
Q647R,0.4138711686
Q647V,0.4128893076
Q647P,0.4245206106
Q647N,0.4032197259
Q647M,0.3745012437
Q647L,0.4167657436
Q647K,0.4125914462
Q647I,0.3994301849
Q647H,0.3815948887
Q647G,0.4211314448
Q647F,0.3948610232
Q647E,0.4307672272
Q647D,0.4110591055
Q647C,0.3712636396
Q647A,0.4202841562
Q647T,0.4151776066
N648C,0.3691107284
N648Y,0.3845459017
N648E,0.4447883456
N648W,0.3791623429
N648V,0.421622011
N648T,0.4262441701
N648S,0.4280297942
N648R,0.4198747891
N648Q,0.4208877952
N648A,0.435046149
N648P,0.4390327087
N648L,0.4204671059
N648K,0.4237007894
N648I,0.4035430826
N648H,0.3870089045
N648G,0.4228797942
N648F,0.3891911739
N648M,0.3864938258
N648D,0.4173848973
A649C,0.3689556971
A649E,0.4120252553
A649D,0.3991367935
A649F,0.3844046908
A649G,0.4098152641
A649H,0.3842024215
A649I,0.3959876861
A649K,0.4066196647
A649L,0.412559243
A649M,0.3651725169
A649P,0.416047401
A649Q,0.4044430911
A649R,0.4107528652
A649S,0.4186861483
A649T,0.4070743268
A649V,0.4007458808
A649W,0.3716458516
A649N,0.3976272997
A649Y,0.379064698
R650W,0.3624561904
R650Y,0.3679560256
R650S,0.4342091882
R650Q,0.4167413815
R650P,0.4303009479
R650N,0.4075635226
R650M,0.3893486917
R650L,0.4166259668
R650H,0.3774192035
R650I,0.3984809954
R650V,0.4197201163
R650G,0.4221232635
R650F,0.3810795961
R650E,0.4383847403
R650D,0.4127696542
R650C,0.3697954683
R650A,0.4334684959
R650K,0.4188275038
R650T,0.4340032354
E651A,0.4044072101
E651D,0.3906373887
E651F,0.3797861285
E651Y,0.3696761619
E651W,0.359731907
E651V,0.3981681225
E651T,0.4008484119
E651S,0.4094888252
E651R,0.401816042
E651C,0.3585860979
E651Q,0.3924992158
E651N,0.3896728407
E651M,0.3619132628
E651L,0.4036653613
E651I,0.3910362373
E651H,0.3694525837
E651G,0.3994061987
E651P,0.4087769707
E651K,0.4018726363
T652D,0.3966167975
T652E,0.4233175423
T652C,0.3562859966
T652Y,0.3618384187
T652W,0.3557100041
T652V,0.4051101074
T652S,0.4080443104
T652R,0.4032562776
T652Q,0.3972510322
T652A,0.4137020105
T652P,0.4056560593
T652M,0.3735238815
T652L,0.4037127439
T652K,0.409884661
T652I,0.3892936877
T652H,0.3662023331
T652G,0.4141416899
T652F,0.3701611768
T652N,0.3913905309
E653W,0.3597615486
E653D,0.3909567844
E653N,0.3872362355
E653C,0.3673218487
E653F,0.3812159381
E653G,0.4003910378
E653H,0.3719343914
E653I,0.3915056912
E653K,0.4020401175
E653L,0.4098123728
E653M,0.3687902803
E653P,0.4140025087
E653Q,0.394704951
E653R,0.3982633387
E653S,0.4170487032
E653T,0.4082095596
E653V,0.4029302204
E653Y,0.3696894734
E653A,0.4140137038
A654E,0.4056448815
A654F,0.3677642055
A654G,0.3928406143
A654Y,0.3582716405
A654W,0.3466418178
A654V,0.392673931
A654T,0.4091553373
A654S,0.4101129057
A654R,0.4033467752
A654C,0.3623953691
A654Q,0.3979963159
A654N,0.4010531504
A654M,0.3696382396
A654L,0.4017110822
A654K,0.4087837479
A654I,0.3876235709
A654H,0.3745348926
A654P,0.3827540151
A654D,0.3839037853
P655C,0.385765543
P655Y,0.3739389502
P655D,0.4042768705
P655E,0.4252197434
P655F,0.389498033
P655G,0.4086870919
P655H,0.3869019728
P655I,0.3998045499
P655K,0.4170598
P655L,0.4190229207
P655M,0.3786115856
P655N,0.4054187822
P655Q,0.4089629562
P655R,0.4116570718
P655S,0.4284268501
P655T,0.4094186361
P655V,0.4170300081
P655A,0.429265141
P655W,0.3614595143
