mutant,DMS_score_predicted
V1D,0.6229569999999991
V1Y,0.5452845000000003
V1C,0.4561905000000007
V1A,0.45093249999999957
V1E,0.4847145
V1W,0.6967070000000004
V1T,0.35536100000000004
V1R,0.39762050000000015
V1Q,0.42170150000000056
V1S,0.41889749999999937
V1N,0.30491849999999987
V1M,0.22920849999999948
V1L,0.3994014999999994
V1K,0.3805990000000004
V1I,0.32997400000000016
V1H,0.34427650000000054
V1G,0.3535575000000008
V1F,0.6891290000000009
V1P,0.3760490000000001
N2R,0.2622385000000012
N2Y,0.2908720000000006
N2W,0.31537699999999935
N2V,0.25232249999999956
N2T,0.28050499999999967
N2S,0.21490450000000075
N2Q,0.28518600000000094
N2I,0.31799600000000117
N2M,0.2801114999999995
N2A,0.2766794999999996
N2P,0.2518720000000004
N2D,0.27635300000000107
N2E,0.2643560000000002
N2F,0.2757310000000006
N2C,0.2826135000000008
N2H,0.27119300000000074
N2K,0.2926875000000011
N2L,0.34334049999999955
N2G,0.25578400000000046
E3K,0.2371365000000003
E3C,0.35087250000000014
E3D,0.33407350000000063
E3F,0.2336644999999998
E3G,0.48084999999999967
E3H,0.2500995000000003
E3I,0.24664750000000077
E3L,0.2134334999999997
E3A,0.33691449999999973
E3N,0.2734104999999997
E3M,0.17721599999999996
E3W,0.2781664999999994
E3V,0.32874699999999946
E3T,0.4088165000000009
E3Y,0.33575700000000014
E3R,0.2876895000000005
E3Q,0.3377295000000005
E3P,0.5038749999999995
E3S,0.28988100000000055
A4M,0.17171449999999994
A4F,0.24284449999999974
A4G,0.5024334999999995
A4I,0.24987800000000085
A4K,0.23530250000000028
A4L,0.21186499999999975
A4N,0.2706069999999997
A4S,0.2967075000000007
A4Q,0.33945850000000044
A4R,0.2864265000000006
A4E,0.22499549999999988
A4T,0.4200530000000009
A4V,0.34511599999999953
A4W,0.28041149999999937
A4Y,0.34142550000000005
A4P,0.5259409999999997
A4D,0.3422890000000005
A4H,0.2536875000000003
A4C,0.3625285
R5W,0.5601285000000005
R5A,0.5049284999999998
R5C,0.45724900000000096
R5D,0.6451724999999988
R5E,0.4763210000000005
R5F,0.5485915000000017
R5G,0.2560740000000004
R5H,0.23110349999999993
R5I,0.3160730000000002
R5Y,0.4126134999999998
R5L,0.3515975000000001
R5M,0.2259129999999995
R5N,0.29110850000000016
R5P,0.32580100000000045
R5Q,0.3481200000000007
R5S,0.4564984999999998
R5T,0.2922710000000003
R5V,0.3017885
R5K,0.32608350000000075
G6V,0.24479649999999956
G6T,0.3332985
G6S,0.2607365000000002
G6R,0.29263900000000054
G6Q,0.3241210000000008
G6P,0.44231649999999945
G6N,0.29187899999999967
G6H,0.2203100000000001
G6L,0.2378129999999997
G6K,0.25377600000000033
G6I,0.2867075000000006
G6F,0.23015500000000003
G6E,0.21485500000000002
G6D,0.2509995000000006
G6C,0.28569250000000035
G6M,0.21737149999999988
G6A,0.27736349999999976
G6Y,0.3025020000000003
G6W,0.3160014999999993
N7A,0.2766794999999996
N7W,0.31537699999999935
N7V,0.25232249999999956
N7T,0.28050499999999967
N7S,0.21490450000000075
N7R,0.2622385000000012
N7Q,0.28518600000000094
N7P,0.2518720000000004
N7M,0.2801114999999995
N7Y,0.2908720000000006
N7K,0.2926875000000011
N7C,0.2826135000000008
N7D,0.27635300000000107
N7E,0.2643560000000002
N7L,0.34334049999999955
N7G,0.25578400000000046
N7H,0.27119300000000074
N7I,0.31799600000000117
N7F,0.2757310000000006
S8D,0.6451724999999988
S8E,0.4763210000000005
S8F,0.5485915000000017
S8G,0.2560740000000004
S8H,0.23110349999999993
S8I,0.3160730000000002
S8K,0.32608350000000075
S8L,0.3515975000000001
S8N,0.29110850000000016
S8P,0.32580100000000045
S8C,0.45724900000000096
S8R,0.41232100000000105
S8T,0.2922710000000003
S8V,0.3017885
S8W,0.5625755000000005
S8Y,0.41506049999999983
S8M,0.2258349999999995
S8Q,0.3481200000000007
S8A,0.5049284999999998
S9C,0.45724900000000096
S9D,0.6451724999999988
S9E,0.4763210000000005
S9F,0.5485915000000017
S9G,0.2560740000000004
S9H,0.23110349999999993
S9I,0.3160730000000002
S9K,0.32608350000000075
S9L,0.3515975000000001
S9M,0.2258349999999995
S9N,0.29110850000000016
S9P,0.32580100000000045
S9Q,0.3481200000000007
S9R,0.41232100000000105
S9T,0.2922710000000003
S9V,0.3017885
S9A,0.5049284999999998
S9W,0.5625755000000005
S9Y,0.41506049999999983
L10V,0.28847349999999966
L10A,0.33111999999999986
L10C,0.27680900000000064
L10D,0.24984800000000057
L10E,0.2621825000000002
L10F,0.30580350000000056
L10G,0.2576405000000003
L10H,0.2510335000000005
L10K,0.2717430000000006
L10M,0.2572459999999996
L10N,0.28411499999999973
L10P,0.2884745000000001
L10Q,0.32491600000000076
L10R,0.27528400000000103
L10S,0.20847750000000048
L10T,0.3096074999999997
L10W,0.3701709999999999
L10Y,0.2968810000000004
L10I,0.316698000000001
N11Y,0.2908720000000006
N11C,0.2826135000000008
N11D,0.27635300000000107
N11E,0.2643560000000002
N11F,0.2757310000000006
N11G,0.25578400000000046
N11H,0.27119300000000074
N11A,0.2766794999999996
N11I,0.31799600000000117
N11L,0.34334049999999955
N11M,0.2801114999999995
N11P,0.2518720000000004
N11Q,0.28518600000000094
N11R,0.2622385000000012
N11S,0.21490450000000075
N11K,0.2926875000000011
N11W,0.31537699999999935
N11V,0.25232249999999956
N11T,0.28050499999999967
P12W,0.5601285000000005
P12D,0.6451724999999988
P12E,0.4763210000000005
P12F,0.5485915000000017
P12G,0.2560740000000004
P12H,0.23110349999999993
P12I,0.3160730000000002
P12K,0.32608350000000075
P12L,0.3515975000000001
P12N,0.29110850000000016
P12Q,0.3481200000000007
P12R,0.41232100000000105
P12S,0.4564984999999998
P12T,0.2922710000000003
P12V,0.3017885
P12M,0.2259129999999995
P12Y,0.4126134999999998
P12A,0.5049284999999998
P12C,0.45724900000000096
C13A,0.34905349999999963
C13D,0.3422890000000005
C13E,0.22499549999999988
C13F,0.24284449999999974
C13G,0.5024334999999995
C13H,0.2536875000000003
C13K,0.23530250000000028
C13L,0.21186499999999975
C13M,0.17171449999999994
C13I,0.24987800000000085
C13P,0.5259409999999997
C13N,0.2706069999999997
C13W,0.28041149999999937
C13V,0.34511599999999953
C13T,0.4200530000000009
C13Y,0.34142550000000005
C13R,0.2864265000000006
C13Q,0.33945850000000044
C13S,0.2967075000000007
L14K,0.2717430000000006
L14D,0.24984800000000057
L14E,0.2621825000000002
L14F,0.30580350000000056
L14G,0.2576405000000003
L14H,0.2510335000000005
L14I,0.316698000000001
L14M,0.2572459999999996
L14C,0.27680900000000064
L14P,0.2884745000000001
L14Q,0.32491600000000076
L14R,0.27528400000000103
L14S,0.20847750000000048
L14T,0.3096074999999997
L14V,0.28847349999999966
L14W,0.3701709999999999
L14Y,0.2968810000000004
L14N,0.28411499999999973
L14A,0.33111999999999986
E15C,0.35087250000000014
E15T,0.4088165000000009
E15A,0.33691449999999973
E15Y,0.33575700000000014
E15W,0.2781664999999994
E15V,0.32874699999999946
E15D,0.33407350000000063
E15F,0.2336644999999998
E15G,0.48084999999999967
E15H,0.2500995000000003
E15S,0.28988100000000055
E15K,0.2371365000000003
E15L,0.2134334999999997
E15M,0.17721599999999996
E15N,0.2734104999999997
E15P,0.5038749999999995
E15Q,0.3377295000000005
E15R,0.2876895000000005
E15I,0.24664750000000077
G16D,0.2509995000000006
G16E,0.21485500000000002
G16F,0.23015500000000003
G16H,0.2203100000000001
G16I,0.2867075000000006
G16K,0.25377600000000033
G16L,0.2378129999999997
G16R,0.29263900000000054
G16P,0.44231649999999945
G16Q,0.3241210000000008
G16S,0.2607365000000002
G16T,0.3332985
G16V,0.24479649999999956
G16C,0.28569250000000035
G16Y,0.3025020000000003
G16N,0.29187899999999967
G16W,0.3160014999999993
G16M,0.21737149999999988
G16A,0.27736349999999976
S17A,0.5049284999999998
S17Y,0.41506049999999983
S17D,0.6451724999999988
S17V,0.3017885
S17T,0.2922710000000003
S17R,0.41232100000000105
S17Q,0.3481200000000007
S17P,0.32580100000000045
S17N,0.29110850000000016
S17W,0.5625755000000005
S17M,0.2258349999999995
S17E,0.4763210000000005
S17F,0.5485915000000017
S17G,0.2560740000000004
S17C,0.45724900000000096
S17I,0.3160730000000002
S17K,0.32608350000000075
S17L,0.3515975000000001
S17H,0.23110349999999993
A18D,0.3422890000000005
A18E,0.22499549999999988
A18F,0.24284449999999974
A18G,0.5024334999999995
A18H,0.2536875000000003
A18I,0.24987800000000085
A18K,0.23530250000000028
A18M,0.17171449999999994
A18N,0.2706069999999997
A18V,0.34511599999999953
A18Q,0.33945850000000044
A18R,0.2864265000000006
A18S,0.2967075000000007
A18T,0.4200530000000009
A18L,0.21186499999999975
A18P,0.5259409999999997
A18C,0.3625285
A18Y,0.34142550000000005
A18W,0.28041149999999937
S19R,0.41232100000000105
S19Q,0.3481200000000007
S19P,0.32580100000000045
S19N,0.29110850000000016
S19M,0.2258349999999995
S19L,0.3515975000000001
S19W,0.5625755000000005
S19I,0.3160730000000002
S19G,0.2560740000000004
S19F,0.5485915000000017
S19E,0.4763210000000005
S19D,0.6451724999999988
S19C,0.45724900000000096
S19A,0.5049284999999998
S19Y,0.41506049999999983
S19H,0.23110349999999993
S19K,0.32608350000000075
S19V,0.3017885
S19T,0.2922710000000003
S20R,0.41232100000000105
S20A,0.5049284999999998
S20C,0.45724900000000096
S20D,0.6451724999999988
S20E,0.4763210000000005
S20F,0.5485915000000017
S20G,0.2560740000000004
S20H,0.23110349999999993
S20I,0.3160730000000002
S20Y,0.41506049999999983
S20K,0.32608350000000075
S20L,0.3515975000000001
S20M,0.2258349999999995
S20N,0.29110850000000016
S20P,0.32580100000000045
S20Q,0.3481200000000007
S20T,0.2922710000000003
S20V,0.3017885
S20W,0.5625755000000005
G21A,0.27736349999999976
G21W,0.3160014999999993
G21N,0.29187899999999967
G21Y,0.3025020000000003
G21V,0.24479649999999956
G21T,0.3332985
G21S,0.2607365000000002
G21R,0.29263900000000054
G21P,0.44231649999999945
G21M,0.21737149999999988
G21L,0.2378129999999997
G21Q,0.3241210000000008
G21I,0.2867075000000006
G21H,0.2203100000000001
G21F,0.23015500000000003
G21E,0.21485500000000002
G21D,0.2509995000000006
G21C,0.28569250000000035
G21K,0.25377600000000033
S22I,0.3160730000000002
S22C,0.45724900000000096
S22A,0.5049284999999998
S22D,0.6451724999999988
S22E,0.4763210000000005
S22F,0.5485915000000017
S22G,0.2560740000000004
S22H,0.23110349999999993
S22W,0.5625755000000005
S22K,0.32608350000000075
S22M,0.2258349999999995
S22L,0.3515975000000001
S22V,0.3017885
S22T,0.2922710000000003
S22Y,0.41506049999999983
S22Q,0.3481200000000007
S22P,0.32580100000000045
S22N,0.29110850000000016
S22R,0.41232100000000105
E23A,0.33691449999999973
E23I,0.24664750000000077
E23C,0.35087250000000014
E23D,0.33407350000000063
E23F,0.2336644999999998
E23G,0.48084999999999967
E23H,0.2500995000000003
E23K,0.2371365000000003
E23Q,0.3377295000000005
E23M,0.17721599999999996
E23N,0.2734104999999997
E23P,0.5038749999999995
E23R,0.2876895000000005
E23S,0.28988100000000055
E23T,0.4088165000000009
E23V,0.32874699999999946
E23W,0.2781664999999994
E23L,0.2134334999999997
E23Y,0.33575700000000014
S24Y,0.41506049999999983
S24H,0.23110349999999993
S24D,0.6451724999999988
S24E,0.4763210000000005
S24F,0.5485915000000017
S24G,0.2560740000000004
S24I,0.3160730000000002
S24K,0.32608350000000075
S24A,0.5049284999999998
S24L,0.3515975000000001
S24N,0.29110850000000016
S24P,0.32580100000000045
S24Q,0.3481200000000007
S24R,0.41232100000000105
S24T,0.2922710000000003
S24V,0.3017885
S24M,0.2258349999999995
S24W,0.5625755000000005
S24C,0.45724900000000096
S25E,0.49098500000000017
S25A,0.5229485000000001
S25C,0.4851715000000011
S25Y,0.44693849999999935
S25W,0.5981859999999999
S25V,0.32600000000000023
S25T,0.2723095000000001
S25F,0.5769185000000019
S25Q,0.3519795000000007
S25P,0.3003125000000005
S25R,0.3940390000000007
S25M,0.2167479999999998
S25L,0.36676650000000016
S25K,0.36034550000000026
S25I,0.3845415000000003
S25H,0.24792349999999966
S25D,0.6661679999999993
S25G,0.25697500000000034
S25N,0.24991600000000017
K26G,0.26103099999999996
K26M,0.20522050000000014
K26F,0.3827300000000009
K26E,0.281858
K26H,0.28022649999999966
K26I,0.4638150000000006
K26L,0.3183125000000001
K26N,0.20727650000000022
K26C,0.3373889999999993
K26Q,0.3622555000000006
K26R,0.22732750000000013
K26S,0.13768600000000006
K26T,0.2809189999999996
K26V,0.3557354999999998
K26D,0.27004649999999947
K26Y,0.3618014999999995
K26W,0.4830579999999996
K26P,0.2656015
K26A,0.38722850000000053
D27A,0.3900055000000001
D27Y,0.3891084999999997
D27C,0.4056084999999996
D27E,0.2369929999999998
D27F,0.2853164999999998
D27G,0.5123679999999997
D27I,0.327865500000001
D27K,0.2777135
D27L,0.21685149999999997
D27M,0.1409605000000001
D27H,0.2704534999999997
D27P,0.5091719999999994
D27Q,0.3575185000000004
D27R,0.25956850000000015
D27S,0.2577495000000003
D27T,0.40945300000000023
D27V,0.389049
D27W,0.33062649999999943
D27N,0.21488449999999987
S28H,0.24792349999999966
S28G,0.25697500000000034
S28F,0.5769185000000019
S28A,0.5229485000000001
S28D,0.6661679999999993
S28C,0.4851715000000011
S28I,0.3845415000000003
S28E,0.49098500000000017
S28K,0.36034550000000026
S28L,0.36676650000000016
S28M,0.2167479999999998
S28W,0.5981859999999999
S28V,0.32600000000000023
S28T,0.2723095000000001
S28Y,0.44693849999999935
S28Q,0.3519795000000007
S28P,0.3003125000000005
S28N,0.24991600000000017
S28R,0.3940390000000007
S29M,0.2167479999999998
S29V,0.32600000000000023
S29T,0.2723095000000001
S29R,0.3940390000000007
S29Q,0.3519795000000007
S29P,0.3003125000000005
S29N,0.24991600000000017
S29L,0.36676650000000016
S29F,0.5769185000000019
S29I,0.3845415000000003
S29H,0.24792349999999966
S29G,0.25697500000000034
S29W,0.5981859999999999
S29E,0.49098500000000017
S29D,0.6661679999999993
S29C,0.4851715000000011
S29A,0.5229485000000001
S29K,0.36034550000000026
S29Y,0.44693849999999935
R30D,0.6661679999999993
R30W,0.5957389999999999
R30Y,0.4444914999999993
R30C,0.4851715000000011
R30E,0.49098500000000017
R30F,0.5769185000000019
R30G,0.25697500000000034
R30I,0.3845415000000003
R30K,0.36034550000000026
R30L,0.36676650000000016
R30H,0.24792349999999966
R30N,0.24991600000000017
R30A,0.5229485000000001
R30P,0.3003125000000005
R30Q,0.3519795000000007
R30S,0.4363989999999995
R30T,0.2723095000000001
R30V,0.32600000000000023
R30M,0.2168259999999998
C31P,0.5091719999999994
C31W,0.33062649999999943
C31V,0.389049
C31T,0.40945300000000023
C31S,0.2577495000000003
C31R,0.25956850000000015
C31Q,0.3575185000000004
C31N,0.21488449999999987
C31E,0.2369929999999998
C31L,0.21685149999999997
C31K,0.2777135
C31I,0.327865500000001
C31H,0.2704534999999997
C31G,0.5123679999999997
C31F,0.2853164999999998
C31D,0.3639845
C31A,0.3908315000000001
C31M,0.1409605000000001
C31Y,0.3891084999999997
S32W,0.5981859999999999
S32Y,0.44693849999999935
S32I,0.3845415000000003
S32R,0.3940390000000007
S32Q,0.3519795000000007
S32P,0.3003125000000005
S32N,0.24991600000000017
S32M,0.2167479999999998
S32L,0.36676650000000016
S32K,0.36034550000000026
S32T,0.2723095000000001
S32H,0.24792349999999966
S32F,0.5769185000000019
S32E,0.49098500000000017
S32D,0.6661679999999993
S32C,0.4851715000000011
S32A,0.5229485000000001
S32G,0.25697500000000034
S32V,0.32600000000000023
T33W,0.7137365000000004
T33A,0.45651599999999976
T33Y,0.5617835
T33C,0.4703075000000008
T33R,0.38475449999999994
T33Q,0.42105700000000057
T33P,0.3643950000000002
T33M,0.23136749999999962
T33L,0.40967949999999936
T33K,0.4014365000000002
T33N,0.28670149999999983
T33I,0.36523100000000036
T33H,0.35604650000000065
T33G,0.35345100000000085
T33F,0.7026705000000011
T33E,0.49174899999999977
T33D,0.6333014999999994
T33V,0.4032960000000003
T33S,0.4023579999999992
P34K,0.36034550000000026
P34D,0.6661679999999993
P34E,0.49098500000000017
P34F,0.5769185000000019
P34G,0.25697500000000034
P34H,0.24792349999999966
P34I,0.3845415000000003
P34T,0.2723095000000001
P34M,0.2168259999999998
P34N,0.24991600000000017
P34Q,0.3519795000000007
P34R,0.3940390000000007
P34S,0.4363989999999995
P34A,0.5229485000000001
P34W,0.5957389999999999
P34V,0.32600000000000023
P34C,0.4851715000000011
P34L,0.36676650000000016
P34Y,0.4444914999999993
G35K,0.30495349999999993
G35C,0.3345894999999996
G35Y,0.3611709999999995
G35A,0.32298299999999985
G35W,0.39418949999999975
G35V,0.2910129999999997
G35T,0.3076754999999997
G35S,0.20802200000000004
G35Q,0.3571685000000005
G35P,0.42255749999999936
G35R,0.2564325
G35M,0.1802525000000003
G35L,0.24019900000000013
G35I,0.39137800000000106
G35H,0.23791749999999967
G35F,0.2828690000000001
G35E,0.22967449999999992
G35D,0.26679399999999975
G35N,0.228632
L36K,0.3378350000000003
L36S,0.13743300000000006
L36R,0.22735650000000013
L36Q,0.3633600000000006
L36P,0.25134150000000005
L36N,0.20768550000000022
L36M,0.20613800000000015
L36I,0.4673275000000005
L36W,0.4861904999999996
L36G,0.2617554999999999
L36F,0.3843405000000009
L36E,0.283623
L36D,0.27290749999999947
L36C,0.33834199999999937
L36A,0.3903690000000005
L36Y,0.36316249999999944
L36T,0.2811099999999995
L36H,0.2805779999999996
L36V,0.3593729999999999
D37M,0.1409605000000001
D37C,0.4056084999999996
D37A,0.3900055000000001
D37Y,0.3891084999999997
D37W,0.33062649999999943
D37V,0.389049
D37T,0.40945300000000023
D37R,0.25956850000000015
D37Q,0.3575185000000004
D37P,0.5091719999999994
D37S,0.2577495000000003
D37L,0.21685149999999997
D37K,0.2777135
D37I,0.327865500000001
D37H,0.2704534999999997
D37G,0.5123679999999997
D37F,0.2853164999999998
D37E,0.2369929999999998
D37N,0.21488449999999987
P38N,0.24991600000000017
P38W,0.5957389999999999
P38V,0.32600000000000023
P38T,0.2723095000000001
P38S,0.4363989999999995
P38R,0.3940390000000007
P38Q,0.3519795000000007
P38M,0.2168259999999998
P38C,0.4851715000000011
P38K,0.36034550000000026
P38I,0.3845415000000003
P38H,0.24792349999999966
P38G,0.25697500000000034
P38F,0.5769185000000019
P38E,0.49098500000000017
P38D,0.6661679999999993
P38L,0.36676650000000016
P38A,0.5229485000000001
P38Y,0.4444914999999993
E39G,0.49078449999999985
E39Q,0.35731200000000046
E39V,0.37353099999999984
E39T,0.39795650000000016
E39A,0.3786925000000001
E39C,0.39616349999999956
E39D,0.3557689999999999
E39F,0.2761364999999998
E39S,0.25021900000000025
E39H,0.2668654999999997
E39I,0.3257885000000009
E39K,0.27954749999999995
E39L,0.21864299999999992
E39M,0.1466850000000001
E39N,0.21768799999999988
E39P,0.48710599999999943
E39W,0.3321629999999995
E39Y,0.3845279999999997
E39R,0.2608315000000001
R40Y,0.4444914999999993
R40M,0.2168259999999998
R40L,0.36676650000000016
R40K,0.36034550000000026
R40I,0.3845415000000003
R40H,0.24792349999999966
R40G,0.25697500000000034
R40Q,0.3519795000000007
R40N,0.24991600000000017
R40S,0.4363989999999995
R40E,0.49098500000000017
R40D,0.6661679999999993
R40C,0.4851715000000011
R40W,0.5957389999999999
R40A,0.5229485000000001
R40T,0.2723095000000001
R40V,0.32600000000000023
R40F,0.5769185000000019
R40P,0.3003125000000005
H41W,0.39806849999999977
H41V,0.2902924999999997
H41R,0.25867799999999996
H41S,0.21083400000000002
H41Y,0.3630244999999994
H41Q,0.3587790000000004
H41P,0.4283009999999994
H41N,0.23026000000000002
H41M,0.17886000000000027
H41L,0.23921150000000016
H41K,0.3056669999999999
H41I,0.393583000000001
H41F,0.2817290000000001
H41E,0.22357649999999993
H41D,0.2592154999999998
H41C,0.33219099999999946
H41A,0.3151949999999998
H41T,0.3105924999999997
H41G,0.2554674999999998
E42H,0.2668654999999997
E42Y,0.3845279999999997
E42A,0.3786925000000001
E42C,0.39616349999999956
E42D,0.3557689999999999
E42F,0.2761364999999998
E42I,0.3257885000000009
E42K,0.27954749999999995
E42L,0.21864299999999992
E42M,0.1466850000000001
E42G,0.49078449999999985
E42P,0.48710599999999943
E42Q,0.35731200000000046
E42R,0.2608315000000001
E42S,0.25021900000000025
E42T,0.39795650000000016
E42V,0.37353099999999984
E42W,0.3321629999999995
E42N,0.21768799999999988
R43M,0.2168259999999998
R43N,0.24991600000000017
R43P,0.3003125000000005
R43V,0.32600000000000023
R43S,0.4363989999999995
R43T,0.2723095000000001
R43L,0.36676650000000016
R43Q,0.3519795000000007
R43K,0.36034550000000026
R43A,0.5229485000000001
R43H,0.24792349999999966
R43G,0.25697500000000034
R43F,0.5769185000000019
R43E,0.49098500000000017
R43D,0.6661679999999993
R43C,0.4851715000000011
R43W,0.5957389999999999
R43I,0.3845415000000003
R43Y,0.4444914999999993
L44A,0.3903690000000005
L44E,0.283623
L44V,0.3593729999999999
L44G,0.261007
L44H,0.2805779999999996
L44I,0.46814800000000045
L44K,0.3383630000000003
L44M,0.20531850000000015
L44N,0.20768550000000022
L44P,0.25134150000000005
L44D,0.27290749999999947
L44Q,0.3633600000000006
L44S,0.13743300000000006
L44T,0.2811099999999995
L44W,0.4863939999999996
L44Y,0.3635694999999995
L44C,0.33834199999999937
L44R,0.22735650000000013
L44F,0.3843405000000009
R45Y,0.44489849999999925
R45W,0.5959424999999999
R45V,0.32600000000000023
R45A,0.5250615000000001
R45Q,0.3519795000000007
R45S,0.4363989999999995
R45P,0.3003125000000005
R45N,0.24991600000000017
R45M,0.21570849999999978
R45L,0.3652435000000002
R45K,0.3611375000000002
R45T,0.27159650000000013
R45H,0.24792349999999966
R45G,0.2559820000000003
R45F,0.5782020000000019
R45E,0.49158300000000016
R45D,0.6661679999999993
R45C,0.4851715000000011
R45I,0.38536200000000037
E46R,0.2608120000000001
E46A,0.38272850000000014
E46Y,0.38488499999999964
E46W,0.33236649999999945
E46V,0.3743819999999998
E46T,0.39795650000000016
E46S,0.24881100000000025
E46Q,0.35731200000000046
E46M,0.14509850000000013
E46N,0.21768799999999988
E46P,0.4872649999999994
E46F,0.2774199999999998
E46G,0.4898829999999998
E46H,0.2663369999999997
E46D,0.35458199999999984
E46K,0.27886049999999996
E46L,0.216725
E46C,0.39808649999999957
E46I,0.3257885000000009
K47W,0.4853559999999996
K47M,0.20359750000000015
K47Y,0.3621084999999995
K47S,0.13557400000000008
K47R,0.2272690000000001
K47Q,0.3622555000000006
K47P,0.26623749999999996
K47N,0.20727650000000022
K47L,0.3155745000000001
K47V,0.35658649999999986
K47H,0.27916949999999957
K47G,0.2593734999999999
K47F,0.3878640000000009
K47E,0.2825145
K47D,0.26648549999999943
K47C,0.33931199999999934
K47A,0.3954905000000006
K47T,0.2809189999999996
K47I,0.4642925000000006
R49Q,0.3519795000000007
R49S,0.4363989999999995
R49Y,0.44489849999999925
R49V,0.32600000000000023
R49W,0.5959424999999999
R49P,0.3003125000000005
R49T,0.27159650000000013
R49N,0.24991600000000017
R49I,0.38536200000000037
R49L,0.3652435000000002
R49K,0.3611375000000002
R49G,0.2559820000000003
R49F,0.5782020000000019
R49E,0.49158300000000016
R49D,0.6661679999999993
R49C,0.4851715000000011
R49A,0.5250615000000001
R49M,0.21570849999999978
R49H,0.24792349999999966
R50A,0.5250615000000001
R50Y,0.44489849999999925
R50C,0.4851715000000011
R50D,0.6661679999999993
R50E,0.49158300000000016
R50G,0.2559820000000003
R50H,0.24792349999999966
R50I,0.38536200000000037
R50K,0.3611375000000002
R50F,0.5782020000000019
R50M,0.21570849999999978
R50V,0.32600000000000023
R50L,0.3652435000000002
R50T,0.27159650000000013
R50S,0.4363989999999995
R50W,0.5959424999999999
R50Q,0.3519795000000007
R50P,0.3003125000000005
R50N,0.24991600000000017
R51A,0.5250615000000001
R51C,0.4851715000000011
R51E,0.49158300000000016
R51F,0.5782020000000019
R51G,0.2559820000000003
R51H,0.24792349999999966
R51I,0.38536200000000037
R51K,0.3611375000000002
R51M,0.21570849999999978
R51D,0.6661679999999993
R51L,0.3652435000000002
R51Q,0.3519795000000007
R51P,0.3003125000000005
R51Y,0.44489849999999925
R51W,0.5959424999999999
R51N,0.24991600000000017
R51T,0.27159650000000013
R51S,0.4363989999999995
R51V,0.32600000000000023
L52A,0.3986310000000006
L52C,0.3402649999999994
L52D,0.26934649999999943
L52E,0.2842795
L52F,0.3894745000000009
L52G,0.26009799999999994
L52H,0.2795209999999996
L52K,0.3347180000000002
L52M,0.20451500000000017
L52P,0.25197749999999997
L52R,0.2272980000000001
L52S,0.13532100000000008
L52T,0.2811099999999995
L52V,0.3602239999999999
L52W,0.48848849999999955
L52Y,0.3634694999999995
L52N,0.20768550000000022
L52Q,0.3633600000000006
L52I,0.4678050000000005
E53R,0.2608120000000001
E53Y,0.38488499999999964
E53W,0.33236649999999945
E53T,0.39795650000000016
E53S,0.24881100000000025
E53A,0.38272850000000014
E53C,0.39808649999999957
E53D,0.35458199999999984
E53F,0.2774199999999998
E53V,0.3743819999999998
E53Q,0.35731200000000046
E53H,0.2663369999999997
E53I,0.3257885000000009
E53K,0.27886049999999996
E53G,0.4898829999999998
E53L,0.216725
E53M,0.14509850000000013
E53P,0.4872649999999994
E53N,0.21768799999999988
S54L,0.3652435000000002
S54M,0.21563049999999978
S54P,0.3003125000000005
S54K,0.3611375000000002
S54Q,0.3519795000000007
S54R,0.3940390000000007
S54N,0.24991600000000017
S54I,0.38536200000000037
S54D,0.6661679999999993
S54G,0.2559820000000003
S54F,0.5782020000000019
S54E,0.49158300000000016
S54W,0.5983894999999999
S54Y,0.4473454999999993
S54T,0.27159650000000013
S54A,0.5250615000000001
S54C,0.4851715000000011
S54H,0.24792349999999966
S54V,0.32600000000000023
G55C,0.3365124999999996
G55A,0.3270189999999999
G55D,0.2648104999999998
G55E,0.22997349999999991
G55F,0.2867195000000001
G55H,0.23738899999999966
G55I,0.39198550000000104
G55K,0.3036589999999999
G55L,0.23797900000000008
G55M,0.17943300000000026
G55N,0.228632
G55P,0.4227164999999993
G55Q,0.3571685000000005
G55R,0.25639349999999994
G55S,0.20591
G55T,0.3076754999999997
G55V,0.2918639999999997
G55W,0.3964874999999997
G55Y,0.3615279999999995
D56V,0.389049
D56S,0.2563415000000003
D56R,0.25956850000000015
D56Q,0.3575185000000004
D56P,0.5093309999999994
D56N,0.21488449999999987
D56M,0.13937400000000008
D56L,0.21493350000000003
D56K,0.277634
D56H,0.2699249999999997
D56G,0.5114664999999997
D56F,0.2865999999999998
D56E,0.2369929999999998
D56C,0.4075314999999996
D56A,0.3940415000000001
D56I,0.327865500000001
D56T,0.40945300000000023
D56Y,0.38946549999999974
D56W,0.3308299999999994
K57Y,0.3621084999999995
K57W,0.4853559999999996
K57V,0.35658649999999986
K57T,0.2809189999999996
K57S,0.13557400000000008
K57Q,0.3622555000000006
K57P,0.2696845
K57N,0.2073620000000002
K57M,0.2020110000000002
K57R,0.2272690000000001
K57I,0.4642925000000006
K57L,0.3141745000000001
K57C,0.34055799999999936
K57D,0.26648549999999943
K57E,0.2809405
K57A,0.3954905000000006
K57G,0.2593734999999999
K57H,0.27916949999999957
K57F,0.3878640000000009
W58P,0.3643950000000002
W58A,0.45651599999999976
W58Y,0.5621904999999999
W58V,0.4032960000000003
W58T,0.3377759999999999
W58S,0.4023579999999992
W58R,0.38475449999999994
W58Q,0.42105700000000057
W58N,0.28670149999999983
W58C,0.4703075000000008
W58L,0.40967949999999936
W58K,0.4014365000000002
W58I,0.36523100000000036
W58H,0.35604650000000065
W58G,0.35345100000000085
W58F,0.7026705000000011
W58E,0.49174899999999977
W58D,0.6333014999999994
W58M,0.23136749999999962
F59Y,0.36791949999999957
F59T,0.335064
F59V,0.3043304999999996
F59A,0.33259149999999993
F59C,0.3483929999999995
F59D,0.28383599999999976
F59E,0.2210169999999999
F59G,0.31954899999999975
F59H,0.22361949999999975
F59I,0.36444450000000095
F59K,0.2977304999999999
F59L,0.22601700000000016
F59M,0.16846100000000017
F59N,0.2203885
F59P,0.45446499999999945
F59Q,0.3480035000000006
F59R,0.26448599999999994
F59W,0.36494149999999975
F59S,0.23083499999999987
S60V,0.32600000000000023
S60Y,0.4473454999999993
S60C,0.4851715000000011
S60E,0.4907960000000001
S60F,0.5782020000000019
S60G,0.2559820000000003
S60H,0.24792349999999966
S60I,0.38536200000000037
S60K,0.3611375000000002
S60L,0.3638435000000002
S60M,0.2140439999999998
S60N,0.24991600000000017
S60P,0.3037595000000005
S60Q,0.3519795000000007
S60R,0.3940390000000007
S60T,0.27159650000000013
S60W,0.5983894999999999
S60A,0.5250615000000001
S60D,0.6661679999999993
L61F,0.3894745000000009
L61C,0.34151099999999934
L61E,0.2827055
L61G,0.26009799999999994
L61H,0.2795209999999996
L61I,0.4678050000000005
L61A,0.3986310000000006
L61M,0.20292850000000018
L61N,0.20777100000000023
L61K,0.3347180000000002
L61Q,0.3633600000000006
L61D,0.26934649999999943
L61R,0.2272980000000001
L61S,0.13532100000000008
L61T,0.2811099999999995
L61V,0.3602239999999999
L61W,0.48848849999999955
L61Y,0.3634694999999995
L61P,0.2554245
E62N,0.21777349999999987
E62H,0.2663369999999997
E62I,0.3257885000000009
E62K,0.27886049999999996
E62L,0.21532500000000002
E62M,0.14351200000000014
E62C,0.3993324999999996
E62D,0.35458199999999984
E62R,0.2608120000000001
E62S,0.24881100000000025
E62T,0.39795650000000016
E62V,0.3743819999999998
E62W,0.33236649999999945
E62G,0.4898829999999998
E62Q,0.35731200000000046
E62A,0.38272850000000014
E62P,0.4907119999999994
E62F,0.2774199999999998
E62Y,0.38488499999999964
F63S,0.23083499999999987
F63K,0.2977304999999999
F63I,0.36444450000000095
F63H,0.22361949999999975
F63G,0.31954899999999975
F63E,0.2210169999999999
F63D,0.28383599999999976
F63C,0.3483929999999995
F63M,0.16846100000000017
F63N,0.2203885
F63P,0.45446499999999945
F63Q,0.3480035000000006
F63R,0.26448599999999994
F63T,0.335064
F63V,0.3043304999999996
F63W,0.36494149999999975
F63Y,0.36791949999999957
F63A,0.33259149999999993
F63L,0.22601700000000016
F64I,0.36444450000000095
F64A,0.33259149999999993
F64D,0.28383599999999976
F64H,0.22361949999999975
F64E,0.2210169999999999
F64V,0.3043304999999996
F64T,0.335064
F64S,0.23083499999999987
F64R,0.26448599999999994
F64Q,0.3476965000000006
F64P,0.45795949999999946
F64C,0.3483929999999995
F64N,0.2203885
F64L,0.22601700000000016
F64G,0.31954899999999975
F64K,0.2977304999999999
F64Y,0.36791949999999957
F64M,0.16846100000000017
F64W,0.36494149999999975
P65E,0.4907960000000001
P65D,0.6661679999999993
P65F,0.5782020000000019
P65H,0.24792349999999966
P65I,0.38536200000000037
P65K,0.3611375000000002
P65L,0.3638435000000002
P65M,0.21412199999999978
P65N,0.24991600000000017
P65Q,0.3519795000000007
P65R,0.3940390000000007
P65S,0.4363989999999995
P65T,0.27159650000000013
P65W,0.5959424999999999
P65Y,0.44489849999999925
P65G,0.2559820000000003
P65V,0.32600000000000023
P65C,0.4851715000000011
P65A,0.5250615000000001
P66C,0.4851715000000011
P66Y,0.44489849999999925
P66W,0.5959424999999999
P66V,0.32600000000000023
P66T,0.27159650000000013
P66R,0.3940390000000007
P66Q,0.3519795000000007
P66N,0.24991600000000017
P66S,0.4363989999999995
P66L,0.3638435000000002
P66D,0.6661679999999993
P66M,0.21412199999999978
P66E,0.4907960000000001
P66F,0.5782020000000019
P66A,0.5250615000000001
P66H,0.24792349999999966
P66I,0.38536200000000037
P66K,0.3611375000000002
P66G,0.2559820000000003
R67K,0.3611375000000002
R67A,0.5250615000000001
R67E,0.4907960000000001
R67F,0.5782020000000019
R67G,0.2559820000000003
R67H,0.24792349999999966
R67I,0.38536200000000037
R67D,0.6661679999999993
R67L,0.3638435000000002
R67N,0.24991600000000017
R67M,0.21412199999999978
R67Y,0.44489849999999925
R67W,0.5959424999999999
R67V,0.32600000000000023
R67C,0.4851715000000011
R67S,0.4363989999999995
R67Q,0.3519795000000007
R67P,0.3037595000000005
R67T,0.27159650000000013
T68I,0.3420985000000001
T68C,0.48429400000000095
T68D,0.6745734999999994
T68E,0.5102399999999998
T68F,0.7409140000000007
T68G,0.3593630000000008
T68H,0.3453645000000005
T68K,0.3904530000000001
T68Q,0.43699800000000016
T68M,0.20629949999999952
T68N,0.3203714999999998
T68P,0.39258299999999996
T68R,0.41828499999999985
T68S,0.45283049999999875
T68V,0.4116085000000003
T68W,0.7609860000000002
T68Y,0.5605994999999998
T68L,0.40289749999999935
T68A,0.48032099999999944
A69E,0.23777249999999991
A69D,0.38039949999999983
A69Y,0.39420849999999996
A69W,0.35265499999999955
A69V,0.41868799999999995
A69S,0.3246445000000002
A69R,0.3183780000000001
A69Q,0.4072189999999995
A69P,0.6498434999999997
A69N,0.30783099999999936
A69M,0.10796650000000005
A69L,0.16173000000000023
A69K,0.22779200000000008
A69I,0.26624900000000074
A69H,0.2207879999999998
A69G,0.5443714999999993
A69F,0.3063724999999996
A69T,0.48574450000000075
A69C,0.42517349999999937
E70S,0.31704800000000005
E70R,0.3203345000000001
E70W,0.3534954999999996
E70A,0.45238699999999993
E70Y,0.3889319999999998
E70D,0.368581
E70F,0.29719249999999964
E70G,0.5227879999999994
E70H,0.21719999999999984
E70C,0.4133074999999994
E70K,0.22901850000000007
E70L,0.1635215000000002
E70M,0.11369100000000003
E70N,0.31073599999999935
E70P,0.6319889999999996
E70Q,0.4072024999999995
E70V,0.40402099999999974
E70I,0.2641720000000007
E70T,0.4741820000000007
G71Q,0.4203674999999994
G71R,0.3325969999999998
G71S,0.2697669999999995
G71Y,0.3547554999999997
G71V,0.3015119999999997
G71W,0.4325144999999997
G71P,0.5659274999999995
G71T,0.3689395
G71N,0.3319259999999993
G71F,0.32162650000000015
G71L,0.1844275
G71K,0.25244449999999985
G71I,0.34479050000000055
G71H,0.18090850000000003
G71E,0.23933750000000006
G71D,0.2634440000000001
G71C,0.33953599999999995
G71A,0.4104135000000004
G71M,0.14919350000000003
A72Q,0.4072189999999995
A72R,0.3183780000000001
A72S,0.3246445000000002
A72P,0.6498434999999997
A72V,0.41868799999999995
A72W,0.35265499999999955
A72Y,0.39420849999999996
A72T,0.48574450000000075
A72N,0.30783099999999936
A72C,0.42517349999999937
A72L,0.16173000000000023
A72K,0.22779200000000008
A72I,0.26624900000000074
A72H,0.2207879999999998
A72G,0.5443714999999993
A72F,0.3063724999999996
A72E,0.23777249999999991
A72D,0.38039949999999983
A72M,0.10796650000000005
V73Q,0.43699800000000016
V73P,0.39595349999999996
V73N,0.3203714999999998
V73M,0.20629949999999952
V73L,0.40321149999999933
V73K,0.3904530000000001
V73F,0.7409140000000007
V73H,0.3453645000000005
V73G,0.3593630000000008
V73R,0.41828499999999985
V73E,0.5102399999999998
V73D,0.6745734999999994
V73C,0.48429400000000095
V73A,0.48032099999999944
V73I,0.3412945000000001
V73S,0.4526984999999987
V73Y,0.5605994999999998
V73W,0.7609860000000002
V73T,0.3483955
N74T,0.2698789999999996
N74S,0.21439250000000018
N74Y,0.3679209999999999
N74R,0.28996700000000053
N74Q,0.4014940000000001
N74P,0.2836099999999998
N74M,0.1942180000000003
N74L,0.3272160000000004
N74I,0.4591200000000007
N74H,0.24485599999999963
N74A,0.46648300000000076
N74G,0.24648900000000024
N74F,0.42847700000000083
N74E,0.3271724999999999
N74D,0.3484279999999997
N74K,0.33041350000000014
N74C,0.3710169999999994
N74W,0.5209029999999997
N74V,0.3415440000000002
L75D,0.2683314999999998
L75E,0.3054120000000004
L75F,0.44920400000000016
L75G,0.2528714999999997
L75H,0.20295099999999994
L75I,0.407311
L75K,0.2689169999999999
L75M,0.17248650000000026
L75N,0.34969099999999886
L75P,0.36653349999999885
L75Q,0.45187349999999893
L75R,0.3096500000000004
L75S,0.1890910000000002
L75T,0.34639299999999973
L75V,0.37836649999999933
L75A,0.5292665000000002
L75W,0.5695659999999994
L75C,0.33195599999999986
L75Y,0.34571899999999967
I76C,0.3371374999999998
I76Y,0.3553814999999997
I76W,0.4363934999999997
I76V,0.2996949999999997
I76T,0.3718565
I76D,0.2558655000000002
I76R,0.3348424999999999
I76Q,0.42197799999999946
I76P,0.5687229999999995
I76S,0.27257899999999946
I76M,0.14827000000000004
I76N,0.33214449999999923
I76F,0.3204865000000001
I76A,0.4032410000000003
I76E,0.23323950000000007
I76H,0.18458449999999996
I76K,0.2531579999999999
I76L,0.18344000000000002
I76G,0.24522449999999957
S77Y,0.4411409999999992
S77W,0.6551924999999998
S77V,0.33269650000000034
S77T,0.2830770000000005
S77R,0.46160300000000065
S77Q,0.37389250000000024
S77P,0.35393400000000014
S77N,0.3172935000000002
S77M,0.19059049999999972
S77K,0.3395005000000003
S77I,0.3378824999999999
S77H,0.19870349999999995
S77G,0.2409190000000004
S77F,0.6239630000000019
S77E,0.5278245000000004
S77D,0.7330994999999993
S77C,0.5098745000000011
S77A,0.5866899999999996
S77L,0.35375200000000023
R78A,0.5888454999999997
R78C,0.509631500000001
R78D,0.7282904999999994
R78E,0.5274440000000004
R78F,0.6239630000000019
R78G,0.2399455000000004
R78Y,0.43995249999999914
R78I,0.3375289999999999
R78V,0.33269650000000034
R78H,0.19834999999999994
R78T,0.2830770000000005
R78S,0.5210454999999989
R78W,0.6528155
R78K,0.3395005000000003
R78P,0.35463200000000006
R78N,0.3172935000000002
R78M,0.1906684999999997
R78L,0.35375200000000023
R78Q,0.37389250000000024
F79D,0.2917295000000001
F79E,0.2231379999999999
F79G,0.3357369999999996
F79H,0.16751850000000024
F79I,0.3045175000000005
F79K,0.24827899999999992
F79L,0.170694
F79N,0.3196689999999993
F79P,0.6073954999999998
F79Q,0.40907399999999955
F79S,0.30239799999999945
F79T,0.4043610000000004
F79V,0.31837199999999954
F79W,0.38756349999999967
F79M,0.13611550000000006
F79R,0.3346029999999998
F79C,0.35851499999999975
F79A,0.4096245000000003
F79Y,0.3651324999999997
D80Y,0.39420849999999996
D80C,0.42296249999999935
D80E,0.23777249999999991
D80F,0.3063724999999996
D80G,0.5443714999999993
D80H,0.2207879999999998
D80I,0.26624900000000074
D80K,0.22779200000000008
D80L,0.16173000000000023
D80N,0.30783099999999936
D80P,0.6498434999999997
D80Q,0.4072189999999995
D80R,0.3183780000000001
D80S,0.3246445000000002
D80T,0.48574450000000075
D80V,0.41868799999999995
D80W,0.35265499999999955
D80M,0.10796650000000005
D80A,0.46390999999999993
R81I,0.3375289999999999
R81W,0.6528155
R81A,0.5888454999999997
R81C,0.509631500000001
R81D,0.7293814999999993
R81E,0.5266560000000003
R81F,0.6239630000000019
R81G,0.2399455000000004
R81H,0.19834999999999994
R81K,0.3395005000000003
R81Y,0.43995249999999914
R81M,0.1906684999999997
R81N,0.31917450000000014
R81P,0.35463200000000006
R81Q,0.37389250000000024
R81S,0.5210454999999989
R81T,0.2830770000000005
R81V,0.33269650000000034
R81L,0.35375200000000023
M82A,0.46243000000000056
M82C,0.35564749999999956
M82D,0.3156689999999996
M82E,0.31283050000000007
M82G,0.25266550000000004
M82H,0.24815149999999972
M82I,0.4674365000000006
M82K,0.3247375000000001
M82F,0.4175625000000009
M82N,0.23756099999999983
M82V,0.34333500000000017
M82T,0.2849899999999996
M82S,0.1821725000000001
M82W,0.5018249999999997
M82R,0.2781505000000004
M82Q,0.4036975
M82P,0.29019849999999975
M82Y,0.3582644999999998
M82L,0.3187745000000003
A83Y,0.3946294999999999
A83Q,0.40557699999999947
A83W,0.3490474999999995
A83V,0.41949299999999995
A83T,0.4896150000000008
A83S,0.32610400000000017
A83R,0.3196195000000001
A83P,0.6540074999999997
A83M,0.10865900000000007
A83N,0.31334649999999925
A83C,0.42572699999999936
A83D,0.38134849999999987
A83F,0.3052019999999996
A83E,0.2369159999999999
A83H,0.2207879999999998
A83I,0.26624900000000074
A83K,0.22626100000000007
A83L,0.16042000000000023
A83G,0.5443714999999993
A84C,0.42572699999999936
A84D,0.38134849999999987
A84E,0.2369159999999999
A84F,0.3052019999999996
A84G,0.5443714999999993
A84H,0.2207879999999998
A84I,0.26624900000000074
A84K,0.22626100000000007
A84L,0.16042000000000023
A84N,0.31334649999999925
A84Y,0.3946294999999999
A84W,0.3490474999999995
A84V,0.41949299999999995
A84T,0.4896150000000008
A84M,0.10865900000000007
A84R,0.3196195000000001
A84Q,0.40557699999999947
A84P,0.6540074999999997
A84S,0.32610400000000017
G85N,0.3380534999999992
G85Y,0.3551764999999997
G85W,0.42890699999999965
G85V,0.3007319999999997
G85T,0.371225
G85S,0.2712264999999995
G85R,0.3338384999999998
G85P,0.5700914999999995
G85M,0.14988600000000002
G85Q,0.4187254999999995
G85K,0.25091349999999984
G85I,0.34479050000000055
G85H,0.18090850000000003
G85F,0.3204560000000001
G85E,0.23833550000000006
G85D,0.2645350000000001
G85C,0.34008949999999993
G85L,0.1828155
G85A,0.4104135000000004
G86E,0.23833550000000006
G86F,0.3204560000000001
G86H,0.18090850000000003
G86I,0.34479050000000055
G86K,0.25091349999999984
G86L,0.1828155
G86N,0.3380534999999992
G86S,0.2712264999999995
G86Q,0.4187254999999995
G86R,0.3338384999999998
G86T,0.371225
G86V,0.3007319999999997
G86W,0.42890699999999965
G86Y,0.3551764999999997
G86D,0.2645350000000001
G86P,0.5700914999999995
G86C,0.34008949999999993
G86M,0.14988600000000002
G86A,0.4104135000000004
I90Y,0.3843724999999999
I90A,0.39923100000000034
I90C,0.3415924999999998
I90D,0.2533100000000001
I90E,0.22010000000000016
I90G,0.2767939999999994
I90H,0.1990334999999998
I90K,0.2472974999999998
I90L,0.17554099999999995
I90M,0.14416549999999997
I90N,0.3423044999999992
I90P,0.6106839999999997
I90Q,0.4394584999999992
I90R,0.32735499999999973
I90S,0.26345399999999947
I90T,0.4130274999999999
I90V,0.3201204999999995
I90W,0.4432279999999998
I90F,0.3286874999999999
D91L,0.15925450000000022
D91T,0.5277385000000009
D91V,0.44160399999999994
D91S,0.32086300000000023
D91R,0.309187
D91Q,0.41960549999999935
D91P,0.6913544999999999
D91N,0.31596949999999924
D91M,0.10351200000000002
D91K,0.22570150000000008
D91I,0.2595210000000007
D91H,0.23325149999999983
D91G,0.5826789999999992
D91F,0.31418899999999944
D91E,0.22880349999999994
D91C,0.4333834999999992
D91A,0.4610804999999999
D91W,0.3550204999999995
D91Y,0.42957750000000033
V92W,0.8101569999999998
V92Y,0.6217670000000005
V92S,0.3675804999999989
V92R,0.36039299999999963
V92Q,0.49303650000000104
V92P,0.4361539999999999
V92T,0.41934249999999873
V92M,0.2167509999999994
V92L,0.45164249999999895
V92K,0.4394755000000005
V92N,0.3202834999999996
V92H,0.4464090000000003
V92G,0.4389080000000009
V92F,0.7820630000000018
V92E,0.48604449999999927
V92D,0.6091674999999992
V92C,0.4553195000000004
V92A,0.39789999999999937
V92I,0.34863600000000006
T93N,0.3202834999999996
T93P,0.4361539999999999
T93Q,0.49303650000000104
T93W,0.8101569999999998
T93S,0.3675804999999989
T93V,0.48861750000000065
T93M,0.2167509999999994
T93R,0.36039299999999963
T93L,0.45164249999999895
T93Y,0.6217670000000005
T93I,0.34863600000000006
T93A,0.39789999999999937
T93C,0.4553195000000004
T93D,0.6091674999999992
T93K,0.4394755000000005
T93F,0.7820630000000018
T93G,0.4389080000000009
T93H,0.4464090000000003
T93E,0.48604449999999927
W94C,0.4553195000000004
W94D,0.6091674999999992
W94E,0.48604449999999927
W94F,0.7820630000000018
W94G,0.4389080000000009
W94H,0.4464090000000003
W94I,0.34863600000000006
W94L,0.45164249999999895
W94M,0.2167509999999994
W94N,0.3202834999999996
W94A,0.39789999999999937
W94Q,0.49303650000000104
W94R,0.36039299999999963
W94S,0.3675804999999989
W94T,0.41934249999999873
W94K,0.4394755000000005
W94P,0.4361539999999999
W94Y,0.6217670000000005
W94V,0.48861750000000065
H95I,0.33921550000000056
H95W,0.4437604999999998
H95R,0.32735499999999973
H95Q,0.43896249999999926
H95P,0.6132294999999996
H95N,0.34484999999999916
H95M,0.14369649999999998
H95L,0.17554099999999995
H95K,0.2472974999999998
H95S,0.2630359999999995
H95Y,0.3861854999999999
H95G,0.2881089999999992
H95F,0.3286874999999999
H95E,0.22010000000000016
H95V,0.3212169999999994
H95D,0.2533100000000001
H95C,0.3415924999999998
H95A,0.39861550000000034
H95T,0.4130274999999999
P96Y,0.4967084999999998
P96A,0.5068554999999996
P96D,0.6491974999999992
P96E,0.48922399999999977
P96F,0.6588445000000013
P96G,0.32923600000000064
P96H,0.29532649999999994
P96I,0.35163249999999985
P96K,0.3709135000000004
P96M,0.20185099999999964
P96N,0.3254649999999997
P96Q,0.4451549999999999
P96S,0.41747849999999886
P96T,0.3597434999999999
P96V,0.413433
P96W,0.707544
P96C,0.4677810000000006
P96R,0.39438300000000015
P96L,0.3859314999999996
A97N,0.31596949999999924
A97V,0.44160399999999994
A97T,0.5277385000000009
A97S,0.32065400000000016
A97R,0.309187
A97Q,0.41910949999999936
A97P,0.6913544999999999
A97M,0.10351200000000002
A97L,0.15925450000000022
A97K,0.22570150000000008
A97I,0.2595210000000007
A97H,0.23325149999999983
A97G,0.5826789999999992
A97F,0.31418899999999944
A97E,0.22880349999999994
A97D,0.3831159999999998
A97W,0.3550204999999995
A97Y,0.42957750000000033
A97C,0.4355944999999992
G98C,0.3439909999999999
G98F,0.32982749999999994
G98H,0.1953574999999999
G98I,0.33701050000000055
G98K,0.2465839999999998
G98L,0.17652849999999995
G98M,0.145089
G98E,0.22619800000000012
G98N,0.3416834999999992
G98Q,0.4373519999999992
G98R,0.3251094999999997
G98S,0.2602239999999995
G98T,0.4101104999999999
G98V,0.3219374999999994
G98W,0.43988149999999976
G98P,0.6074859999999997
G98D,0.2608885
G98A,0.4064035000000004
G98Y,0.3843319999999999
D99E,0.22880349999999994
D99F,0.31418899999999944
D99G,0.5826789999999992
D99H,0.23325149999999983
D99I,0.2595210000000007
D99K,0.22570150000000008
D99L,0.15925450000000022
D99W,0.3550204999999995
D99A,0.4610804999999999
D99N,0.31596949999999924
D99P,0.6913544999999999
D99Q,0.41910949999999936
D99R,0.309187
D99S,0.32065400000000016
D99T,0.5277385000000009
D99V,0.44160399999999994
D99M,0.10351200000000002
D99C,0.4333834999999992
D99Y,0.42957750000000033
P100K,0.3709135000000004
P100D,0.6498494999999993
P100E,0.48922399999999977
P100F,0.6564470000000013
P100G,0.32923600000000064
P100H,0.29448349999999995
P100I,0.35062699999999986
P100Y,0.5003909999999998
P100L,0.3841399999999996
P100M,0.20094199999999962
P100N,0.3254649999999997
P100Q,0.4451549999999999
P100R,0.39438300000000015
P100S,0.41747849999999886
P100T,0.3597434999999999
P100V,0.412898
P100C,0.46922250000000054
P100A,0.5068554999999996
P100W,0.7066135
G101A,0.39162150000000023
G101C,0.37139299999999964
G101D,0.29372200000000026
G101E,0.17499750000000014
G101F,0.2340224999999996
G101H,0.1710715000000002
G101K,0.24459699999999995
G101L,0.14344449999999995
G101M,0.13720449999999992
G101I,0.3051600000000006
G101P,0.6992814999999998
G101N,0.33474099999999946
G101W,0.3355759999999995
G101V,0.32752749999999947
G101T,0.44090250000000064
G101Y,0.40425399999999995
G101R,0.3103684999999995
G101Q,0.37400149999999965
G101S,0.3003459999999995
S102M,0.19862199999999974
S102E,0.45343849999999947
S102F,0.6063465000000009
S102G,0.3645995000000006
S102H,0.289143
S102I,0.33755
S102K,0.36989250000000057
S102L,0.37053299999999995
S102A,0.5005409999999996
S102C,0.46384350000000046
S102P,0.4362939999999997
S102Q,0.4292775
S102R,0.3807820000000001
S102T,0.3722855
S102V,0.41123050000000005
S102W,0.6609145000000004
S102Y,0.49256199999999994
S102D,0.6340594999999991
S102N,0.3295979999999999
D103C,0.46609249999999913
D103A,0.44314099999999995
D103W,0.24843549999999975
D103E,0.17564550000000007
D103F,0.21920899999999907
D103G,0.6839194999999981
D103H,0.20779099999999992
D103I,0.21900650000000063
D103K,0.2165710000000002
D103L,0.11914250000000023
D103Y,0.4522125000000002
D103N,0.30088499999999946
D103P,0.7870095000000006
D103Q,0.35936699999999994
D103R,0.2956344999999999
D103S,0.36193900000000034
D103T,0.5614370000000013
D103V,0.4529660000000003
D103M,0.08417850000000011
K104W,0.4779179999999993
K104V,0.4108519999999992
K104T,0.4200954999999999
K104S,0.20462750000000013
K104R,0.2746334999999999
K104Q,0.4091494999999994
K104P,0.5241909999999992
K104N,0.35931249999999915
K104H,0.20385300000000003
K104L,0.24081299999999992
K104I,0.36890000000000034
K104G,0.4014289999999993
K104F,0.36293350000000013
K104E,0.23566000000000004
K104D,0.2960674999999998
K104Y,0.3919840000000002
K104A,0.5005185000000005
K104M,0.17717150000000018
K104C,0.3554169999999995
E105N,0.3044019999999995
E105P,0.7691550000000005
E105F,0.2100289999999991
E105G,0.6622319999999985
E105H,0.20409899999999992
E105I,0.21843600000000055
E105K,0.21930400000000017
E105L,0.12244050000000023
E105D,0.40854699999999966
E105M,0.09165750000000009
E105R,0.29759099999999983
E105S,0.3543425000000003
E105T,0.5498745000000013
E105V,0.4382990000000001
E105W,0.24902249999999979
E105Y,0.4466825000000002
E105Q,0.3585359999999999
E105C,0.45597999999999916
E105A,0.431618
T106Y,0.6055565000000006
T106C,0.45051400000000036
T106F,0.7312875000000011
T106G,0.45490950000000074
T106H,0.43250450000000035
T106I,0.34158800000000006
T106K,0.43032100000000056
T106L,0.43405199999999916
T106M,0.2154919999999995
T106A,0.3972614999999993
T106N,0.32578549999999956
T106D,0.5908804999999994
T106W,0.7693305000000001
T106V,0.47970850000000054
T106E,0.4565734999999993
T106R,0.3509224999999998
T106Q,0.48317000000000093
T106P,0.4571909999999996
T106S,0.3606014999999991
S107T,0.3722855
S107R,0.3807820000000001
S107Q,0.4292775
S107P,0.4362939999999997
S107N,0.3295979999999999
S107M,0.19862199999999974
S107L,0.37053299999999995
S107I,0.33755
S107H,0.289143
S107G,0.3645995000000006
S107E,0.45343849999999947
S107D,0.6340594999999991
S107C,0.46384350000000046
S107A,0.5005409999999996
S107Y,0.492957
S107K,0.36989250000000057
S107F,0.6063465000000009
S107W,0.6609145000000004
S107V,0.41123050000000005
S108D,0.6322794999999991
S108E,0.4483839999999995
S108F,0.598456500000001
S108G,0.36310700000000046
S108H,0.28864449999999997
S108I,0.3382875
S108K,0.37130750000000057
S108C,0.46252300000000046
S108A,0.49763149999999956
S108N,0.3292674999999998
S108P,0.4362939999999997
S108Q,0.42454300000000006
S108R,0.37898100000000007
S108T,0.3731085
S108V,0.41123050000000005
S108W,0.6583490000000003
S108M,0.2007509999999997
S108L,0.37205899999999986
S108Y,0.4943954999999999
M109C,0.36955999999999933
M109Y,0.40417300000000006
M109W,0.4450994999999996
M109V,0.3783789999999999
M109T,0.3583314999999998
M109R,0.25713300000000006
M109Q,0.3621355000000001
M109P,0.44651599999999936
M109N,0.2588794999999998
M109S,0.2089840000000001
M109K,0.32419400000000004
M109D,0.32981099999999974
M109L,0.2910840000000001
M109E,0.24535299999999982
M109F,0.34145050000000027
M109A,0.43723600000000046
M109H,0.24119899999999972
M109I,0.4211495000000006
M109G,0.38974499999999973
M110L,0.2910840000000001
M110W,0.4450994999999996
M110T,0.3583314999999998
M110S,0.2089840000000001
M110R,0.25713300000000006
M110Q,0.3621355000000001
M110P,0.44651599999999936
M110N,0.2588794999999998
M110V,0.3783789999999999
M110K,0.32419400000000004
M110H,0.24119899999999972
M110G,0.38974499999999973
M110F,0.34145050000000027
M110E,0.24535299999999982
M110D,0.32981099999999974
M110C,0.36955999999999933
M110A,0.43723600000000046
M110Y,0.40417300000000006
M110I,0.4211495000000006
I111P,0.7206939999999995
I111Q,0.35364100000000015
I111V,0.3172424999999995
I111S,0.31963649999999943
I111T,0.44491450000000043
I111N,0.3342819999999995
I111R,0.3144429999999994
I111M,0.1412604999999999
I111F,0.2095394999999996
I111K,0.2544785
I111H,0.1724845000000001
I111G,0.3688429999999993
I111E,0.15505950000000024
I111D,0.27927700000000033
I111C,0.3608314999999995
I111A,0.3548620000000001
I111Y,0.41618050000000006
I111L,0.14839849999999996
I111W,0.32978899999999955
S113L,0.37205899999999986
S113M,0.2007509999999997
S113D,0.6322794999999991
S113E,0.4483839999999995
S113F,0.598456500000001
S113G,0.36310700000000046
S113H,0.28864449999999997
S113I,0.3382875
S113C,0.46252300000000046
S113K,0.37130750000000057
S113A,0.49763149999999956
S113N,0.3292674999999998
S113P,0.4362939999999997
S113Q,0.42454300000000006
S113R,0.37898100000000007
S113T,0.3731085
S113Y,0.4943954999999999
S113V,0.41123050000000005
S113W,0.6583490000000003
T114D,0.5908804999999994
T114V,0.47970850000000054
T114S,0.3606014999999991
T114R,0.3509224999999998
T114Q,0.4815715000000009
T114P,0.4571909999999996
T114N,0.32578549999999956
T114C,0.45051400000000036
T114M,0.2154919999999995
T114K,0.43032100000000056
T114I,0.34158800000000006
T114H,0.43250450000000035
T114G,0.45490950000000074
T114F,0.7312875000000011
T114E,0.4565734999999993
T114L,0.43405199999999916
T114A,0.3972614999999993
T114W,0.7693305000000001
T114Y,0.6055565000000006
A115D,0.4244984999999994
A115W,0.24117599999999975
A115V,0.4568000000000004
A115T,0.5662085000000013
A115S,0.3687745000000004
A115R,0.29606249999999984
A115Q,0.348773
A115P,0.7907475000000005
A115N,0.3023929999999995
A115L,0.11794950000000023
A115K,0.2172470000000002
A115I,0.21686900000000062
A115H,0.20678299999999994
A115G,0.6860864999999982
A115F,0.21724899999999908
A115E,0.17608750000000004
A115M,0.08283800000000013
A115Y,0.4570735000000002
A115C,0.476397999999999
V116C,0.44865150000000037
V116A,0.39572949999999935
V116Y,0.6053010000000005
V116W,0.7643935000000002
V116T,0.4183254999999989
V116S,0.35968499999999914
V116R,0.3491899999999999
V116Q,0.48196000000000083
V116P,0.4593689999999995
V116D,0.5882614999999993
V116M,0.22220099999999948
V116L,0.4425454999999991
V116K,0.4385510000000004
V116I,0.3513205
V116H,0.43112550000000033
V116G,0.4540540000000008
V116F,0.729423500000001
V116E,0.4552354999999993
V116N,0.32805849999999964
N117P,0.4638659999999991
N117Q,0.3471425000000004
N117V,0.37205900000000014
N117S,0.22527300000000014
N117T,0.3453595
N117M,0.23296650000000008
N117R,0.2500119999999999
N117L,0.35142850000000025
N117G,0.42290249999999974
N117I,0.42625100000000055
N117H,0.24735599999999974
N117F,0.3164574999999997
N117E,0.23699299999999984
N117D,0.3850235
N117C,0.36590549999999944
N117W,0.43715949999999965
N117K,0.3914670000000004
N117A,0.4145905000000003
N117Y,0.4218225000000001
Y118V,0.4769030000000004
Y118W,0.7646270000000002
Y118C,0.4489120000000004
Y118D,0.5884174999999994
Y118E,0.4552354999999993
Y118F,0.7307100000000011
Y118G,0.45524550000000075
Y118H,0.43196450000000036
Y118I,0.3513205
Y118A,0.3925194999999993
Y118L,0.4425454999999991
Y118K,0.4385510000000004
Y118S,0.3605529999999991
Y118R,0.3497859999999999
Y118T,0.41916049999999894
Y118P,0.4596254999999996
Y118N,0.32805849999999964
Y118M,0.2228379999999995
Y118Q,0.4822350000000009
C119Y,0.4570735000000002
C119Q,0.34701049999999994
C119W,0.24117599999999975
C119V,0.45655150000000044
C119T,0.5662085000000013
C119S,0.3687745000000004
C119R,0.29409399999999986
C119P,0.7887050000000005
C119I,0.21606150000000057
C119L,0.11790550000000023
C119K,0.21525200000000022
C119H,0.20662999999999992
C119G,0.6816469999999981
C119F,0.21703249999999907
C119E,0.17556200000000008
C119A,0.44179249999999987
C119N,0.3002404999999995
C119D,0.4220529999999995
C119M,0.08345400000000014
G120C,0.24451499999999995
G120A,0.17647849999999982
G120D,0.2097790000000005
G120E,0.13079050000000034
G120F,0.08355199999999981
G120H,0.154205
G120K,0.2616319999999997
G120L,0.1068954999999998
G120M,0.18331350000000005
G120I,0.3053155000000001
G120P,0.6888185000000004
G120Q,0.3029830000000004
G120R,0.33883399999999925
G120S,0.3455734999999988
G120T,0.36241850000000025
G120V,0.13801600000000042
G120W,0.2621004999999996
G120N,0.33649849999999987
G120Y,0.35123049999999956
L121P,0.5482409999999992
L121Q,0.3346555
L121R,0.24383449999999945
L121V,0.29889950000000043
L121T,0.33074300000000034
L121M,0.3067464999999998
L121S,0.19975149999999992
L121K,0.43574350000000023
L121A,0.2845260000000003
L121H,0.1997299999999999
L121G,0.31220449999999933
L121F,0.20862599999999973
L121E,0.1717390000000002
L121D,0.3196005000000001
L121C,0.2691869999999998
L121W,0.4412384999999992
L121I,0.4120864999999998
L121Y,0.38519949999999986
L121N,0.3473704999999996
E122C,0.30997099999999983
E122Y,0.3889334999999998
E122A,0.2592569999999997
E122W,0.2763299999999995
E122V,0.2565074999999996
E122S,0.34510249999999965
E122R,0.31819799999999965
E122Q,0.31731450000000033
E122P,0.7220695000000005
E122T,0.4277215000000005
E122N,0.29815899999999984
E122M,0.13485849999999985
E122L,0.09575999999999998
E122K,0.21551199999999987
E122I,0.24386700000000025
E122H,0.2221909999999997
E122G,0.3977709999999995
E122F,0.1245799999999998
E122D,0.28952050000000057
T123N,0.3108404999999997
T123P,0.41413299999999986
T123Q,0.43618600000000035
T123R,0.31676600000000005
T123Y,0.5315545000000004
T123V,0.4041654999999998
T123W,0.6605750000000008
T123M,0.22750499999999949
T123S,0.3256529999999994
T123L,0.4384219999999992
T123K,0.47561500000000045
T123I,0.3761329999999997
T123H,0.40210500000000016
T123G,0.38238600000000056
T123F,0.5981030000000002
T123E,0.42031249999999937
T123D,0.5227974999999995
T123C,0.4156860000000001
T123A,0.3841009999999995
I124S,0.3377819999999989
I124R,0.3322859999999993
I124Q,0.31659250000000055
I124P,0.7175724999999998
I124N,0.350567
I124M,0.19919250000000013
I124L,0.1472259999999998
I124K,0.28614099999999976
I124E,0.10582800000000019
I124G,0.15451299999999984
I124F,0.08080649999999981
I124W,0.27819849999999957
I124D,0.20671900000000043
I124C,0.2594395
I124A,0.1637794999999998
I124V,0.20856599999999986
I124Y,0.3675434999999997
I124H,0.13924400000000003
I124T,0.36739400000000044
L125Y,0.38519949999999986
L125M,0.3067464999999998
L125S,0.19975149999999992
L125R,0.24383449999999945
L125Q,0.3346555
L125P,0.5482409999999992
L125N,0.3473704999999996
L125K,0.43574350000000023
L125I,0.4120864999999998
L125H,0.1997299999999999
L125G,0.31220449999999933
L125F,0.20862599999999973
L125E,0.1717390000000002
L125D,0.3196005000000001
L125C,0.2691869999999998
L125W,0.4412384999999992
L125T,0.33074300000000034
L125V,0.29889950000000043
L125A,0.2845260000000003
M127F,0.22248649999999975
M127D,0.32683199999999984
M127A,0.2768535000000002
M127K,0.44679850000000015
M127L,0.3744395000000002
M127N,0.294314
M127P,0.4901089999999991
M127Q,0.3246965000000001
M127R,0.22886749999999964
M127S,0.19538699999999992
M127C,0.27922199999999964
M127T,0.29977650000000006
M127V,0.2946270000000004
M127W,0.4186414999999994
M127Y,0.38433649999999986
M127E,0.1916
M127G,0.3065164999999996
M127I,0.4393540000000001
M127H,0.2248724999999999
T128W,0.6605750000000008
T128D,0.5207779999999995
T128E,0.42031249999999937
T128F,0.5981030000000002
T128G,0.38238600000000056
T128H,0.40210500000000016
T128I,0.3761329999999997
T128K,0.47561500000000045
T128L,0.4384219999999992
T128C,0.41366650000000016
T128M,0.22750499999999949
T128P,0.41413299999999986
T128Q,0.43618600000000035
T128R,0.31676600000000005
T128S,0.3256529999999994
T128V,0.4041654999999998
T128Y,0.5315545000000004
T128N,0.3108404999999997
T128A,0.38212299999999955
C129W,0.2641444999999996
C129R,0.30907249999999964
C129Q,0.3129095000000003
C129P,0.7135245000000003
C129N,0.29516849999999983
C129M,0.12743799999999983
C129L,0.09564149999999999
C129S,0.3615354999999997
C129K,0.2144479999999999
C129H,0.21104899999999976
C129G,0.4103319999999996
C129F,0.13017149999999983
C129E,0.14831750000000027
C129D,0.3010400000000006
C129A,0.2849384999999997
C129I,0.2468295000000003
C129T,0.44583900000000054
C129V,0.28575949999999944
C129Y,0.3913924999999999
C130V,0.28575949999999944
C130A,0.2849384999999997
C130D,0.3010400000000006
C130E,0.14831750000000027
C130F,0.13017149999999983
C130G,0.4103319999999996
C130H,0.21104899999999976
C130T,0.44583900000000054
C130I,0.2468295000000003
C130L,0.09564149999999999
C130M,0.12743799999999983
C130N,0.29516849999999983
C130P,0.7135245000000003
C130Q,0.3129095000000003
C130R,0.30907249999999964
C130S,0.3615354999999997
C130Y,0.3913924999999999
C130K,0.2144479999999999
C130W,0.2641444999999996
R131Y,0.44134049999999997
R131W,0.5599020000000001
R131I,0.3719444999999996
R131S,0.38382249999999923
R131Q,0.39187850000000024
R131P,0.40558749999999977
R131N,0.31224149999999995
R131M,0.2223514999999997
R131L,0.3926544999999997
R131K,0.45675150000000014
R131T,0.3277510000000002
R131V,0.34058299999999997
R131G,0.3061040000000002
R131F,0.4802645000000002
R131E,0.4024349999999995
R131D,0.5487694999999997
R131C,0.39777150000000033
R131A,0.43786999999999987
R131H,0.29083500000000007
Q132Y,0.4406399999999999
Q132W,0.5595860000000001
Q132T,0.32336700000000024
Q132R,0.346627
Q132S,0.3748989999999992
Q132V,0.337997
Q132A,0.4371359999999999
Q132C,0.4025380000000005
Q132E,0.3997374999999994
Q132F,0.4834705000000001
Q132G,0.31193200000000015
Q132D,0.5671114999999994
Q132I,0.3586954999999998
Q132K,0.4303000000000001
Q132L,0.3822324999999999
Q132M,0.2234804999999997
Q132N,0.31581199999999987
Q132P,0.40925149999999966
Q132H,0.2824355
R133N,0.31224149999999995
R133Y,0.44134049999999997
R133W,0.5599020000000001
R133V,0.34058299999999997
R133S,0.38382249999999923
R133Q,0.39187850000000024
R133P,0.40558749999999977
R133M,0.2223514999999997
R133T,0.3277510000000002
R133K,0.45675150000000014
R133A,0.43786999999999987
R133C,0.39777150000000033
R133D,0.5487694999999997
R133E,0.4024349999999995
R133L,0.3926544999999997
R133F,0.4802645000000002
R133G,0.3061040000000002
R133H,0.29083500000000007
R133I,0.3719444999999996
L134E,0.21085949999999976
L134F,0.25400199999999923
L134G,0.423004499999999
L134H,0.2563725
L134I,0.47874099999999836
L134K,0.6272689999999984
L134M,0.4224265000000005
L134N,0.3444514999999997
L134Q,0.3090699999999995
L134Y,0.40319399999999983
L134R,0.1683424999999996
L134D,0.39979750000000003
L134T,0.29691100000000065
L134V,0.34970400000000024
L134W,0.49947299999999833
L134C,0.2724929999999997
L134A,0.2986595000000005
L134P,0.4949434999999987
L134S,0.11855350000000016
E135W,0.3413504999999992
E135V,0.3045399999999998
E135C,0.3063619999999998
E135D,0.33752500000000035
E135Y,0.39417399999999986
E135G,0.4373064999999995
E135I,0.32406600000000063
E135K,0.36987000000000025
E135L,0.2839785000000001
E135F,0.17050349999999986
E135A,0.28242499999999976
E135M,0.23896200000000006
E135T,0.37365000000000037
E135S,0.255574
E135H,0.26628999999999975
E135Q,0.3119119999999999
E135P,0.6417455
E135N,0.30546299999999993
E135R,0.2626849999999997
E136L,0.2839785000000001
E136C,0.3063619999999998
E136D,0.33752500000000035
E136F,0.17007499999999987
E136G,0.4373064999999995
E136H,0.26628999999999975
E136I,0.32406600000000063
E136K,0.36987000000000025
E136A,0.28242499999999976
E136M,0.23918400000000006
E136P,0.6385489999999998
E136Q,0.3114119999999999
E136R,0.2625974999999997
E136S,0.2549020000000001
E136T,0.37119200000000035
E136V,0.3014389999999998
E136W,0.3413504999999992
E136Y,0.39417399999999986
E136N,0.30546299999999993
I137G,0.26649399999999945
I137F,0.1469750000000002
I137A,0.19341999999999984
I137D,0.29052950000000033
I137C,0.26372949999999995
I137H,0.2015215
I137E,0.1585970000000004
I137K,0.4759970000000003
I137Q,0.30102300000000004
I137N,0.34968450000000006
I137P,0.6381975000000001
I137R,0.25317849999999936
I137S,0.23662749999999966
I137T,0.3285350000000004
I137V,0.28814750000000006
I137W,0.3604739999999993
I137Y,0.37876999999999966
I137L,0.37717800000000024
I137M,0.3106230000000001
T138A,0.3849359999999995
T138C,0.4127280000000002
T138I,0.3884509999999997
T138E,0.4218184999999993
T138F,0.5996345000000002
T138G,0.3887090000000006
T138H,0.40035200000000015
T138K,0.4878180000000004
T138L,0.4562549999999991
T138M,0.2378874999999995
T138D,0.5237729999999994
T138P,0.40051299999999984
T138Q,0.42741650000000037
T138R,0.3041710000000001
T138S,0.3098854999999997
T138V,0.4058269999999997
T138W,0.6628010000000004
T138Y,0.5292815000000003
T138N,0.30464549999999974
G139P,0.573017
G139W,0.3343774999999992
G139V,0.2076975000000003
G139T,0.3046720000000002
G139S,0.2325114999999997
G139R,0.2541584999999994
G139Q,0.2715139999999997
G139E,0.20628449999999987
G139F,0.15619350000000007
G139M,0.2900885000000001
G139L,0.33926300000000026
G139K,0.45245200000000024
G139I,0.3899570000000002
G139H,0.22570099999999996
G139C,0.24070099999999986
G139N,0.32392199999999993
G139A,0.2111665
G139Y,0.34722599999999937
G139D,0.30088500000000035
H140C,0.254081
H140W,0.34957749999999926
H140V,0.22690450000000037
H140T,0.3302210000000003
H140S,0.24562549999999964
H140R,0.2594594999999994
H140Q,0.28555099999999983
H140P,0.6119475000000001
H140A,0.18659849999999992
H140M,0.29794850000000006
H140D,0.2798660000000004
H140N,0.3373219999999999
H140E,0.17003050000000022
H140F,0.14262800000000014
H140Y,0.3665364999999995
H140I,0.3834530000000002
H140L,0.34251400000000026
H140K,0.4472260000000003
H140G,0.24921949999999946
H142Y,0.3665364999999995
H142W,0.34957749999999926
H142V,0.22690450000000037
H142T,0.3302210000000003
H142S,0.24562549999999964
H142R,0.2594594999999994
H142N,0.3373219999999999
H142M,0.29794850000000006
H142L,0.3423620000000003
H142I,0.3834530000000002
H142G,0.2489889999999995
H142F,0.14257750000000013
H142E,0.16988650000000025
H142D,0.2799780000000004
H142P,0.6119475000000001
H142K,0.4472260000000003
H142Q,0.28555099999999983
H142A,0.18659849999999992
H142C,0.254081
K143W,0.46742399999999845
K143Y,0.37399399999999955
K143V,0.33432050000000046
K143T,0.2956185000000006
K143S,0.11936950000000017
K143R,0.1761654999999996
K143P,0.48218499999999875
K143N,0.33115899999999976
K143M,0.39003750000000026
K143Q,0.28985399999999956
K143I,0.4542989999999986
K143L,0.5521839999999991
K143C,0.2663319999999997
K143D,0.3879730000000001
K143E,0.20622699999999974
K143A,0.2894765000000003
K143G,0.3864789999999991
K143H,0.24695749999999994
K143F,0.23281699999999947
A144Q,0.2925139999999998
A144Y,0.37725799999999965
A144W,0.3164184999999992
A144V,0.3310349999999998
A144T,0.3795110000000003
A144S,0.2658065000000001
A144R,0.25096999999999975
A144P,0.6109189999999997
A144G,0.46499699999999955
A144M,0.22900250000000003
A144C,0.37581899999999957
A144N,0.3031154999999999
A144E,0.19584949999999993
A144F,0.17201899999999984
A144D,0.3550845000000003
A144H,0.26215549999999976
A144I,0.3332455000000005
A144K,0.3754640000000002
A144L,0.2836465
K145A,0.21987999999999983
K145C,0.19506999999999983
K145D,0.28838949999999997
K145E,0.2806844999999996
K145F,0.151365
K145G,0.22276699999999988
K145H,0.1859085000000002
K145I,0.27615099999999976
K145Y,0.22232499999999975
K145L,0.16718250000000018
K145V,0.28406200000000004
K145T,0.25727949999999994
K145S,0.2129434999999999
K145W,0.21060500000000026
K145Q,0.1727380000000001
K145P,0.16731400000000002
K145N,0.25150350000000027
K145M,0.19236800000000018
K145R,0.19798649999999982
Q146K,0.3536205000000007
Q146V,0.18407750000000028
Q146R,0.2133590000000003
Q146P,0.180693
Q146N,0.26854350000000005
Q146M,0.1379034999999999
Q146L,0.1803535000000002
Q146I,0.29385699999999965
Q146D,0.43986800000000004
Q146G,0.23867650000000018
Q146F,0.17565400000000017
Q146E,0.32033599999999945
Q146T,0.21668600000000018
Q146C,0.25962999999999964
Q146Y,0.17898100000000006
Q146A,0.3659210000000001
Q146W,0.18435600000000008
Q146H,0.2398309999999999
Q146S,0.26273800000000025
L147A,0.30544699999999997
L147C,0.25448699999999974
L147E,0.31532249999999945
L147Y,0.27546200000000004
L147W,0.23028000000000037
L147V,0.2787329999999999
L147T,0.2463765000000002
L147S,0.24322250000000026
L147R,0.17848150000000004
L147D,0.3212365
L147Q,0.1978855000000003
L147N,0.31063950000000046
L147M,0.3237025000000002
L147K,0.2865910000000001
L147I,0.3665419999999996
L147H,0.2550105
L147F,0.2558829999999999
L147P,0.19331550000000017
L147G,0.33212350000000035
L149N,0.31063950000000046
L149G,0.33212350000000035
L149V,0.2787329999999999
L149T,0.2463765000000002
L149S,0.24322250000000026
L149R,0.17848150000000004
L149Q,0.1978855000000003
L149P,0.19331550000000017
L149M,0.3237025000000002
L149K,0.2865910000000001
L149I,0.3665419999999996
L149H,0.2550105
L149F,0.2558829999999999
L149E,0.31532249999999945
L149D,0.3212365
L149A,0.30544699999999997
L149C,0.25448699999999974
L149W,0.23028000000000037
L149Y,0.27546200000000004
K150V,0.28828299999999984
K150W,0.19474150000000026
K150Y,0.21584349999999983
K150R,0.18922250000000002
K150Q,0.16695650000000029
K150T,0.25369400000000014
K150S,0.23542450000000012
K150A,0.26726449999999957
K150C,0.24208349999999956
K150P,0.14514450000000023
K150D,0.27867899999999984
K150F,0.14344750000000014
K150E,0.2738539999999996
K150N,0.22734700000000024
K150M,0.1631275000000002
K150L,0.13440750000000018
K150I,0.2618529999999996
K150H,0.17986150000000023
K150G,0.21731750000000002
M153Y,0.25235449999999987
M153E,0.20699950000000006
M153W,0.18694550000000018
M153F,0.2243955000000003
M153V,0.30353649999999965
M153D,0.2253449999999999
M153C,0.26138699999999987
M153A,0.26898699999999975
M153G,0.2335270000000001
M153H,0.23291550000000022
M153I,0.2972569999999999
M153K,0.22899450000000013
M153L,0.1927765000000003
M153N,0.3072825000000004
M153P,0.1729845000000002
M153Q,0.18564300000000042
M153R,0.16834550000000018
M153S,0.2233215000000002
M153T,0.2746039999999999
A154R,0.18550150000000026
A154S,0.2063220000000002
A154T,0.2210699999999997
A154Y,0.21612599999999982
A154W,0.3067949999999995
A154Q,0.1560365
A154V,0.29342699999999927
A154P,0.17770699999999998
A154I,0.21280349999999995
A154M,0.12673999999999994
A154L,0.0875450000000001
A154K,0.16728599999999985
A154H,0.3035404999999996
A154G,0.2478294999999996
A154F,0.10211600000000001
A154E,0.17069999999999996
A154D,0.1762069999999997
A154C,0.4480545000000003
A154N,0.14860050000000016
L155S,0.1617085000000002
L155R,0.15505550000000026
L155Q,0.1590585000000003
L155K,0.19633950000000008
L155N,0.2899870000000004
L155M,0.3434284999999999
L155T,0.23110599999999984
L155I,0.2506079999999999
L155P,0.17242750000000018
L155V,0.27107699999999973
L155C,0.18873949999999995
L155F,0.21156000000000033
L155E,0.1542595
L155D,0.1737129999999998
L155A,0.1857104999999998
L155Y,0.2355794999999998
L155G,0.20697150000000014
L155W,0.15948649999999995
L155H,0.22663950000000008
R156C,0.20224449999999972
R156D,0.26553499999999974
R156A,0.34754399999999974
R156M,0.13213549999999968
R156F,0.07294249999999995
R156E,0.2500845000000002
R156Y,0.1103145000000003
R156W,0.09643700000000008
R156T,0.22196150000000026
R156S,0.2590205000000002
R156Q,0.3087480000000004
R156V,0.1613500000000002
R156N,0.24235249999999994
R156L,0.17135150000000002
R156K,0.498481500000001
R156I,0.3052169999999997
R156H,0.3228805000000003
R156G,0.11385449999999998
R156P,0.12769699999999992
P159H,0.19789800000000013
P159C,0.18085249999999994
P159A,0.3091094999999999
P159D,0.2239029999999997
P159E,0.200548
P159F,0.08334
P159G,0.13877700000000004
P159I,0.21797599999999984
P159K,0.23095200000000027
P159V,0.20016200000000015
P159M,0.1083789999999999
P159N,0.19533949999999975
P159Q,0.23698700000000017
P159R,0.1709030000000003
P159S,0.19120200000000012
P159T,0.20331800000000025
P159W,0.14798850000000002
P159L,0.10013999999999998
P159Y,0.14030450000000008
I160K,0.1429539999999999
I160H,0.1865815000000003
I160E,0.13566349999999977
I160L,0.1790810000000002
I160F,0.07189
I160G,0.0979745000000001
I160M,0.2340285000000003
I160T,0.2919739999999994
I160P,0.1623790000000001
I160Q,0.14125000000000035
I160R,0.15437550000000022
I160S,0.12687350000000022
I160V,0.49050600000000083
I160Y,0.20510949999999945
I160N,0.22587700000000044
I160D,0.18297999999999962
I160W,0.17119550000000014
I160A,0.19871199999999978
I160C,0.2179829999999998
G161A,0.19993649999999982
G161Y,0.16843550000000032
G161W,0.15292149999999993
G161V,0.07042849999999984
G161S,0.0849640000000001
G161R,0.16845300000000052
G161Q,0.14054600000000023
G161P,0.13949599999999993
G161N,0.13926499999999975
G161K,0.13956100000000007
G161I,0.1089284999999998
G161H,0.20526599999999984
G161F,0.05309249999999987
G161E,0.12880499999999995
G161D,0.1265869999999998
G161C,0.09113999999999989
G161L,0.06322549999999985
G161T,0.11683300000000013
G161M,0.14664650000000015
D162W,0.4381184999999997
D162T,0.15884400000000032
D162S,0.10205400000000037
D162R,0.19643000000000035
D162Q,0.19176499999999946
D162P,0.24701599999999937
D162N,0.07760450000000013
D162V,0.19991399999999968
D162M,0.09904749999999986
D162K,0.130947
D162I,0.1626630000000002
D162H,0.4433335000000013
D162G,0.22345749999999967
D162F,0.10896000000000004
D162E,0.22197800000000056
D162L,0.07465450000000017
D162C,0.16420499999999955
D162A,0.3084424999999995
D162Y,0.24267949999999935
Q163C,0.18284150000000007
Q163V,0.15446950000000018
Q163T,0.20864450000000015
Q163S,0.1928875000000001
Q163R,0.19654050000000037
Q163P,0.1554904999999998
Q163N,0.2642979999999999
Q163M,0.10718649999999984
Q163L,0.11720200000000006
Q163I,0.2128614999999997
Q163H,0.24661249999999982
Q163G,0.12077200000000009
Q163F,0.07593949999999995
Q163E,0.20699049999999997
Q163D,0.3554544999999995
Q163W,0.10783899999999996
Q163K,0.31191500000000055
Q163A,0.3009205
Q163Y,0.09921700000000012
W164L,0.2908434999999994
W164V,0.15243550000000014
W164T,0.18990650000000017
W164S,0.1853830000000002
W164R,0.20376300000000014
W164Q,0.22940349999999998
W164P,0.12105399999999986
W164Y,0.10737900000000025
W164N,0.21941150000000004
W164C,0.328890499999999
W164K,0.41596950000000094
W164I,0.38690149999999995
W164H,0.2766729999999999
W164G,0.12533299999999997
W164F,0.079574
W164M,0.1430024999999996
W164E,0.21810500000000027
W164A,0.3839484999999994
W164D,0.18685450000000003
E165D,0.14884899999999965
E165F,0.10892800000000005
E165G,0.2232434999999997
E165H,0.4445465000000013
E165I,0.1626535000000002
E165K,0.130947
E165Y,0.24267949999999935
E165W,0.4381184999999997
E165P,0.24705199999999938
E165Q,0.19176499999999946
E165R,0.19611050000000038
E165S,0.10205400000000037
E165T,0.15884400000000032
E165V,0.19733049999999971
E165M,0.09904749999999986
E165L,0.07465450000000017
E165N,0.07760450000000013
E165A,0.3030834999999995
E165C,0.15734999999999955
E166Y,0.24267949999999935
E166W,0.4381184999999997
E166V,0.19733049999999971
E166T,0.15884400000000032
E166S,0.10205400000000037
E166R,0.19611050000000038
E166Q,0.19176499999999946
E166P,0.24705199999999938
E166C,0.15734999999999955
E166K,0.130947
E166I,0.1626535000000002
E166H,0.4445465000000013
E166G,0.2232434999999997
E166F,0.10892800000000005
E166D,0.14884899999999965
E166A,0.3030834999999995
E166L,0.07465450000000017
E166M,0.09904749999999986
E166N,0.07760450000000013
E167M,0.09904749999999986
E167C,0.15836199999999953
E167D,0.14884899999999965
E167F,0.10856300000000006
E167G,0.2232434999999997
E167H,0.4463600000000013
E167I,0.1626535000000002
E167K,0.130947
E167L,0.07465450000000017
E167Y,0.2455474999999993
E167N,0.07698350000000014
E167P,0.24705199999999938
E167Q,0.19176499999999946
E167R,0.19611050000000038
E167S,0.10205400000000037
E167T,0.15884400000000032
E167V,0.19733049999999971
E167W,0.4381184999999997
E167A,0.3009109999999995
E168C,0.15664899999999954
E168A,0.3001024999999995
E168D,0.14971799999999966
E168H,0.4463600000000013
E168I,0.1626535000000002
E168K,0.130947
E168L,0.07465450000000017
E168M,0.09904749999999986
E168N,0.07698350000000014
E168G,0.22292399999999973
E168P,0.24705199999999938
E168R,0.19611050000000038
E168S,0.10205400000000037
E168T,0.15884400000000032
E168V,0.19733049999999971
E168W,0.4381184999999997
E168Y,0.2455474999999993
E168Q,0.19176499999999946
E168F,0.10824500000000006
G169E,0.12964399999999995
G169A,0.19774499999999978
G169F,0.05245499999999988
G169H,0.20734099999999983
G169I,0.1096534999999998
G169K,0.13956100000000007
G169L,0.06322549999999985
G169M,0.14664650000000015
G169C,0.08952349999999991
G169N,0.13926499999999975
G169P,0.13949599999999993
G169Q,0.14079500000000025
G169R,0.1678010000000005
G169S,0.08493000000000012
G169T,0.11629950000000014
G169V,0.07035499999999983
G169W,0.15292149999999993
G169D,0.12745599999999982
G169Y,0.17364650000000023
G170V,0.07108099999999982
G170K,0.14042500000000005
G170C,0.09081399999999988
G170D,0.13003799999999976
G170E,0.13106799999999993
G170F,0.05249699999999988
G170H,0.20816899999999983
G170I,0.1109434999999998
G170Y,0.17203750000000023
G170A,0.20176799999999975
G170L,0.06328249999999984
G170N,0.13906099999999974
G170P,0.13883699999999993
G170Q,0.14501450000000024
G170R,0.17153500000000044
G170S,0.0858555000000001
G170T,0.11918850000000016
G170M,0.14594050000000014
G170W,0.15265049999999994
F171Y,0.3997754999999993
F171A,0.24600649999999988
F171C,0.14369699999999955
F171W,0.4333195000000003
F171D,0.1470004999999996
F171E,0.21657449999999986
F171G,0.13105250000000018
F171H,0.35185400000000044
F171K,0.2712310000000003
F171L,0.15963499999999986
F171M,0.21357700000000002
F171I,0.26065100000000024
F171P,0.21462300000000029
F171Q,0.19358799999999976
F171R,0.17336000000000024
F171S,0.11786550000000032
F171T,0.20492399999999997
F171V,0.15496199999999988
F171N,0.13933950000000014
N172A,0.31477599999999994
N172H,0.262683
N172C,0.20784849999999996
N172D,0.24281999999999979
N172E,0.25243449999999984
N172F,0.1167605000000002
N172G,0.17012599999999992
N172I,0.3146949999999997
N172Y,0.23300299999999993
N172L,0.175851
N172M,0.19000149999999952
N172P,0.1583905000000002
N172Q,0.27004900000000054
N172R,0.20794850000000026
N172S,0.24242700000000025
N172T,0.22899550000000038
N172V,0.2306074999999999
N172K,0.37720400000000054
N172W,0.1940805000000001
Y173A,0.3258284999999994
Y173R,0.2389689999999997
Y173W,0.0909140000000001
Y173V,0.13214899999999996
Y173T,0.2273235000000003
Y173S,0.21499449999999992
Y173Q,0.24910649999999987
Y173P,0.178766
Y173M,0.19842399999999974
Y173N,0.37682100000000046
Y173K,0.4732515000000012
Y173I,0.35665850000000043
Y173H,0.4189150000000005
Y173G,0.16351500000000013
Y173F,0.18659150000000008
Y173E,0.2049260000000001
Y173D,0.18965299999999985
Y173L,0.223904
Y173C,0.38605449999999997
A174W,0.4408794999999999
A174S,0.2179585000000003
A174V,0.26012949999999946
A174T,0.2254444999999999
A174C,0.4860095000000006
A174D,0.17849199999999957
A174R,0.14626500000000006
A174Y,0.3727584999999993
A174Q,0.18605249999999973
A174K,0.33876750000000017
A174N,0.15203700000000028
A174E,0.21379249999999994
A174P,0.21859950000000006
A174G,0.23576899999999987
A174H,0.3769480000000005
A174F,0.10548100000000002
A174L,0.18150349999999973
A174M,0.20837899999999965
A174I,0.3182170000000002
V175M,0.1527379999999994
V175Y,0.09115850000000006
V175W,0.08273750000000016
V175T,0.19690850000000004
V175S,0.20071600000000026
V175R,0.23531550000000004
V175Q,0.2745819999999999
V175P,0.11909449999999977
V175N,0.22536200000000003
V175L,0.3099684999999991
V175H,0.3137225000000001
V175I,0.440241
V175G,0.10146449999999994
V175F,0.06727549999999997
V175E,0.2227920000000002
V175D,0.18257900000000002
V175C,0.314764499999999
V175A,0.36579599999999934
V175K,0.513705000000001
D176V,0.18652949999999968
D176W,0.5076010000000002
D176Q,0.20270949999999957
D176T,0.22425449999999983
D176S,0.14635200000000043
D176R,0.1531245000000002
D176P,0.2629719999999999
D176F,0.11349350000000001
D176M,0.23598799999999973
D176L,0.19721849999999994
D176K,0.3255950000000003
D176I,0.30733750000000015
D176H,0.402608000000001
D176G,0.17570750000000016
D176Y,0.423898499999999
D176N,0.14982850000000028
D176A,0.31231349999999997
D176C,0.21520799999999976
D176E,0.2575595000000001
L177W,0.21832949999999993
L177D,0.17654799999999987
L177E,0.19860799999999998
L177F,0.2149560000000003
L177G,0.20042200000000016
L177H,0.3133450000000005
L177I,0.346017
L177K,0.3500940000000001
L177M,0.4083219999999994
L177P,0.20586000000000004
L177Q,0.2284035000000003
L177R,0.16000850000000022
L177S,0.17753100000000013
L177T,0.2274860000000001
L177V,0.2938014999999999
L177Y,0.28919949999999983
L177N,0.27348450000000013
L177C,0.16812900000000014
L177A,0.1906795
V178T,0.19690850000000004
V178S,0.20071600000000026
V178A,0.3664184999999993
V178C,0.315260999999999
V178D,0.18257900000000002
V178E,0.2227920000000002
V178F,0.06727549999999997
V178G,0.10146449999999994
V178H,0.3137225000000001
V178K,0.513705000000001
V178W,0.08282700000000016
V178L,0.3099684999999991
V178M,0.1527379999999994
V178N,0.22536200000000003
V178P,0.11909449999999977
V178Q,0.2745819999999999
V178R,0.23531550000000004
V178Y,0.09115850000000006
V178I,0.440241
K179R,0.16747000000000029
K179S,0.16116050000000026
K179T,0.20937750000000008
K179H,0.20705100000000035
K179W,0.20887899999999993
K179Y,0.23630949999999956
K179Q,0.19659450000000028
K179V,0.32676849999999985
K179P,0.16670250000000003
K179A,0.15866150000000018
K179M,0.22368949999999962
K179L,0.21211999999999978
K179I,0.21064049999999998
K179G,0.07232350000000012
K179F,0.0696409999999999
K179E,0.14670450000000007
K179D,0.12898049999999975
K179C,0.131521
K179N,0.16154099999999985
H180Y,0.26523849999999954
H180W,0.22954250000000026
H180V,0.14549849999999975
H180C,0.22654999999999997
H180D,0.19277749999999955
H180E,0.22575449999999952
H180F,0.08620749999999988
H180G,0.0898609999999999
H180I,0.2459595
H180K,0.3068830000000005
H180T,0.24246749999999995
H180L,0.20942049999999995
H180M,0.27042599999999994
H180N,0.19605100000000003
H180P,0.2588075000000001
H180Q,0.2656599999999998
H180R,0.16959900000000022
H180S,0.19683149999999996
H180A,0.260729
I181Y,0.2932534999999993
I181W,0.24560999999999997
I181D,0.18241299999999971
I181V,0.5760045000000013
I181T,0.24569900000000014
I181S,0.13465750000000032
I181R,0.12737750000000023
I181Q,0.1928785000000003
I181P,0.21034800000000015
I181C,0.177369
I181N,0.20209799999999997
I181L,0.3747169999999997
I181K,0.2957404999999999
I181H,0.22212300000000046
I181G,0.07091850000000005
I181F,0.06547999999999993
I181E,0.16264049999999985
I181M,0.36902749999999984
I181A,0.19819550000000002
S183K,0.600539500000001
S183C,0.19713199999999984
S183V,0.12791100000000002
S183T,0.23544200000000026
S183R,0.3012855000000003
S183Q,0.3606375
S183P,0.13300899999999988
S183N,0.253653
S183A,0.3286469999999998
S183M,0.13713049999999957
S183I,0.3836679999999999
S183H,0.3887540000000005
S183G,0.0984535
S183F,0.07138999999999993
S183E,0.2699180000000002
S183D,0.2541729999999998
S183L,0.19454399999999986
S183W,0.07319750000000017
S183Y,0.09034500000000012
E184Y,0.49458249999999887
E184V,0.18460099999999968
E184T,0.22939149999999986
E184S,0.13451600000000047
E184R,0.12597400000000017
E184Q,0.1891894999999996
E184P,0.2776940000000001
E184N,0.16723450000000042
E184M,0.28819249999999996
E184W,0.544851
E184K,0.3527305000000004
E184I,0.34348900000000043
E184H,0.38736050000000083
E184G,0.1721240000000002
E184F,0.12982899999999986
E184D,0.16633449999999964
E184C,0.2193989999999999
E184A,0.31661150000000005
E184L,0.22873650000000012
G186I,0.28264900000000015
G186H,0.2951350000000002
G186C,0.26097300000000023
G186E,0.24314799999999948
G186D,0.19317749999999959
G186K,0.34268250000000067
G186F,0.10479449999999979
G186L,0.21822999999999998
G186Q,0.2591719999999996
G186N,0.20096400000000017
G186P,0.2726490000000002
G186R,0.14251300000000033
G186S,0.1914390000000002
G186T,0.243618
G186V,0.10230749999999979
G186A,0.31327550000000004
G186M,0.2951715000000002
G186W,0.2715625000000006
G186Y,0.3164014999999994
D187T,0.22974749999999985
D187A,0.3203200000000001
D187V,0.19259999999999955
D187W,0.5446215
D187Y,0.49458249999999887
D187S,0.13659400000000047
D187Q,0.18873399999999962
D187P,0.2774450000000001
D187N,0.16699000000000042
D187R,0.12695550000000017
D187L,0.2295585000000001
D187M,0.28811099999999995
D187E,0.26500350000000006
D187F,0.12973699999999985
D187G,0.1723540000000002
D187C,0.22731649999999992
D187I,0.3427005000000004
D187K,0.3510625000000004
D187H,0.3866660000000008
Y188P,0.1741414999999999
Y188W,0.11165800000000008
Y188V,0.12989649999999994
Y188T,0.1811270000000002
Y188S,0.12974799999999995
Y188R,0.13927800000000018
Y188Q,0.15756900000000004
Y188N,0.36677700000000074
Y188A,0.33075549999999937
Y188L,0.2699404999999999
Y188K,0.2962480000000009
Y188I,0.35380000000000045
Y188H,0.3453830000000002
Y188G,0.1617525000000002
Y188F,0.19570399999999996
Y188E,0.1467925000000002
Y188D,0.147374
Y188M,0.2162584999999998
Y188C,0.44047900000000106
D190Y,0.22735799999999984
D190C,0.14748349999999977
D190V,0.19595749999999978
D190T,0.1259195000000003
D190S,0.15057850000000023
D190R,0.09142950000000004
D190Q,0.12618549999999984
D190P,0.15852949999999982
D190A,0.23148849999999985
D190M,0.13111649999999997
D190K,0.13683899999999993
D190W,0.336276
D190H,0.20444049999999958
D190G,0.11301900000000012
D190F,0.060715000000000116
D190E,0.13838050000000016
D190L,0.12064099999999994
D190I,0.1680419999999999
D190N,0.09934149999999989
C192D,0.1142974999999999
C192V,0.3484775
C192T,0.20964149999999995
C192S,0.2442799999999997
C192R,0.08998900000000003
C192Q,0.12532149999999995
C192P,0.1385554999999998
C192N,0.1052329999999999
C192W,0.2942269999999998
C192Y,0.1991380000000001
C192L,0.194278
C192K,0.15464150000000002
C192I,0.1859664999999998
C192H,0.17768099999999998
C192G,0.14240549999999996
C192F,0.06998700000000013
C192E,0.13621750000000002
C192M,0.1634874999999999
C192A,0.389389
A194Y,0.1364160000000001
A194E,0.1692495
A194W,0.21716049999999992
A194V,0.3011624999999999
A194T,0.211656
A194S,0.3319059999999995
A194R,0.1431449999999999
A194Q,0.2028270000000001
A194P,0.19529399999999997
A194N,0.14178800000000003
A194M,0.13237899999999994
A194L,0.1432319999999997
A194K,0.25409699999999974
A194I,0.24350499999999978
A194H,0.25334699999999943
A194G,0.24699149999999961
A194F,0.0848615000000002
A194D,0.16926399999999975
A194C,0.6335485000000014
P197M,0.13020399999999985
P197W,0.09741849999999998
P197D,0.20217399999999983
P197E,0.1670315000000001
P197F,0.09376699999999999
P197G,0.11986450000000007
P197H,0.21474099999999996
P197I,0.18484849999999986
P197Y,0.08265649999999995
P197K,0.17716150000000003
P197N,0.2572769999999999
P197Q,0.23451749999999985
P197R,0.1191915000000001
P197S,0.14189549999999992
P197T,0.1874850000000001
P197V,0.145088
P197L,0.1263775000000001
P197C,0.2413314999999997
P197A,0.2673674999999998
K198Y,0.1339269999999998
K198C,0.2558174999999994
K198D,0.1278649999999997
K198E,0.14255500000000026
K198F,0.08686849999999996
K198G,0.08449150000000019
K198H,0.1801470000000002
K198I,0.10945150000000005
K198L,0.18432799999999985
K198A,0.31253349999999924
K198N,0.17010249999999985
K198P,0.2046659999999998
K198Q,0.21038000000000004
K198R,0.1707320000000002
K198S,0.19568199999999983
K198T,0.18491350000000023
K198V,0.2754265000000002
K198W,0.14548799999999998
K198M,0.18222299999999986
G199N,0.21665549999999986
G199P,0.3406444999999993
G199T,0.251647
G199R,0.21437849999999972
G199S,0.317340999999999
G199M,0.19016450000000024
G199Q,0.39203449999999923
G199L,0.1372249999999999
G199F,0.09512049999999996
G199I,0.12162299999999983
G199H,0.2963529999999992
G199E,0.2593029999999993
G199D,0.22823249999999923
G199C,0.5236010000000006
G199A,0.670107000000001
G199V,0.08974749999999997
G199K,0.2237210000000002
G199W,0.10534799999999983
G199Y,0.096851
H200C,0.4930240000000006
H200W,0.11848349999999977
H200V,0.1375699999999997
H200T,0.2498935000000001
H200S,0.3043484999999991
H200R,0.20814449999999976
H200Q,0.37524999999999925
H200P,0.3409519999999994
H200A,0.604516000000001
H200N,0.21554099999999987
H200Y,0.1135655
H200K,0.2165095000000002
H200I,0.1276789999999997
H200G,0.11256299999999994
H200F,0.09568949999999993
H200E,0.2524309999999993
H200D,0.22812799999999925
H200M,0.21505950000000013
H200L,0.16397249999999977
P201L,0.1247925000000001
P201C,0.24129399999999968
P201Y,0.08130449999999993
P201W,0.09634949999999996
P201V,0.143981
P201T,0.18670000000000012
P201R,0.1185365000000001
P201Q,0.2359219999999998
P201N,0.2582634999999999
P201M,0.12898099999999985
P201S,0.14118299999999992
P201K,0.176323
P201D,0.20217399999999983
P201E,0.16599650000000016
P201F,0.09343499999999999
P201A,0.2644034999999998
P201H,0.21474099999999996
P201I,0.18400999999999987
P201G,0.11772550000000007
E202N,0.16724899999999981
E202Y,0.15707850000000007
E202V,0.1569484999999999
E202T,0.18264950000000013
E202S,0.24460849999999965
E202R,0.14832750000000036
E202Q,0.2567119999999997
E202P,0.2725739999999999
E202W,0.25301900000000005
E202M,0.1477670000000001
E202K,0.19568200000000005
E202I,0.1532004999999998
E202H,0.25565799999999955
E202G,0.14834950000000005
E202F,0.09527499999999998
E202D,0.1637989999999998
E202C,0.3806954999999998
E202A,0.5359615000000005
E202L,0.130669
A203Q,0.21537099999999998
A203R,0.15234749999999989
A203W,0.2074039999999999
A203T,0.21756499999999998
A203V,0.294612
A203P,0.20526600000000006
A203S,0.3511339999999995
A203D,0.17527149999999966
A203I,0.2272434999999998
A203M,0.125343
A203L,0.12579449999999975
A203K,0.2565674999999999
A203H,0.2734619999999994
A203G,0.2595999999999996
A203F,0.0967730000000001
A203E,0.18141800000000002
A203Y,0.12610350000000012
A203N,0.16899950000000005
A203C,0.6516360000000014
G204A,0.670137000000001
G204V,0.08964899999999996
G204W,0.10534799999999983
G204T,0.251647
G204S,0.317365999999999
G204R,0.21746599999999972
G204Q,0.39203449999999923
G204P,0.3406444999999993
G204N,0.21665549999999986
G204M,0.19016450000000024
G204Y,0.09749050000000001
G204K,0.2237210000000002
G204I,0.12162299999999983
G204H,0.2963529999999992
G204F,0.09515149999999993
G204E,0.25951099999999927
G204D,0.22790199999999924
G204C,0.5234950000000006
G204L,0.1372249999999999
S205D,0.25850199999999973
S205W,0.0731795000000001
S205V,0.0920804999999999
S205T,0.2016860000000001
S205Q,0.23582149999999996
S205P,0.17785549999999986
S205N,0.3557455000000004
S205M,0.1432064999999998
S205H,0.3275029999999999
S205K,0.3252220000000008
S205I,0.3373685000000001
S205G,0.11346150000000003
S205F,0.10380700000000007
S205E,0.20646700000000007
S205Y,0.06594249999999996
S205L,0.19847400000000015
S205R,0.17928700000000009
S205A,0.3079394999999995
S205C,0.3330069999999993
F206D,0.12012449999999991
F206Y,0.18544899999999984
F206W,0.21638600000000013
F206V,0.12632399999999985
F206T,0.16797100000000015
F206S,0.23780949999999948
F206R,0.14834600000000034
F206Q,0.21319899999999994
F206P,0.18871549999999992
F206N,0.15754899999999986
F206L,0.12655199999999994
F206K,0.18521399999999996
F206A,0.4109189999999995
F206I,0.15738699999999978
F206H,0.20819199999999946
F206G,0.10252450000000012
F206E,0.16629850000000007
F206C,0.32837049999999957
F206M,0.15332450000000025
E207M,0.10415150000000001
E207A,0.36761949999999965
E207Y,0.10267950000000006
E207W,0.1836595000000001
E207V,0.1712474999999999
E207T,0.15804700000000008
E207R,0.15115150000000033
E207Q,0.19791350000000013
E207P,0.1964949999999999
E207N,0.11191299999999997
E207S,0.23874499999999976
E207K,0.1696694999999999
E207I,0.13096099999999994
E207H,0.19390449999999976
E207G,0.13514850000000006
E207F,0.06442150000000012
E207D,0.10563849999999995
E207C,0.2691954999999994
E207L,0.11741650000000003
A208I,0.22896350000000004
A208H,0.21393949999999964
A208G,0.2712704999999995
A208C,0.5654575000000007
A208E,0.12617899999999985
A208D,0.11541449999999985
A208K,0.2376059999999994
A208F,0.06883750000000019
A208L,0.09587549999999999
A208W,0.13597499999999982
A208N,0.12277800000000026
A208M,0.08174300000000001
A208V,0.3348509999999999
A208T,0.18233649999999993
A208Y,0.0643579999999999
A208R,0.14947849999999976
A208Q,0.13903699999999974
A208P,0.1119
A208S,0.3387564999999998
D209K,0.1612809999999998
D209A,0.30503849999999966
D209C,0.2171544999999998
D209E,0.15089049999999993
D209F,0.06194600000000011
D209H,0.16982800000000003
D209I,0.13350800000000004
D209L,0.13334200000000013
D209G,0.13740600000000003
D209N,0.10726750000000004
D209M,0.09706299999999997
D209Y,0.07839550000000005
D209V,0.2078769999999999
D209T,0.16709400000000002
D209W,0.16936600000000002
D209R,0.14896800000000027
D209Q,0.17140700000000014
D209P,0.1679989999999999
D209S,0.2483239999999998
L210D,0.09286799999999991
L210I,0.2620904999999998
L210E,0.11740400000000002
L210F,0.2517010000000003
L210G,0.20428700000000005
L210H,0.2939945000000003
L210K,0.17360100000000006
L210Q,0.1452560000000002
L210N,0.24346000000000045
L210P,0.1661460000000002
L210V,0.07548699999999997
L210R,0.14645950000000021
L210S,0.11455149999999986
L210T,0.1634155
L210C,0.11465050000000016
L210M,0.36779499999999915
L210A,0.06715249999999992
L210W,0.06236749999999998
L210Y,0.17323049999999995
K211A,0.042383499999999845
K211Y,0.07657799999999984
K211W,0.05636599999999995
K211V,0.1529235000000002
K211T,0.13620750000000018
K211R,0.19869649999999997
K211Q,0.13425950000000028
K211P,0.08105500000000009
K211N,0.04595349999999996
K211M,0.0615530000000001
K211L,0.048861
K211I,0.05324000000000009
K211H,0.10412200000000013
K211G,0.05912150000000017
K211F,0.05439299999999992
K211E,0.07088299999999992
K211D,0.047926500000000004
K211C,0.06612050000000003
K211S,0.13117849999999992
H212N,0.1166445000000002
H212A,0.11992800000000005
H212Y,0.07797549999999998
H212V,0.0862045000000001
H212T,0.09249549999999987
H212S,0.08000050000000015
H212R,0.19554000000000016
H212Q,0.1759695000000006
H212P,0.09557049999999999
H212M,0.07599849999999991
H212W,0.05671950000000004
H212K,0.09069649999999976
H212I,0.05579099999999995
H212G,0.05233900000000013
H212F,0.04073650000000008
H212E,0.09220950000000018
H212D,0.08502200000000011
H212C,0.14867649999999966
H212L,0.06863800000000024
L213D,0.10784599999999984
L213V,0.07446449999999998
L213T,0.16429049999999998
L213S,0.11533099999999986
L213R,0.1466060000000002
L213Q,0.1451340000000002
L213P,0.1663780000000002
L213N,0.23560700000000045
L213H,0.2901110000000003
L213K,0.17197550000000011
L213I,0.2577874999999998
L213G,0.2069380000000001
L213F,0.25414700000000034
L213E,0.11431750000000003
L213W,0.06196049999999998
L213M,0.36660649999999917
L213Y,0.17318049999999996
L213A,0.06466399999999993
L213C,0.11030350000000017
K214W,0.05600899999999995
K214Y,0.07657799999999984
K214V,0.15264400000000022
K214T,0.13618150000000015
K214S,0.13117849999999992
K214R,0.19869649999999997
K214P,0.08105500000000009
K214N,0.04595349999999996
K214M,0.0615530000000001
K214Q,0.13425950000000028
K214I,0.05324000000000009
K214H,0.10325400000000012
K214G,0.05912150000000017
K214F,0.05439299999999992
K214E,0.07088299999999992
K214D,0.047926500000000004
K214C,0.06304700000000002
K214A,0.038179999999999874
K214L,0.048861
E215R,0.14713400000000032
E215Y,0.0869185000000001
E215W,0.17323900000000006
E215V,0.1736489999999999
E215T,0.14496449999999997
E215S,0.22667949999999984
E215Q,0.17290700000000014
E215D,0.09082949999999997
E215N,0.10811600000000002
E215L,0.11870300000000011
E215K,0.15399499999999983
E215I,0.12440999999999999
E215H,0.16392400000000007
E215G,0.13272450000000005
E215F,0.059910500000000116
E215C,0.18583449999999974
E215P,0.16691949999999994
E215A,0.2785344999999996
E215M,0.09580349999999996
V217G,0.09508000000000003
V217Y,0.0636499999999999
V217W,0.07375500000000006
V217T,0.15704900000000002
V217R,0.14350900000000028
V217Q,0.1549615000000001
V217P,0.13504299999999994
V217N,0.2573830000000005
V217M,0.15138199999999988
V217L,0.27340399999999965
V217K,0.22084250000000025
V217S,0.13069649999999983
V217H,0.23133349999999964
V217F,0.08509850000000005
V217E,0.14807600000000032
V217D,0.23706149999999987
V217C,0.3769734999999996
V217A,0.2805564999999995
V217I,0.3503065000000001
S218E,0.1864175000000002
S218F,0.07625299999999996
S218G,0.08476750000000015
S218H,0.2620659999999997
S218I,0.25506349999999967
S218K,0.2445475000000002
S218L,0.14743400000000023
S218M,0.1091229999999999
S218N,0.28906650000000034
S218R,0.1694925000000002
S218Q,0.22862249999999995
S218T,0.18062
S218V,0.07078649999999996
S218Y,0.05238699999999993
S218W,0.05457250000000003
S218C,0.23624999999999968
S218A,0.21526850000000017
S218P,0.16595649999999984
S218D,0.34247949999999944
A219C,0.5709485000000004
A219D,0.11853249999999987
A219S,0.3352689999999997
A219Y,0.06226049999999992
A219T,0.17862099999999986
A219R,0.1511754999999998
A219Q,0.14211349999999975
A219P,0.11503850000000002
A219N,0.13386950000000034
A219M,0.083263
A219W,0.1336809999999998
A219L,0.09790999999999997
A219I,0.22862150000000026
A219H,0.21219699999999966
A219G,0.27056349999999957
A219F,0.06642550000000019
A219E,0.12448649999999976
A219K,0.23936299999999952
A219V,0.3358034999999998
D222V,0.34625599999999984
D222W,0.172269
D222Y,0.06350450000000003
D222A,0.3572984999999998
D222G,0.1880504999999998
D222C,0.31929049999999964
D222E,0.1820275000000001
D222F,0.06677300000000012
D222T,0.2328309999999999
D222H,0.1948800000000001
D222I,0.18152100000000007
D222K,0.20545849999999993
D222M,0.12353349999999994
D222N,0.11203200000000013
D222P,0.1758729999999999
D222Q,0.1629529999999998
D222R,0.12445000000000013
D222S,0.34201599999999954
D222L,0.17678199999999988
F223S,0.19998599999999986
F223R,0.12640600000000016
F223T,0.18978499999999998
F223Q,0.11813800000000008
F223W,0.19304950000000004
F223Y,0.15536650000000016
F223V,0.29629949999999977
F223N,0.09576199999999993
F223P,0.08004049999999988
F223L,0.1827119999999999
F223M,0.16640400000000008
F223A,0.20780949999999962
F223D,0.12465750000000002
F223E,0.12171699999999991
F223C,0.2892009999999997
F223H,0.12768750000000018
F223I,0.1446715
F223K,0.1480549999999999
F223G,0.09204850000000007
I225Q,0.09169650000000015
I225Y,0.19396599999999978
I225A,0.16003099999999956
I225V,0.7275589999999984
I225W,0.07080150000000003
I225S,0.07534149999999983
I225R,0.14078949999999962
I225P,0.06753549999999973
I225T,0.3311584999999996
I225M,0.34071299999999966
I225L,0.3534084999999996
I225K,0.14500899999999997
I225H,0.13777300000000026
I225G,0.08701450000000006
I225F,0.05780749999999992
I225E,0.12844899999999984
I225D,0.28288249999999954
I225C,0.4474905000000004
I225N,0.06691749999999985
T226N,0.31806400000000007
T226P,0.19193299999999985
T226W,0.07118949999999999
T226R,0.12481900000000014
T226S,0.15315199999999968
T226M,0.2224669999999999
T226Q,0.19738500000000017
T226L,0.3475789999999993
T226G,0.0872495
T226I,0.4641940000000006
T226H,0.2407299999999995
T226F,0.07620999999999994
T226E,0.1958525000000002
T226D,0.3783109999999991
T226C,0.3704499999999995
T226A,0.2554810000000002
T226Y,0.06075599999999993
T226K,0.26791600000000043
T226V,0.08766099999999989
F229Y,0.16576900000000008
F229N,0.12156799999999998
F229P,0.09201649999999986
F229T,0.19953199999999988
F229V,0.2715819999999998
F229W,0.18670900000000004
F229C,0.21926000000000007
F229D,0.103391
F229E,0.12184099999999992
F229G,0.13213599999999995
F229A,0.1870684999999999
F229I,0.18136700000000006
F229K,0.1566835
F229L,0.20398549999999996
F229M,0.21304050000000005
F229S,0.2169039999999997
F229R,0.11709850000000019
F229Q,0.12049700000000003
F229H,0.15346650000000017
F230P,0.09201649999999986
F230R,0.11709850000000019
F230S,0.2169039999999997
F230W,0.18670900000000004
F230V,0.2715819999999998
F230Y,0.16576900000000008
F230N,0.12156799999999998
F230T,0.19953199999999988
F230M,0.21304050000000005
F230Q,0.12049700000000003
F230K,0.1566835
F230I,0.18136700000000006
F230H,0.15346650000000017
F230G,0.13213599999999995
F230E,0.12184099999999992
F230D,0.103391
F230C,0.21926000000000007
F230A,0.1870684999999999
F230L,0.20398549999999996
E231I,0.18861299999999998
E231H,0.1842700000000001
E231G,0.19041949999999988
E231A,0.3410329999999999
E231D,0.15237349999999983
E231C,0.26876899999999976
E231Y,0.09729200000000013
E231F,0.13754199999999994
E231K,0.19881349999999998
E231M,0.19959650000000015
E231V,0.31240949999999995
E231T,0.23602749999999983
E231S,0.3013364999999996
E231R,0.11378650000000015
E231Q,0.16335999999999992
E231N,0.1381615
E231P,0.1970224999999997
E231L,0.22019599999999995
E231W,0.17261650000000014
A232E,0.1626924999999997
A232Y,0.06783100000000004
A232F,0.1271019999999999
A232D,0.14363749999999983
A232C,0.5895100000000013
A232W,0.11406250000000007
A232N,0.13963
A232Q,0.12536549999999974
A232P,0.1285979999999998
A232M,0.17533950000000004
A232L,0.2096294999999996
A232K,0.23279549999999954
A232I,0.22972050000000002
A232H,0.1950555
A232G,0.2733735
A232T,0.2949979999999997
A232R,0.12472449999999985
A232V,0.4428709999999995
A232S,0.4178294999999999
D233F,0.1434235
D233G,0.1618714999999997
D233Y,0.07795350000000015
D233H,0.1494255000000002
D233I,0.14914100000000002
D233K,0.17909900000000006
D233R,0.11842050000000018
D233S,0.34357599999999944
D233N,0.12987499999999993
D233W,0.14460350000000022
D233V,0.339833
D233P,0.19692949999999965
D233Q,0.1641004999999999
D233T,0.2932544999999996
D233M,0.2109580000000005
D233L,0.27182649999999964
D233C,0.28510649999999965
D233A,0.3678640000000001
D233E,0.23082050000000043
T234S,0.1560814999999997
T234A,0.24839050000000018
T234C,0.3612754999999994
T234D,0.30990299999999943
T234E,0.18643450000000025
T234F,0.17771700000000043
T234G,0.15074099999999999
T234H,0.2887459999999996
T234I,0.5399940000000004
T234L,0.4208099999999989
T234M,0.36164699999999955
T234N,0.33899
T234P,0.20376999999999992
T234Q,0.1951035000000002
T234R,0.11979850000000013
T234K,0.29355200000000037
T234Y,0.11896399999999993
T234W,0.0782905
T234V,0.09623099999999989
F235P,0.08860349999999989
F235W,0.1651530000000002
F235V,0.2607319999999998
F235T,0.23536599999999985
F235Y,0.14940550000000014
F235S,0.24056099999999972
F235R,0.11127200000000016
F235Q,0.11991950000000003
F235N,0.11683299999999995
F235M,0.21268600000000024
F235K,0.13505449999999997
F235I,0.148238
F235H,0.13259600000000016
F235G,0.11679499999999997
F235E,0.13734699999999989
F235D,0.09765299999999998
F235C,0.20248000000000002
F235A,0.19658949999999994
F235L,0.22591899999999987
F236T,0.2583944999999998
F236S,0.2579629999999995
F236V,0.26658499999999974
F236P,0.07696949999999993
F236Y,0.14270000000000008
F236R,0.10292050000000019
F236W,0.16753950000000017
F236Q,0.11152800000000004
F236K,0.12185299999999995
F236N,0.0848779999999999
F236A,0.1974485000000001
F236D,0.10059049999999999
F236E,0.14118349999999988
F236G,0.08095200000000018
F236C,0.18043850000000003
F236I,0.118598
F236L,0.21290449999999994
F236M,0.17375400000000024
F236H,0.10634050000000013
R237M,0.26923000000000014
R237F,0.1311745000000002
R237G,0.11180150000000008
R237H,0.30030849999999976
R237I,0.4001785000000002
R237K,0.30486100000000027
R237L,0.2810444999999999
R237N,0.353446
R237V,0.09851499999999992
R237Q,0.2514955000000001
R237S,0.1395094999999998
R237T,0.21270849999999986
R237E,0.19407799999999997
R237W,0.05604550000000003
R237Y,0.10168699999999992
R237C,0.22090599999999977
R237P,0.22477899999999976
R237D,0.3950254999999995
R237A,0.1764985000000001
F238N,0.07123799999999988
F238W,0.16343400000000016
F238V,0.2707559999999998
F238T,0.2623854999999999
F238S,0.2536609999999997
F238R,0.08950950000000014
F238Q,0.10793350000000002
F238P,0.0746434999999999
F238M,0.1654094999999999
F238L,0.20499800000000012
F238K,0.11191899999999999
F238I,0.11663899999999999
F238H,0.10225600000000006
F238G,0.07599050000000017
F238E,0.141419
F238D,0.09346100000000003
F238C,0.1562405
F238A,0.2238280000000003
F238Y,0.13905850000000003
V239A,0.2517450000000001
V239Y,0.10276549999999983
V239L,0.4426499999999989
V239E,0.17170600000000033
V239F,0.11871650000000028
V239G,0.10120799999999998
V239H,0.2434134999999997
V239I,0.5488355000000005
V239K,0.2794080000000003
V239M,0.33089849999999954
V239C,0.39194099999999954
V239N,0.27939800000000004
V239Q,0.1822205000000002
V239R,0.12009650000000015
V239S,0.15521399999999969
V239T,0.19311500000000023
V239W,0.09271499999999998
V239P,0.18327800000000002
V239D,0.27739749999999946
K240A,0.06453049999999991
K240D,0.16401549999999998
K240E,0.13255700000000006
K240Y,0.2052269999999998
K240C,0.0787684999999999
K240G,0.12002950000000019
K240H,0.2130804999999999
K240I,0.20999999999999983
K240L,0.32363299999999945
K240M,0.2864525
K240N,0.09691499999999983
K240P,0.10915799999999998
K240F,0.10867400000000028
K240R,0.10028000000000022
K240S,0.12007600000000002
K240T,0.3168264999999998
K240V,0.38561549999999994
K240W,0.07235600000000002
K240Q,0.1257685000000003
A241W,0.11379950000000008
A241V,0.4469354999999996
A241T,0.3188289999999997
A241S,0.4314074999999999
A241R,0.1186444999999999
A241Q,0.11880049999999975
A241P,0.11481999999999988
A241L,0.19604299999999975
A241M,0.12902399999999994
A241K,0.21243549999999956
A241I,0.1986475
A241H,0.16568800000000025
A241G,0.22599649999999993
A241F,0.07493300000000003
A241Y,0.06158800000000004
A241N,0.10694400000000005
A241C,0.5571045000000012
A241D,0.13465599999999983
A241E,0.1679704999999998
T243C,0.3682534999999996
T243W,0.08905099999999999
T243V,0.13222899999999999
T243S,0.16920199999999969
T243R,0.12703050000000016
T243Q,0.19899350000000024
T243P,0.18833999999999995
T243A,0.2748190000000002
T243N,0.2639815
T243K,0.2964980000000004
T243I,0.5368540000000003
T243H,0.24916899999999978
T243G,0.11151549999999993
T243F,0.1123235000000002
T243E,0.18784000000000037
T243D,0.24164249999999957
T243M,0.3290174999999995
T243Y,0.09310149999999986
T243L,0.4402294999999989
D244W,0.13958500000000026
D244Y,0.06806150000000011
D244A,0.3870200000000004
D244C,0.23812299999999964
D244E,0.2569200000000005
D244G,0.12017249999999986
D244H,0.11723100000000017
D244I,0.11336399999999998
D244K,0.16360000000000008
D244F,0.09753849999999999
D244M,0.16329999999999995
D244L,0.2630554999999996
D244T,0.3261424999999995
D244S,0.36668799999999924
D244R,0.10929150000000025
D244V,0.34351200000000004
D244P,0.18688749999999968
D244N,0.09364049999999999
D244Q,0.16334999999999983
M245N,0.32732050000000035
M245W,0.08745299999999996
M245V,0.18224700000000013
M245T,0.27118899999999985
M245S,0.06974849999999988
M245R,0.051632
M245Q,0.1495730000000001
M245P,0.2419370000000001
M245Y,0.3136375000000004
M245L,0.4468319999999991
M245I,0.4584474999999992
M245H,0.4332630000000006
M245G,0.3137255000000003
M245F,0.36582900000000024
M245E,0.1589740000000001
M245D,0.14945750000000005
M245C,0.10959700000000007
M245A,0.072087
M245K,0.2745494999999997
G246K,0.10082149999999972
G246I,0.1284775000000001
G246H,0.13966749999999997
G246C,0.09262699999999988
G246E,0.10572100000000008
G246D,0.1234730000000003
G246L,0.1889654999999999
G246F,0.06337950000000006
G246M,0.1935329999999999
G246R,0.07512900000000015
G246P,0.07484949999999983
G246Q,0.14049900000000032
G246S,0.06087450000000004
G246T,0.20918200000000028
G246V,0.2214175000000001
G246W,0.06772249999999999
G246Y,0.10561749999999988
G246N,0.06557099999999984
G246A,0.19405950000000025
T248A,0.28713150000000026
T248C,0.35882199999999953
T248Y,0.10530799999999985
T248W,0.09862399999999996
T248V,0.1427975
T248S,0.16511449999999972
T248R,0.12833200000000017
T248P,0.1942165000000001
T248N,0.25379899999999994
T248M,0.33961499999999945
T248Q,0.20244050000000022
T248K,0.29488850000000033
T248I,0.5376040000000003
T248H,0.2510984999999998
T248G,0.10780499999999997
T248F,0.1096915000000002
T248E,0.1876530000000004
T248D,0.24278999999999956
T248L,0.446298999999999
C249L,0.2526179999999998
C249E,0.18683250000000007
C249F,0.0675259999999999
C249G,0.0989355
C249H,0.0998785000000001
C249I,0.12783299999999997
C249K,0.11877050000000003
C249N,0.05595799999999991
C249M,0.15321999999999986
C249Q,0.13315300000000005
C249R,0.10015200000000016
C249S,0.38111049999999935
C249T,0.3409889999999994
C249V,0.4000345000000003
C249W,0.09767350000000014
C249Y,0.060407000000000106
C249D,0.11843549999999987
C249P,0.08997149999999991
C249A,0.410929500000001
F256Y,0.14130950000000003
F256C,0.09966749999999999
F256W,0.1765900000000001
F256V,0.18627399999999994
F256T,0.1367495
F256S,0.16183349999999996
F256R,0.11139950000000001
F256P,0.1139115
F256N,0.09042599999999998
F256M,0.11598899999999997
F256Q,0.23728549999999973
F256A,0.20532200000000025
F256L,0.13896049999999996
F256K,0.13616299999999998
F256I,0.11215250000000006
F256H,0.11330900000000005
F256G,0.08485250000000003
F256E,0.11585249999999998
F256D,0.09027050000000006
P257L,0.23189400000000046
P257M,0.22035499999999975
P257N,0.19392349999999997
P257V,0.15957749999999998
P257R,0.07704400000000013
P257T,0.12823099999999996
P257K,0.1188165000000002
P257Q,0.17251150000000018
P257S,0.13755000000000012
P257I,0.09424000000000014
P257G,0.2223679999999997
P257H,0.13365899999999992
P257Y,0.11895449999999967
P257A,0.3668504999999994
P257W,0.16557750000000004
P257D,0.15836999999999984
P257E,0.20729099999999995
P257F,0.25168200000000046
P257C,0.09892549999999974
Q259W,0.16182349999999993
Q259V,0.1560165
Q259T,0.15180649999999996
Q259S,0.13587849999999996
Q259R,0.08439650000000007
Q259P,0.21995299999999987
Q259N,0.25327399999999967
Q259M,0.23501849999999988
Q259K,0.15245300000000012
Q259I,0.13413750000000013
Q259H,0.16399750000000002
Q259F,0.24396850000000017
Q259E,0.21968449999999998
Q259D,0.31741749999999946
Q259C,0.14751399999999987
Q259Y,0.12129349999999971
Q259A,0.3606629999999994
Q259L,0.25927400000000034
Q259G,0.20712399999999984
G260Y,0.14774399999999985
G260A,0.18703350000000019
G260W,0.20001099999999986
G260V,0.18357249999999972
G260T,0.11214199999999995
G260S,0.06631750000000007
G260R,0.11681850000000006
G260Q,0.16093650000000007
G260P,0.16345449999999978
G260N,0.14874700000000007
G260M,0.25817250000000025
G260L,0.24583100000000047
G260K,0.11135499999999993
G260I,0.08100100000000014
G260H,0.11594900000000014
G260F,0.2868855
G260E,0.16546199999999991
G260C,0.08778649999999992
G260D,0.11055800000000009
Y261K,0.2517125
Y261V,0.1885679999999999
Y261E,0.20980349999999992
Y261F,0.39061499999999993
Y261G,0.2175360000000002
Y261H,0.304623
Y261I,0.3481045000000001
Y261A,0.38493499999999975
Y261W,0.20048199999999994
Y261L,0.3838934999999998
Y261N,0.3044800000000003
Y261P,0.21056350000000001
Y261Q,0.1820270000000001
Y261R,0.13920550000000015
Y261S,0.1571879999999997
Y261T,0.17132699999999992
Y261M,0.3166649999999999
Y261D,0.1991484999999995
Y261C,0.34836799999999984
H262Y,0.1650119999999999
H262W,0.22811900000000013
H262S,0.07217450000000009
H262R,0.11468000000000009
H262Q,0.15732550000000006
H262P,0.1818629999999998
H262N,0.1622795000000001
H262M,0.30106350000000043
H262L,0.2836995000000008
H262T,0.12239499999999992
H262I,0.0910500000000002
H262K,0.12927249999999996
H262A,0.16280550000000005
H262C,0.09602549999999989
H262V,0.2101225
H262E,0.19625650000000014
H262F,0.3400424999999999
H262G,0.1718684999999999
H262D,0.13283350000000005
S263V,0.169655
S263T,0.18318649999999997
S263R,0.1430730000000002
S263Q,0.2094580000000003
S263P,0.21343549999999994
S263N,0.26612349999999985
S263M,0.30896399999999974
S263K,0.28107500000000013
S263I,0.37662100000000015
S263H,0.24887749999999986
S263F,0.24821100000000032
S263E,0.24456650000000024
S263D,0.2404099999999997
S263C,0.2615139999999997
S263A,0.3888024999999994
S263L,0.3987834999999994
S263G,0.1817244999999999
S263Y,0.13013199999999986
S263W,0.1707425
L264T,0.17295599999999964
L264Q,0.1422074999999998
L264P,0.2561104999999999
L264N,0.29005950000000025
L264M,0.5692825000000004
L264K,0.22452349999999993
L264I,0.21178300000000022
L264H,0.286883
L264S,0.09773549999999995
L264G,0.2937304999999997
L264E,0.17628099999999974
L264D,0.20569849999999995
L264C,0.13335599999999986
L264A,0.12982199999999966
L264Y,0.34181200000000056
L264W,0.2908410000000002
L264V,0.2642439999999999
L264F,0.5074985000000004
L264R,0.09253100000000006
R265A,0.34217449999999966
R265C,0.2284299999999996
R265W,0.1881485000000001
R265Y,0.13433299999999992
R265D,0.27283049999999953
R265E,0.27026300000000025
R265F,0.25180300000000033
R265G,0.18605900000000006
R265I,0.31672749999999966
R265K,0.295159
R265L,0.3759664999999994
R265H,0.2305945
R265N,0.24941349999999984
R265P,0.2090974999999999
R265Q,0.21723900000000032
R265S,0.2357554999999997
R265T,0.21245649999999996
R265V,0.1869560000000001
R265M,0.2963424999999997
Q266D,0.3649459999999998
Q266K,0.17097399999999982
Q266E,0.2847820000000003
Q266F,0.2596625000000003
Q266G,0.22251100000000015
Q266H,0.1567930000000002
Q266I,0.1287205
Q266L,0.2639280000000002
Q266Y,0.1297284999999998
Q266N,0.2294399999999997
Q266P,0.2023529999999999
Q266R,0.11711199999999991
Q266S,0.2310114999999998
Q266T,0.21321449999999983
Q266V,0.17712500000000017
Q266W,0.18736850000000016
Q266A,0.34452999999999956
Q266M,0.24077299999999963
Q266C,0.164813
L267H,0.28571550000000007
L267Y,0.34274700000000047
L267C,0.1426834999999998
L267D,0.21733099999999997
L267E,0.17948749999999983
L267F,0.49966650000000046
L267G,0.2912454999999996
L267I,0.20478850000000026
L267A,0.14121899999999957
L267K,0.22236349999999988
L267N,0.27946100000000024
L267P,0.2559834999999999
L267Q,0.14549899999999977
L267R,0.10138
L267S,0.11564449999999983
L267T,0.19252999999999965
L267M,0.5597930000000003
L267W,0.30483700000000025
L267V,0.2772474999999998
V268S,0.2546254999999995
V268C,0.3631394999999994
V268D,0.20135149999999982
V268E,0.22663300000000036
V268F,0.12052300000000017
V268G,0.12080750000000004
V268H,0.19050949999999986
V268I,0.44596650000000015
V268K,0.2630255000000003
V268L,0.33942749999999927
V268M,0.2112394999999997
V268N,0.18765649999999975
V268P,0.17444800000000008
V268Q,0.17939050000000026
V268R,0.13854900000000014
V268Y,0.10875699999999985
V268T,0.21264900000000012
V268W,0.1152449999999999
V268A,0.41739499999999935
K269C,0.12477599999999978
K269V,0.2964844999999999
K269T,0.1857049999999997
K269S,0.15315599999999965
K269R,0.1250475000000002
K269Q,0.13871199999999984
K269P,0.21717499999999978
K269W,0.26801000000000025
K269N,0.18735450000000006
K269L,0.3886769999999997
K269I,0.13243750000000026
K269H,0.21759550000000025
K269G,0.23795399999999972
K269F,0.4203485000000002
K269E,0.18516199999999988
K269M,0.38577100000000025
K269A,0.1132304999999998
K269D,0.22231499999999976
K269Y,0.2752420000000001
L270V,0.17167700000000008
L270T,0.1777629999999998
L270A,0.17245299999999958
L270C,0.1709914999999999
L270D,0.2395265000000001
L270E,0.1793954999999999
L270F,0.33352550000000003
L270G,0.2513659999999998
L270H,0.2753160000000004
L270I,0.1677850000000004
L270K,0.20841550000000017
L270M,0.4168130000000002
L270N,0.23202949999999994
L270P,0.2508355
L270Q,0.1470059999999998
L270R,0.09021149999999992
L270Y,0.2916780000000003
L270S,0.15682399999999974
L270W,0.1980540000000001
S271A,0.4102974999999993
S271H,0.2261610000000001
S271E,0.27891000000000044
S271D,0.26547999999999966
S271C,0.2746499999999994
S271I,0.345528
S271G,0.1540705000000001
S271Y,0.08078850000000007
S271W,0.08767899999999998
S271V,0.09443550000000009
S271F,0.11975250000000015
S271R,0.15195850000000016
S271Q,0.20665000000000044
S271P,0.1966915
S271N,0.2080639999999997
S271M,0.1819829999999998
S271L,0.24172249999999984
S271K,0.2690395000000001
S271T,0.22026050000000008
K272L,0.3886769999999997
K272I,0.13243750000000026
K272H,0.21759550000000025
K272D,0.22231499999999976
K272F,0.4203485000000002
K272E,0.18501049999999986
K272C,0.12477599999999978
K272G,0.23795399999999972
K272M,0.38577100000000025
K272A,0.10854349999999979
K272Q,0.13871199999999984
K272N,0.18735450000000006
K272Y,0.2755790000000001
K272W,0.2675170000000002
K272P,0.21717499999999978
K272T,0.1857049999999997
K272S,0.15182849999999964
K272R,0.12504600000000018
K272V,0.2964689999999999
L273A,0.1662559999999995
L273C,0.17470399999999991
L273D,0.2398115000000001
L273E,0.1801719999999999
L273F,0.33348150000000004
L273G,0.2516079999999998
L273I,0.1677850000000004
L273M,0.4168130000000002
L273P,0.2508355
L273Q,0.14171199999999978
L273R,0.09017299999999992
L273S,0.15533799999999975
L273H,0.2753160000000004
L273N,0.23202949999999994
L273K,0.20995050000000012
L273T,0.1785929999999998
L273V,0.17160200000000006
L273W,0.1972645000000001
L273Y,0.2902890000000003
E274C,0.17489149999999945
E274H,0.17223999999999975
E274I,0.1131504999999999
E274K,0.2994005000000005
E274L,0.1690710000000001
E274M,0.20201550000000013
E274N,0.22933049999999977
E274P,0.5075280000000009
E274D,0.2528194999999998
E274R,0.15903000000000034
E274S,0.25602200000000025
E274T,0.12799550000000007
E274V,0.09793950000000001
E274W,0.1617525000000005
E274Y,0.08731900000000013
E274Q,0.3446760000000003
E274G,0.19408399999999973
E274F,0.18011549999999985
E274A,0.3409769999999996
V275T,0.2228250000000001
V275D,0.2035494999999998
V275E,0.24367450000000027
V275F,0.16705400000000042
V275G,0.12003250000000008
V275H,0.1935704999999999
V275I,0.3912085000000002
V275K,0.22546749999999996
V275C,0.3427629999999994
V275L,0.27396149999999975
V275N,0.17509949999999974
V275P,0.17894100000000013
V275Q,0.18954500000000032
V275R,0.13499500000000011
V275S,0.24620849999999972
V275W,0.11958499999999989
V275Y,0.12103599999999978
V275M,0.17763399999999993
V275A,0.43644849999999913
Q277D,0.3772714999999999
Q277A,0.37461499999999953
Q277C,0.17876299999999978
Q277E,0.30159900000000056
Q277F,0.10539600000000003
Q277G,0.19010400000000036
Q277H,0.1358375000000001
Q277K,0.15244349999999968
Q277L,0.07202750000000004
Q277M,0.086876
Q277I,0.09731000000000006
Q277P,0.19610349999999988
Q277R,0.11000299999999984
Q277S,0.28738999999999987
Q277T,0.21725249999999988
Q277V,0.07852350000000012
Q277W,0.07745499999999991
Q277Y,0.0698390000000001
Q277N,0.1756714999999997
E278I,0.11115499999999988
E278H,0.17070899999999978
E278G,0.18848249999999964
E278A,0.3486509999999996
E278D,0.25272849999999975
E278C,0.17606899999999942
E278K,0.3040745000000005
E278F,0.15895999999999977
E278L,0.1610525000000001
E278N,0.2297469999999997
E278P,0.528703500000001
E278Q,0.3570825000000003
E278R,0.16249200000000033
E278S,0.26067300000000027
E278T,0.1281780000000001
E278V,0.08619299999999999
E278W,0.15469400000000047
E278Y,0.0808055000000001
E278M,0.18214600000000014
I279C,0.14772099999999974
I279T,0.2227249999999996
I279S,0.14242199999999997
I279R,0.1385635000000002
I279Q,0.17637999999999987
I279P,0.2305339999999999
I279N,0.1876775
I279G,0.23530699999999988
I279L,0.3125645
I279K,0.2564490000000002
I279H,0.2594305000000003
I279F,0.30728699999999987
I279E,0.24875700000000026
I279D,0.2850855000000001
I279M,0.3046375
I279A,0.16205299999999961
I279Y,0.3641925
I279W,0.27700150000000023
I279V,0.4838764999999998
K280V,0.28108350000000004
K280T,0.19793549999999985
K280S,0.15494249999999996
K280R,0.13543150000000018
K280Q,0.16721149999999987
K280P,0.21390849999999995
K280N,0.1665725
K280M,0.23253049999999986
K280W,0.19737650000000018
K280H,0.23812550000000024
K280G,0.19846049999999982
K280F,0.245629
K280E,0.2205515000000001
K280D,0.25750649999999997
K280C,0.14391599999999982
K280A,0.1598179999999997
K280I,0.15135900000000033
K280L,0.22072100000000017
K280Y,0.27452149999999986
D281A,0.3628334999999997
D281W,0.14985100000000043
D281V,0.09234999999999999
D281T,0.13261750000000008
D281S,0.2681835000000003
D281R,0.16231450000000033
D281Q,0.3583960000000003
D281Y,0.07787200000000008
D281P,0.5284100000000009
D281M,0.18180650000000018
D281L,0.1629085000000001
D281K,0.30439050000000056
D281I,0.11084399999999986
D281H,0.16696799999999978
D281G,0.18917599999999965
D281N,0.2299134999999997
D281C,0.18505749999999935
D281E,0.5197224999999992
D281F,0.15760599999999977
V282Y,0.14562399999999973
V282E,0.24717700000000017
V282F,0.19222550000000038
V282G,0.12141100000000012
V282H,0.1957615000000001
V282I,0.34561150000000007
V282K,0.2077229999999998
V282L,0.23035450000000005
V282M,0.15393849999999998
V282P,0.1697155000000002
V282Q,0.19359100000000026
V282R,0.13924950000000005
V282S,0.24910899999999978
V282T,0.2822820000000002
V282W,0.1322419999999999
V282N,0.1728804999999998
V282D,0.19800649999999997
V282C,0.32332049999999946
V282A,0.488572499999999
I283T,0.19933799999999974
I283S,0.10880700000000001
I283R,0.12373800000000011
I283Q,0.17265399999999975
I283P,0.24247949999999988
I283N,0.19197550000000002
I283M,0.30338050000000005
I283L,0.30684249999999996
I283K,0.25894650000000036
I283H,0.2769485000000002
I283G,0.22582549999999965
I283F,0.28475999999999974
I283E,0.23718300000000014
I283D,0.2846450000000001
I283C,0.1559004999999998
I283V,0.4725939999999996
I283Y,0.37341150000000006
I283W,0.2722625000000002
I283A,0.14544349999999975
E284A,0.33862649999999966
E284Y,0.08684950000000011
E284W,0.15087500000000045
E284V,0.07633949999999987
E284T,0.10918250000000011
E284S,0.24292550000000024
E284R,0.1518725000000003
E284Q,0.3537255000000003
E284P,0.538560500000001
E284N,0.23189449999999973
E284L,0.1561065000000001
E284K,0.3116195000000006
E284I,0.11184599999999985
E284H,0.18103199999999975
E284G,0.18495699999999957
E284F,0.14205299999999987
E284D,0.25221949999999976
E284C,0.17570649999999943
E284M,0.1808465000000002
P285A,0.3242114999999996
P285Y,0.10554549999999992
P285W,0.07417849999999988
P285V,0.07250200000000008
P285T,0.16972450000000014
P285S,0.2457039999999997
P285Q,0.15252349999999987
P285N,0.1290679999999999
P285M,0.08319499999999998
P285R,0.0936014999999998
P285K,0.1422439999999999
P285L,0.054901499999999964
P285D,0.25583900000000015
P285E,0.2803790000000005
P285F,0.07119349999999999
P285C,0.1665035
P285H,0.14327000000000006
P285I,0.060332500000000094
P285G,0.17649150000000013
I286N,0.19317200000000004
I286Y,0.37329750000000006
I286V,0.4725939999999996
I286T,0.19802849999999975
I286S,0.11055300000000003
I286R,0.1265150000000001
I286Q,0.17360899999999976
I286P,0.24247949999999988
I286M,0.30338050000000005
I286W,0.27257800000000015
I286K,0.26363100000000034
I286H,0.2757135000000002
I286G,0.22521649999999968
I286F,0.2835219999999998
I286E,0.24006900000000017
I286D,0.2846450000000001
I286C,0.15564499999999978
I286A,0.14786149999999973
I286L,0.30684249999999996
K287W,0.19324150000000004
K287V,0.2743099999999999
K287T,0.16586399999999998
K287S,0.11624100000000002
K287R,0.11824750000000009
K287Q,0.16181599999999974
K287I,0.1545290000000004
K287N,0.1727190000000001
K287M,0.23295299999999994
K287L,0.21678850000000008
K287H,0.2544085000000002
K287G,0.18836999999999968
K287F,0.22184599999999985
K287P,0.22436100000000003
K287Y,0.2999449999999997
K287D,0.25677799999999995
K287E,0.2118635
K287C,0.15156749999999986
K287A,0.1456264999999998
D288G,0.18565049999999958
D288Y,0.0837945000000001
D288W,0.1460320000000004
D288V,0.0824964999999999
D288T,0.11362200000000008
D288S,0.25043600000000027
D288R,0.1516950000000003
D288Q,0.3550390000000003
D288P,0.5382670000000008
D288N,0.2320609999999997
D288M,0.1805070000000002
D288L,0.1579625000000001
D288I,0.11153499999999987
D288E,0.5140864999999992
D288F,0.14068499999999987
D288H,0.17729099999999978
D288K,0.31193550000000064
D288A,0.35280899999999976
D288C,0.18469499999999936
A291C,0.39420199999999994
A291D,0.1893634999999997
A291E,0.42115499999999984
A291F,0.10375250000000015
A291G,0.14989350000000007
A291H,0.12513649999999985
A291I,0.12190549999999993
A291K,0.21986849999999974
A291W,0.07330900000000001
A291M,0.15742050000000016
A291N,0.22703299999999943
A291P,0.47113100000000024
A291Q,0.2956519999999999
A291R,0.19235499999999972
A291S,0.3334434999999999
A291T,0.15292849999999988
A291V,0.08677399999999989
A291Y,0.04121949999999996
A291L,0.15006099999999992
I293Y,0.4146420000000002
I293D,0.3786445000000002
I293C,0.1994639999999997
I293A,0.2938314999999994
I293W,0.3027380000000007
I293T,0.34816349999999974
I293S,0.27363449999999984
I293R,0.26888899999999977
I293Q,0.2871419999999999
I293V,0.5180524999999997
I293N,0.2052849999999999
I293P,0.22437999999999986
I293F,0.21930000000000024
I293G,0.2586595000000002
I293H,0.33879400000000004
I293E,0.3543090000000005
I293K,0.4086340000000002
I293L,0.2902084999999998
I293M,0.26343550000000016
R294V,0.33207750000000064
R294T,0.44897499999999996
R294S,0.4379504999999993
R294Q,0.3594514999999998
R294P,0.25129700000000005
R294N,0.24468200000000023
R294M,0.20638300000000018
R294L,0.1905669999999997
R294W,0.2791585000000002
R294Y,0.34693750000000056
R294H,0.390097
R294I,0.35111250000000005
R294A,0.5680234999999988
R294C,0.23326450000000026
R294K,0.4183004999999996
R294E,0.4534524999999998
R294F,0.25415450000000056
R294G,0.2300990000000003
R294D,0.42068399999999945
E299S,0.22057350000000014
E299R,0.19770399999999996
E299Q,0.3101304999999996
E299P,0.2145174999999997
E299N,0.21926950000000014
E299M,0.26708100000000057
E299L,0.18305150000000003
E299H,0.2598965000000003
E299G,0.19482300000000013
E299D,0.356338
E299C,0.2251749999999996
E299A,0.32187499999999986
E299W,0.1644665000000003
E299Y,0.15352899999999994
E299I,0.32020450000000045
E299F,0.16391300000000006
E299K,0.37520700000000046
E299V,0.2080235
E299T,0.23968550000000022
L300V,0.46765949999999906
L300T,0.5123219999999986
L300S,0.17426600000000037
L300R,0.1882870000000001
L300Q,0.2522564999999997
L300P,0.1710550000000002
L300N,0.20735000000000015
L300W,0.21879700000000069
L300A,0.48013449999999946
L300I,0.3001665000000004
L300H,0.31017499999999987
L300G,0.27265600000000006
L300F,0.21710349999999984
L300E,0.27987400000000034
L300D,0.42571050000000027
L300C,0.23071149999999985
L300K,0.3835595000000003
L300M,0.3061845000000002
L300Y,0.3757044999999995
A301K,0.3439210000000004
A301E,0.4404289999999995
A301F,0.15070750000000027
A301G,0.14504750000000027
A301H,0.17575799999999994
A301I,0.31308000000000047
A301L,0.18019299999999971
A301M,0.2380115000000003
A301N,0.2202385
A301P,0.16795900000000025
A301Q,0.2804919999999994
A301R,0.22341149999999949
A301S,0.27280749999999965
A301T,0.2504270000000004
A301V,0.18675499999999992
A301W,0.09583700000000007
A301D,0.3562404999999999
A301C,0.3778415000000001
A301Y,0.11198250000000005
S303E,0.23935650000000017
S303V,0.3607599999999998
S303T,0.6029519999999992
S303R,0.1673039999999999
S303Q,0.23570100000000035
S303P,0.17879650000000047
S303A,0.7341734999999991
S303N,0.2573864999999999
S303M,0.16585399999999972
S303L,0.0970399999999999
S303K,0.17473449999999993
S303I,0.31387250000000017
S303H,0.23420599999999997
S303G,0.17443450000000013
S303F,0.33244150000000056
S303D,0.2093860000000002
S303W,0.18190600000000015
S303Y,0.2720839999999995
S303C,0.2534455000000004
Q306N,0.23696500000000026
Q306F,0.23667149999999965
Q306G,0.23442799999999975
Q306H,0.20083000000000006
Q306I,0.23817050000000037
Q306K,0.22025400000000012
Q306L,0.13915249999999985
Q306M,0.3089965000000001
Q306C,0.24309700000000015
Q306P,0.2091435000000002
Q306R,0.145817
Q306S,0.19368499999999997
Q306T,0.39167299999999927
Q306V,0.26934949999999963
Q306W,0.12598500000000012
Q306Y,0.1429090000000002
Q306A,0.5243204999999995
Q306E,0.2709949999999999
Q306D,0.4100689999999997
E307C,0.20926099999999978
E307W,0.1424965000000001
E307D,0.3237945000000002
E307A,0.26162450000000004
E307Y,0.11368200000000003
E307V,0.09194449999999994
E307T,0.17700199999999988
E307R,0.1676644999999998
E307Q,0.2746004999999998
E307P,0.21501299999999973
E307S,0.21575050000000018
E307M,0.37989300000000026
E307L,0.19304500000000016
E307K,0.35187000000000007
E307I,0.3081670000000003
E307H,0.20972800000000016
E307G,0.1184015000000001
E307F,0.12547050000000007
E307N,0.23857950000000042
A310Q,0.2513669999999996
A310Y,0.08947650000000004
A310W,0.08200149999999999
A310V,0.10950399999999984
A310T,0.18087849999999997
A310S,0.25713849999999977
A310R,0.20479499999999967
A310P,0.1612225000000003
A310E,0.40287049999999947
A310M,0.27890950000000025
A310L,0.17905149999999992
A310K,0.33777950000000023
A310I,0.2994320000000005
A310H,0.16414199999999993
A310G,0.1055080000000003
A310F,0.14117900000000017
A310C,0.333916
A310N,0.2313030000000002
A310D,0.2862449999999999
G312Y,0.24697299999999967
G312W,0.06075650000000006
G312A,0.1187709999999998
G312C,0.08014299999999996
G312D,0.0881964999999998
G312E,0.16444299999999973
G312F,0.1318174999999997
G312H,0.16314250000000044
G312I,0.2473529999999996
G312K,0.27400349999999984
G312V,0.05920700000000013
G312M,0.1283954999999999
G312N,0.1764949999999996
G312P,0.16140650000000026
G312Q,0.15629699999999988
G312R,0.21173349999999996
G312S,0.07067599999999985
G312T,0.10224850000000005
G312L,0.07903549999999986
L313I,0.23090750000000032
L313H,0.1832020000000003
L313G,0.19039950000000058
L313D,0.17160450000000008
L313E,0.18793550000000042
L313K,0.2570125000000003
L313C,0.15541
L313F,0.14271299999999992
L313M,0.2633339999999998
L313R,0.13923549999999982
L313P,0.25073449999999975
L313Q,0.17830099999999985
L313S,0.1238414999999998
L313T,0.17717800000000025
L313V,0.23507250000000027
L313W,0.16738450000000016
L313A,0.2300669999999997
L313N,0.26897400000000043
L313Y,0.21768550000000006
L317Y,0.166825
L317W,0.08864400000000006
L317A,0.19547699999999985
L317C,0.1323245
L317D,0.15644950000000002
L317E,0.18471500000000013
L317F,0.14201699999999984
L317H,0.13984450000000004
L317I,0.24190200000000017
L317K,0.24933849999999988
L317G,0.1858980000000003
L317N,0.17818349999999972
L317P,0.179782
L317Q,0.1370279999999997
L317R,0.16937849999999982
L317S,0.0913319999999999
L317T,0.1302855000000002
L317V,0.16566100000000014
L317M,0.23499699999999993
T321L,0.05665300000000003
T321S,0.10638249999999988
T321R,0.12284899999999992
T321Q,0.2186765000000004
T321P,0.28589100000000056
T321N,0.2051470000000001
T321M,0.13447750000000014
T321K,0.15335400000000038
T321W,0.19041899999999992
T321H,0.1898180000000002
T321G,0.19528300000000015
T321F,0.2305605000000002
T321E,0.18630900000000009
T321D,0.12834600000000004
T321C,0.08934849999999994
T321A,0.22377400000000036
T321V,0.20866549999999998
T321I,0.11495300000000029
T321Y,0.19173549999999978
L322D,0.14815450000000005
L322A,0.1731425
L322E,0.1817955000000002
L322C,0.13855449999999997
L322F,0.20428249999999998
L322G,0.16316150000000032
L322H,0.14025400000000002
L322I,0.1809115000000002
L322K,0.19438600000000011
L322M,0.23309750000000007
L322Y,0.15635400000000005
L322P,0.15931800000000004
L322Q,0.15091599999999994
L322R,0.15535599999999986
L322S,0.09795949999999991
L322T,0.17100800000000038
L322V,0.17788850000000012
L322N,0.16437149999999995
L322W,0.11528800000000011
N323C,0.1280845
N323D,0.15874100000000013
N323E,0.17716900000000016
N323F,0.18524900000000002
N323G,0.22187450000000022
N323H,0.17754900000000018
N323I,0.22627499999999998
N323M,0.203609
N323L,0.11944000000000003
N323P,0.1584454999999999
N323Q,0.1467484999999999
N323R,0.20171399999999984
N323S,0.13151499999999994
N323V,0.20131950000000015
N323W,0.1287325000000002
N323K,0.21155049999999992
N323T,0.20187550000000035
N323Y,0.14209600000000006
N323A,0.21843999999999994
R324E,0.20475149999999986
R324D,0.14193999999999998
R324F,0.20523949999999996
R324G,0.20762700000000006
R324H,0.15266849999999998
R324I,0.20235850000000022
R324K,0.22225199999999978
R324M,0.1796745
R324N,0.19787849999999985
R324L,0.10037099999999995
R324Q,0.2342660000000001
R324A,0.24841500000000008
R324P,0.24865850000000045
R324Y,0.1856049999999998
R324W,0.17503500000000013
R324C,0.09909949999999995
R324T,0.2668365000000003
R324S,0.10636999999999999
R324V,0.18767250000000008
E325C,0.17839549999999982
E325M,0.3675635000000003
E325G,0.10444850000000021
E325H,0.26229350000000023
E325I,0.2108325000000003
E325K,0.2312759999999998
E325L,0.15357400000000018
E325A,0.18528499999999998
E325N,0.19602300000000056
E325Q,0.2092945000000001
E325R,0.21698900000000024
E325S,0.26006100000000015
E325T,0.17391850000000011
E325V,0.0865749999999998
E325W,0.24780049999999984
E325D,0.1803214999999998
E325Y,0.11970100000000024
E325P,0.1610035
E325F,0.1288585000000001
M326F,0.10740899999999973
M326W,0.19903450000000025
M326D,0.22900950000000017
M326C,0.2851629999999994
M326A,0.3973624999999996
M326G,0.25376200000000076
M326H,0.24522200000000027
M326I,0.5373334999999991
M326K,0.321908999999999
M326L,0.25810349999999965
M326N,0.17759799999999995
M326P,0.1370314999999996
M326E,0.25561850000000047
M326R,0.1694534999999999
M326S,0.1794034999999999
M326T,0.2896440000000004
M326V,0.2795130000000007
M326Y,0.22132100000000063
M326Q,0.16440150000000014
A327M,0.2646185000000002
A327C,0.30665649999999944
A327W,0.13780450000000008
A327V,0.1424434999999997
A327T,0.22705650000000024
A327S,0.24625449999999957
A327R,0.19818999999999967
A327Q,0.2783134999999999
A327P,0.17980549999999998
A327N,0.2665010000000001
A327Y,0.13341050000000018
A327K,0.2807754999999995
A327I,0.3253345
A327H,0.19351949999999993
A327G,0.13138200000000005
A327F,0.08994549999999997
A327E,0.2659115000000002
A327D,0.2154549999999999
A327L,0.2753575
T328S,0.2772900000000007
T328R,0.3833949999999998
T328Q,0.44250899999999915
T328P,0.4799334999999996
T328N,0.2794880000000004
T328M,0.26073650000000015
T328L,0.4769344999999982
T328F,0.08543449999999987
T328H,0.1512619999999998
T328G,0.17032100000000014
T328E,0.3173999999999997
T328D,0.25817899999999994
T328C,0.36934950000000055
T328A,0.5102670000000002
T328V,0.25367200000000006
T328I,0.5056780000000005
T328Y,0.4062434999999989
T328W,0.24781649999999977
T328K,0.33895049999999927
T329E,0.3173999999999997
T329F,0.08543449999999987
T329G,0.17032100000000014
T329H,0.1512619999999998
T329I,0.5056780000000005
T329K,0.33895049999999927
T329L,0.4769344999999982
T329D,0.25817899999999994
T329M,0.26073650000000015
T329P,0.4799334999999996
T329Q,0.44250899999999915
T329R,0.3833949999999998
T329S,0.2772900000000007
T329V,0.25367200000000006
T329W,0.24781649999999977
T329A,0.5102670000000002
T329N,0.2794880000000004
T329Y,0.4062434999999989
T329C,0.36934950000000055
E330N,0.29585500000000026
E330F,0.08035949999999997
E330G,0.14098349999999985
E330H,0.21607849999999995
E330I,0.312584
E330K,0.2711309999999997
E330L,0.29609049999999987
E330M,0.2861890000000002
E330P,0.2212924999999999
E330Q,0.3039925
E330R,0.18097299999999986
E330S,0.2225804999999999
E330T,0.21961600000000012
E330V,0.12978799999999974
E330W,0.17182950000000022
E330Y,0.15018850000000014
E330D,0.21149399999999996
E330C,0.24499749999999954
E330A,0.4163745000000007
L332W,0.20230550000000022
L332Y,0.22395000000000068
L332E,0.25312050000000047
L332F,0.10085299999999978
L332G,0.25562900000000083
L332H,0.2488585000000003
L332I,0.5430959999999991
L332K,0.325865499999999
L332M,0.1308105
L332A,0.4332914999999998
L332C,0.28893949999999935
L332D,0.22857100000000016
L332T,0.2969085000000004
L332S,0.1875309999999999
L332V,0.2863685000000007
L332Q,0.16466300000000014
L332P,0.13299199999999956
L332N,0.18107399999999998
L332R,0.17054649999999988
K333A,0.4203394999999997
K333H,0.2710060000000004
K333C,0.23714599999999947
K333D,0.23176600000000008
K333E,0.2640815000000005
K333F,0.11784649999999978
K333G,0.2671690000000008
K333I,0.5335549999999994
K333Q,0.18615599999999993
K333M,0.14464949999999996
K333N,0.19930050000000005
K333P,0.11086199999999982
K333R,0.17444299999999985
K333S,0.17246599999999987
K333T,0.3140050000000001
K333V,0.3482205000000007
K333Y,0.25692700000000046
K333L,0.24793199999999968
K333W,0.2158040000000005
M337Y,0.19290900000000025
M337I,0.5265104999999991
M337W,0.14449949999999995
M337A,0.4676455
M337C,0.26150349999999933
M337D,0.20981800000000017
M337E,0.20076899999999998
M337F,0.10720799999999973
M337V,0.24298600000000062
M337G,0.27318100000000106
M337T,0.2776140000000003
M337K,0.3007289999999989
M337L,0.28782999999999953
M337N,0.2162475000000001
M337P,0.10219749999999998
M337Q,0.1739135000000002
M337H,0.2704000000000002
M337R,0.1392864999999999
M337S,0.18553449999999982
W338D,0.22411349999999977
W338T,0.33368100000000017
W338S,0.24614150000000032
W338R,0.3780889999999999
W338Q,0.44075199999999914
W338P,0.38107050000000064
W338N,0.3533085000000002
W338C,0.28354700000000016
W338M,0.2627865
W338K,0.4197779999999993
W338I,0.5249089999999996
W338H,0.1529909999999998
W338G,0.20595000000000027
W338F,0.11786099999999981
W338E,0.34402550000000026
W338L,0.3651354999999991
W338A,0.5072209999999999
W338Y,0.40517699999999934
W338V,0.2599854999999999
T339V,0.25940749999999985
T339S,0.2328110000000002
T339R,0.3647625000000001
T339Q,0.43271599999999927
T339P,0.3540325000000006
T339N,0.36322100000000007
T339M,0.2537509999999999
T339L,0.33422549999999923
T339K,0.42580049999999914
T339I,0.5158199999999995
T339H,0.16957549999999993
T339G,0.2230500000000003
T339F,0.12168299999999982
T339E,0.35488100000000045
T339D,0.2243004999999998
T339C,0.2673990000000001
T339A,0.5100904999999998
T339Y,0.3901564999999995
T339W,0.3078189999999996
E340N,0.35525149999999994
E340Y,0.11972000000000024
E340A,0.45381000000000116
E340C,0.21265549999999966
E340D,0.1945084999999998
E340F,0.08520849999999999
E340H,0.20648449999999977
E340I,0.25432950000000015
E340K,0.25641999999999965
E340G,0.14277549999999972
E340M,0.3229435
E340L,0.3371679999999998
E340V,0.08254650000000006
E340T,0.19331499999999996
E340S,0.21604199999999985
E340W,0.11928800000000024
E340Q,0.34908200000000045
E340P,0.23488399999999962
E340R,0.17729699999999987
D341L,0.3335749999999999
D341E,0.26474799999999993
D341F,0.10437949999999983
D341G,0.14903899999999967
D341H,0.19134899999999977
D341I,0.27519400000000016
D341K,0.2914004999999996
D341C,0.22820699999999955
D341A,0.4585800000000011
D341P,0.2348259999999997
D341N,0.3539579999999999
D341Y,0.1111035000000002
D341W,0.09857350000000017
D341V,0.090598
D341M,0.316409
D341S,0.22030199999999986
D341R,0.17867749999999988
D341Q,0.37287850000000033
D341T,0.20184449999999998
P342V,0.3267895000000001
P342T,0.4248795000000014
P342S,0.47100000000000036
P342R,0.790646999999999
P342Q,0.6751354999999983
P342N,0.48263400000000045
P342Y,0.48353750000000006
P342M,0.31154249999999967
P342K,0.3851595000000008
P342I,0.3741894999999997
P342H,0.22861700000000038
P342F,0.5977434999999981
P342E,0.4238775
P342D,0.34727500000000033
P342C,0.2606825000000008
P342A,0.42870700000000056
P342L,0.40334299999999973
P342G,0.41942550000000056
P342W,0.468864
R343A,0.43343150000000036
R343W,0.47201850000000023
R343V,0.31998
R343T,0.422741000000001
R343S,0.42405700000000013
R343Q,0.6534324999999981
R343P,0.47208400000000034
R343N,0.48793900000000046
R343M,0.3227724999999997
R343C,0.23032900000000045
R343L,0.3517875000000001
R343K,0.42028400000000055
R343I,0.3936159999999995
R343H,0.21623300000000037
R343G,0.39926200000000106
R343F,0.5317294999999992
R343E,0.45303200000000016
R343D,0.31598649999999967
R343Y,0.46803099999999986
R344Y,0.46803099999999986
R344L,0.3517875000000001
R344A,0.43343150000000036
R344E,0.45303200000000016
R344F,0.5317294999999992
R344G,0.39926200000000106
R344H,0.21623300000000037
R344I,0.3936159999999995
R344K,0.42028400000000055
R344D,0.31598649999999967
R344M,0.3227724999999997
R344P,0.47208400000000034
R344Q,0.6534324999999981
R344S,0.42405700000000013
R344T,0.422741000000001
R344V,0.31998
R344W,0.47201850000000023
R344N,0.48793900000000046
R344C,0.23032900000000045
P345E,0.4238775
P345A,0.42870700000000056
P345F,0.5977434999999981
P345G,0.41942550000000056
P345H,0.22861700000000038
P345I,0.3741894999999997
P345K,0.3851595000000008
P345L,0.40334299999999973
P345C,0.2606825000000008
P345N,0.48263400000000045
P345Q,0.6751354999999983
P345R,0.790646999999999
P345S,0.47100000000000036
P345T,0.4248795000000014
P345V,0.3267895000000001
P345W,0.468864
P345Y,0.48353750000000006
P345D,0.34727500000000033
P345M,0.31154249999999967
L346M,0.25225300000000017
L346C,0.27140200000000025
L346A,0.4455355000000008
L346Y,0.3645124999999997
L346W,0.3227510000000008
L346V,0.2804965000000005
L346T,0.3627575000000007
L346R,0.538382999999999
L346Q,0.47845749999999926
L346P,0.35127249999999954
L346S,0.38621850000000046
L346K,0.36064999999999986
L346I,0.44208299999999967
L346H,0.25893300000000036
L346G,0.3765560000000005
L346F,0.4419889999999991
L346E,0.32493850000000024
L346D,0.304466
L346N,0.3660205000000001
W348K,0.4086835000000004
W348D,0.3188849999999998
W348E,0.4135150000000003
W348F,0.4928149999999994
W348G,0.3728365000000007
W348H,0.21032100000000017
W348I,0.41257349999999976
W348L,0.4130454999999995
W348Y,0.4746854999999997
W348N,0.45546250000000016
W348P,0.4963485000000001
W348Q,0.6407164999999984
W348R,0.7324584999999989
W348S,0.43550750000000027
W348T,0.4085705000000008
W348V,0.3170755000000002
W348M,0.30684349999999977
W348A,0.4423425000000006
W348C,0.2767650000000007
A349Y,0.29845449999999957
A349W,0.2577250000000007
A349C,0.26654550000000016
A349D,0.2674744999999999
A349E,0.285949
A349F,0.3915649999999994
A349H,0.2230404999999999
A349I,0.2912825
A349K,0.3070860000000001
A349G,0.30399600000000027
A349M,0.31519199999999975
A349N,0.42248549999999974
A349P,0.3712099999999998
A349Q,0.5066775
A349R,0.5064869999999995
A349S,0.3657525
A349T,0.3103800000000006
A349L,0.37880550000000013
A349V,0.20218500000000006
L350H,0.25893300000000036
L350G,0.3765560000000005
L350F,0.4419889999999991
L350A,0.4455355000000008
L350D,0.304466
L350C,0.27140200000000025
L350I,0.44208299999999967
L350E,0.32493850000000024
L350K,0.36064999999999986
L350R,0.538382999999999
L350N,0.3660205000000001
L350P,0.35127249999999954
L350Q,0.47845749999999926
L350S,0.38621850000000046
L350T,0.3627575000000007
L350V,0.2804965000000005
L350W,0.3227510000000008
L350Y,0.3645124999999997
L350M,0.25225300000000017
S351L,0.3549495000000001
S351K,0.4187390000000006
S351I,0.3948689999999996
S351H,0.21721400000000038
S351E,0.4540780000000001
S351F,0.5317294999999992
S351C,0.23441800000000051
S351D,0.31724699999999967
S351G,0.39926200000000106
S351M,0.32026149999999964
S351P,0.4700690000000003
S351Q,0.6496314999999981
S351R,0.7395599999999988
S351T,0.42203350000000095
S351V,0.3179805
S351W,0.4700190000000003
S351Y,0.4678984999999998
S351N,0.4848115000000004
S351A,0.43480350000000034
A352C,0.26654550000000016
A352D,0.2674744999999999
A352E,0.285949
A352F,0.3915649999999994
A352H,0.2230404999999999
A352I,0.2912825
A352K,0.3070860000000001
A352L,0.37880550000000013
A352G,0.30399600000000027
A352N,0.42248549999999974
A352M,0.31519199999999975
A352Y,0.29845449999999957
A352V,0.20218500000000006
A352T,0.3103800000000006
A352W,0.2577250000000007
A352R,0.5064869999999995
A352Q,0.5066775
A352P,0.3712099999999998
A352S,0.3657525
H353N,0.4281174999999998
H353T,0.30729350000000066
H353S,0.3362404999999998
H353R,0.4960014999999992
H353Q,0.5148395
H353P,0.38502099999999984
H353M,0.3079224999999997
H353F,0.3973309999999994
H353K,0.2900679999999999
H353I,0.2723014999999998
H353G,0.3064220000000002
H353E,0.2796995000000001
H353D,0.2640774999999999
H353C,0.24643000000000012
H353A,0.44315950000000115
H353L,0.3869145000000001
H353Y,0.30946749999999973
H353W,0.24379950000000064
H353V,0.19605300000000003
P354W,0.468864
P354Y,0.48353750000000006
P354C,0.2606825000000008
P354D,0.34727500000000033
P354E,0.4238775
P354F,0.5977434999999981
P354G,0.41942550000000056
P354H,0.22861700000000038
P354I,0.3741894999999997
P354A,0.42870700000000056
P354L,0.40334299999999973
P354M,0.31154249999999967
P354N,0.48263400000000045
P354Q,0.6751354999999983
P354R,0.790646999999999
P354S,0.47100000000000036
P354T,0.4248795000000014
P354K,0.3851595000000008
P354V,0.3267895000000001
K355T,0.3632920000000006
K355S,0.3733975000000004
K355R,0.530925999999999
K355Q,0.4708569999999993
K355P,0.34467199999999953
K355N,0.3634424999999999
K355M,0.25983150000000005
K355G,0.3759605000000005
K355I,0.4340989999999996
K355H,0.2604660000000003
K355V,0.29841850000000053
K355F,0.43634049999999924
K355E,0.3221490000000003
K355D,0.30744200000000005
K355C,0.2643610000000001
K355A,0.43473750000000083
K355Y,0.36700799999999956
K355L,0.3897639999999999
K355W,0.3254950000000008
R356T,0.422741000000001
R356W,0.47201850000000023
R356A,0.43343150000000036
R356C,0.23032900000000045
R356D,0.31598649999999967
R356E,0.45303200000000016
R356F,0.5317294999999992
R356G,0.39926200000000106
R356H,0.21623300000000037
R356I,0.3936159999999995
R356K,0.42028400000000055
R356M,0.3227724999999997
R356N,0.48793900000000046
R356P,0.47208400000000034
R356Q,0.6534324999999981
R356S,0.42405700000000013
R356V,0.31998
R356Y,0.46803099999999986
R356L,0.3517875000000001
R357Y,0.46803099999999986
R357W,0.47201850000000023
R357T,0.422741000000001
R357S,0.42405700000000013
R357Q,0.6534324999999981
R357P,0.47208400000000034
R357N,0.48793900000000046
R357M,0.3227724999999997
R357V,0.31998
R357L,0.3517875000000001
R357I,0.3936159999999995
R357H,0.21623300000000037
R357G,0.39926200000000106
R357F,0.5317294999999992
R357E,0.45303200000000016
R357D,0.31598649999999967
R357K,0.42028400000000055
R357C,0.23032900000000045
R357A,0.43343150000000036
E358W,0.27385050000000066
E358D,0.26806499999999994
E358F,0.38533749999999956
E358G,0.30996350000000034
E358H,0.23747850000000004
E358I,0.29046449999999996
E358K,0.30821300000000007
E358L,0.37776800000000016
E358Y,0.30003499999999955
E358M,0.32415049999999995
E358P,0.37733299999999986
E358Q,0.511618
E358R,0.5027414999999994
E358S,0.3583664999999999
E358T,0.3067325000000005
E358V,0.1969365
E358A,0.43193300000000107
E358N,0.4202689999999998
E358C,0.24751650000000008
E359C,0.24751650000000008
E359D,0.26806499999999994
E359Y,0.30003499999999955
E359W,0.27385050000000066
E359V,0.1969365
E359T,0.3067325000000005
E359S,0.3583664999999999
E359R,0.5027414999999994
E359Q,0.511618
E359P,0.37733299999999986
E359A,0.43193300000000107
E359M,0.32415049999999995
E359L,0.37776800000000016
E359K,0.30821300000000007
E359I,0.29046449999999996
E359H,0.23747850000000004
E359G,0.30996350000000034
E359F,0.38533749999999956
E359N,0.4202689999999998
D360V,0.2013235
D360T,0.3101445000000005
D360S,0.3609115
D360R,0.5043429999999993
D360Q,0.5245930000000001
D360P,0.3787444999999999
D360N,0.4235524999999997
D360M,0.3237719999999999
D360H,0.23668150000000007
D360K,0.32025900000000007
D360I,0.29703050000000003
D360G,0.31385000000000035
D360F,0.3932349999999994
D360E,0.30568850000000014
D360C,0.25336400000000014
D360Y,0.29911999999999955
D360A,0.43240900000000104
D360L,0.37979600000000013
D360W,0.2667355000000007
V361Y,0.4746854999999997
V361L,0.4130454999999995
V361S,0.43550750000000027
V361R,0.7324584999999989
V361Q,0.6407164999999984
V361P,0.4963485000000001
V361N,0.45546250000000016
V361M,0.30684349999999977
V361T,0.4085705000000008
V361I,0.41257349999999976
V361G,0.3728365000000007
V361F,0.4928149999999994
V361E,0.4135150000000003
V361D,0.3188849999999998
V361C,0.2767650000000007
V361A,0.4423425000000006
V361H,0.21032100000000017
V361W,0.4227499999999997
V361K,0.4086835000000004
R362V,0.31998
R362Q,0.6534324999999981
R362P,0.47208400000000034
R362N,0.48793900000000046
R362M,0.3227724999999997
R362L,0.3517875000000001
R362K,0.42028400000000055
R362I,0.3936159999999995
R362H,0.21623300000000037
R362G,0.39926200000000106
R362F,0.5317294999999992
R362E,0.45303200000000016
R362D,0.31598649999999967
R362C,0.23032900000000045
R362A,0.43343150000000036
R362W,0.47201850000000023
R362T,0.422741000000001
R362S,0.42405700000000013
R362Y,0.46803099999999986
P363V,0.3267895000000001
P363T,0.4248795000000014
P363S,0.47100000000000036
P363R,0.790646999999999
P363Q,0.6751354999999983
P363N,0.48263400000000045
P363M,0.31154249999999967
P363L,0.40334299999999973
P363E,0.4238775
P363I,0.3741894999999997
P363H,0.22861700000000038
P363G,0.41942550000000056
P363F,0.5977434999999981
P363C,0.2606825000000008
P363D,0.34727500000000033
P363W,0.468864
P363K,0.3851595000000008
P363Y,0.48353750000000006
P363A,0.42870700000000056
I364W,0.2894670000000007
I364V,0.25764250000000033
I364A,0.439602000000001
I364C,0.24963000000000019
I364D,0.2874515
I364E,0.29315500000000017
I364G,0.34179850000000045
I364H,0.22981799999999994
I364K,0.3213675
I364F,0.4207904999999993
I364M,0.2960154999999998
I364L,0.3944055000000001
I364T,0.3353270000000006
I364S,0.35216349999999996
I364R,0.530925499999999
I364Y,0.3465124999999996
I364P,0.3776674999999997
I364N,0.4185599999999999
I364Q,0.5250559999999997
F365P,0.3608579999999997
F365W,0.27549100000000065
F365Y,0.3009744999999995
F365V,0.1954685
F365T,0.30454350000000047
F365S,0.35332849999999977
F365R,0.5037679999999994
F365Q,0.49437
F365N,0.4202884999999999
F365H,0.23943650000000002
F365L,0.37838600000000006
F365A,0.42729750000000116
F365M,0.32379649999999993
F365D,0.2486044999999998
F365E,0.25625800000000004
F365C,0.24254750000000005
F365I,0.28485449999999995
F365K,0.29190799999999995
F365G,0.3021890000000003
W366A,0.4423425000000006
W366K,0.4086835000000004
W366D,0.3188849999999998
W366E,0.4135150000000003
W366F,0.4928149999999994
W366G,0.3728365000000007
W366H,0.21032100000000017
W366I,0.41257349999999976
W366L,0.4130454999999995
W366C,0.2767650000000007
W366N,0.45546250000000016
W366Y,0.4746854999999997
W366V,0.3170755000000002
W366T,0.4085705000000008
W366M,0.30684349999999977
W366R,0.7324584999999989
W366Q,0.6407164999999984
W366P,0.4963485000000001
W366S,0.43550750000000027
A367Y,0.29845449999999957
A367W,0.2577250000000007
A367V,0.20218500000000006
A367T,0.3103800000000006
A367S,0.3657525
A367C,0.26654550000000016
A367D,0.2674744999999999
A367E,0.285949
A367G,0.30399600000000027
A367H,0.2230404999999999
A367Q,0.5066775
A367K,0.3070860000000001
A367L,0.37880550000000013
A367M,0.31519199999999975
A367N,0.42248549999999974
A367P,0.3712099999999998
A367F,0.3915649999999994
A367I,0.2912825
A367R,0.5064869999999995
S368R,0.7395599999999988
S368Q,0.6496314999999981
S368N,0.4848115000000004
S368T,0.42203350000000095
S368V,0.3179805
S368C,0.23441800000000051
S368M,0.32026149999999964
S368L,0.3549495000000001
S368K,0.4187390000000006
S368P,0.4700690000000003
S368I,0.3948689999999996
S368G,0.39926200000000106
S368F,0.5317294999999992
S368W,0.4700190000000003
S368E,0.4540780000000001
S368D,0.31724699999999967
S368Y,0.4678984999999998
S368H,0.21721400000000038
S368A,0.43480350000000034
R369T,0.422741000000001
R369S,0.42405700000000013
R369P,0.47208400000000034
R369A,0.43343150000000036
R369C,0.23032900000000045
R369D,0.31598649999999967
R369E,0.45303200000000016
R369F,0.5317294999999992
R369G,0.39926200000000106
R369H,0.21623300000000037
R369I,0.3936159999999995
R369K,0.42028400000000055
R369M,0.3227724999999997
R369N,0.48793900000000046
R369Q,0.6534324999999981
R369Y,0.46803099999999986
R369L,0.3517875000000001
R369W,0.47201850000000023
R369V,0.31998
P370W,0.468864
P370C,0.2606825000000008
P370D,0.34727500000000033
P370E,0.4238775
P370F,0.5977434999999981
P370G,0.41942550000000056
P370H,0.22861700000000038
P370I,0.3741894999999997
P370L,0.40334299999999973
P370A,0.42870700000000056
P370N,0.48263400000000045
P370Q,0.6751354999999983
P370R,0.790646999999999
P370S,0.47100000000000036
P370T,0.4248795000000014
P370V,0.3267895000000001
P370Y,0.48353750000000006
P370M,0.31154249999999967
P370K,0.3851595000000008
K371E,0.3221490000000003
K371D,0.30744200000000005
K371C,0.2643610000000001
K371G,0.3759605000000005
K371H,0.2604660000000003
K371I,0.4340989999999996
K371L,0.3897639999999999
K371M,0.25983150000000005
K371A,0.43473750000000083
K371N,0.3634424999999999
K371Q,0.4708569999999993
K371R,0.530925999999999
K371S,0.3733975000000004
K371T,0.3632920000000006
K371V,0.29841850000000053
K371W,0.3254950000000008
K371Y,0.36700799999999956
K371P,0.34467199999999953
K371F,0.43634049999999924
S372D,0.31724699999999967
S372C,0.23441800000000051
S372A,0.43480350000000034
S372F,0.5317294999999992
S372Y,0.4678984999999998
S372W,0.4700190000000003
S372V,0.3179805
S372T,0.42203350000000095
S372R,0.7395599999999988
S372Q,0.6496314999999981
S372E,0.4540780000000001
S372P,0.4700690000000003
S372M,0.32026149999999964
S372L,0.3549495000000001
S372K,0.4187390000000006
S372I,0.3948689999999996
S372H,0.21721400000000038
S372G,0.39926200000000106
S372N,0.4848115000000004
Y373T,0.39652050000000083
Y373W,0.40688349999999973
Y373A,0.4229975000000005
Y373D,0.31197699999999984
Y373E,0.39650250000000026
Y373F,0.5055929999999994
Y373G,0.37184300000000065
Y373H,0.20448350000000018
Y373I,0.3860294999999998
Y373V,0.30716800000000005
Y373K,0.3897670000000004
Y373M,0.2871819999999998
Y373N,0.43473250000000013
Y373P,0.4690620000000002
Y373Q,0.6119624999999986
Y373R,0.6994609999999989
Y373S,0.41647900000000027
Y373L,0.3924154999999996
Y373C,0.2682060000000006
I374R,0.530925499999999
I374W,0.2894670000000007
I374Q,0.5250559999999997
I374P,0.3776674999999997
I374N,0.4185599999999999
I374M,0.2960154999999998
I374L,0.3944055000000001
I374K,0.3213675
I374S,0.35216349999999996
I374H,0.22981799999999994
I374F,0.4207904999999993
I374E,0.29315500000000017
I374D,0.2874515
I374C,0.24963000000000019
I374A,0.439602000000001
I374T,0.3353270000000006
I374G,0.34179850000000045
I374V,0.25764250000000033
I374Y,0.3465124999999996
Y375K,0.3897670000000004
Y375D,0.31197699999999984
Y375E,0.39650250000000026
Y375F,0.5055929999999994
Y375G,0.37184300000000065
Y375H,0.20448350000000018
Y375I,0.3860294999999998
Y375L,0.3924154999999996
Y375C,0.2682060000000006
Y375M,0.2871819999999998
Y375P,0.4690620000000002
Y375Q,0.6119624999999986
Y375R,0.6994609999999989
Y375S,0.41647900000000027
Y375T,0.39652050000000083
Y375V,0.30716800000000005
Y375W,0.40688349999999973
Y375N,0.43473250000000013
Y375A,0.4229975000000005
R376A,0.43343150000000036
R376W,0.47201850000000023
R376Y,0.46803099999999986
R376D,0.31598649999999967
R376E,0.45303200000000016
R376F,0.5317294999999992
R376G,0.39926200000000106
R376H,0.21623300000000037
R376I,0.3936159999999995
R376K,0.42028400000000055
R376C,0.23032900000000045
R376M,0.3227724999999997
R376N,0.48793900000000046
R376P,0.47208400000000034
R376Q,0.6534324999999981
R376S,0.42405700000000013
R376T,0.422741000000001
R376V,0.31998
R376L,0.3517875000000001
T377W,0.4248964999999997
T377V,0.3167785000000001
T377S,0.4341160000000003
T377R,0.7305559999999989
T377Q,0.6402964999999984
T377P,0.4967230000000001
T377N,0.45749850000000014
T377M,0.30515999999999976
T377H,0.21203950000000016
T377K,0.40616750000000046
T377I,0.40997349999999977
T377G,0.3728365000000007
T377F,0.4928149999999994
T377E,0.41447650000000036
T377D,0.3190974999999998
T377Y,0.47389349999999975
T377L,0.4094689999999995
T377C,0.27329850000000067
T377A,0.44236900000000057
Q378E,0.42515650000000016
Q378D,0.3461715000000003
Q378A,0.4264820000000006
Q378F,0.5939784999999982
Q378G,0.4194535000000005
Q378H,0.22950750000000042
Q378I,0.37582599999999966
Q378K,0.3862960000000008
Q378L,0.4011709999999998
Q378M,0.3113014999999997
Q378C,0.2584840000000008
Q378P,0.5042865000000003
Q378R,0.788995999999999
Q378S,0.46934900000000035
Q378T,0.4252100000000014
Q378V,0.3267220000000002
Q378W,0.470285
Q378Y,0.482719
Q378N,0.48298950000000046
E379W,0.27385050000000066
E379V,0.1969365
E379T,0.3067325000000005
E379S,0.3583664999999999
E379R,0.5027414999999994
E379Q,0.511618
E379P,0.37733299999999986
E379K,0.30821300000000007
E379M,0.32415049999999995
E379L,0.37776800000000016
E379I,0.29046449999999996
E379H,0.23747850000000004
E379G,0.30996350000000034
E379F,0.38533749999999956
E379D,0.26806499999999994
E379N,0.4202689999999998
E379Y,0.30003499999999955
E379A,0.43193300000000107
E379C,0.24751650000000008
W380R,0.7324584999999989
W380Y,0.4746854999999997
W380A,0.4423425000000006
W380C,0.2767650000000007
W380D,0.3188849999999998
W380E,0.4135150000000003
W380F,0.4928149999999994
W380G,0.3728365000000007
W380H,0.21032100000000017
W380S,0.43550750000000027
W380K,0.4086835000000004
W380L,0.4130454999999995
W380M,0.30684349999999977
W380N,0.45546250000000016
W380P,0.4963485000000001
W380Q,0.6407164999999984
W380V,0.3170755000000002
W380T,0.4085705000000008
W380I,0.41257349999999976
D381Y,0.29911999999999955
D381W,0.2667355000000007
D381V,0.2013235
D381T,0.3101445000000005
D381S,0.3609115
D381R,0.5043429999999993
D381Q,0.5245930000000001
D381L,0.37979600000000013
D381N,0.4235524999999997
D381M,0.3237719999999999
D381K,0.32025900000000007
D381I,0.29703050000000003
D381H,0.23668150000000007
D381G,0.31385000000000035
D381P,0.3787444999999999
D381E,0.30568850000000014
D381C,0.25336400000000014
D381A,0.43240900000000104
D381F,0.3932349999999994
E382P,0.37733299999999986
E382H,0.23747850000000004
E382I,0.29046449999999996
E382K,0.30821300000000007
E382L,0.37776800000000016
E382M,0.32415049999999995
E382N,0.4202689999999998
E382A,0.43193300000000107
E382Q,0.511618
E382R,0.5027414999999994
E382S,0.3583664999999999
E382T,0.3067325000000005
E382V,0.1969365
E382W,0.27385050000000066
E382Y,0.30003499999999955
E382D,0.26806499999999994
E382C,0.24751650000000008
E382G,0.30996350000000034
E382F,0.38533749999999956
F383V,0.1954685
F383A,0.42729750000000116
F383Y,0.3009744999999995
F383T,0.30454350000000047
F383L,0.37838600000000006
F383G,0.3021890000000003
F383C,0.24254750000000005
F383D,0.2486044999999998
F383E,0.25625800000000004
F383H,0.23943650000000002
F383I,0.28485449999999995
F383M,0.32379649999999993
F383K,0.29190799999999995
F383P,0.3608579999999997
F383Q,0.49437
F383R,0.5037679999999994
F383S,0.35332849999999977
F383W,0.27549100000000065
F383N,0.4202884999999999
P384S,0.47100000000000036
P384Q,0.6751354999999983
P384R,0.790646999999999
P384T,0.4248795000000014
P384L,0.40334299999999973
P384W,0.468864
P384Y,0.48353750000000006
P384N,0.48263400000000045
P384V,0.3267895000000001
P384M,0.31154249999999967
P384K,0.3851595000000008
P384I,0.3741894999999997
P384H,0.22861700000000038
P384G,0.41942550000000056
P384F,0.5977434999999981
P384E,0.4238775
P384D,0.34727500000000033
P384C,0.2606825000000008
P384A,0.42870700000000056
N385I,0.3767339999999997
N385K,0.3839955000000008
N385Y,0.482424
N385W,0.4682535000000001
N385V,0.32543450000000024
N385C,0.2629955000000008
N385S,0.4674060000000004
N385E,0.4212200000000002
N385T,0.4220455000000014
N385D,0.34866150000000035
N385L,0.40217899999999973
N385M,0.31177349999999965
N385P,0.5035475000000003
N385A,0.42801200000000056
N385F,0.597171999999998
N385G,0.4204305000000005
N385H,0.2294535000000004
N385Q,0.6707759999999984
N385R,0.7862874999999989
G386Y,0.3148084999999996
G386N,0.43471349999999975
G386V,0.19391049999999999
G386T,0.30737300000000056
G386S,0.3355279999999997
G386R,0.4893979999999993
G386P,0.3843884999999998
G386W,0.24348500000000065
G386M,0.3126819999999997
G386Q,0.5260315
G386K,0.2937375
G386L,0.3960620000000003
G386A,0.44660450000000135
G386C,0.2443890000000001
G386H,0.2124604999999998
G386E,0.2508484999999999
G386F,0.38542549999999937
G386I,0.2745889999999999
G386D,0.2561384999999999
R387S,0.42405700000000013
R387T,0.422741000000001
R387V,0.31998
R387A,0.43343150000000036
R387C,0.23032900000000045
R387D,0.31598649999999967
R387E,0.45303200000000016
R387F,0.5317294999999992
R387H,0.21623300000000037
R387I,0.3936159999999995
R387K,0.42028400000000055
R387M,0.3227724999999997
R387N,0.48793900000000046
R387P,0.47208400000000034
R387Q,0.6534324999999981
R387W,0.47201850000000023
R387Y,0.46803099999999986
R387G,0.39926200000000106
R387L,0.3517875000000001
W388V,0.3170755000000002
W388Q,0.6407164999999984
W388T,0.4085705000000008
W388S,0.43550750000000027
W388R,0.7324584999999989
W388P,0.4963485000000001
W388M,0.30684349999999977
W388L,0.4130454999999995
W388K,0.4086835000000004
W388I,0.41257349999999976
W388N,0.45546250000000016
W388G,0.3728365000000007
W388F,0.4928149999999994
W388E,0.4135150000000003
W388D,0.3188849999999998
W388C,0.2767650000000007
W388A,0.4423425000000006
W388Y,0.4746854999999997
W388H,0.21032100000000017
G389K,0.2937375
G389I,0.2745889999999999
G389H,0.2124604999999998
G389A,0.44660450000000135
G389D,0.2561384999999999
G389C,0.2443890000000001
G389L,0.3960620000000003
G389E,0.2508484999999999
G389M,0.3126819999999997
G389F,0.38542549999999937
G389P,0.3843884999999998
G389Y,0.3148084999999996
G389W,0.24348500000000065
G389V,0.19391049999999999
G389T,0.30737300000000056
G389N,0.43471349999999975
G389S,0.3355279999999997
G389R,0.4893979999999993
G389Q,0.5260315
N390P,0.5035475000000003
N390Y,0.482424
N390W,0.4682535000000001
N390V,0.32543450000000024
N390T,0.4220455000000014
N390S,0.4674060000000004
N390R,0.7862874999999989
N390Q,0.6707759999999984
N390A,0.42801200000000056
N390C,0.2629955000000008
N390M,0.31177349999999965
N390K,0.3839955000000008
N390I,0.3767339999999997
N390H,0.2294535000000004
N390G,0.4204305000000005
N390F,0.597171999999998
N390E,0.4212200000000002
N390D,0.34866150000000035
N390L,0.40217899999999973
S391P,0.4700690000000003
S391Q,0.6496314999999981
S391R,0.7395599999999988
S391N,0.4848115000000004
S391V,0.3179805
S391W,0.4700190000000003
S391Y,0.4678984999999998
S391T,0.42203350000000095
S391M,0.32026149999999964
S391L,0.3549495000000001
S391I,0.3948689999999996
S391H,0.21721400000000038
S391G,0.39926200000000106
S391F,0.5317294999999992
S391E,0.4540780000000001
S391D,0.31724699999999967
S391C,0.23441800000000051
S391A,0.43480350000000034
S391K,0.4187390000000006
S392H,0.21721400000000038
S392G,0.39926200000000106
S392F,0.5317294999999992
S392I,0.3948689999999996
S392D,0.31724699999999967
S392C,0.23441800000000051
S392A,0.43480350000000034
S392E,0.4540780000000001
S392K,0.4187390000000006
S392L,0.3549495000000001
S392M,0.32026149999999964
S392W,0.4700190000000003
S392V,0.3179805
S392T,0.42203350000000095
S392Y,0.4678984999999998
S392Q,0.6496314999999981
S392P,0.4700690000000003
S392N,0.4848115000000004
S392R,0.7395599999999988
S393M,0.32026149999999964
S393Y,0.4678984999999998
S393W,0.4700190000000003
S393V,0.3179805
S393T,0.42203350000000095
S393R,0.7395599999999988
S393Q,0.6496314999999981
S393P,0.4700690000000003
S393L,0.3549495000000001
S393N,0.4848115000000004
S393K,0.4187390000000006
S393I,0.3948689999999996
S393H,0.21721400000000038
S393G,0.39926200000000106
S393F,0.5317294999999992
S393E,0.4540780000000001
S393D,0.31724699999999967
S393C,0.23441800000000051
S393A,0.43480350000000034
P394D,0.34727500000000033
P394E,0.4238775
P394F,0.5977434999999981
P394G,0.41942550000000056
P394H,0.22861700000000038
P394I,0.3741894999999997
P394Q,0.6751354999999983
P394L,0.40334299999999973
P394M,0.31154249999999967
P394N,0.48263400000000045
P394S,0.47100000000000036
P394R,0.790646999999999
P394C,0.2606825000000008
P394K,0.3851595000000008
P394A,0.42870700000000056
P394V,0.3267895000000001
P394W,0.468864
P394Y,0.48353750000000006
P394T,0.4248795000000014
A395T,0.3103800000000006
A395Y,0.29845449999999957
A395W,0.2577250000000007
A395V,0.20218500000000006
A395S,0.3657525
A395R,0.5064869999999995
A395Q,0.5066775
A395P,0.3712099999999998
A395M,0.31519199999999975
A395N,0.42248549999999974
A395K,0.3070860000000001
A395I,0.2912825
A395H,0.2230404999999999
A395G,0.30399600000000027
A395F,0.3915649999999994
A395E,0.285949
A395D,0.2674744999999999
A395C,0.26654550000000016
A395L,0.37880550000000013
F396R,0.5037679999999994
F396W,0.27549100000000065
F396V,0.1954685
F396Y,0.3009744999999995
F396T,0.30454350000000047
F396S,0.35332849999999977
F396Q,0.49437
F396G,0.3021890000000003
F396N,0.4202884999999999
F396M,0.32379649999999993
F396L,0.37838600000000006
F396I,0.28485449999999995
F396H,0.23943650000000002
F396C,0.24254750000000005
F396D,0.2486044999999998
F396E,0.25625800000000004
F396P,0.3608579999999997
F396K,0.29190799999999995
F396A,0.42729750000000116
G397W,0.24348500000000065
G397C,0.2443890000000001
G397D,0.2561384999999999
G397E,0.2508484999999999
G397F,0.38542549999999937
G397H,0.2124604999999998
G397I,0.2745889999999999
G397K,0.2937375
G397A,0.44660450000000135
G397L,0.3960620000000003
G397N,0.43471349999999975
G397P,0.3843884999999998
G397Q,0.5260315
G397R,0.4893979999999993
G397S,0.3355279999999997
G397T,0.30737300000000056
G397V,0.19391049999999999
G397M,0.3126819999999997
G397Y,0.3148084999999996
E398A,0.43193300000000107
E398V,0.1969365
E398C,0.24751650000000008
E398D,0.26806499999999994
E398F,0.38533749999999956
E398G,0.30996350000000034
E398H,0.23747850000000004
E398I,0.29046449999999996
E398K,0.30821300000000007
E398L,0.37776800000000016
E398M,0.32415049999999995
E398N,0.4202689999999998
E398P,0.37733299999999986
E398Q,0.511618
E398R,0.5027414999999994
E398S,0.3583664999999999
E398T,0.3067325000000005
E398W,0.27385050000000066
E398Y,0.30003499999999955
L399Y,0.3645124999999997
L399M,0.25225300000000017
L399C,0.27140200000000025
L399D,0.304466
L399E,0.32493850000000024
L399F,0.4419889999999991
L399G,0.3765560000000005
L399H,0.25893300000000036
L399A,0.4455355000000008
L399I,0.44208299999999967
L399N,0.3660205000000001
L399P,0.35127249999999954
L399Q,0.47845749999999926
L399R,0.538382999999999
L399S,0.38621850000000046
L399T,0.3627575000000007
L399K,0.36064999999999986
L399V,0.2804965000000005
L399W,0.3227510000000008
K400D,0.30744200000000005
K400V,0.29841850000000053
K400T,0.3632920000000006
K400S,0.3733975000000004
K400R,0.530925999999999
K400Q,0.4708569999999993
K400P,0.34467199999999953
K400W,0.3254950000000008
K400N,0.3634424999999999
K400M,0.25983150000000005
K400L,0.3897639999999999
K400I,0.4340989999999996
K400H,0.2604660000000003
K400G,0.3759605000000005
K400F,0.43634049999999924
K400E,0.3221490000000003
K400C,0.2643610000000001
K400A,0.43473750000000083
K400Y,0.36700799999999956
D401A,0.43240900000000104
D401Y,0.29911999999999955
D401W,0.2667355000000007
D401V,0.2013235
D401T,0.3101445000000005
D401R,0.5043429999999993
D401Q,0.5245930000000001
D401P,0.3787444999999999
D401N,0.4235524999999997
D401S,0.3609115
D401L,0.37979600000000013
D401M,0.3237719999999999
D401E,0.30568850000000014
D401F,0.3932349999999994
D401G,0.31385000000000035
D401C,0.25336400000000014
D401I,0.29703050000000003
D401K,0.32025900000000007
D401H,0.23668150000000007
Y402K,0.3897670000000004
Y402C,0.2682060000000006
Y402D,0.31197699999999984
Y402E,0.39650250000000026
Y402F,0.5055929999999994
Y402G,0.37184300000000065
Y402H,0.20448350000000018
Y402I,0.3860294999999998
Y402A,0.4229975000000005
Y402L,0.3924154999999996
Y402N,0.43473250000000013
Y402P,0.4690620000000002
Y402Q,0.6119624999999986
Y402R,0.6994609999999989
Y402S,0.41647900000000027
Y402T,0.39652050000000083
Y402V,0.30716800000000005
Y402W,0.40688349999999973
Y402M,0.2871819999999998
Y403N,0.43473250000000013
Y403P,0.4690620000000002
Y403Q,0.6119624999999986
Y403V,0.30716800000000005
Y403S,0.41647900000000027
Y403T,0.39652050000000083
Y403M,0.2871819999999998
Y403R,0.6994609999999989
Y403L,0.3924154999999996
Y403G,0.37184300000000065
Y403I,0.3860294999999998
Y403H,0.20448350000000018
Y403F,0.5055929999999994
Y403E,0.39650250000000026
Y403D,0.31197699999999984
Y403C,0.2682060000000006
Y403A,0.4229975000000005
Y403K,0.3897670000000004
Y403W,0.40688349999999973
L404A,0.4455355000000008
L404P,0.35127249999999954
L404D,0.304466
L404C,0.27140200000000025
L404Y,0.3645124999999997
L404W,0.3227510000000008
L404V,0.2804965000000005
L404T,0.3627575000000007
L404R,0.538382999999999
L404Q,0.47845749999999926
L404S,0.38621850000000046
L404M,0.25225300000000017
L404K,0.36064999999999986
L404I,0.44208299999999967
L404H,0.25893300000000036
L404G,0.3765560000000005
L404F,0.4419889999999991
L404E,0.32493850000000024
L404N,0.3660205000000001
F405E,0.25625800000000004
F405M,0.32379649999999993
F405G,0.3021890000000003
F405H,0.23943650000000002
F405I,0.28485449999999995
F405K,0.29190799999999995
F405L,0.37838600000000006
F405N,0.4202884999999999
F405Y,0.3009744999999995
F405Q,0.49437
F405R,0.5037679999999994
F405S,0.35332849999999977
F405T,0.30454350000000047
F405V,0.1954685
F405W,0.27549100000000065
F405D,0.2486044999999998
F405P,0.3608579999999997
F405C,0.24254750000000005
F405A,0.42729750000000116
Y406C,0.2682060000000006
Y406E,0.39650250000000026
Y406F,0.5055929999999994
Y406G,0.37184300000000065
Y406H,0.20448350000000018
Y406I,0.3860294999999998
Y406K,0.3897670000000004
Y406L,0.3924154999999996
Y406M,0.2871819999999998
Y406A,0.4229975000000005
Y406N,0.43473250000000013
Y406P,0.4690620000000002
Y406Q,0.6119624999999986
Y406R,0.6994609999999989
Y406S,0.41647900000000027
Y406T,0.39652050000000083
Y406V,0.30716800000000005
Y406W,0.40688349999999973
Y406D,0.31197699999999984
L407Y,0.3645124999999997
L407A,0.4455355000000008
L407E,0.32493850000000024
L407W,0.3227510000000008
L407V,0.2804965000000005
L407T,0.3627575000000007
L407S,0.38621850000000046
L407R,0.538382999999999
L407Q,0.47845749999999926
L407D,0.304466
L407P,0.35127249999999954
L407M,0.25225300000000017
L407K,0.36064999999999986
L407I,0.44208299999999967
L407H,0.25893300000000036
L407G,0.3765560000000005
L407F,0.4419889999999991
L407N,0.3660205000000001
L407C,0.27140200000000025
K408Y,0.36700799999999956
K408V,0.29841850000000053
K408S,0.3733975000000004
K408R,0.530925999999999
K408Q,0.4708569999999993
K408P,0.34467199999999953
K408N,0.3634424999999999
K408M,0.25983150000000005
K408L,0.3897639999999999
K408I,0.4340989999999996
K408H,0.2604660000000003
K408G,0.3759605000000005
K408F,0.43634049999999924
K408E,0.3221490000000003
K408D,0.30744200000000005
K408C,0.2643610000000001
K408A,0.43473750000000083
K408T,0.3632920000000006
K408W,0.3254950000000008
S409W,0.4700190000000003
S409C,0.23441800000000051
S409V,0.3179805
S409T,0.42203350000000095
S409R,0.7395599999999988
S409Q,0.6496314999999981
S409P,0.4700690000000003
S409N,0.4848115000000004
S409M,0.32026149999999964
S409L,0.3549495000000001
S409K,0.4187390000000006
S409I,0.3948689999999996
S409H,0.21721400000000038
S409G,0.39926200000000106
S409F,0.5317294999999992
S409E,0.4540780000000001
S409D,0.31724699999999967
S409Y,0.4678984999999998
S409A,0.43480350000000034
K410Y,0.36700799999999956
K410A,0.43473750000000083
K410E,0.3221490000000003
K410F,0.43634049999999924
K410G,0.3759605000000005
K410H,0.2604660000000003
K410I,0.4340989999999996
K410L,0.3897639999999999
K410D,0.30744200000000005
K410N,0.3634424999999999
K410Q,0.4708569999999993
K410R,0.530925999999999
K410S,0.3733975000000004
K410T,0.3632920000000006
K410V,0.29841850000000053
K410W,0.3254950000000008
K410P,0.34467199999999953
K410C,0.2643610000000001
K410M,0.25983150000000005
S411A,0.43480350000000034
S411D,0.31724699999999967
S411E,0.4540780000000001
S411F,0.5317294999999992
S411G,0.39926200000000106
S411H,0.21721400000000038
S411I,0.3948689999999996
S411K,0.4187390000000006
S411Y,0.4678984999999998
S411L,0.3549495000000001
S411N,0.4848115000000004
S411P,0.4700690000000003
S411Q,0.6496314999999981
S411R,0.7395599999999988
S411T,0.42203350000000095
S411V,0.3179805
S411W,0.4700190000000003
S411M,0.32026149999999964
S411C,0.23441800000000051
P412A,0.42870700000000056
P412W,0.468864
P412V,0.3267895000000001
P412T,0.4248795000000014
P412S,0.47100000000000036
P412R,0.790646999999999
P412Q,0.6751354999999983
P412N,0.48263400000000045
P412M,0.31154249999999967
P412L,0.40334299999999973
P412Y,0.48353750000000006
P412K,0.3851595000000008
P412I,0.3741894999999997
P412H,0.22861700000000038
P412G,0.41942550000000056
P412F,0.5977434999999981
P412E,0.4238775
P412D,0.34727500000000033
P412C,0.2606825000000008
K413W,0.3254950000000008
K413C,0.2643610000000001
K413D,0.30744200000000005
K413E,0.3221490000000003
K413F,0.43634049999999924
K413G,0.3759605000000005
K413H,0.2604660000000003
K413N,0.3634424999999999
K413L,0.3897639999999999
K413M,0.25983150000000005
K413P,0.34467199999999953
K413Q,0.4708569999999993
K413R,0.530925999999999
K413S,0.3733975000000004
K413Y,0.36700799999999956
K413I,0.4340989999999996
K413A,0.43473750000000083
K413V,0.29841850000000053
K413T,0.3632920000000006
E414C,0.24751650000000008
E414V,0.1969365
E414T,0.3067325000000005
E414S,0.3583664999999999
E414R,0.5027414999999994
E414Q,0.511618
E414P,0.37733299999999986
E414N,0.4202689999999998
E414M,0.32415049999999995
E414K,0.30821300000000007
E414I,0.29046449999999996
E414H,0.23747850000000004
E414G,0.30996350000000034
E414F,0.38533749999999956
E414D,0.26806499999999994
E414A,0.43193300000000107
E414L,0.37776800000000016
E414Y,0.30003499999999955
E414W,0.27385050000000066
E415A,0.43193300000000107
E415Y,0.30003499999999955
E415W,0.27385050000000066
E415V,0.1969365
E415T,0.3067325000000005
E415S,0.3583664999999999
E415R,0.5027414999999994
E415Q,0.511618
E415P,0.37733299999999986
E415N,0.4202689999999998
E415L,0.37776800000000016
E415K,0.30821300000000007
E415I,0.29046449999999996
E415H,0.23747850000000004
E415G,0.30996350000000034
E415F,0.38533749999999956
E415D,0.26806499999999994
E415C,0.24751650000000008
E415M,0.32415049999999995
L416D,0.304466
L416A,0.4455355000000008
L416R,0.538382999999999
L416W,0.3227510000000008
L416V,0.2804965000000005
L416T,0.3627575000000007
L416S,0.38621850000000046
L416Y,0.3645124999999997
L416Q,0.47845749999999926
L416P,0.35127249999999954
L416N,0.3660205000000001
L416M,0.25225300000000017
L416K,0.36064999999999986
L416I,0.44208299999999967
L416H,0.25893300000000036
L416G,0.3765560000000005
L416F,0.4419889999999991
L416E,0.32493850000000024
L416C,0.27140200000000025
L417Q,0.47845749999999926
L417P,0.35127249999999954
L417R,0.538382999999999
L417N,0.3660205000000001
L417T,0.3627575000000007
L417V,0.2804965000000005
L417S,0.38621850000000046
L417M,0.25225300000000017
L417A,0.4455355000000008
L417I,0.44208299999999967
L417H,0.25893300000000036
L417G,0.3765560000000005
L417F,0.4419889999999991
L417E,0.32493850000000024
L417D,0.304466
L417C,0.27140200000000025
L417W,0.3227510000000008
L417K,0.36064999999999986
L417Y,0.3645124999999997
K418W,0.3254950000000008
K418Y,0.36700799999999956
K418V,0.29841850000000053
K418T,0.3632920000000006
K418S,0.3733975000000004
K418R,0.530925999999999
K418Q,0.4708569999999993
K418P,0.34467199999999953
K418N,0.3634424999999999
K418L,0.3897639999999999
K418I,0.4340989999999996
K418H,0.2604660000000003
K418G,0.3759605000000005
K418F,0.43634049999999924
K418E,0.3221490000000003
K418D,0.30744200000000005
K418C,0.2643610000000001
K418A,0.43473750000000083
K418M,0.25983150000000005
M419C,0.27140200000000025
M419A,0.4445500000000008
M419Y,0.3645124999999997
M419W,0.3227510000000008
M419V,0.2804965000000005
M419T,0.3627575000000007
M419S,0.38621850000000046
M419Q,0.47845749999999926
M419P,0.35127249999999954
M419N,0.3660205000000001
M419R,0.538382999999999
M419K,0.36064999999999986
M419I,0.44208299999999967
M419H,0.25893300000000036
M419G,0.3765560000000005
M419F,0.4419889999999991
M419E,0.32493850000000024
M419D,0.304466
M419L,0.39090199999999997
W420P,0.4963485000000001
W420Y,0.4746854999999997
W420V,0.3170755000000002
W420T,0.4085705000000008
W420S,0.43550750000000027
W420R,0.7324584999999989
W420Q,0.6407164999999984
W420N,0.45546250000000016
W420M,0.30684349999999977
W420C,0.2767650000000007
W420K,0.4086835000000004
W420I,0.41257349999999976
W420H,0.21032100000000017
W420G,0.3728365000000007
W420F,0.4928149999999994
W420E,0.4135150000000003
W420D,0.3188849999999998
W420A,0.4423425000000006
W420L,0.4130454999999995
G421Q,0.5260315
G421R,0.4893979999999993
G421Y,0.3148084999999996
G421T,0.30737300000000056
G421V,0.19391049999999999
G421P,0.3843884999999998
G421S,0.3355279999999997
G421N,0.43471349999999975
G421E,0.2508484999999999
G421K,0.2937375
G421I,0.2745889999999999
G421H,0.2124604999999998
G421F,0.38542549999999937
G421D,0.2561384999999999
G421C,0.2443890000000001
G421A,0.44660450000000135
G421L,0.3960620000000003
G421W,0.24348500000000065
G421M,0.3126819999999997
E422C,0.24751650000000008
E422F,0.38533749999999956
E422G,0.30996350000000034
E422H,0.23747850000000004
E422I,0.29046449999999996
E422K,0.30821300000000007
E422L,0.37776800000000016
E422M,0.32415049999999995
E422D,0.26806499999999994
E422N,0.4202689999999998
E422Q,0.511618
E422R,0.5027414999999994
E422S,0.3583664999999999
E422T,0.3067325000000005
E422V,0.1969365
E422W,0.27385050000000066
E422Y,0.30003499999999955
E422P,0.37733299999999986
E422A,0.43193300000000107
E423C,0.24751650000000008
E423F,0.38533749999999956
E423Y,0.30003499999999955
E423W,0.27385050000000066
E423V,0.1969365
E423T,0.3067325000000005
E423S,0.3583664999999999
E423R,0.5027414999999994
E423A,0.43193300000000107
E423Q,0.511618
E423N,0.4202689999999998
E423M,0.32415049999999995
E423L,0.37776800000000016
E423K,0.30821300000000007
E423I,0.29046449999999996
E423H,0.23747850000000004
E423G,0.30996350000000034
E423P,0.37733299999999986
E423D,0.26806499999999994
L424W,0.3227510000000008
L424Y,0.3645124999999997
L424A,0.4455355000000008
L424V,0.2804965000000005
L424T,0.3627575000000007
L424S,0.38621850000000046
L424R,0.538382999999999
L424P,0.35127249999999954
L424N,0.3660205000000001
L424M,0.25225300000000017
L424Q,0.47845749999999926
L424I,0.44208299999999967
L424H,0.25893300000000036
L424G,0.3765560000000005
L424F,0.4419889999999991
L424E,0.32493850000000024
L424D,0.304466
L424C,0.27140200000000025
L424K,0.36064999999999986
T425K,0.40616750000000046
T425I,0.40997349999999977
T425H,0.21203950000000016
T425A,0.44236900000000057
T425F,0.4928149999999994
T425E,0.41447650000000036
T425L,0.4094689999999995
T425G,0.3728365000000007
T425M,0.30515999999999976
T425Y,0.47389349999999975
T425P,0.4967230000000001
T425Q,0.6402964999999984
T425R,0.7305559999999989
T425S,0.4341160000000003
T425V,0.3167785000000001
T425W,0.4248964999999997
T425C,0.27329850000000067
T425N,0.45749850000000014
T425D,0.3190974999999998
S426C,0.23441800000000051
S426A,0.43480350000000034
S426Q,0.6496314999999981
S426W,0.4700190000000003
S426V,0.3179805
S426T,0.42203350000000095
S426R,0.7395599999999988
S426P,0.4700690000000003
S426N,0.4848115000000004
S426Y,0.4678984999999998
S426M,0.32026149999999964
S426K,0.4187390000000006
S426I,0.3948689999999996
S426H,0.21721400000000038
S426G,0.39926200000000106
S426F,0.5317294999999992
S426E,0.4540780000000001
S426D,0.31724699999999967
S426L,0.3549495000000001
E427H,0.23747850000000004
E427G,0.30996350000000034
E427F,0.38533749999999956
E427Y,0.30003499999999955
E427C,0.24751650000000008
E427A,0.43193300000000107
E427I,0.29046449999999996
E427D,0.26806499999999994
E427K,0.30821300000000007
E427V,0.1969365
E427M,0.32415049999999995
E427N,0.4202689999999998
E427P,0.37733299999999986
E427Q,0.511618
E427R,0.5027414999999994
E427S,0.3583664999999999
E427T,0.3067325000000005
E427W,0.27385050000000066
E427L,0.37776800000000016
E428A,0.43193300000000107
E428C,0.24751650000000008
E428R,0.5027414999999994
E428W,0.27385050000000066
E428Y,0.30003499999999955
E428V,0.1969365
E428T,0.3067325000000005
E428S,0.3583664999999999
E428Q,0.511618
E428P,0.37733299999999986
E428N,0.4202689999999998
E428L,0.37776800000000016
E428K,0.30821300000000007
E428I,0.29046449999999996
E428H,0.23747850000000004
E428G,0.30996350000000034
E428F,0.38533749999999956
E428D,0.26806499999999994
E428M,0.32415049999999995
S429F,0.5317294999999992
S429G,0.39926200000000106
S429E,0.4540780000000001
S429W,0.4700190000000003
S429C,0.23441800000000051
S429A,0.43480350000000034
S429H,0.21721400000000038
S429D,0.31724699999999967
S429I,0.3948689999999996
S429P,0.4700690000000003
S429L,0.3549495000000001
S429K,0.4187390000000006
S429V,0.3179805
S429T,0.42203350000000095
S429R,0.7395599999999988
S429Y,0.4678984999999998
S429N,0.4848115000000004
S429M,0.32026149999999964
S429Q,0.6496314999999981
V430N,0.45546250000000016
V430Y,0.4746854999999997
V430W,0.4227499999999997
V430T,0.4085705000000008
V430S,0.43550750000000027
V430R,0.7324584999999989
V430Q,0.6407164999999984
V430P,0.4963485000000001
V430M,0.30684349999999977
V430C,0.2767650000000007
V430K,0.4086835000000004
V430L,0.4130454999999995
V430D,0.3188849999999998
V430E,0.4135150000000003
V430A,0.4423425000000006
V430G,0.3728365000000007
V430H,0.21032100000000017
V430I,0.41257349999999976
V430F,0.4928149999999994
F431T,0.30454350000000047
F431M,0.32379649999999993
F431S,0.35332849999999977
F431R,0.5037679999999994
F431Q,0.49437
F431P,0.3608579999999997
F431N,0.4202884999999999
F431L,0.37838600000000006
F431G,0.3021890000000003
F431I,0.28485449999999995
F431H,0.23943650000000002
F431E,0.25625800000000004
F431D,0.2486044999999998
F431C,0.24254750000000005
F431Y,0.3009744999999995
F431W,0.27549100000000065
F431K,0.29190799999999995
F431V,0.1954685
F431A,0.42729750000000116
E432A,0.43193300000000107
E432Y,0.30003499999999955
E432W,0.27385050000000066
E432V,0.1969365
E432T,0.3067325000000005
E432S,0.3583664999999999
E432R,0.5027414999999994
E432Q,0.511618
E432P,0.37733299999999986
E432C,0.24751650000000008
E432M,0.32415049999999995
E432D,0.26806499999999994
E432F,0.38533749999999956
E432G,0.30996350000000034
E432N,0.4202689999999998
E432I,0.29046449999999996
E432K,0.30821300000000007
E432L,0.37776800000000016
E432H,0.23747850000000004
V433I,0.41257349999999976
V433C,0.2767650000000007
V433D,0.3188849999999998
V433E,0.4135150000000003
V433F,0.4928149999999994
V433G,0.3728365000000007
V433H,0.21032100000000017
V433A,0.4423425000000006
V433K,0.4086835000000004
V433M,0.30684349999999977
V433L,0.4130454999999995
V433Y,0.4746854999999997
V433W,0.4227499999999997
V433T,0.4085705000000008
V433Q,0.6407164999999984
V433R,0.7324584999999989
V433P,0.4963485000000001
V433N,0.45546250000000016
V433S,0.43550750000000027
F434L,0.37838600000000006
F434C,0.24254750000000005
F434D,0.2486044999999998
F434E,0.25625800000000004
F434G,0.3021890000000003
F434H,0.23943650000000002
F434I,0.28485449999999995
F434K,0.29190799999999995
F434A,0.42729750000000116
F434M,0.32379649999999993
F434P,0.3608579999999997
F434Q,0.49437
F434R,0.5037679999999994
F434S,0.35332849999999977
F434T,0.30454350000000047
F434V,0.1954685
F434W,0.27549100000000065
F434Y,0.3009744999999995
F434N,0.4202884999999999
V435D,0.3188849999999998
V435Y,0.4746854999999997
V435W,0.4227499999999997
V435T,0.4085705000000008
V435S,0.43550750000000027
V435R,0.7324584999999989
V435Q,0.6407164999999984
V435L,0.4130454999999995
V435N,0.45546250000000016
V435M,0.30684349999999977
V435C,0.2767650000000007
V435K,0.4086835000000004
V435I,0.41257349999999976
V435H,0.21032100000000017
V435G,0.3728365000000007
V435P,0.4963485000000001
V435A,0.4423425000000006
V435E,0.4135150000000003
V435F,0.4928149999999994
L436W,0.3227510000000008
L436C,0.27140200000000025
L436D,0.304466
L436E,0.32493850000000024
L436F,0.4419889999999991
L436G,0.3765560000000005
L436H,0.25893300000000036
L436Y,0.3645124999999997
L436I,0.44208299999999967
L436M,0.25225300000000017
L436N,0.3660205000000001
L436P,0.35127249999999954
L436Q,0.47845749999999926
L436R,0.538382999999999
L436T,0.3627575000000007
L436V,0.2804965000000005
L436K,0.36064999999999986
L436S,0.38621850000000046
L436A,0.4455355000000008
Y437W,0.40688349999999973
Y437D,0.31197699999999984
Y437E,0.39650250000000026
Y437F,0.5055929999999994
Y437G,0.37184300000000065
Y437H,0.20448350000000018
Y437I,0.3860294999999998
Y437K,0.3897670000000004
Y437L,0.3924154999999996
Y437M,0.2871819999999998
Y437N,0.43473250000000013
Y437P,0.4690620000000002
Y437Q,0.6119624999999986
Y437R,0.6994609999999989
Y437S,0.41647900000000027
Y437T,0.39652050000000083
Y437C,0.2682060000000006
Y437V,0.30716800000000005
Y437A,0.4229975000000005
L438Y,0.3645124999999997
L438E,0.32493850000000024
L438F,0.4419889999999991
L438G,0.3765560000000005
L438H,0.25893300000000036
L438I,0.44208299999999967
L438K,0.36064999999999986
L438M,0.25225300000000017
L438N,0.3660205000000001
L438P,0.35127249999999954
L438Q,0.47845749999999926
L438R,0.538382999999999
L438S,0.38621850000000046
L438T,0.3627575000000007
L438V,0.2804965000000005
L438W,0.3227510000000008
L438A,0.4455355000000008
L438D,0.304466
L438C,0.27140200000000025
S439Y,0.4678984999999998
S439T,0.42203350000000095
S439R,0.7395599999999988
S439Q,0.6496314999999981
S439P,0.4700690000000003
S439N,0.4848115000000004
S439M,0.32026149999999964
S439L,0.3549495000000001
S439V,0.3179805
S439K,0.4187390000000006
S439H,0.21721400000000038
S439G,0.39926200000000106
S439F,0.5317294999999992
S439E,0.4540780000000001
S439D,0.31724699999999967
S439C,0.23441800000000051
S439A,0.43480350000000034
S439I,0.3948689999999996
S439W,0.4700190000000003
G440C,0.2443890000000001
G440Y,0.3148084999999996
G440T,0.30737300000000056
G440S,0.3355279999999997
G440R,0.4893979999999993
G440Q,0.5260315
G440P,0.3843884999999998
G440N,0.43471349999999975
G440V,0.19391049999999999
G440A,0.44660450000000135
G440L,0.3960620000000003
G440K,0.2937375
G440I,0.2745889999999999
G440H,0.2124604999999998
G440F,0.38542549999999937
G440E,0.2508484999999999
G440M,0.3126819999999997
G440W,0.24348500000000065
G440D,0.2561384999999999
E441W,0.27385050000000066
E441T,0.3067325000000005
E441S,0.3583664999999999
E441R,0.5027414999999994
E441Q,0.511618
E441P,0.37733299999999986
E441N,0.4202689999999998
E441M,0.32415049999999995
E441Y,0.30003499999999955
E441L,0.37776800000000016
E441I,0.29046449999999996
E441H,0.23747850000000004
E441G,0.30996350000000034
E441F,0.38533749999999956
E441D,0.26806499999999994
E441C,0.24751650000000008
E441A,0.43193300000000107
E441K,0.30821300000000007
E441V,0.1969365
P442I,0.3741894999999997
P442C,0.2606825000000008
P442W,0.468864
P442V,0.3267895000000001
P442T,0.4248795000000014
P442S,0.47100000000000036
P442R,0.790646999999999
P442Q,0.6751354999999983
P442A,0.42870700000000056
P442N,0.48263400000000045
P442L,0.40334299999999973
P442H,0.22861700000000038
P442G,0.41942550000000056
P442F,0.5977434999999981
P442E,0.4238775
P442D,0.34727500000000033
P442M,0.31154249999999967
P442Y,0.48353750000000006
P442K,0.3851595000000008
N443M,0.31177349999999965
N443Y,0.482424
N443C,0.2629955000000008
N443V,0.32543450000000024
N443T,0.4220455000000014
N443S,0.4674060000000004
N443R,0.7862874999999989
N443W,0.4682535000000001
N443Q,0.6707759999999984
N443D,0.34866150000000035
N443L,0.40217899999999973
N443K,0.3839955000000008
N443I,0.3767339999999997
N443H,0.2294535000000004
N443G,0.4204305000000005
N443P,0.5035475000000003
N443F,0.597171999999998
N443A,0.42801200000000056
N443E,0.4212200000000002
R444D,0.31598649999999967
R444E,0.45303200000000016
R444F,0.5317294999999992
R444G,0.39926200000000106
R444H,0.21623300000000037
R444I,0.3936159999999995
R444W,0.47201850000000023
R444V,0.31998
R444M,0.3227724999999997
R444N,0.48793900000000046
R444P,0.47208400000000034
R444Q,0.6534324999999981
R444S,0.42405700000000013
R444T,0.422741000000001
R444L,0.3517875000000001
R444K,0.42028400000000055
R444A,0.43343150000000036
R444Y,0.46803099999999986
R444C,0.23032900000000045
N445Q,0.6707759999999984
N445P,0.5035475000000003
N445M,0.31177349999999965
N445L,0.40217899999999973
N445K,0.3839955000000008
N445I,0.3767339999999997
N445H,0.2294535000000004
N445G,0.4204305000000005
N445F,0.597171999999998
N445D,0.34866150000000035
N445C,0.2629955000000008
N445A,0.42801200000000056
N445T,0.4220455000000014
N445V,0.32543450000000024
N445W,0.4682535000000001
N445Y,0.482424
N445E,0.4212200000000002
N445R,0.7862874999999989
N445S,0.4674060000000004
G446L,0.3960620000000003
G446H,0.2124604999999998
G446I,0.2745889999999999
G446K,0.2937375
G446D,0.2561384999999999
G446M,0.3126819999999997
G446N,0.43471349999999975
G446P,0.3843884999999998
G446Q,0.5260315
G446R,0.4893979999999993
G446S,0.3355279999999997
G446T,0.30737300000000056
G446V,0.19391049999999999
G446W,0.24348500000000065
G446Y,0.3148084999999996
G446C,0.2443890000000001
G446A,0.44660450000000135
G446E,0.2508484999999999
G446F,0.38542549999999937
H447W,0.24379950000000064
H447V,0.19605300000000003
H447T,0.30729350000000066
H447S,0.3362404999999998
H447R,0.4960014999999992
H447Q,0.5148395
H447D,0.2640774999999999
H447L,0.3869145000000001
H447K,0.2900679999999999
H447I,0.2723014999999998
H447G,0.3064220000000002
H447F,0.3973309999999994
H447E,0.2796995000000001
H447N,0.4281174999999998
H447P,0.38502099999999984
H447M,0.3079224999999997
H447C,0.24643000000000012
H447Y,0.30946749999999973
H447A,0.44315950000000115
K448F,0.43634049999999924
K448Y,0.36700799999999956
K448C,0.2643610000000001
K448A,0.43473750000000083
K448W,0.3254950000000008
K448V,0.29841850000000053
K448T,0.3632920000000006
K448S,0.3733975000000004
K448R,0.530925999999999
K448Q,0.4708569999999993
K448E,0.3221490000000003
K448N,0.3634424999999999
K448M,0.25983150000000005
K448L,0.3897639999999999
K448I,0.4340989999999996
K448H,0.2604660000000003
K448G,0.3759605000000005
K448D,0.30744200000000005
K448P,0.34467199999999953
V449F,0.4928149999999994
V449P,0.4963485000000001
V449T,0.4085705000000008
V449D,0.3188849999999998
V449C,0.2767650000000007
V449A,0.4423425000000006
V449S,0.43550750000000027
V449R,0.7324584999999989
V449Q,0.6407164999999984
V449W,0.4227499999999997
V449Y,0.4746854999999997
V449M,0.30684349999999977
V449E,0.4135150000000003
V449L,0.4130454999999995
V449K,0.4086835000000004
V449I,0.41257349999999976
V449H,0.21032100000000017
V449G,0.3728365000000007
V449N,0.45546250000000016
T450E,0.41447650000000036
T450W,0.4248964999999997
T450D,0.3190974999999998
T450S,0.4341160000000003
T450R,0.7305559999999989
T450Q,0.6402964999999984
T450P,0.4967230000000001
T450N,0.45749850000000014
T450M,0.30515999999999976
T450K,0.40616750000000046
T450I,0.40997349999999977
T450H,0.21203950000000016
T450G,0.3728365000000007
T450F,0.4928149999999994
T450V,0.3167785000000001
T450L,0.4094689999999995
T450Y,0.47389349999999975
T450C,0.27329850000000067
T450A,0.44236900000000057
C451F,0.3909999999999995
C451G,0.3102045000000003
C451H,0.22997800000000004
C451I,0.30182250000000005
C451K,0.32357800000000014
C451L,0.3842265000000002
C451M,0.32476749999999993
C451N,0.4268094999999997
C451P,0.3776044999999999
C451Q,0.5238885000000001
C451R,0.5052579999999993
C451S,0.3617355
C451T,0.31162750000000056
C451V,0.20283900000000002
C451W,0.2608280000000007
C451D,0.2755424999999999
C451A,0.432167000000001
C451Y,0.29853949999999957
C451E,0.29887100000000005
L452A,0.4455355000000008
L452C,0.27140200000000025
L452E,0.32493850000000024
L452F,0.4419889999999991
L452G,0.3765560000000005
L452H,0.25893300000000036
L452I,0.44208299999999967
L452K,0.36064999999999986
L452M,0.25225300000000017
L452D,0.304466
L452N,0.3660205000000001
L452P,0.35127249999999954
L452Q,0.47845749999999926
L452R,0.538382999999999
L452S,0.38621850000000046
L452T,0.3627575000000007
L452Y,0.3645124999999997
L452W,0.3227510000000008
L452V,0.2804965000000005
P453C,0.2606825000000008
P453A,0.42870700000000056
P453E,0.4238775
P453Y,0.48353750000000006
P453W,0.468864
P453V,0.3267895000000001
P453T,0.4248795000000014
P453S,0.47100000000000036
P453R,0.790646999999999
P453Q,0.6751354999999983
P453N,0.48263400000000045
P453M,0.31154249999999967
P453L,0.40334299999999973
P453K,0.3851595000000008
P453I,0.3741894999999997
P453H,0.22861700000000038
P453G,0.41942550000000056
P453F,0.5977434999999981
P453D,0.34727500000000033
W454Y,0.4746854999999997
W454C,0.2767650000000007
W454T,0.4085705000000008
W454D,0.3188849999999998
W454E,0.4135150000000003
W454F,0.4928149999999994
W454G,0.3728365000000007
W454H,0.21032100000000017
W454I,0.41257349999999976
W454V,0.3170755000000002
W454K,0.4086835000000004
W454A,0.4423425000000006
W454N,0.45546250000000016
W454P,0.4963485000000001
W454Q,0.6407164999999984
W454R,0.7324584999999989
W454S,0.43550750000000027
W454L,0.4130454999999995
W454M,0.30684349999999977
N455Y,0.482424
N455E,0.4212200000000002
N455C,0.2629955000000008
N455V,0.32543450000000024
N455T,0.4220455000000014
N455S,0.4674060000000004
N455R,0.7862874999999989
N455Q,0.6707759999999984
N455D,0.34866150000000035
N455P,0.5035475000000003
N455L,0.40217899999999973
N455K,0.3839955000000008
N455I,0.3767339999999997
N455H,0.2294535000000004
N455G,0.4204305000000005
N455F,0.597171999999998
N455W,0.4682535000000001
N455M,0.31177349999999965
N455A,0.42801200000000056
D456N,0.4235524999999997
D456Y,0.29911999999999955
D456W,0.2667355000000007
D456V,0.2013235
D456S,0.3609115
D456R,0.5043429999999993
D456Q,0.5245930000000001
D456P,0.3787444999999999
D456M,0.3237719999999999
D456T,0.3101445000000005
D456K,0.32025900000000007
D456I,0.29703050000000003
D456H,0.23668150000000007
D456G,0.31385000000000035
D456F,0.3932349999999994
D456E,0.30568850000000014
D456C,0.25336400000000014
D456A,0.43240900000000104
D456L,0.37979600000000013
E457D,0.26806499999999994
E457F,0.38533749999999956
E457G,0.30996350000000034
E457H,0.23747850000000004
E457I,0.29046449999999996
E457K,0.30821300000000007
E457P,0.37733299999999986
E457M,0.32415049999999995
E457N,0.4202689999999998
E457T,0.3067325000000005
E457S,0.3583664999999999
E457C,0.24751650000000008
E457Q,0.511618
E457L,0.37776800000000016
E457A,0.43193300000000107
E457R,0.5027414999999994
E457W,0.27385050000000066
E457Y,0.30003499999999955
E457V,0.1969365
P458T,0.4248795000000014
P458A,0.42870700000000056
P458C,0.2606825000000008
P458D,0.34727500000000033
P458E,0.4238775
P458F,0.5977434999999981
P458G,0.41942550000000056
P458V,0.3267895000000001
P458H,0.22861700000000038
P458W,0.468864
P458M,0.31154249999999967
P458N,0.48263400000000045
P458Q,0.6751354999999983
P458R,0.790646999999999
P458S,0.47100000000000036
P458I,0.3741894999999997
P458K,0.3851595000000008
P458L,0.40334299999999973
P458Y,0.48353750000000006
L459W,0.3227510000000008
L459V,0.2804965000000005
L459T,0.3627575000000007
L459S,0.38621850000000046
L459R,0.538382999999999
L459Q,0.47845749999999926
L459P,0.35127249999999954
L459N,0.3660205000000001
L459Y,0.3645124999999997
L459A,0.4455355000000008
L459K,0.36064999999999986
L459I,0.44208299999999967
L459H,0.25893300000000036
L459G,0.3765560000000005
L459F,0.4419889999999991
L459E,0.32493850000000024
L459D,0.304466
L459C,0.27140200000000025
L459M,0.25225300000000017
A460K,0.3070860000000001
A460I,0.2912825
A460N,0.42248549999999974
A460E,0.285949
A460D,0.2674744999999999
A460V,0.20218500000000006
A460T,0.3103800000000006
A460S,0.3657525
A460R,0.5064869999999995
A460Q,0.5066775
A460P,0.3712099999999998
A460Y,0.29845449999999957
A460M,0.31519199999999975
A460C,0.26654550000000016
A460L,0.37880550000000013
A460F,0.3915649999999994
A460G,0.30399600000000027
A460H,0.2230404999999999
A460W,0.2577250000000007
A461D,0.2674744999999999
A461Y,0.29845449999999957
A461W,0.2577250000000007
A461N,0.42248549999999974
A461E,0.285949
A461Q,0.5066775
A461C,0.26654550000000016
A461R,0.5064869999999995
A461T,0.3103800000000006
A461V,0.20218500000000006
A461P,0.3712099999999998
A461S,0.3657525
A461L,0.37880550000000013
A461K,0.3070860000000001
A461I,0.2912825
A461H,0.2230404999999999
A461G,0.30399600000000027
A461F,0.3915649999999994
A461M,0.31519199999999975
E462Q,0.511618
E462R,0.5027414999999994
E462S,0.3583664999999999
E462A,0.43193300000000107
E462C,0.24751650000000008
E462D,0.26806499999999994
E462F,0.38533749999999956
E462H,0.23747850000000004
E462G,0.30996350000000034
E462K,0.30821300000000007
E462L,0.37776800000000016
E462M,0.32415049999999995
E462N,0.4202689999999998
E462P,0.37733299999999986
E462Y,0.30003499999999955
E462W,0.27385050000000066
E462V,0.1969365
E462I,0.29046449999999996
E462T,0.3067325000000005
T463I,0.40997349999999977
T463H,0.21203950000000016
T463D,0.3190974999999998
T463E,0.41447650000000036
T463K,0.40616750000000046
T463G,0.3728365000000007
T463L,0.4094689999999995
T463F,0.4928149999999994
T463N,0.45749850000000014
T463Y,0.47389349999999975
T463M,0.30515999999999976
T463W,0.4248964999999997
T463C,0.27329850000000067
T463V,0.3167785000000001
T463S,0.4341160000000003
T463R,0.7305559999999989
T463P,0.4967230000000001
T463Q,0.6402964999999984
T463A,0.44236900000000057
S464A,0.43480350000000034
S464C,0.23441800000000051
S464D,0.31724699999999967
S464E,0.4540780000000001
S464F,0.5317294999999992
S464G,0.39926200000000106
S464H,0.21721400000000038
S464I,0.3948689999999996
S464L,0.3549495000000001
S464M,0.32026149999999964
S464N,0.4848115000000004
S464Q,0.6496314999999981
S464R,0.7395599999999988
S464T,0.42203350000000095
S464V,0.3179805
S464Y,0.4678984999999998
S464W,0.4700190000000003
S464K,0.4187390000000006
S464P,0.4700690000000003
L465A,0.4455355000000008
L465F,0.4419889999999991
L465G,0.3765560000000005
L465E,0.32493850000000024
L465D,0.304466
L465C,0.27140200000000025
L465H,0.25893300000000036
L465K,0.36064999999999986
L465M,0.25225300000000017
L465N,0.3660205000000001
L465I,0.44208299999999967
L465Q,0.47845749999999926
L465R,0.538382999999999
L465Y,0.3645124999999997
L465W,0.3227510000000008
L465S,0.38621850000000046
L465V,0.2804965000000005
L465T,0.3627575000000007
L465P,0.35127249999999954
L466V,0.2804965000000005
L466W,0.3227510000000008
L466D,0.304466
L466E,0.32493850000000024
L466F,0.4419889999999991
L466I,0.44208299999999967
L466H,0.25893300000000036
L466K,0.36064999999999986
L466M,0.25225300000000017
L466N,0.3660205000000001
L466P,0.35127249999999954
L466R,0.538382999999999
L466S,0.38621850000000046
L466T,0.3627575000000007
L466G,0.3765560000000005
L466Q,0.47845749999999926
L466Y,0.3645124999999997
L466A,0.4455355000000008
L466C,0.27140200000000025
K467S,0.3733975000000004
K467Y,0.36700799999999956
K467W,0.3254950000000008
K467V,0.29841850000000053
K467T,0.3632920000000006
K467R,0.530925999999999
K467Q,0.4708569999999993
K467P,0.34467199999999953
K467N,0.3634424999999999
K467M,0.25983150000000005
K467L,0.3897639999999999
K467A,0.43473750000000083
K467H,0.2604660000000003
K467G,0.3759605000000005
K467F,0.43634049999999924
K467E,0.3221490000000003
K467D,0.30744200000000005
K467C,0.2643610000000001
K467I,0.4340989999999996
E468D,0.26806499999999994
E468F,0.38533749999999956
E468G,0.30996350000000034
E468Y,0.30003499999999955
E468W,0.27385050000000066
E468V,0.1969365
E468T,0.3067325000000005
E468S,0.3583664999999999
E468N,0.4202689999999998
E468Q,0.511618
E468P,0.37733299999999986
E468M,0.32415049999999995
E468L,0.37776800000000016
E468K,0.30821300000000007
E468H,0.23747850000000004
E468I,0.29046449999999996
E468A,0.43193300000000107
E468R,0.5027414999999994
E468C,0.24751650000000008
E469I,0.29046449999999996
E469A,0.43193300000000107
E469V,0.1969365
E469T,0.3067325000000005
E469S,0.3583664999999999
E469Q,0.511618
E469P,0.37733299999999986
E469N,0.4202689999999998
E469W,0.27385050000000066
E469M,0.32415049999999995
E469K,0.30821300000000007
E469H,0.23747850000000004
E469G,0.30996350000000034
E469F,0.38533749999999956
E469D,0.26806499999999994
E469C,0.24751650000000008
E469L,0.37776800000000016
E469Y,0.30003499999999955
E469R,0.5027414999999994
L470E,0.32493850000000024
L470A,0.4455355000000008
L470C,0.27140200000000025
L470Y,0.3645124999999997
L470W,0.3227510000000008
L470D,0.304466
L470T,0.3627575000000007
L470S,0.38621850000000046
L470R,0.538382999999999
L470Q,0.47845749999999926
L470V,0.2804965000000005
L470N,0.3660205000000001
L470F,0.4419889999999991
L470P,0.35127249999999954
L470H,0.25893300000000036
L470G,0.3765560000000005
L470K,0.36064999999999986
L470M,0.25225300000000017
L470I,0.44208299999999967
L471P,0.35127249999999954
L471C,0.27140200000000025
L471Y,0.3645124999999997
L471W,0.3227510000000008
L471V,0.2804965000000005
L471T,0.3627575000000007
L471S,0.38621850000000046
L471R,0.538382999999999
L471Q,0.47845749999999926
L471N,0.3660205000000001
L471A,0.4455355000000008
L471K,0.36064999999999986
L471I,0.44208299999999967
L471H,0.25893300000000036
L471G,0.3765560000000005
L471F,0.4419889999999991
L471E,0.32493850000000024
L471D,0.304466
L471M,0.25225300000000017
R472Y,0.46803099999999986
R472W,0.47201850000000023
R472V,0.31998
R472T,0.422741000000001
R472Q,0.6534324999999981
R472P,0.47208400000000034
R472N,0.48793900000000046
R472M,0.3227724999999997
R472S,0.42405700000000013
R472K,0.42028400000000055
R472L,0.3517875000000001
R472A,0.43343150000000036
R472D,0.31598649999999967
R472E,0.45303200000000016
R472C,0.23032900000000045
R472G,0.39926200000000106
R472H,0.21623300000000037
R472I,0.3936159999999995
R472F,0.5317294999999992
V473T,0.4085705000000008
V473S,0.43550750000000027
V473R,0.7324584999999989
V473Q,0.6407164999999984
V473P,0.4963485000000001
V473N,0.45546250000000016
V473M,0.30684349999999977
V473H,0.21032100000000017
V473K,0.4086835000000004
V473I,0.41257349999999976
V473G,0.3728365000000007
V473F,0.4928149999999994
V473E,0.4135150000000003
V473D,0.3188849999999998
V473W,0.4227499999999997
V473L,0.4130454999999995
V473Y,0.4746854999999997
V473C,0.2767650000000007
V473A,0.4423425000000006
N474A,0.42801200000000056
N474Y,0.482424
N474W,0.4682535000000001
N474V,0.32543450000000024
N474T,0.4220455000000014
N474S,0.4674060000000004
N474Q,0.6707759999999984
N474P,0.5035475000000003
N474M,0.31177349999999965
N474L,0.40217899999999973
N474K,0.3839955000000008
N474I,0.3767339999999997
N474H,0.2294535000000004
N474G,0.4204305000000005
N474F,0.597171999999998
N474E,0.4212200000000002
N474D,0.34866150000000035
N474C,0.2629955000000008
N474R,0.7862874999999989
R475M,0.3227724999999997
R475Y,0.46803099999999986
R475C,0.23032900000000045
R475D,0.31598649999999967
R475E,0.45303200000000016
R475F,0.5317294999999992
R475G,0.39926200000000106
R475H,0.21623300000000037
R475I,0.3936159999999995
R475K,0.42028400000000055
R475L,0.3517875000000001
R475N,0.48793900000000046
R475P,0.47208400000000034
R475Q,0.6534324999999981
R475S,0.42405700000000013
R475T,0.422741000000001
R475V,0.31998
R475A,0.43343150000000036
R475W,0.47201850000000023
Q476Y,0.482719
Q476L,0.4011709999999998
Q476D,0.3461715000000003
Q476E,0.42515650000000016
Q476F,0.5939784999999982
Q476G,0.4194535000000005
Q476H,0.22950750000000042
Q476I,0.37582599999999966
Q476K,0.3862960000000008
Q476C,0.2584840000000008
Q476A,0.4264820000000006
Q476N,0.48298950000000046
Q476P,0.5042865000000003
Q476R,0.788995999999999
Q476S,0.46934900000000035
Q476T,0.4252100000000014
Q476V,0.3267220000000002
Q476W,0.470285
Q476M,0.3113014999999997
G477A,0.44660450000000135
G477W,0.24348500000000065
G477T,0.30737300000000056
G477R,0.4893979999999993
G477Q,0.5260315
G477P,0.3843884999999998
G477N,0.43471349999999975
G477M,0.3126819999999997
G477L,0.3960620000000003
G477K,0.2937375
G477S,0.3355279999999997
G477Y,0.3148084999999996
G477I,0.2745889999999999
G477H,0.2124604999999998
G477F,0.38542549999999937
G477E,0.2508484999999999
G477D,0.2561384999999999
G477C,0.2443890000000001
G477V,0.19391049999999999
I478W,0.2894670000000007
I478C,0.24963000000000019
I478V,0.25764250000000033
I478T,0.3353270000000006
I478S,0.35216349999999996
I478R,0.530925499999999
I478Q,0.5250559999999997
I478P,0.3776674999999997
I478N,0.4185599999999999
I478M,0.2960154999999998
I478K,0.3213675
I478H,0.22981799999999994
I478G,0.34179850000000045
I478F,0.4207904999999993
I478E,0.29315500000000017
I478D,0.2874515
I478A,0.439602000000001
I478L,0.3944055000000001
I478Y,0.3465124999999996
L479D,0.304466
L479A,0.4455355000000008
L479F,0.4419889999999991
L479G,0.3765560000000005
L479H,0.25893300000000036
L479I,0.44208299999999967
L479K,0.36064999999999986
L479M,0.25225300000000017
L479C,0.27140200000000025
L479N,0.3660205000000001
L479Q,0.47845749999999926
L479R,0.538382999999999
L479S,0.38621850000000046
L479T,0.3627575000000007
L479V,0.2804965000000005
L479W,0.3227510000000008
L479Y,0.3645124999999997
L479P,0.35127249999999954
L479E,0.32493850000000024
T480S,0.4341160000000003
T480A,0.44236900000000057
T480R,0.7305559999999989
T480Q,0.6402964999999984
T480P,0.4967230000000001
T480N,0.45749850000000014
T480M,0.30515999999999976
T480L,0.4094689999999995
T480Y,0.47389349999999975
T480K,0.40616750000000046
T480H,0.21203950000000016
T480G,0.3728365000000007
T480F,0.4928149999999994
T480E,0.41447650000000036
T480D,0.3190974999999998
T480C,0.27329850000000067
T480I,0.40997349999999977
T480W,0.4248964999999997
T480V,0.3167785000000001
I481V,0.25764250000000033
I481R,0.530925499999999
I481Q,0.5250559999999997
I481P,0.3776674999999997
I481N,0.4185599999999999
I481M,0.2960154999999998
I481L,0.3944055000000001
I481K,0.3213675
I481S,0.35216349999999996
I481H,0.22981799999999994
I481F,0.4207904999999993
I481E,0.29315500000000017
I481D,0.2874515
I481C,0.24963000000000019
I481A,0.439602000000001
I481Y,0.3465124999999996
I481W,0.2894670000000007
I481G,0.34179850000000045
I481T,0.3353270000000006
N482E,0.4212200000000002
N482Y,0.482424
N482F,0.597171999999998
N482G,0.4204305000000005
N482H,0.2294535000000004
N482I,0.3767339999999997
N482K,0.3839955000000008
N482L,0.40217899999999973
N482D,0.34866150000000035
N482M,0.31177349999999965
N482Q,0.6707759999999984
N482R,0.7862874999999989
N482S,0.4674060000000004
N482T,0.4220455000000014
N482V,0.32543450000000024
N482W,0.4682535000000001
N482P,0.5035475000000003
N482C,0.2629955000000008
N482A,0.42801200000000056
S483M,0.32026149999999964
S483C,0.23441800000000051
S483W,0.4700190000000003
S483V,0.3179805
S483T,0.42203350000000095
S483R,0.7395599999999988
S483Q,0.6496314999999981
S483P,0.4700690000000003
S483N,0.4848115000000004
S483A,0.43480350000000034
S483L,0.3549495000000001
S483K,0.4187390000000006
S483I,0.3948689999999996
S483H,0.21721400000000038
S483G,0.39926200000000106
S483F,0.5317294999999992
S483E,0.4540780000000001
S483D,0.31724699999999967
S483Y,0.4678984999999998
Q484W,0.470285
Q484Y,0.482719
Q484F,0.5939784999999982
Q484D,0.3461715000000003
Q484E,0.42515650000000016
Q484G,0.4194535000000005
Q484H,0.22950750000000042
Q484I,0.37582599999999966
Q484K,0.3862960000000008
Q484A,0.4264820000000006
Q484L,0.4011709999999998
Q484N,0.48298950000000046
Q484P,0.5042865000000003
Q484R,0.788995999999999
Q484S,0.46934900000000035
Q484T,0.4252100000000014
Q484V,0.3267220000000002
Q484M,0.3113014999999997
Q484C,0.2584840000000008
P485W,0.468864
P485V,0.3267895000000001
P485C,0.2606825000000008
P485T,0.4248795000000014
P485S,0.47100000000000036
P485R,0.790646999999999
P485A,0.42870700000000056
P485N,0.48263400000000045
P485M,0.31154249999999967
P485L,0.40334299999999973
P485Q,0.6751354999999983
P485I,0.3741894999999997
P485K,0.3851595000000008
P485Y,0.48353750000000006
P485D,0.34727500000000033
P485G,0.41942550000000056
P485F,0.5977434999999981
P485H,0.22861700000000038
P485E,0.4238775
N486K,0.3839955000000008
N486A,0.42801200000000056
N486D,0.34866150000000035
N486E,0.4212200000000002
N486F,0.597171999999998
N486G,0.4204305000000005
N486H,0.2294535000000004
N486I,0.3767339999999997
N486C,0.2629955000000008
N486L,0.40217899999999973
N486P,0.5035475000000003
N486Q,0.6707759999999984
N486R,0.7862874999999989
N486S,0.4674060000000004
N486T,0.4220455000000014
N486V,0.32543450000000024
N486W,0.4682535000000001
N486Y,0.482424
N486M,0.31177349999999965
I487D,0.2874515
I487E,0.29315500000000017
I487F,0.4207904999999993
I487H,0.22981799999999994
I487K,0.3213675
I487L,0.3944055000000001
I487M,0.2960154999999998
I487R,0.530925499999999
I487P,0.3776674999999997
I487Q,0.5250559999999997
I487C,0.24963000000000019
I487S,0.35216349999999996
I487T,0.3353270000000006
I487V,0.25764250000000033
I487W,0.2894670000000007
I487N,0.4185599999999999
I487A,0.439602000000001
I487G,0.34179850000000045
I487Y,0.3465124999999996
N488A,0.42801200000000056
N488C,0.2629955000000008
N488Y,0.482424
N488D,0.34866150000000035
N488E,0.4212200000000002
N488F,0.597171999999998
N488G,0.4204305000000005
N488H,0.2294535000000004
N488I,0.3767339999999997
N488W,0.4682535000000001
N488L,0.40217899999999973
N488M,0.31177349999999965
N488P,0.5035475000000003
N488Q,0.6707759999999984
N488R,0.7862874999999989
N488V,0.32543450000000024
N488T,0.4220455000000014
N488S,0.4674060000000004
N488K,0.3839955000000008
G489A,0.44660450000000135
G489C,0.2443890000000001
G489D,0.2561384999999999
G489E,0.2508484999999999
G489F,0.38542549999999937
G489H,0.2124604999999998
G489I,0.2745889999999999
G489N,0.43471349999999975
G489L,0.3960620000000003
G489M,0.3126819999999997
G489P,0.3843884999999998
G489Q,0.5260315
G489R,0.4893979999999993
G489S,0.3355279999999997
G489V,0.19391049999999999
G489W,0.24348500000000065
G489Y,0.3148084999999996
G489K,0.2937375
G489T,0.30737300000000056
K490A,0.43473750000000083
K490N,0.3634424999999999
K490V,0.29841850000000053
K490T,0.3632920000000006
K490S,0.3733975000000004
K490R,0.530925999999999
K490Q,0.4708569999999993
K490P,0.34467199999999953
K490M,0.25983150000000005
K490L,0.3897639999999999
K490W,0.3254950000000008
K490I,0.4340989999999996
K490G,0.3759605000000005
K490F,0.43634049999999924
K490E,0.3221490000000003
K490D,0.30744200000000005
K490C,0.2643610000000001
K490H,0.2604660000000003
K490Y,0.36700799999999956
P491T,0.4248795000000014
P491S,0.47100000000000036
P491R,0.790646999999999
P491Q,0.6751354999999983
P491Y,0.48353750000000006
P491V,0.3267895000000001
P491W,0.468864
P491A,0.42870700000000056
P491N,0.48263400000000045
P491M,0.31154249999999967
P491L,0.40334299999999973
P491K,0.3851595000000008
P491I,0.3741894999999997
P491H,0.22861700000000038
P491G,0.41942550000000056
P491F,0.5977434999999981
P491E,0.4238775
P491D,0.34727500000000033
P491C,0.2606825000000008
S492V,0.3179805
S492T,0.42203350000000095
S492R,0.7395599999999988
S492Q,0.6496314999999981
S492P,0.4700690000000003
S492N,0.4848115000000004
S492L,0.3549495000000001
S492G,0.39926200000000106
S492I,0.3948689999999996
S492H,0.21721400000000038
S492W,0.4700190000000003
S492F,0.5317294999999992
S492E,0.4540780000000001
S492D,0.31724699999999967
S492C,0.23441800000000051
S492A,0.43480350000000034
S492K,0.4187390000000006
S492Y,0.4678984999999998
S492M,0.32026149999999964
S493C,0.23441800000000051
S493A,0.43480350000000034
S493W,0.4700190000000003
S493V,0.3179805
S493T,0.42203350000000095
S493R,0.7395599999999988
S493Q,0.6496314999999981
S493P,0.4700690000000003
S493N,0.4848115000000004
S493M,0.32026149999999964
S493Y,0.4678984999999998
S493K,0.4187390000000006
S493I,0.3948689999999996
S493H,0.21721400000000038
S493G,0.39926200000000106
S493F,0.5317294999999992
S493E,0.4540780000000001
S493D,0.31724699999999967
S493L,0.3549495000000001
D494F,0.3932349999999994
D494A,0.43240900000000104
D494C,0.25336400000000014
D494G,0.31385000000000035
D494H,0.23668150000000007
D494I,0.29703050000000003
D494K,0.32025900000000007
D494L,0.37979600000000013
D494Q,0.5245930000000001
D494N,0.4235524999999997
D494P,0.3787444999999999
D494R,0.5043429999999993
D494S,0.3609115
D494T,0.3101445000000005
D494V,0.2013235
D494Y,0.29911999999999955
D494W,0.2667355000000007
D494M,0.3237719999999999
D494E,0.30568850000000014
P495A,0.42870700000000056
P495Y,0.48353750000000006
P495C,0.2606825000000008
P495E,0.4238775
P495F,0.5977434999999981
P495G,0.41942550000000056
P495H,0.22861700000000038
P495I,0.3741894999999997
P495K,0.3851595000000008
P495D,0.34727500000000033
P495L,0.40334299999999973
P495N,0.48263400000000045
P495Q,0.6751354999999983
P495R,0.790646999999999
P495S,0.47100000000000036
P495T,0.4248795000000014
P495V,0.3267895000000001
P495M,0.31154249999999967
P495W,0.468864
I496D,0.2874515
I496C,0.24963000000000019
I496F,0.4207904999999993
I496G,0.34179850000000045
I496H,0.22981799999999994
I496K,0.3213675
I496L,0.3944055000000001
I496M,0.2960154999999998
I496A,0.439602000000001
I496N,0.4185599999999999
I496Q,0.5250559999999997
I496R,0.530925499999999
I496S,0.35216349999999996
I496T,0.3353270000000006
I496V,0.25764250000000033
I496W,0.2894670000000007
I496P,0.3776674999999997
I496E,0.29315500000000017
I496Y,0.3465124999999996
V497F,0.4928149999999994
V497E,0.4135150000000003
V497A,0.4423425000000006
V497C,0.2767650000000007
V497D,0.3188849999999998
V497Y,0.4746854999999997
V497W,0.4227499999999997
V497S,0.43550750000000027
V497R,0.7324584999999989
V497T,0.4085705000000008
V497P,0.4963485000000001
V497N,0.45546250000000016
V497M,0.30684349999999977
V497L,0.4130454999999995
V497K,0.4086835000000004
V497I,0.41257349999999976
V497H,0.21032100000000017
V497G,0.3728365000000007
V497Q,0.6407164999999984
G498M,0.3126819999999997
G498H,0.2124604999999998
G498I,0.2745889999999999
G498K,0.2937375
G498L,0.3960620000000003
G498N,0.43471349999999975
G498W,0.24348500000000065
G498Q,0.5260315
G498R,0.4893979999999993
G498S,0.3355279999999997
G498T,0.30737300000000056
G498V,0.19391049999999999
G498F,0.38542549999999937
G498Y,0.3148084999999996
G498P,0.3843884999999998
G498E,0.2508484999999999
G498A,0.44660450000000135
G498C,0.2443890000000001
G498D,0.2561384999999999
W499Y,0.4746854999999997
W499V,0.3170755000000002
W499A,0.4423425000000006
W499C,0.2767650000000007
W499D,0.3188849999999998
W499E,0.4135150000000003
W499F,0.4928149999999994
W499G,0.3728365000000007
W499H,0.21032100000000017
W499K,0.4086835000000004
W499L,0.4130454999999995
W499M,0.30684349999999977
W499P,0.4963485000000001
W499Q,0.6407164999999984
W499R,0.7324584999999989
W499S,0.43550750000000027
W499T,0.4085705000000008
W499I,0.41257349999999976
W499N,0.45546250000000016
G500A,0.44660450000000135
G500C,0.2443890000000001
G500W,0.24348500000000065
G500V,0.19391049999999999
G500T,0.30737300000000056
G500S,0.3355279999999997
G500R,0.4893979999999993
G500Q,0.5260315
G500P,0.3843884999999998
G500Y,0.3148084999999996
G500N,0.43471349999999975
G500L,0.3960620000000003
G500K,0.2937375
G500I,0.2745889999999999
G500H,0.2124604999999998
G500F,0.38542549999999937
G500E,0.2508484999999999
G500D,0.2561384999999999
G500M,0.3126819999999997
P501A,0.42870700000000056
P501C,0.2606825000000008
P501Q,0.6751354999999983
P501Y,0.48353750000000006
P501W,0.468864
P501V,0.3267895000000001
P501T,0.4248795000000014
P501S,0.47100000000000036
P501R,0.790646999999999
P501N,0.48263400000000045
P501M,0.31154249999999967
P501L,0.40334299999999973
P501K,0.3851595000000008
P501I,0.3741894999999997
P501G,0.41942550000000056
P501F,0.5977434999999981
P501E,0.4238775
P501D,0.34727500000000033
P501H,0.22861700000000038
S502W,0.4700190000000003
S502A,0.43480350000000034
S502C,0.23441800000000051
S502D,0.31724699999999967
S502E,0.4540780000000001
S502F,0.5317294999999992
S502G,0.39926200000000106
S502Y,0.4678984999999998
S502I,0.3948689999999996
S502K,0.4187390000000006
S502H,0.21721400000000038
S502L,0.3549495000000001
S502M,0.32026149999999964
S502N,0.4848115000000004
S502P,0.4700690000000003
S502Q,0.6496314999999981
S502R,0.7395599999999988
S502T,0.42203350000000095
S502V,0.3179805
G503A,0.44660450000000135
G503F,0.38542549999999937
G503H,0.2124604999999998
G503I,0.2745889999999999
G503K,0.2937375
G503L,0.3960620000000003
G503E,0.2508484999999999
G503N,0.43471349999999975
G503M,0.3126819999999997
G503Q,0.5260315
G503R,0.4893979999999993
G503S,0.3355279999999997
G503T,0.30737300000000056
G503V,0.19391049999999999
G503W,0.24348500000000065
G503Y,0.3148084999999996
G503D,0.2561384999999999
G503P,0.3843884999999998
G503C,0.2443890000000001
G504A,0.44660450000000135
G504Y,0.3148084999999996
G504W,0.24348500000000065
G504V,0.19391049999999999
G504T,0.30737300000000056
G504S,0.3355279999999997
G504Q,0.5260315
G504P,0.3843884999999998
G504N,0.43471349999999975
G504M,0.3126819999999997
G504R,0.4893979999999993
G504K,0.2937375
G504I,0.2745889999999999
G504H,0.2124604999999998
G504F,0.38542549999999937
G504E,0.2508484999999999
G504D,0.2561384999999999
G504C,0.2443890000000001
G504L,0.3960620000000003
Y505K,0.3897670000000004
Y505I,0.3860294999999998
Y505H,0.20448350000000018
Y505D,0.31197699999999984
Y505F,0.5055929999999994
Y505E,0.39650250000000026
Y505L,0.3924154999999996
Y505G,0.37184300000000065
Y505M,0.2871819999999998
Y505C,0.2682060000000006
Y505P,0.4690620000000002
Y505Q,0.6119624999999986
Y505R,0.6994609999999989
Y505S,0.41647900000000027
Y505T,0.39652050000000083
Y505V,0.30716800000000005
Y505W,0.40688349999999973
Y505A,0.4229975000000005
Y505N,0.43473250000000013
V506D,0.3188849999999998
V506E,0.4135150000000003
V506N,0.45546250000000016
V506T,0.4085705000000008
V506S,0.43550750000000027
V506R,0.7324584999999989
V506Q,0.6407164999999984
V506P,0.4963485000000001
V506M,0.30684349999999977
V506L,0.4130454999999995
V506K,0.4086835000000004
V506I,0.41257349999999976
V506H,0.21032100000000017
V506G,0.3728365000000007
V506F,0.4928149999999994
V506C,0.2767650000000007
V506A,0.4423425000000006
V506W,0.4227499999999997
V506Y,0.4746854999999997
F507H,0.23943650000000002
F507Y,0.3009744999999995
F507W,0.27549100000000065
F507D,0.2486044999999998
F507V,0.1954685
F507T,0.30454350000000047
F507S,0.35332849999999977
F507R,0.5037679999999994
F507Q,0.49437
F507P,0.3608579999999997
F507N,0.4202884999999999
F507M,0.32379649999999993
F507C,0.24254750000000005
F507A,0.42729750000000116
F507I,0.28485449999999995
F507L,0.37838600000000006
F507G,0.3021890000000003
F507E,0.25625800000000004
F507K,0.29190799999999995
Q508Y,0.482719
Q508S,0.46934900000000035
Q508R,0.788995999999999
Q508P,0.5042865000000003
Q508N,0.48298950000000046
Q508M,0.3113014999999997
Q508L,0.4011709999999998
Q508K,0.3862960000000008
Q508I,0.37582599999999966
Q508H,0.22950750000000042
Q508F,0.5939784999999982
Q508E,0.42515650000000016
Q508D,0.3461715000000003
Q508C,0.2584840000000008
Q508A,0.4264820000000006
Q508W,0.470285
Q508G,0.4194535000000005
Q508V,0.3267220000000002
Q508T,0.4252100000000014
K509C,0.2643610000000001
K509A,0.43473750000000083
K509D,0.30744200000000005
K509E,0.3221490000000003
K509F,0.43634049999999924
K509G,0.3759605000000005
K509H,0.2604660000000003
K509L,0.3897639999999999
K509M,0.25983150000000005
K509I,0.4340989999999996
K509P,0.34467199999999953
K509Q,0.4708569999999993
K509R,0.530925999999999
K509S,0.3733975000000004
K509T,0.3632920000000006
K509V,0.29841850000000053
K509W,0.3254950000000008
K509Y,0.36700799999999956
K509N,0.3634424999999999
A510E,0.285949
A510D,0.2674744999999999
A510C,0.26654550000000016
A510H,0.2230404999999999
A510I,0.2912825
A510K,0.3070860000000001
A510L,0.37880550000000013
A510R,0.5064869999999995
A510N,0.42248549999999974
A510P,0.3712099999999998
A510Q,0.5066775
A510S,0.3657525
A510T,0.3103800000000006
A510V,0.20218500000000006
A510W,0.2577250000000007
A510M,0.31519199999999975
A510Y,0.29845449999999957
A510G,0.30399600000000027
A510F,0.3915649999999994
Y511W,0.40688349999999973
Y511V,0.30716800000000005
Y511A,0.4229975000000005
Y511C,0.2682060000000006
Y511D,0.31197699999999984
Y511E,0.39650250000000026
Y511F,0.5055929999999994
Y511H,0.20448350000000018
Y511I,0.3860294999999998
Y511K,0.3897670000000004
Y511G,0.37184300000000065
Y511M,0.2871819999999998
Y511N,0.43473250000000013
Y511P,0.4690620000000002
Y511Q,0.6119624999999986
Y511R,0.6994609999999989
Y511S,0.41647900000000027
Y511T,0.39652050000000083
Y511L,0.3924154999999996
L512Q,0.47845749999999926
L512R,0.538382999999999
L512S,0.38621850000000046
L512W,0.3227510000000008
L512V,0.2804965000000005
L512Y,0.3645124999999997
L512P,0.35127249999999954
L512T,0.3627575000000007
L512N,0.3660205000000001
L512A,0.4455355000000008
L512K,0.36064999999999986
L512I,0.44208299999999967
L512H,0.25893300000000036
L512G,0.3765560000000005
L512F,0.4419889999999991
L512E,0.32493850000000024
L512D,0.304466
L512C,0.27140200000000025
L512M,0.25225300000000017
E513V,0.1969365
E513W,0.27385050000000066
E513Y,0.30003499999999955
E513I,0.29046449999999996
E513F,0.38533749999999956
E513H,0.23747850000000004
E513D,0.26806499999999994
E513K,0.30821300000000007
E513L,0.37776800000000016
E513M,0.32415049999999995
E513N,0.4202689999999998
E513P,0.37733299999999986
E513Q,0.511618
E513R,0.5027414999999994
E513S,0.3583664999999999
E513T,0.3067325000000005
E513C,0.24751650000000008
E513A,0.43193300000000107
E513G,0.30996350000000034
F514W,0.27549100000000065
F514Q,0.49437
F514P,0.3608579999999997
F514N,0.4202884999999999
F514M,0.32379649999999993
F514L,0.37838600000000006
F514K,0.29190799999999995
F514I,0.28485449999999995
F514H,0.23943650000000002
F514G,0.3021890000000003
F514E,0.25625800000000004
F514D,0.2486044999999998
F514C,0.24254750000000005
F514R,0.5037679999999994
F514V,0.1954685
F514T,0.30454350000000047
F514S,0.35332849999999977
F514Y,0.3009744999999995
F514A,0.42729750000000116
F515A,0.42729750000000116
F515C,0.24254750000000005
F515D,0.2486044999999998
F515E,0.25625800000000004
F515G,0.3021890000000003
F515H,0.23943650000000002
F515I,0.28485449999999995
F515K,0.29190799999999995
F515L,0.37838600000000006
F515M,0.32379649999999993
F515N,0.4202884999999999
F515P,0.3608579999999997
F515V,0.1954685
F515R,0.5037679999999994
F515S,0.35332849999999977
F515T,0.30454350000000047
F515Q,0.49437
F515W,0.27549100000000065
F515Y,0.3009744999999995
T516L,0.4094689999999995
T516Y,0.47389349999999975
T516W,0.4248964999999997
T516V,0.3167785000000001
T516S,0.4341160000000003
T516R,0.7305559999999989
T516Q,0.6402964999999984
T516P,0.4967230000000001
T516A,0.44236900000000057
T516D,0.3190974999999998
T516E,0.41447650000000036
T516F,0.4928149999999994
T516G,0.3728365000000007
T516N,0.45749850000000014
T516I,0.40997349999999977
T516K,0.40616750000000046
T516M,0.30515999999999976
T516H,0.21203950000000016
T516C,0.27329850000000067
S517D,0.31724699999999967
S517C,0.23441800000000051
S517A,0.43480350000000034
S517Y,0.4678984999999998
S517W,0.4700190000000003
S517V,0.3179805
S517T,0.42203350000000095
S517R,0.7395599999999988
S517Q,0.6496314999999981
S517P,0.4700690000000003
S517N,0.4848115000000004
S517M,0.32026149999999964
S517L,0.3549495000000001
S517K,0.4187390000000006
S517I,0.3948689999999996
S517H,0.21721400000000038
S517G,0.39926200000000106
S517F,0.5317294999999992
S517E,0.4540780000000001
R518A,0.43343150000000036
R518W,0.47201850000000023
R518Y,0.46803099999999986
R518V,0.31998
R518T,0.422741000000001
R518S,0.42405700000000013
R518Q,0.6534324999999981
R518P,0.47208400000000034
R518N,0.48793900000000046
R518M,0.3227724999999997
R518L,0.3517875000000001
R518K,0.42028400000000055
R518I,0.3936159999999995
R518H,0.21623300000000037
R518G,0.39926200000000106
R518F,0.5317294999999992
R518E,0.45303200000000016
R518D,0.31598649999999967
R518C,0.23032900000000045
E519Y,0.30003499999999955
E519W,0.27385050000000066
E519A,0.43193300000000107
E519D,0.26806499999999994
E519C,0.24751650000000008
E519F,0.38533749999999956
E519G,0.30996350000000034
E519I,0.29046449999999996
E519K,0.30821300000000007
E519L,0.37776800000000016
E519H,0.23747850000000004
E519N,0.4202689999999998
E519P,0.37733299999999986
E519Q,0.511618
E519R,0.5027414999999994
E519S,0.3583664999999999
E519T,0.3067325000000005
E519V,0.1969365
E519M,0.32415049999999995
T520I,0.40997349999999977
T520A,0.44236900000000057
T520C,0.27329850000000067
T520D,0.3190974999999998
T520E,0.41447650000000036
T520F,0.4928149999999994
T520G,0.3728365000000007
T520K,0.40616750000000046
T520H,0.21203950000000016
T520M,0.30515999999999976
T520N,0.45749850000000014
T520P,0.4967230000000001
T520Q,0.6402964999999984
T520R,0.7305559999999989
T520S,0.4341160000000003
T520W,0.4248964999999997
T520Y,0.47389349999999975
T520L,0.4094689999999995
T520V,0.3167785000000001
A521F,0.3915649999999994
A521Y,0.29845449999999957
A521G,0.30399600000000027
A521H,0.2230404999999999
A521I,0.2912825
A521K,0.3070860000000001
A521L,0.37880550000000013
A521M,0.31519199999999975
A521C,0.26654550000000016
A521P,0.3712099999999998
A521Q,0.5066775
A521R,0.5064869999999995
A521S,0.3657525
A521T,0.3103800000000006
A521V,0.20218500000000006
A521W,0.2577250000000007
A521E,0.285949
A521D,0.2674744999999999
A521N,0.42248549999999974
E522V,0.1969365
E522L,0.37776800000000016
E522T,0.3067325000000005
E522S,0.3583664999999999
E522Q,0.511618
E522P,0.37733299999999986
E522N,0.4202689999999998
E522M,0.32415049999999995
E522W,0.27385050000000066
E522K,0.30821300000000007
E522H,0.23747850000000004
E522G,0.30996350000000034
E522F,0.38533749999999956
E522D,0.26806499999999994
E522C,0.24751650000000008
E522A,0.43193300000000107
E522I,0.29046449999999996
E522Y,0.30003499999999955
E522R,0.5027414999999994
A523T,0.3103800000000006
A523Y,0.29845449999999957
A523W,0.2577250000000007
A523C,0.26654550000000016
A523D,0.2674744999999999
A523E,0.285949
A523F,0.3915649999999994
A523V,0.20218500000000006
A523H,0.2230404999999999
A523I,0.2912825
A523G,0.30399600000000027
A523L,0.37880550000000013
A523M,0.31519199999999975
A523N,0.42248549999999974
A523P,0.3712099999999998
A523Q,0.5066775
A523R,0.5064869999999995
A523S,0.3657525
A523K,0.3070860000000001
L524D,0.304466
L524M,0.25225300000000017
L524E,0.32493850000000024
L524F,0.4419889999999991
L524G,0.3765560000000005
L524H,0.25893300000000036
L524I,0.44208299999999967
L524N,0.3660205000000001
L524K,0.36064999999999986
L524Q,0.47845749999999926
L524R,0.538382999999999
L524S,0.38621850000000046
L524T,0.3627575000000007
L524V,0.2804965000000005
L524W,0.3227510000000008
L524Y,0.3645124999999997
L524C,0.27140200000000025
L524P,0.35127249999999954
L524A,0.4455355000000008
L525Y,0.3645124999999997
L525W,0.3227510000000008
L525V,0.2804965000000005
L525T,0.3627575000000007
L525S,0.38621850000000046
L525R,0.538382999999999
L525Q,0.47845749999999926
L525N,0.3660205000000001
L525M,0.25225300000000017
L525K,0.36064999999999986
L525P,0.35127249999999954
L525H,0.25893300000000036
L525G,0.3765560000000005
L525F,0.4419889999999991
L525E,0.32493850000000024
L525D,0.304466
L525C,0.27140200000000025
L525A,0.4455355000000008
L525I,0.44208299999999967
Q526M,0.3113014999999997
Q526N,0.48298950000000046
Q526P,0.5042865000000003
Q526T,0.4252100000000014
Q526W,0.470285
Q526V,0.3267220000000002
Q526L,0.4011709999999998
Q526Y,0.482719
Q526K,0.3862960000000008
Q526R,0.788995999999999
Q526H,0.22950750000000042
Q526G,0.4194535000000005
Q526F,0.5939784999999982
Q526E,0.42515650000000016
Q526D,0.3461715000000003
Q526C,0.2584840000000008
Q526A,0.4264820000000006
Q526S,0.46934900000000035
Q526I,0.37582599999999966
V527D,0.3188849999999998
V527E,0.4135150000000003
V527L,0.4130454999999995
V527G,0.3728365000000007
V527F,0.4928149999999994
V527Y,0.4746854999999997
V527W,0.4227499999999997
V527T,0.4085705000000008
V527S,0.43550750000000027
V527R,0.7324584999999989
V527Q,0.6407164999999984
V527A,0.4423425000000006
V527N,0.45546250000000016
V527H,0.21032100000000017
V527P,0.4963485000000001
V527I,0.41257349999999976
V527K,0.4086835000000004
V527M,0.30684349999999977
V527C,0.2767650000000007
L528D,0.304466
L528W,0.3227510000000008
L528V,0.2804965000000005
L528T,0.3627575000000007
L528S,0.38621850000000046
L528Q,0.47845749999999926
L528C,0.27140200000000025
L528P,0.35127249999999954
L528M,0.25225300000000017
L528A,0.4455355000000008
L528I,0.44208299999999967
L528H,0.25893300000000036
L528G,0.3765560000000005
L528F,0.4419889999999991
L528E,0.32493850000000024
L528N,0.3660205000000001
L528K,0.36064999999999986
L528R,0.538382999999999
L528Y,0.3645124999999997
K529C,0.2643610000000001
K529A,0.43473750000000083
K529D,0.30744200000000005
K529E,0.3221490000000003
K529F,0.43634049999999924
K529G,0.3759605000000005
K529I,0.4340989999999996
K529L,0.3897639999999999
K529M,0.25983150000000005
K529H,0.2604660000000003
K529P,0.34467199999999953
K529Q,0.4708569999999993
K529R,0.530925999999999
K529S,0.3733975000000004
K529T,0.3632920000000006
K529V,0.29841850000000053
K529W,0.3254950000000008
K529Y,0.36700799999999956
K529N,0.3634424999999999
K530R,0.530925999999999
K530Y,0.36700799999999956
K530W,0.3254950000000008
K530V,0.29841850000000053
K530T,0.3632920000000006
K530S,0.3733975000000004
K530Q,0.4708569999999993
K530A,0.43473750000000083
K530N,0.3634424999999999
K530M,0.25983150000000005
K530L,0.3897639999999999
K530I,0.4340989999999996
K530H,0.2604660000000003
K530G,0.3759605000000005
K530F,0.43634049999999924
K530D,0.30744200000000005
K530P,0.34467199999999953
K530E,0.3221490000000003
K530C,0.2643610000000001
Y531V,0.30716800000000005
Y531W,0.40688349999999973
Y531A,0.4229975000000005
Y531C,0.2682060000000006
Y531D,0.31197699999999984
Y531E,0.39650250000000026
Y531F,0.5055929999999994
Y531G,0.37184300000000065
Y531H,0.20448350000000018
Y531I,0.3860294999999998
Y531K,0.3897670000000004
Y531L,0.3924154999999996
Y531M,0.2871819999999998
Y531N,0.43473250000000013
Y531P,0.4690620000000002
Y531Q,0.6119624999999986
Y531R,0.6994609999999989
Y531S,0.41647900000000027
Y531T,0.39652050000000083
E532Y,0.30003499999999955
E532W,0.27385050000000066
E532C,0.24751650000000008
E532T,0.3067325000000005
E532V,0.1969365
E532D,0.26806499999999994
E532F,0.38533749999999956
E532G,0.30996350000000034
E532H,0.23747850000000004
E532K,0.30821300000000007
E532I,0.29046449999999996
E532M,0.32415049999999995
E532N,0.4202689999999998
E532P,0.37733299999999986
E532S,0.3583664999999999
E532Q,0.511618
E532R,0.5027414999999994
E532L,0.37776800000000016
E532A,0.43193300000000107
L533C,0.27140200000000025
L533W,0.3227510000000008
L533V,0.2804965000000005
L533Y,0.3645124999999997
L533T,0.3627575000000007
L533S,0.38621850000000046
L533R,0.538382999999999
L533Q,0.47845749999999926
L533A,0.4455355000000008
L533N,0.3660205000000001
L533M,0.25225300000000017
L533P,0.35127249999999954
L533I,0.44208299999999967
L533H,0.25893300000000036
L533G,0.3765560000000005
L533F,0.4419889999999991
L533E,0.32493850000000024
L533D,0.304466
L533K,0.36064999999999986
R534P,0.47208400000000034
R534Y,0.46803099999999986
R534W,0.47201850000000023
R534V,0.31998
R534T,0.422741000000001
R534S,0.42405700000000013
R534Q,0.6534324999999981
R534N,0.48793900000000046
R534E,0.45303200000000016
R534L,0.3517875000000001
R534M,0.3227724999999997
R534A,0.43343150000000036
R534D,0.31598649999999967
R534F,0.5317294999999992
R534C,0.23032900000000045
R534H,0.21623300000000037
R534I,0.3936159999999995
R534K,0.42028400000000055
R534G,0.39926200000000106
V535A,0.4423425000000006
V535Q,0.6407164999999984
V535Y,0.4746854999999997
V535W,0.4227499999999997
V535T,0.4085705000000008
V535S,0.43550750000000027
V535R,0.7324584999999989
V535P,0.4963485000000001
V535I,0.41257349999999976
V535M,0.30684349999999977
V535L,0.4130454999999995
V535K,0.4086835000000004
V535H,0.21032100000000017
V535G,0.3728365000000007
V535F,0.4928149999999994
V535E,0.4135150000000003
V535C,0.2767650000000007
V535N,0.45546250000000016
V535D,0.3188849999999998
N536Y,0.482424
N536Q,0.6707759999999984
N536I,0.3767339999999997
N536A,0.42801200000000056
N536C,0.2629955000000008
N536E,0.4212200000000002
N536F,0.597171999999998
N536G,0.4204305000000005
N536H,0.2294535000000004
N536K,0.3839955000000008
N536L,0.40217899999999973
N536M,0.31177349999999965
N536P,0.5035475000000003
N536R,0.7862874999999989
N536S,0.4674060000000004
N536T,0.4220455000000014
N536V,0.32543450000000024
N536W,0.4682535000000001
N536D,0.34866150000000035
Y537A,0.4229975000000005
Y537C,0.2682060000000006
Y537T,0.39652050000000083
Y537S,0.41647900000000027
Y537R,0.6994609999999989
Y537Q,0.6119624999999986
Y537P,0.4690620000000002
Y537N,0.43473250000000013
Y537W,0.40688349999999973
Y537V,0.30716800000000005
Y537L,0.3924154999999996
Y537K,0.3897670000000004
Y537I,0.3860294999999998
Y537H,0.20448350000000018
Y537G,0.37184300000000065
Y537F,0.5055929999999994
Y537E,0.39650250000000026
Y537M,0.2871819999999998
Y537D,0.31197699999999984
H538Q,0.5148395
H538R,0.4960014999999992
H538S,0.3362404999999998
H538W,0.24379950000000064
H538V,0.19605300000000003
H538P,0.38502099999999984
H538Y,0.30946749999999973
H538T,0.30729350000000066
H538N,0.4281174999999998
H538I,0.2723014999999998
H538L,0.3869145000000001
H538K,0.2900679999999999
H538G,0.3064220000000002
H538F,0.3973309999999994
H538E,0.2796995000000001
H538D,0.2640774999999999
H538A,0.44315950000000115
H538M,0.3079224999999997
H538C,0.24643000000000012
L539A,0.4455355000000008
L539W,0.3227510000000008
L539H,0.25893300000000036
L539C,0.27140200000000025
L539D,0.304466
L539E,0.32493850000000024
L539Y,0.3645124999999997
L539F,0.4419889999999991
L539G,0.3765560000000005
L539T,0.3627575000000007
L539V,0.2804965000000005
L539K,0.36064999999999986
L539M,0.25225300000000017
L539N,0.3660205000000001
L539P,0.35127249999999954
L539Q,0.47845749999999926
L539R,0.538382999999999
L539S,0.38621850000000046
L539I,0.44208299999999967
V540E,0.4135150000000003
V540F,0.4928149999999994
V540G,0.3728365000000007
V540I,0.41257349999999976
V540K,0.4086835000000004
V540L,0.4130454999999995
V540M,0.30684349999999977
V540N,0.45546250000000016
V540P,0.4963485000000001
V540Q,0.6407164999999984
V540R,0.7324584999999989
V540S,0.43550750000000027
V540T,0.4085705000000008
V540W,0.4227499999999997
V540Y,0.4746854999999997
V540A,0.4423425000000006
V540C,0.2767650000000007
V540H,0.21032100000000017
V540D,0.3188849999999998
N541T,0.4220455000000014
N541V,0.32543450000000024
N541G,0.4204305000000005
N541K,0.3839955000000008
N541S,0.4674060000000004
N541R,0.7862874999999989
N541Q,0.6707759999999984
N541P,0.5035475000000003
N541M,0.31177349999999965
N541L,0.40217899999999973
N541I,0.3767339999999997
N541H,0.2294535000000004
N541F,0.597171999999998
N541E,0.4212200000000002
N541D,0.34866150000000035
N541C,0.2629955000000008
N541W,0.4682535000000001
N541Y,0.482424
N541A,0.42801200000000056
V542E,0.4135150000000003
V542Y,0.4746854999999997
V542W,0.4227499999999997
V542T,0.4085705000000008
V542S,0.43550750000000027
V542R,0.7324584999999989
V542Q,0.6407164999999984
V542D,0.3188849999999998
V542F,0.4928149999999994
V542P,0.4963485000000001
V542M,0.30684349999999977
V542L,0.4130454999999995
V542K,0.4086835000000004
V542I,0.41257349999999976
V542H,0.21032100000000017
V542G,0.3728365000000007
V542A,0.4423425000000006
V542N,0.45546250000000016
V542C,0.2767650000000007
K543F,0.43634049999999924
K543A,0.43473750000000083
K543G,0.3759605000000005
K543H,0.2604660000000003
K543I,0.4340989999999996
K543L,0.3897639999999999
K543M,0.25983150000000005
K543N,0.3634424999999999
K543D,0.30744200000000005
K543Q,0.4708569999999993
K543R,0.530925999999999
K543S,0.3733975000000004
K543T,0.3632920000000006
K543V,0.29841850000000053
K543W,0.3254950000000008
K543Y,0.36700799999999956
K543C,0.2643610000000001
K543E,0.3221490000000003
K543P,0.34467199999999953
G544C,0.2443890000000001
G544R,0.4893979999999993
G544V,0.19391049999999999
G544W,0.24348500000000065
G544Y,0.3148084999999996
G544T,0.30737300000000056
G544S,0.3355279999999997
G544Q,0.5260315
G544P,0.3843884999999998
G544M,0.3126819999999997
G544N,0.43471349999999975
G544K,0.2937375
G544I,0.2745889999999999
G544H,0.2124604999999998
G544F,0.38542549999999937
G544E,0.2508484999999999
G544D,0.2561384999999999
G544A,0.44660450000000135
G544L,0.3960620000000003
E545G,0.30996350000000034
E545H,0.23747850000000004
E545F,0.38533749999999956
E545W,0.27385050000000066
E545C,0.24751650000000008
E545A,0.43193300000000107
E545I,0.29046449999999996
E545D,0.26806499999999994
E545L,0.37776800000000016
E545K,0.30821300000000007
E545N,0.4202689999999998
E545P,0.37733299999999986
E545Q,0.511618
E545R,0.5027414999999994
E545S,0.3583664999999999
E545T,0.3067325000000005
E545V,0.1969365
E545Y,0.30003499999999955
E545M,0.32415049999999995
N546L,0.40217899999999973
N546M,0.31177349999999965
N546P,0.5035475000000003
N546W,0.4682535000000001
N546R,0.7862874999999989
N546Y,0.482424
N546K,0.3839955000000008
N546V,0.32543450000000024
N546Q,0.6707759999999984
N546I,0.3767339999999997
N546E,0.4212200000000002
N546G,0.4204305000000005
N546F,0.597171999999998
N546D,0.34866150000000035
N546C,0.2629955000000008
N546A,0.42801200000000056
N546T,0.4220455000000014
N546H,0.2294535000000004
N546S,0.4674060000000004
I547S,0.35216349999999996
I547Y,0.3465124999999996
I547W,0.2894670000000007
I547T,0.3353270000000006
I547Q,0.5250559999999997
I547P,0.3776674999999997
I547N,0.4185599999999999
I547M,0.2960154999999998
I547L,0.3944055000000001
I547K,0.3213675
I547H,0.22981799999999994
I547G,0.34179850000000045
I547R,0.530925499999999
I547E,0.29315500000000017
I547D,0.2874515
I547C,0.24963000000000019
I547A,0.439602000000001
I547V,0.25764250000000033
I547F,0.4207904999999993
T548G,0.3728365000000007
T548H,0.21203950000000016
T548I,0.40997349999999977
T548K,0.40616750000000046
T548L,0.4094689999999995
T548D,0.3190974999999998
T548N,0.45749850000000014
T548P,0.4967230000000001
T548S,0.4341160000000003
T548R,0.7305559999999989
T548V,0.3167785000000001
T548W,0.4248964999999997
T548Y,0.47389349999999975
T548E,0.41447650000000036
T548F,0.4928149999999994
T548C,0.27329850000000067
T548A,0.44236900000000057
T548Q,0.6402964999999984
T548M,0.30515999999999976
N549C,0.2629955000000008
N549W,0.4682535000000001
N549D,0.34866150000000035
N549E,0.4212200000000002
N549F,0.597171999999998
N549G,0.4204305000000005
N549H,0.2294535000000004
N549I,0.3767339999999997
N549K,0.3839955000000008
N549L,0.40217899999999973
N549M,0.31177349999999965
N549P,0.5035475000000003
N549Q,0.6707759999999984
N549R,0.7862874999999989
N549S,0.4674060000000004
N549T,0.4220455000000014
N549V,0.32543450000000024
N549Y,0.482424
N549A,0.42801200000000056
A550D,0.2674744999999999
A550G,0.30399600000000027
A550H,0.2230404999999999
A550F,0.3915649999999994
A550I,0.2912825
A550K,0.3070860000000001
A550L,0.37880550000000013
A550N,0.42248549999999974
A550P,0.3712099999999998
A550Q,0.5066775
A550M,0.31519199999999975
A550R,0.5064869999999995
A550E,0.285949
A550Y,0.29845449999999957
A550W,0.2577250000000007
A550C,0.26654550000000016
A550T,0.3103800000000006
A550S,0.3657525
A550V,0.20218500000000006
P551L,0.40334299999999973
P551D,0.34727500000000033
P551E,0.4238775
P551F,0.5977434999999981
P551G,0.41942550000000056
P551H,0.22861700000000038
P551I,0.3741894999999997
P551K,0.3851595000000008
P551M,0.31154249999999967
P551C,0.2606825000000008
P551Q,0.6751354999999983
P551R,0.790646999999999
P551S,0.47100000000000036
P551T,0.4248795000000014
P551V,0.3267895000000001
P551W,0.468864
P551Y,0.48353750000000006
P551N,0.48263400000000045
P551A,0.42870700000000056
E552A,0.43193300000000107
E552D,0.26806499999999994
E552P,0.37733299999999986
E552C,0.24751650000000008
E552V,0.1969365
E552T,0.3067325000000005
E552S,0.3583664999999999
E552R,0.5027414999999994
E552Q,0.511618
E552W,0.27385050000000066
E552N,0.4202689999999998
E552L,0.37776800000000016
E552K,0.30821300000000007
E552I,0.29046449999999996
E552H,0.23747850000000004
E552G,0.30996350000000034
E552F,0.38533749999999956
E552M,0.32415049999999995
E552Y,0.30003499999999955
L553C,0.27140200000000025
L553W,0.3227510000000008
L553D,0.304466
L553E,0.32493850000000024
L553F,0.4419889999999991
L553G,0.3765560000000005
L553H,0.25893300000000036
L553I,0.44208299999999967
L553A,0.4455355000000008
L553K,0.36064999999999986
L553N,0.3660205000000001
L553P,0.35127249999999954
L553Q,0.47845749999999926
L553R,0.538382999999999
L553S,0.38621850000000046
L553V,0.2804965000000005
L553M,0.25225300000000017
L553Y,0.3645124999999997
L553T,0.3627575000000007
Q554V,0.3267220000000002
Q554Y,0.482719
Q554W,0.470285
Q554T,0.4252100000000014
Q554S,0.46934900000000035
Q554R,0.788995999999999
Q554P,0.5042865000000003
Q554M,0.3113014999999997
Q554L,0.4011709999999998
Q554K,0.3862960000000008
Q554N,0.48298950000000046
Q554H,0.22950750000000042
Q554G,0.4194535000000005
Q554F,0.5939784999999982
Q554E,0.42515650000000016
Q554D,0.3461715000000003
Q554C,0.2584840000000008
Q554A,0.4264820000000006
Q554I,0.37582599999999966
P555K,0.3851595000000008
P555A,0.42870700000000056
P555D,0.34727500000000033
P555E,0.4238775
P555F,0.5977434999999981
P555G,0.41942550000000056
P555I,0.3741894999999997
P555L,0.40334299999999973
P555H,0.22861700000000038
P555N,0.48263400000000045
P555Q,0.6751354999999983
P555R,0.790646999999999
P555S,0.47100000000000036
P555Y,0.48353750000000006
P555C,0.2606825000000008
P555W,0.468864
P555M,0.31154249999999967
P555V,0.3267895000000001
P555T,0.4248795000000014
N556H,0.2294535000000004
N556Y,0.482424
N556D,0.34866150000000035
N556E,0.4212200000000002
N556F,0.597171999999998
N556G,0.4204305000000005
N556C,0.2629955000000008
N556I,0.3767339999999997
N556W,0.4682535000000001
N556A,0.42801200000000056
N556K,0.3839955000000008
N556M,0.31177349999999965
N556P,0.5035475000000003
N556Q,0.6707759999999984
N556R,0.7862874999999989
N556S,0.4674060000000004
N556T,0.4220455000000014
N556V,0.32543450000000024
N556L,0.40217899999999973
A557Q,0.5066775
A557R,0.5064869999999995
A557D,0.2674744999999999
A557W,0.2577250000000007
A557P,0.3712099999999998
A557V,0.20218500000000006
A557S,0.3657525
A557C,0.26654550000000016
A557E,0.285949
A557M,0.31519199999999975
A557L,0.37880550000000013
A557K,0.3070860000000001
A557I,0.2912825
A557H,0.2230404999999999
A557G,0.30399600000000027
A557F,0.3915649999999994
A557T,0.3103800000000006
A557Y,0.29845449999999957
A557N,0.42248549999999974
V558Y,0.4746854999999997
V558S,0.43550750000000027
V558A,0.4423425000000006
V558W,0.4227499999999997
V558R,0.7324584999999989
V558Q,0.6407164999999984
V558P,0.4963485000000001
V558N,0.45546250000000016
V558M,0.30684349999999977
V558T,0.4085705000000008
V558L,0.4130454999999995
V558I,0.41257349999999976
V558G,0.3728365000000007
V558F,0.4928149999999994
V558E,0.4135150000000003
V558D,0.3188849999999998
V558C,0.2767650000000007
V558K,0.4086835000000004
V558H,0.21032100000000017
T559I,0.40997349999999977
T559W,0.4248964999999997
T559H,0.21203950000000016
T559G,0.3728365000000007
T559F,0.4928149999999994
T559E,0.41447650000000036
T559D,0.3190974999999998
T559K,0.40616750000000046
T559A,0.44236900000000057
T559L,0.4094689999999995
T559N,0.45749850000000014
T559P,0.4967230000000001
T559Q,0.6402964999999984
T559R,0.7305559999999989
T559S,0.4341160000000003
T559V,0.3167785000000001
T559Y,0.47389349999999975
T559M,0.30515999999999976
T559C,0.27329850000000067
W560A,0.4423425000000006
W560C,0.2767650000000007
W560G,0.3728365000000007
W560E,0.4135150000000003
W560D,0.3188849999999998
W560F,0.4928149999999994
W560I,0.41257349999999976
W560K,0.4086835000000004
W560L,0.4130454999999995
W560M,0.30684349999999977
W560N,0.45546250000000016
W560P,0.4963485000000001
W560H,0.21032100000000017
W560R,0.7324584999999989
W560S,0.43550750000000027
W560T,0.4085705000000008
W560V,0.3170755000000002
W560Y,0.4746854999999997
W560Q,0.6407164999999984
G561V,0.19391049999999999
G561A,0.44660450000000135
G561R,0.4893979999999993
G561Q,0.5260315
G561P,0.3843884999999998
G561N,0.43471349999999975
G561M,0.3126819999999997
G561I,0.2745889999999999
G561K,0.2937375
G561H,0.2124604999999998
G561F,0.38542549999999937
G561E,0.2508484999999999
G561D,0.2561384999999999
G561C,0.2443890000000001
G561L,0.3960620000000003
G561W,0.24348500000000065
G561T,0.30737300000000056
G561Y,0.3148084999999996
G561S,0.3355279999999997
I562V,0.25764250000000033
I562W,0.2894670000000007
I562S,0.35216349999999996
I562R,0.530925499999999
I562Q,0.5250559999999997
I562P,0.3776674999999997
I562N,0.4185599999999999
I562M,0.2960154999999998
I562A,0.439602000000001
I562T,0.3353270000000006
I562K,0.3213675
I562H,0.22981799999999994
I562G,0.34179850000000045
I562F,0.4207904999999993
I562Y,0.3465124999999996
I562E,0.29315500000000017
I562D,0.2874515
I562C,0.24963000000000019
I562L,0.3944055000000001
F563V,0.1954685
F563T,0.30454350000000047
F563S,0.35332849999999977
F563R,0.5037679999999994
F563Q,0.49437
F563P,0.3608579999999997
F563E,0.25625800000000004
F563M,0.32379649999999993
F563L,0.37838600000000006
F563K,0.29190799999999995
F563H,0.23943650000000002
F563G,0.3021890000000003
F563D,0.2486044999999998
F563N,0.4202884999999999
F563I,0.28485449999999995
F563W,0.27549100000000065
F563A,0.42729750000000116
F563Y,0.3009744999999995
F563C,0.24254750000000005
P564Y,0.48353750000000006
P564W,0.468864
P564V,0.3267895000000001
P564T,0.4248795000000014
P564S,0.47100000000000036
P564R,0.790646999999999
P564D,0.34727500000000033
P564N,0.48263400000000045
P564M,0.31154249999999967
P564L,0.40334299999999973
P564K,0.3851595000000008
P564I,0.3741894999999997
P564H,0.22861700000000038
P564G,0.41942550000000056
P564F,0.5977434999999981
P564E,0.4238775
P564Q,0.6751354999999983
P564C,0.2606825000000008
P564A,0.42870700000000056
G565S,0.3355279999999997
G565Y,0.3148084999999996
G565W,0.24348500000000065
G565V,0.19391049999999999
G565T,0.30737300000000056
G565R,0.4893979999999993
G565Q,0.5260315
G565P,0.3843884999999998
G565N,0.43471349999999975
G565M,0.3126819999999997
G565L,0.3960620000000003
G565I,0.2745889999999999
G565H,0.2124604999999998
G565F,0.38542549999999937
G565E,0.2508484999999999
G565D,0.2561384999999999
G565C,0.2443890000000001
G565A,0.44660450000000135
G565K,0.2937375
R566Y,0.46803099999999986
R566W,0.47201850000000023
R566V,0.31998
R566T,0.422741000000001
R566S,0.42405700000000013
R566Q,0.6534324999999981
R566P,0.47208400000000034
R566N,0.48793900000000046
R566E,0.45303200000000016
R566L,0.3517875000000001
R566K,0.42028400000000055
R566D,0.31598649999999967
R566I,0.3936159999999995
R566H,0.21623300000000037
R566C,0.23032900000000045
R566A,0.43343150000000036
R566G,0.39926200000000106
R566M,0.3227724999999997
R566F,0.5317294999999992
E567A,0.43193300000000107
E567R,0.5027414999999994
E567Y,0.30003499999999955
E567W,0.27385050000000066
E567V,0.1969365
E567T,0.3067325000000005
E567S,0.3583664999999999
E567Q,0.511618
E567P,0.37733299999999986
E567M,0.32415049999999995
E567N,0.4202689999999998
E567K,0.30821300000000007
E567I,0.29046449999999996
E567H,0.23747850000000004
E567G,0.30996350000000034
E567F,0.38533749999999956
E567D,0.26806499999999994
E567C,0.24751650000000008
E567L,0.37776800000000016
I568F,0.4207904999999993
I568K,0.3213675
I568G,0.34179850000000045
I568E,0.29315500000000017
I568H,0.22981799999999994
I568C,0.24963000000000019
I568A,0.439602000000001
I568L,0.3944055000000001
I568D,0.2874515
I568M,0.2960154999999998
I568T,0.3353270000000006
I568P,0.3776674999999997
I568Q,0.5250559999999997
I568R,0.530925499999999
I568S,0.35216349999999996
I568Y,0.3465124999999996
I568V,0.25764250000000033
I568W,0.2894670000000007
I568N,0.4185599999999999
I569K,0.3213675
I569H,0.22981799999999994
I569G,0.34179850000000045
I569C,0.24963000000000019
I569E,0.29315500000000017
I569D,0.2874515
I569L,0.3944055000000001
I569F,0.4207904999999993
I569M,0.2960154999999998
I569N,0.4185599999999999
I569P,0.3776674999999997
I569Q,0.5250559999999997
I569R,0.530925499999999
I569S,0.35216349999999996
I569T,0.3353270000000006
I569V,0.25764250000000033
I569W,0.2894670000000007
I569Y,0.3465124999999996
I569A,0.439602000000001
Q570V,0.3267220000000002
Q570T,0.4252100000000014
Q570S,0.46934900000000035
Q570R,0.788995999999999
Q570P,0.5042865000000003
Q570N,0.48298950000000046
Q570K,0.3862960000000008
Q570L,0.4011709999999998
Q570W,0.470285
Q570I,0.37582599999999966
Q570H,0.22950750000000042
Q570G,0.4194535000000005
Q570M,0.3113014999999997
Q570F,0.5939784999999982
Q570E,0.42515650000000016
Q570A,0.4264820000000006
Q570C,0.2584840000000008
Q570D,0.3461715000000003
Q570Y,0.482719
P571Q,0.6751354999999983
P571D,0.34727500000000033
P571A,0.42870700000000056
P571C,0.2606825000000008
P571G,0.41942550000000056
P571H,0.22861700000000038
P571M,0.31154249999999967
P571E,0.4238775
P571K,0.3851595000000008
P571Y,0.48353750000000006
P571W,0.468864
P571F,0.5977434999999981
P571V,0.3267895000000001
P571L,0.40334299999999973
P571T,0.4248795000000014
P571S,0.47100000000000036
P571R,0.790646999999999
P571I,0.3741894999999997
P571N,0.48263400000000045
T572I,0.40997349999999977
T572W,0.4248964999999997
T572S,0.4341160000000003
T572R,0.7305559999999989
T572Q,0.6402964999999984
T572P,0.4967230000000001
T572N,0.45749850000000014
T572M,0.30515999999999976
T572L,0.4094689999999995
T572K,0.40616750000000046
T572H,0.21203950000000016
T572G,0.3728365000000007
T572F,0.4928149999999994
T572E,0.41447650000000036
T572D,0.3190974999999998
T572C,0.27329850000000067
T572A,0.44236900000000057
T572V,0.3167785000000001
T572Y,0.47389349999999975
V573S,0.43550750000000027
V573W,0.4227499999999997
V573Q,0.6407164999999984
V573P,0.4963485000000001
V573N,0.45546250000000016
V573M,0.30684349999999977
V573L,0.4130454999999995
V573K,0.4086835000000004
V573I,0.41257349999999976
V573H,0.21032100000000017
V573G,0.3728365000000007
V573F,0.4928149999999994
V573E,0.4135150000000003
V573D,0.3188849999999998
V573C,0.2767650000000007
V573A,0.4423425000000006
V573Y,0.4746854999999997
V573R,0.7324584999999989
V573T,0.4085705000000008
V574T,0.4085705000000008
V574R,0.7324584999999989
V574A,0.4423425000000006
V574C,0.2767650000000007
V574D,0.3188849999999998
V574E,0.4135150000000003
V574F,0.4928149999999994
V574G,0.3728365000000007
V574H,0.21032100000000017
V574I,0.41257349999999976
V574K,0.4086835000000004
V574L,0.4130454999999995
V574M,0.30684349999999977
V574N,0.45546250000000016
V574P,0.4963485000000001
V574Q,0.6407164999999984
V574W,0.4227499999999997
V574S,0.43550750000000027
V574Y,0.4746854999999997
D575C,0.25336400000000014
D575Y,0.29911999999999955
D575W,0.2667355000000007
D575S,0.3609115
D575R,0.5043429999999993
D575Q,0.5245930000000001
D575P,0.3787444999999999
D575A,0.43240900000000104
D575N,0.4235524999999997
D575L,0.37979600000000013
D575K,0.32025900000000007
D575I,0.29703050000000003
D575H,0.23668150000000007
D575G,0.31385000000000035
D575F,0.3932349999999994
D575E,0.30568850000000014
D575M,0.3237719999999999
D575T,0.3101445000000005
D575V,0.2013235
P576Q,0.6751354999999983
P576S,0.47100000000000036
P576R,0.790646999999999
P576N,0.48263400000000045
P576M,0.31154249999999967
P576L,0.40334299999999973
P576K,0.3851595000000008
P576V,0.3267895000000001
P576I,0.3741894999999997
P576G,0.41942550000000056
P576F,0.5977434999999981
P576E,0.4238775
P576D,0.34727500000000033
P576C,0.2606825000000008
P576A,0.42870700000000056
P576H,0.22861700000000038
P576W,0.468864
P576T,0.4248795000000014
P576Y,0.48353750000000006
V577R,0.7324584999999989
V577W,0.4227499999999997
V577T,0.4085705000000008
V577S,0.43550750000000027
V577A,0.4423425000000006
V577C,0.2767650000000007
V577Y,0.4746854999999997
V577D,0.3188849999999998
V577E,0.4135150000000003
V577F,0.4928149999999994
V577G,0.3728365000000007
V577I,0.41257349999999976
V577K,0.4086835000000004
V577L,0.4130454999999995
V577M,0.30684349999999977
V577N,0.45546250000000016
V577P,0.4963485000000001
V577Q,0.6407164999999984
V577H,0.21032100000000017
S578Q,0.6496314999999981
S578R,0.7395599999999988
S578T,0.42203350000000095
S578C,0.23441800000000051
S578W,0.4700190000000003
S578Y,0.4678984999999998
S578P,0.4700690000000003
S578V,0.3179805
S578N,0.4848115000000004
S578M,0.32026149999999964
S578L,0.3549495000000001
S578K,0.4187390000000006
S578I,0.3948689999999996
S578A,0.43480350000000034
S578H,0.21721400000000038
S578G,0.39926200000000106
S578E,0.4540780000000001
S578D,0.31724699999999967
S578F,0.5317294999999992
F579D,0.2486044999999998
F579C,0.24254750000000005
F579H,0.23943650000000002
F579I,0.28485449999999995
F579K,0.29190799999999995
F579L,0.37838600000000006
F579M,0.32379649999999993
F579R,0.5037679999999994
F579P,0.3608579999999997
F579Q,0.49437
F579E,0.25625800000000004
F579S,0.35332849999999977
F579T,0.30454350000000047
F579V,0.1954685
F579W,0.27549100000000065
F579Y,0.3009744999999995
F579A,0.42729750000000116
F579N,0.4202884999999999
F579G,0.3021890000000003
M580E,0.32493850000000024
M580F,0.4419889999999991
M580C,0.27140200000000025
M580Y,0.3645124999999997
M580W,0.3227510000000008
M580V,0.2804965000000005
M580T,0.3627575000000007
M580S,0.38621850000000046
M580D,0.304466
M580R,0.538382999999999
M580P,0.35127249999999954
M580N,0.3660205000000001
M580L,0.39090199999999997
M580I,0.44208299999999967
M580H,0.25893300000000036
M580G,0.3765560000000005
M580Q,0.47845749999999926
M580K,0.36064999999999986
M580A,0.4445500000000008
F581P,0.3608579999999997
F581W,0.27549100000000065
F581S,0.35332849999999977
F581R,0.5037679999999994
F581Q,0.49437
F581V,0.1954685
F581N,0.4202884999999999
F581M,0.32379649999999993
F581L,0.37838600000000006
F581K,0.29190799999999995
F581Y,0.3009744999999995
F581I,0.28485449999999995
F581G,0.3021890000000003
F581E,0.25625800000000004
F581D,0.2486044999999998
F581C,0.24254750000000005
F581A,0.42729750000000116
F581T,0.30454350000000047
F581H,0.23943650000000002
W582V,0.3170755000000002
W582Y,0.4746854999999997
W582N,0.45546250000000016
W582M,0.30684349999999977
W582F,0.4928149999999994
W582C,0.2767650000000007
W582D,0.3188849999999998
W582P,0.4963485000000001
W582E,0.4135150000000003
W582L,0.4130454999999995
W582G,0.3728365000000007
W582H,0.21032100000000017
W582A,0.4423425000000006
W582Q,0.6407164999999984
W582K,0.4086835000000004
W582S,0.43550750000000027
W582T,0.4085705000000008
W582I,0.41257349999999976
W582R,0.7324584999999989
K583V,0.29841850000000053
K583T,0.3632920000000006
K583S,0.3733975000000004
K583R,0.530925999999999
K583Q,0.4708569999999993
K583P,0.34467199999999953
K583M,0.25983150000000005
K583L,0.3897639999999999
K583I,0.4340989999999996
K583G,0.3759605000000005
K583F,0.43634049999999924
K583E,0.3221490000000003
K583D,0.30744200000000005
K583N,0.3634424999999999
K583H,0.2604660000000003
K583A,0.43473750000000083
K583C,0.2643610000000001
K583Y,0.36700799999999956
K583W,0.3254950000000008
D584V,0.2013235
D584W,0.2667355000000007
D584Y,0.29911999999999955
D584C,0.25336400000000014
D584A,0.43240900000000104
D584E,0.30568850000000014
D584G,0.31385000000000035
D584H,0.23668150000000007
D584I,0.29703050000000003
D584F,0.3932349999999994
D584L,0.37979600000000013
D584T,0.3101445000000005
D584K,0.32025900000000007
D584R,0.5043429999999993
D584Q,0.5245930000000001
D584S,0.3609115
D584N,0.4235524999999997
D584M,0.3237719999999999
D584P,0.3787444999999999
E585Q,0.511618
E585Y,0.30003499999999955
E585W,0.27385050000000066
E585V,0.1969365
E585T,0.3067325000000005
E585S,0.3583664999999999
E585R,0.5027414999999994
E585P,0.37733299999999986
E585D,0.26806499999999994
E585M,0.32415049999999995
E585L,0.37776800000000016
E585K,0.30821300000000007
E585I,0.29046449999999996
E585H,0.23747850000000004
E585G,0.30996350000000034
E585F,0.38533749999999956
E585A,0.43193300000000107
E585N,0.4202689999999998
E585C,0.24751650000000008
A586D,0.2674744999999999
A586C,0.26654550000000016
A586F,0.3915649999999994
A586G,0.30399600000000027
A586W,0.2577250000000007
A586V,0.20218500000000006
A586T,0.3103800000000006
A586S,0.3657525
A586R,0.5064869999999995
A586Q,0.5066775
A586Y,0.29845449999999957
A586N,0.42248549999999974
A586P,0.3712099999999998
A586H,0.2230404999999999
A586I,0.2912825
A586E,0.285949
A586L,0.37880550000000013
A586M,0.31519199999999975
A586K,0.3070860000000001
F587W,0.27549100000000065
F587V,0.1954685
F587S,0.35332849999999977
F587R,0.5037679999999994
F587Q,0.49437
F587P,0.3608579999999997
F587N,0.4202884999999999
F587M,0.32379649999999993
F587L,0.37838600000000006
F587I,0.28485449999999995
F587G,0.3021890000000003
F587E,0.25625800000000004
F587D,0.2486044999999998
F587Y,0.3009744999999995
F587C,0.24254750000000005
F587A,0.42729750000000116
F587K,0.29190799999999995
F587H,0.23943650000000002
F587T,0.30454350000000047
A588F,0.3915649999999994
A588Q,0.5066775
A588V,0.20218500000000006
A588R,0.5064869999999995
A588S,0.3657525
A588T,0.3103800000000006
A588M,0.31519199999999975
A588L,0.37880550000000013
A588K,0.3070860000000001
A588I,0.2912825
A588H,0.2230404999999999
A588G,0.30399600000000027
A588E,0.285949
A588D,0.2674744999999999
A588C,0.26654550000000016
A588W,0.2577250000000007
A588Y,0.29845449999999957
A588P,0.3712099999999998
A588N,0.42248549999999974
L589E,0.32493850000000024
L589C,0.27140200000000025
L589A,0.4455355000000008
L589F,0.4419889999999991
L589W,0.3227510000000008
L589Y,0.3645124999999997
L589G,0.3765560000000005
L589H,0.25893300000000036
L589I,0.44208299999999967
L589K,0.36064999999999986
L589M,0.25225300000000017
L589S,0.38621850000000046
L589P,0.35127249999999954
L589Q,0.47845749999999926
L589R,0.538382999999999
L589D,0.304466
L589T,0.3627575000000007
L589V,0.2804965000000005
L589N,0.3660205000000001
W590T,0.4085705000000008
W590S,0.43550750000000027
W590R,0.7324584999999989
W590Q,0.6407164999999984
W590P,0.4963485000000001
W590N,0.45546250000000016
W590M,0.30684349999999977
W590L,0.4130454999999995
W590G,0.3728365000000007
W590I,0.41257349999999976
W590H,0.21032100000000017
W590F,0.4928149999999994
W590E,0.4135150000000003
W590D,0.3188849999999998
W590A,0.4423425000000006
W590V,0.3170755000000002
W590Y,0.4746854999999997
W590K,0.4086835000000004
W590C,0.2767650000000007
I591W,0.2894670000000007
I591H,0.22981799999999994
I591S,0.35216349999999996
I591R,0.530925499999999
I591Q,0.5250559999999997
I591P,0.3776674999999997
I591N,0.4185599999999999
I591M,0.2960154999999998
I591T,0.3353270000000006
I591L,0.3944055000000001
I591G,0.34179850000000045
I591F,0.4207904999999993
I591E,0.29315500000000017
I591D,0.2874515
I591C,0.24963000000000019
I591A,0.439602000000001
I591K,0.3213675
I591V,0.25764250000000033
I591Y,0.3465124999999996
E592F,0.38533749999999956
E592A,0.43193300000000107
E592D,0.26806499999999994
E592W,0.27385050000000066
E592V,0.1969365
E592T,0.3067325000000005
E592S,0.3583664999999999
E592R,0.5027414999999994
E592Q,0.511618
E592C,0.24751650000000008
E592P,0.37733299999999986
E592G,0.30996350000000034
E592H,0.23747850000000004
E592I,0.29046449999999996
E592Y,0.30003499999999955
E592L,0.37776800000000016
E592M,0.32415049999999995
E592N,0.4202689999999998
E592K,0.30821300000000007
R593W,0.47201850000000023
R593V,0.31998
R593T,0.422741000000001
R593S,0.42405700000000013
R593Q,0.6534324999999981
R593N,0.48793900000000046
R593M,0.3227724999999997
R593L,0.3517875000000001
R593I,0.3936159999999995
R593H,0.21623300000000037
R593Y,0.46803099999999986
R593F,0.5317294999999992
R593E,0.45303200000000016
R593D,0.31598649999999967
R593C,0.23032900000000045
R593A,0.43343150000000036
R593K,0.42028400000000055
R593G,0.39926200000000106
R593P,0.47208400000000034
W594G,0.3728365000000007
W594R,0.7324584999999989
W594S,0.43550750000000027
W594T,0.4085705000000008
W594N,0.45546250000000016
W594M,0.30684349999999977
W594L,0.4130454999999995
W594K,0.4086835000000004
W594I,0.41257349999999976
W594H,0.21032100000000017
W594P,0.4963485000000001
W594F,0.4928149999999994
W594E,0.4135150000000003
W594D,0.3188849999999998
W594C,0.2767650000000007
W594A,0.4423425000000006
W594Y,0.4746854999999997
W594V,0.3170755000000002
W594Q,0.6407164999999984
G595C,0.2443890000000001
G595A,0.44660450000000135
G595T,0.30737300000000056
G595S,0.3355279999999997
G595E,0.2508484999999999
G595D,0.2561384999999999
G595W,0.24348500000000065
G595Y,0.3148084999999996
G595R,0.4893979999999993
G595Q,0.5260315
G595P,0.3843884999999998
G595V,0.19391049999999999
G595M,0.3126819999999997
G595L,0.3960620000000003
G595K,0.2937375
G595I,0.2745889999999999
G595H,0.2124604999999998
G595F,0.38542549999999937
G595N,0.43471349999999975
K596A,0.43473750000000083
K596C,0.2643610000000001
K596D,0.30744200000000005
K596E,0.3221490000000003
K596F,0.43634049999999924
K596G,0.3759605000000005
K596H,0.2604660000000003
K596I,0.4340989999999996
K596P,0.34467199999999953
K596M,0.25983150000000005
K596N,0.3634424999999999
K596Q,0.4708569999999993
K596R,0.530925999999999
K596S,0.3733975000000004
K596V,0.29841850000000053
K596W,0.3254950000000008
K596Y,0.36700799999999956
K596L,0.3897639999999999
K596T,0.3632920000000006
L597C,0.27140200000000025
L597Y,0.3645124999999997
L597A,0.4455355000000008
L597W,0.3227510000000008
L597V,0.2804965000000005
L597T,0.3627575000000007
L597S,0.38621850000000046
L597Q,0.47845749999999926
L597P,0.35127249999999954
L597N,0.3660205000000001
L597R,0.538382999999999
L597K,0.36064999999999986
L597I,0.44208299999999967
L597H,0.25893300000000036
L597G,0.3765560000000005
L597F,0.4419889999999991
L597E,0.32493850000000024
L597D,0.304466
L597M,0.25225300000000017
Y598I,0.3860294999999998
Y598D,0.31197699999999984
Y598E,0.39650250000000026
Y598F,0.5055929999999994
Y598G,0.37184300000000065
Y598H,0.20448350000000018
Y598K,0.3897670000000004
Y598S,0.41647900000000027
Y598M,0.2871819999999998
Y598N,0.43473250000000013
Y598P,0.4690620000000002
Y598Q,0.6119624999999986
Y598R,0.6994609999999989
Y598T,0.39652050000000083
Y598C,0.2682060000000006
Y598L,0.3924154999999996
Y598A,0.4229975000000005
Y598W,0.40688349999999973
Y598V,0.30716800000000005
E599W,0.27385050000000066
E599D,0.26806499999999994
E599C,0.24751650000000008
E599F,0.38533749999999956
E599G,0.30996350000000034
E599H,0.23747850000000004
E599I,0.29046449999999996
E599K,0.30821300000000007
E599M,0.32415049999999995
E599N,0.4202689999999998
E599Q,0.511618
E599R,0.5027414999999994
E599S,0.3583664999999999
E599T,0.3067325000000005
E599V,0.1969365
E599Y,0.30003499999999955
E599P,0.37733299999999986
E599L,0.37776800000000016
E599A,0.43193300000000107
E600V,0.1969365
E600T,0.3067325000000005
E600S,0.3583664999999999
E600R,0.5027414999999994
E600Q,0.511618
E600P,0.37733299999999986
E600N,0.4202689999999998
E600W,0.27385050000000066
E600L,0.37776800000000016
E600I,0.29046449999999996
E600H,0.23747850000000004
E600G,0.30996350000000034
E600F,0.38533749999999956
E600D,0.26806499999999994
E600C,0.24751650000000008
E600A,0.43193300000000107
E600K,0.30821300000000007
E600Y,0.30003499999999955
E600M,0.32415049999999995
E601D,0.26806499999999994
E601H,0.23747850000000004
E601I,0.29046449999999996
E601K,0.30821300000000007
E601L,0.37776800000000016
E601M,0.32415049999999995
E601N,0.4202689999999998
E601P,0.37733299999999986
E601G,0.30996350000000034
E601Q,0.511618
E601S,0.3583664999999999
E601T,0.3067325000000005
E601V,0.1969365
E601W,0.27385050000000066
E601A,0.43193300000000107
E601C,0.24751650000000008
E601Y,0.30003499999999955
E601R,0.5027414999999994
E601F,0.38533749999999956
S602W,0.4700190000000003
S602Q,0.6496314999999981
S602V,0.3179805
S602A,0.43480350000000034
S602C,0.23441800000000051
S602D,0.31724699999999967
S602E,0.4540780000000001
S602F,0.5317294999999992
S602Y,0.4678984999999998
S602T,0.42203350000000095
S602H,0.21721400000000038
S602I,0.3948689999999996
S602K,0.4187390000000006
S602L,0.3549495000000001
S602M,0.32026149999999964
S602N,0.4848115000000004
S602P,0.4700690000000003
S602G,0.39926200000000106
S602R,0.7395599999999988
P603Y,0.48353750000000006
P603W,0.468864
P603G,0.41942550000000056
P603C,0.2606825000000008
P603A,0.42870700000000056
P603D,0.34727500000000033
P603E,0.4238775
P603F,0.5977434999999981
P603H,0.22861700000000038
P603I,0.3741894999999997
P603K,0.3851595000000008
P603M,0.31154249999999967
P603N,0.48263400000000045
P603Q,0.6751354999999983
P603R,0.790646999999999
P603S,0.47100000000000036
P603T,0.4248795000000014
P603V,0.3267895000000001
P603L,0.40334299999999973
S604F,0.5317294999999992
S604G,0.39926200000000106
S604E,0.4540780000000001
S604K,0.4187390000000006
S604C,0.23441800000000051
S604H,0.21721400000000038
S604D,0.31724699999999967
S604I,0.3948689999999996
S604W,0.4700190000000003
S604M,0.32026149999999964
S604N,0.4848115000000004
S604P,0.4700690000000003
S604Q,0.6496314999999981
S604R,0.7395599999999988
S604T,0.42203350000000095
S604V,0.3179805
S604L,0.3549495000000001
S604A,0.43480350000000034
S604Y,0.4678984999999998
R605A,0.43343150000000036
R605Y,0.46803099999999986
R605W,0.47201850000000023
R605V,0.31998
R605T,0.422741000000001
R605S,0.42405700000000013
R605Q,0.6534324999999981
R605P,0.47208400000000034
R605N,0.48793900000000046
R605M,0.3227724999999997
R605C,0.23032900000000045
R605K,0.42028400000000055
R605I,0.3936159999999995
R605H,0.21623300000000037
R605G,0.39926200000000106
R605F,0.5317294999999992
R605E,0.45303200000000016
R605D,0.31598649999999967
R605L,0.3517875000000001
T606P,0.4967230000000001
T606Q,0.6402964999999984
T606R,0.7305559999999989
T606W,0.4248964999999997
T606V,0.3167785000000001
T606N,0.45749850000000014
T606Y,0.47389349999999975
T606S,0.4341160000000003
T606M,0.30515999999999976
T606I,0.40997349999999977
T606K,0.40616750000000046
T606H,0.21203950000000016
T606G,0.3728365000000007
T606F,0.4928149999999994
T606E,0.41447650000000036
T606A,0.44236900000000057
T606C,0.27329850000000067
T606L,0.4094689999999995
T606D,0.3190974999999998
I607W,0.2894670000000007
I607V,0.25764250000000033
I607Y,0.3465124999999996
I607A,0.439602000000001
I607C,0.24963000000000019
I607D,0.2874515
I607E,0.29315500000000017
I607F,0.4207904999999993
I607H,0.22981799999999994
I607K,0.3213675
I607G,0.34179850000000045
I607M,0.2960154999999998
I607N,0.4185599999999999
I607P,0.3776674999999997
I607Q,0.5250559999999997
I607R,0.530925499999999
I607S,0.35216349999999996
I607T,0.3353270000000006
I607L,0.3944055000000001
I608L,0.3944055000000001
I608R,0.530925499999999
I608Q,0.5250559999999997
I608P,0.3776674999999997
I608N,0.4185599999999999
I608M,0.2960154999999998
I608K,0.3213675
I608T,0.3353270000000006
I608G,0.34179850000000045
I608F,0.4207904999999993
I608E,0.29315500000000017
I608D,0.2874515
I608C,0.24963000000000019
I608A,0.439602000000001
I608S,0.35216349999999996
I608H,0.22981799999999994
I608W,0.2894670000000007
I608V,0.25764250000000033
I608Y,0.3465124999999996
Q609D,0.3461715000000003
Q609A,0.4264820000000006
Q609C,0.2584840000000008
Q609V,0.3267220000000002
Q609T,0.4252100000000014
Q609S,0.46934900000000035
Q609R,0.788995999999999
Q609P,0.5042865000000003
Q609N,0.48298950000000046
Q609M,0.3113014999999997
Q609L,0.4011709999999998
Q609K,0.3862960000000008
Q609I,0.37582599999999966
Q609H,0.22950750000000042
Q609G,0.4194535000000005
Q609F,0.5939784999999982
Q609E,0.42515650000000016
Q609W,0.470285
Q609Y,0.482719
Y610F,0.5055929999999994
Y610C,0.2682060000000006
Y610G,0.37184300000000065
Y610H,0.20448350000000018
Y610K,0.3897670000000004
Y610L,0.3924154999999996
Y610M,0.2871819999999998
Y610N,0.43473250000000013
Y610A,0.4229975000000005
Y610P,0.4690620000000002
Y610R,0.6994609999999989
Y610S,0.41647900000000027
Y610T,0.39652050000000083
Y610V,0.30716800000000005
Y610W,0.40688349999999973
Y610E,0.39650250000000026
Y610Q,0.6119624999999986
Y610D,0.31197699999999984
Y610I,0.3860294999999998
I611A,0.439602000000001
I611C,0.24963000000000019
I611D,0.2874515
I611E,0.29315500000000017
I611F,0.4207904999999993
I611G,0.34179850000000045
I611H,0.22981799999999994
I611K,0.3213675
I611M,0.2960154999999998
I611N,0.4185599999999999
I611L,0.3944055000000001
I611Q,0.5250559999999997
I611P,0.3776674999999997
I611W,0.2894670000000007
I611V,0.25764250000000033
I611Y,0.3465124999999996
I611S,0.35216349999999996
I611R,0.530925499999999
I611T,0.3353270000000006
H612D,0.2640774999999999
H612L,0.3869145000000001
H612C,0.24643000000000012
H612E,0.2796995000000001
H612F,0.3973309999999994
H612G,0.3064220000000002
H612I,0.2723014999999998
H612K,0.2900679999999999
H612M,0.3079224999999997
H612V,0.19605300000000003
H612P,0.38502099999999984
H612N,0.4281174999999998
H612A,0.44315950000000115
H612W,0.24379950000000064
H612Y,0.30946749999999973
H612S,0.3362404999999998
H612R,0.4960014999999992
H612Q,0.5148395
H612T,0.30729350000000066
D613Q,0.5245930000000001
D613Y,0.29911999999999955
D613W,0.2667355000000007
D613V,0.2013235
D613T,0.3101445000000005
D613S,0.3609115
D613R,0.5043429999999993
D613A,0.43240900000000104
D613C,0.25336400000000014
D613M,0.3237719999999999
D613E,0.30568850000000014
D613N,0.4235524999999997
D613F,0.3932349999999994
D613G,0.31385000000000035
D613P,0.3787444999999999
D613I,0.29703050000000003
D613H,0.23668150000000007
D613K,0.32025900000000007
D613L,0.37979600000000013
N614V,0.32543450000000024
N614Y,0.482424
N614W,0.4682535000000001
N614R,0.7862874999999989
N614Q,0.6707759999999984
N614P,0.5035475000000003
N614M,0.31177349999999965
N614L,0.40217899999999973
N614S,0.4674060000000004
N614K,0.3839955000000008
N614H,0.2294535000000004
N614G,0.4204305000000005
N614F,0.597171999999998
N614E,0.4212200000000002
N614D,0.34866150000000035
N614C,0.2629955000000008
N614A,0.42801200000000056
N614I,0.3767339999999997
N614T,0.4220455000000014
Y615R,0.6994609999999989
Y615A,0.4229975000000005
Y615C,0.2682060000000006
Y615T,0.39652050000000083
Y615E,0.39650250000000026
Y615F,0.5055929999999994
Y615G,0.37184300000000065
Y615H,0.20448350000000018
Y615I,0.3860294999999998
Y615K,0.3897670000000004
Y615L,0.3924154999999996
Y615M,0.2871819999999998
Y615N,0.43473250000000013
Y615P,0.4690620000000002
Y615Q,0.6119624999999986
Y615S,0.41647900000000027
Y615D,0.31197699999999984
Y615W,0.40688349999999973
Y615V,0.30716800000000005
F616C,0.24254750000000005
F616A,0.42729750000000116
F616H,0.23943650000000002
F616I,0.28485449999999995
F616K,0.29190799999999995
F616L,0.37838600000000006
F616E,0.25625800000000004
F616G,0.3021890000000003
F616M,0.32379649999999993
F616P,0.3608579999999997
F616Q,0.49437
F616R,0.5037679999999994
F616S,0.35332849999999977
F616T,0.30454350000000047
F616V,0.1954685
F616W,0.27549100000000065
F616Y,0.3009744999999995
F616D,0.2486044999999998
F616N,0.4202884999999999
L617T,0.3627575000000007
L617S,0.38621850000000046
L617Y,0.3645124999999997
L617W,0.3227510000000008
L617R,0.538382999999999
L617Q,0.47845749999999926
L617P,0.35127249999999954
L617N,0.3660205000000001
L617M,0.25225300000000017
L617K,0.36064999999999986
L617I,0.44208299999999967
L617H,0.25893300000000036
L617G,0.3765560000000005
L617F,0.4419889999999991
L617E,0.32493850000000024
L617D,0.304466
L617C,0.27140200000000025
L617A,0.4455355000000008
L617V,0.2804965000000005
V618F,0.4928149999999994
V618A,0.4423425000000006
V618C,0.2767650000000007
V618G,0.3728365000000007
V618H,0.21032100000000017
V618I,0.41257349999999976
V618D,0.3188849999999998
V618L,0.4130454999999995
V618M,0.30684349999999977
V618E,0.4135150000000003
V618N,0.45546250000000016
V618Q,0.6407164999999984
V618R,0.7324584999999989
V618S,0.43550750000000027
V618T,0.4085705000000008
V618W,0.4227499999999997
V618Y,0.4746854999999997
V618P,0.4963485000000001
V618K,0.4086835000000004
N619A,0.42801200000000056
N619V,0.32543450000000024
N619Y,0.482424
N619S,0.4674060000000004
N619R,0.7862874999999989
N619Q,0.6707759999999984
N619P,0.5035475000000003
N619M,0.31177349999999965
N619L,0.40217899999999973
N619K,0.3839955000000008
N619I,0.3767339999999997
N619H,0.2294535000000004
N619G,0.4204305000000005
N619F,0.597171999999998
N619E,0.4212200000000002
N619D,0.34866150000000035
N619C,0.2629955000000008
N619W,0.4682535000000001
N619T,0.4220455000000014
L620C,0.27140200000000025
L620V,0.2804965000000005
L620T,0.3627575000000007
L620S,0.38621850000000046
L620R,0.538382999999999
L620Q,0.47845749999999926
L620P,0.35127249999999954
L620N,0.3660205000000001
L620K,0.36064999999999986
L620I,0.44208299999999967
L620H,0.25893300000000036
L620G,0.3765560000000005
L620F,0.4419889999999991
L620E,0.32493850000000024
L620D,0.304466
L620A,0.4455355000000008
L620M,0.25225300000000017
L620Y,0.3645124999999997
L620W,0.3227510000000008
V621A,0.4423425000000006
V621C,0.2767650000000007
V621D,0.3188849999999998
V621E,0.4135150000000003
V621F,0.4928149999999994
V621G,0.3728365000000007
V621H,0.21032100000000017
V621I,0.41257349999999976
V621K,0.4086835000000004
V621M,0.30684349999999977
V621N,0.45546250000000016
V621P,0.4963485000000001
V621Q,0.6407164999999984
V621R,0.7324584999999989
V621S,0.43550750000000027
V621T,0.4085705000000008
V621W,0.4227499999999997
V621L,0.4130454999999995
V621Y,0.4746854999999997
D622A,0.43240900000000104
D622C,0.25336400000000014
D622G,0.31385000000000035
D622H,0.23668150000000007
D622I,0.29703050000000003
D622K,0.32025900000000007
D622L,0.37979600000000013
D622M,0.3237719999999999
D622N,0.4235524999999997
D622E,0.30568850000000014
D622P,0.3787444999999999
D622R,0.5043429999999993
D622S,0.3609115
D622T,0.3101445000000005
D622V,0.2013235
D622W,0.2667355000000007
D622Y,0.29911999999999955
D622Q,0.5245930000000001
D622F,0.3932349999999994
N623C,0.2629955000000008
N623D,0.34866150000000035
N623Y,0.482424
N623F,0.597171999999998
N623G,0.4204305000000005
N623H,0.2294535000000004
N623I,0.3767339999999997
N623K,0.3839955000000008
N623L,0.40217899999999973
N623A,0.42801200000000056
N623M,0.31177349999999965
N623Q,0.6707759999999984
N623R,0.7862874999999989
N623S,0.4674060000000004
N623T,0.4220455000000014
N623V,0.32543450000000024
N623W,0.4682535000000001
N623P,0.5035475000000003
N623E,0.4212200000000002
D624A,0.43240900000000104
D624C,0.25336400000000014
D624Y,0.29911999999999955
D624F,0.3932349999999994
D624G,0.31385000000000035
D624H,0.23668150000000007
D624I,0.29703050000000003
D624K,0.32025900000000007
D624L,0.37979600000000013
D624M,0.3237719999999999
D624N,0.4235524999999997
D624P,0.3787444999999999
D624Q,0.5245930000000001
D624R,0.5043429999999993
D624S,0.3609115
D624T,0.3101445000000005
D624V,0.2013235
D624W,0.2667355000000007
D624E,0.30568850000000014
F625A,0.42729750000000116
F625Y,0.3009744999999995
F625E,0.25625800000000004
F625W,0.27549100000000065
F625V,0.1954685
F625T,0.30454350000000047
F625S,0.35332849999999977
F625R,0.5037679999999994
F625Q,0.49437
F625D,0.2486044999999998
F625P,0.3608579999999997
F625M,0.32379649999999993
F625L,0.37838600000000006
F625K,0.29190799999999995
F625I,0.28485449999999995
F625H,0.23943650000000002
F625G,0.3021890000000003
F625N,0.4202884999999999
F625C,0.24254750000000005
P626K,0.3851595000000008
P626A,0.42870700000000056
P626Y,0.48353750000000006
P626W,0.468864
P626V,0.3267895000000001
P626T,0.4248795000000014
P626S,0.47100000000000036
P626R,0.790646999999999
P626Q,0.6751354999999983
P626N,0.48263400000000045
P626M,0.31154249999999967
P626L,0.40334299999999973
P626I,0.3741894999999997
P626H,0.22861700000000038
P626G,0.41942550000000056
P626F,0.5977434999999981
P626E,0.4238775
P626D,0.34727500000000033
P626C,0.2606825000000008
L627S,0.38621850000000046
L627W,0.3227510000000008
L627T,0.3627575000000007
L627R,0.538382999999999
L627V,0.2804965000000005
L627A,0.4455355000000008
L627C,0.27140200000000025
L627D,0.304466
L627E,0.32493850000000024
L627F,0.4419889999999991
L627Y,0.3645124999999997
L627G,0.3765560000000005
L627I,0.44208299999999967
L627K,0.36064999999999986
L627M,0.25225300000000017
L627N,0.3660205000000001
L627P,0.35127249999999954
L627Q,0.47845749999999926
L627H,0.25893300000000036
D628E,0.30568850000000014
D628C,0.25336400000000014
D628G,0.31385000000000035
D628F,0.3932349999999994
D628H,0.23668150000000007
D628I,0.29703050000000003
D628K,0.32025900000000007
D628L,0.37979600000000013
D628M,0.3237719999999999
D628N,0.4235524999999997
D628P,0.3787444999999999
D628Q,0.5245930000000001
D628R,0.5043429999999993
D628S,0.3609115
D628T,0.3101445000000005
D628V,0.2013235
D628W,0.2667355000000007
D628Y,0.29911999999999955
D628A,0.43240900000000104
N629C,0.2629955000000008
N629F,0.597171999999998
N629G,0.4204305000000005
N629H,0.2294535000000004
N629I,0.3767339999999997
N629K,0.3839955000000008
N629L,0.40217899999999973
N629Y,0.482424
N629M,0.31177349999999965
N629Q,0.6707759999999984
N629R,0.7862874999999989
N629S,0.4674060000000004
N629T,0.4220455000000014
N629V,0.32543450000000024
N629W,0.4682535000000001
N629P,0.5035475000000003
N629D,0.34866150000000035
N629E,0.4212200000000002
N629A,0.42801200000000056
C630D,0.2755424999999999
C630A,0.432167000000001
C630E,0.29887100000000005
C630F,0.3909999999999995
C630G,0.3102045000000003
C630I,0.30182250000000005
C630K,0.32357800000000014
C630L,0.3842265000000002
C630M,0.32476749999999993
C630H,0.22997800000000004
C630P,0.3776044999999999
C630Q,0.5238885000000001
C630R,0.5052579999999993
C630S,0.3617355
C630T,0.31162750000000056
C630V,0.20283900000000002
C630W,0.2608280000000007
C630N,0.4268094999999997
C630Y,0.29853949999999957
L631P,0.35127249999999954
L631Q,0.47845749999999926
L631R,0.538382999999999
L631Y,0.3645124999999997
L631T,0.3627575000000007
L631V,0.2804965000000005
L631N,0.3660205000000001
L631S,0.38621850000000046
L631M,0.25225300000000017
L631W,0.3227510000000008
L631I,0.44208299999999967
L631H,0.25893300000000036
L631G,0.3765560000000005
L631F,0.4419889999999991
L631E,0.32493850000000024
L631D,0.304466
L631C,0.27140200000000025
L631K,0.36064999999999986
L631A,0.4455355000000008
W632R,0.7324584999999989
W632Q,0.6407164999999984
W632P,0.4963485000000001
W632N,0.45546250000000016
W632M,0.30684349999999977
W632L,0.4130454999999995
W632K,0.4086835000000004
W632F,0.4928149999999994
W632H,0.21032100000000017
W632G,0.3728365000000007
W632S,0.43550750000000027
W632E,0.4135150000000003
W632D,0.3188849999999998
W632C,0.2767650000000007
W632A,0.4423425000000006
W632I,0.41257349999999976
W632T,0.4085705000000008
W632V,0.3170755000000002
W632Y,0.4746854999999997
Q633A,0.4264820000000006
Q633Y,0.482719
Q633W,0.470285
Q633V,0.3267220000000002
Q633T,0.4252100000000014
Q633S,0.46934900000000035
Q633R,0.788995999999999
Q633P,0.5042865000000003
Q633N,0.48298950000000046
Q633M,0.3113014999999997
Q633K,0.3862960000000008
Q633I,0.37582599999999966
Q633H,0.22950750000000042
Q633G,0.4194535000000005
Q633F,0.5939784999999982
Q633D,0.3461715000000003
Q633C,0.2584840000000008
Q633L,0.4011709999999998
Q633E,0.42515650000000016
V634W,0.4227499999999997
V634A,0.4423425000000006
V634D,0.3188849999999998
V634E,0.4135150000000003
V634F,0.4928149999999994
V634G,0.3728365000000007
V634H,0.21032100000000017
V634I,0.41257349999999976
V634K,0.4086835000000004
V634L,0.4130454999999995
V634M,0.30684349999999977
V634N,0.45546250000000016
V634P,0.4963485000000001
V634Q,0.6407164999999984
V634R,0.7324584999999989
V634S,0.43550750000000027
V634T,0.4085705000000008
V634C,0.2767650000000007
V634Y,0.4746854999999997
V635T,0.4085705000000008
V635Y,0.4746854999999997
V635S,0.43550750000000027
V635R,0.7324584999999989
V635Q,0.6407164999999984
V635P,0.4963485000000001
V635N,0.45546250000000016
V635M,0.30684349999999977
V635L,0.4130454999999995
V635K,0.4086835000000004
V635I,0.41257349999999976
V635H,0.21032100000000017
V635G,0.3728365000000007
V635F,0.4928149999999994
V635E,0.4135150000000003
V635D,0.3188849999999998
V635C,0.2767650000000007
V635W,0.4227499999999997
V635A,0.4423425000000006
E636C,0.24751650000000008
E636W,0.27385050000000066
E636D,0.26806499999999994
E636F,0.38533749999999956
E636G,0.30996350000000034
E636H,0.23747850000000004
E636I,0.29046449999999996
E636K,0.30821300000000007
E636L,0.37776800000000016
E636A,0.43193300000000107
E636N,0.4202689999999998
E636M,0.32415049999999995
E636V,0.1969365
E636T,0.3067325000000005
E636Y,0.30003499999999955
E636R,0.5027414999999994
E636Q,0.511618
E636P,0.37733299999999986
E636S,0.3583664999999999
D637G,0.31385000000000035
D637H,0.23668150000000007
D637I,0.29703050000000003
D637K,0.32025900000000007
D637L,0.37979600000000013
D637M,0.3237719999999999
D637N,0.4235524999999997
D637P,0.3787444999999999
D637R,0.5043429999999993
D637S,0.3609115
D637V,0.2013235
D637W,0.2667355000000007
D637Y,0.29911999999999955
D637C,0.25336400000000014
D637F,0.3932349999999994
D637A,0.43240900000000104
D637Q,0.5245930000000001
D637T,0.3101445000000005
D637E,0.30568850000000014
T638W,0.4248964999999997
T638Y,0.47389349999999975
T638A,0.44236900000000057
T638C,0.27329850000000067
T638D,0.3190974999999998
T638E,0.41447650000000036
T638G,0.3728365000000007
T638H,0.21203950000000016
T638I,0.40997349999999977
T638F,0.4928149999999994
T638L,0.4094689999999995
T638K,0.40616750000000046
T638S,0.4341160000000003
T638R,0.7305559999999989
T638Q,0.6402964999999984
T638V,0.3167785000000001
T638N,0.45749850000000014
T638M,0.30515999999999976
T638P,0.4967230000000001
L639N,0.3660205000000001
L639V,0.2804965000000005
L639T,0.3627575000000007
L639S,0.38621850000000046
L639R,0.538382999999999
L639Q,0.47845749999999926
L639P,0.35127249999999954
L639M,0.25225300000000017
L639A,0.4455355000000008
L639I,0.44208299999999967
L639H,0.25893300000000036
L639G,0.3765560000000005
L639F,0.4419889999999991
L639E,0.32493850000000024
L639D,0.304466
L639C,0.27140200000000025
L639W,0.3227510000000008
L639K,0.36064999999999986
L639Y,0.3645124999999997
E640C,0.24751650000000008
E640Y,0.30003499999999955
E640W,0.27385050000000066
E640V,0.1969365
E640T,0.3067325000000005
E640S,0.3583664999999999
E640R,0.5027414999999994
E640P,0.37733299999999986
E640N,0.4202689999999998
E640M,0.32415049999999995
E640Q,0.511618
E640K,0.30821300000000007
E640I,0.29046449999999996
E640H,0.23747850000000004
E640G,0.30996350000000034
E640F,0.38533749999999956
E640D,0.26806499999999994
E640A,0.43193300000000107
E640L,0.37776800000000016
L641N,0.3660205000000001
L641V,0.2804965000000005
L641T,0.3627575000000007
L641S,0.38621850000000046
L641R,0.538382999999999
L641Q,0.47845749999999926
L641P,0.35127249999999954
L641A,0.4455355000000008
L641C,0.27140200000000025
L641K,0.36064999999999986
L641I,0.44208299999999967
L641H,0.25893300000000036
L641G,0.3765560000000005
L641F,0.4419889999999991
L641E,0.32493850000000024
L641D,0.304466
L641Y,0.3645124999999997
L641M,0.25225300000000017
L641W,0.3227510000000008
L642N,0.3660205000000001
L642D,0.304466
L642Y,0.3645124999999997
L642W,0.3227510000000008
L642V,0.2804965000000005
L642T,0.3627575000000007
L642S,0.38621850000000046
L642R,0.538382999999999
L642C,0.27140200000000025
L642Q,0.47845749999999926
L642M,0.25225300000000017
L642I,0.44208299999999967
L642H,0.25893300000000036
L642G,0.3765560000000005
L642F,0.4419889999999991
L642E,0.32493850000000024
L642P,0.35127249999999954
L642K,0.36064999999999986
L642A,0.4455355000000008
N643Y,0.482424
N643C,0.2629955000000008
N643D,0.34866150000000035
N643E,0.4212200000000002
N643F,0.597171999999998
N643G,0.4204305000000005
N643H,0.2294535000000004
N643I,0.3767339999999997
N643A,0.42801200000000056
N643K,0.3839955000000008
N643M,0.31177349999999965
N643P,0.5035475000000003
N643Q,0.6707759999999984
N643R,0.7862874999999989
N643S,0.4674060000000004
N643T,0.4220455000000014
N643V,0.32543450000000024
N643W,0.4682535000000001
N643L,0.40217899999999973
R644W,0.47201850000000023
R644Y,0.46803099999999986
R644V,0.31998
R644D,0.31598649999999967
R644S,0.42405700000000013
R644A,0.43343150000000036
R644C,0.23032900000000045
R644E,0.45303200000000016
R644F,0.5317294999999992
R644H,0.21623300000000037
R644G,0.39926200000000106
R644K,0.42028400000000055
R644L,0.3517875000000001
R644M,0.3227724999999997
R644N,0.48793900000000046
R644P,0.47208400000000034
R644Q,0.6534324999999981
R644I,0.3936159999999995
R644T,0.422741000000001
P645G,0.41942550000000056
P645I,0.3741894999999997
P645H,0.22861700000000038
P645Y,0.48353750000000006
P645E,0.4238775
P645A,0.42870700000000056
P645C,0.2606825000000008
P645F,0.5977434999999981
P645L,0.40334299999999973
P645K,0.3851595000000008
P645N,0.48263400000000045
P645M,0.31154249999999967
P645W,0.468864
P645V,0.3267895000000001
P645T,0.4248795000000014
P645D,0.34727500000000033
P645R,0.790646999999999
P645Q,0.6751354999999983
P645S,0.47100000000000036
T646A,0.44236900000000057
T646C,0.27329850000000067
T646D,0.3190974999999998
T646E,0.41447650000000036
T646F,0.4928149999999994
T646G,0.3728365000000007
T646H,0.21203950000000016
T646I,0.40997349999999977
T646K,0.40616750000000046
T646L,0.4094689999999995
T646N,0.45749850000000014
T646Q,0.6402964999999984
T646R,0.7305559999999989
T646S,0.4341160000000003
T646V,0.3167785000000001
T646W,0.4248964999999997
T646Y,0.47389349999999975
T646M,0.30515999999999976
T646P,0.4967230000000001
Q647S,0.46934900000000035
Q647W,0.470285
Q647Y,0.482719
Q647R,0.788995999999999
Q647V,0.3267220000000002
Q647P,0.5042865000000003
Q647N,0.48298950000000046
Q647M,0.3113014999999997
Q647L,0.4011709999999998
Q647K,0.3862960000000008
Q647I,0.37582599999999966
Q647H,0.22950750000000042
Q647G,0.4194535000000005
Q647F,0.5939784999999982
Q647E,0.42515650000000016
Q647D,0.3461715000000003
Q647C,0.2584840000000008
Q647A,0.4264820000000006
Q647T,0.4252100000000014
N648C,0.2629955000000008
N648Y,0.482424
N648E,0.4212200000000002
N648W,0.4682535000000001
N648V,0.32543450000000024
N648T,0.4220455000000014
N648S,0.4674060000000004
N648R,0.7862874999999989
N648Q,0.6707759999999984
N648A,0.42801200000000056
N648P,0.5035475000000003
N648L,0.40217899999999973
N648K,0.3839955000000008
N648I,0.3767339999999997
N648H,0.2294535000000004
N648G,0.4204305000000005
N648F,0.597171999999998
N648M,0.31177349999999965
N648D,0.34866150000000035
A649C,0.26654550000000016
A649E,0.285949
A649D,0.2674744999999999
A649F,0.3915649999999994
A649G,0.30399600000000027
A649H,0.2230404999999999
A649I,0.2912825
A649K,0.3070860000000001
A649L,0.37880550000000013
A649M,0.31519199999999975
A649P,0.3712099999999998
A649Q,0.5066775
A649R,0.5064869999999995
A649S,0.3657525
A649T,0.3103800000000006
A649V,0.20218500000000006
A649W,0.2577250000000007
A649N,0.42248549999999974
A649Y,0.29845449999999957
R650W,0.47201850000000023
R650Y,0.46803099999999986
R650S,0.42405700000000013
R650Q,0.6534324999999981
R650P,0.47208400000000034
R650N,0.48793900000000046
R650M,0.3227724999999997
R650L,0.3517875000000001
R650H,0.21623300000000037
R650I,0.3936159999999995
R650V,0.31998
R650G,0.39926200000000106
R650F,0.5317294999999992
R650E,0.45303200000000016
R650D,0.31598649999999967
R650C,0.23032900000000045
R650A,0.43343150000000036
R650K,0.42028400000000055
R650T,0.422741000000001
E651A,0.43193300000000107
E651D,0.26806499999999994
E651F,0.38533749999999956
E651Y,0.30003499999999955
E651W,0.27385050000000066
E651V,0.1969365
E651T,0.3067325000000005
E651S,0.3583664999999999
E651R,0.5027414999999994
E651C,0.24751650000000008
E651Q,0.511618
E651N,0.4202689999999998
E651M,0.32415049999999995
E651L,0.37776800000000016
E651I,0.29046449999999996
E651H,0.23747850000000004
E651G,0.30996350000000034
E651P,0.37733299999999986
E651K,0.30821300000000007
T652D,0.3190974999999998
T652E,0.41447650000000036
T652C,0.27329850000000067
T652Y,0.47389349999999975
T652W,0.4248964999999997
T652V,0.3167785000000001
T652S,0.4341160000000003
T652R,0.7305559999999989
T652Q,0.6402964999999984
T652A,0.44236900000000057
T652P,0.4967230000000001
T652M,0.30515999999999976
T652L,0.4094689999999995
T652K,0.40616750000000046
T652I,0.40997349999999977
T652H,0.21203950000000016
T652G,0.3728365000000007
T652F,0.4928149999999994
T652N,0.45749850000000014
E653W,0.27385050000000066
E653D,0.26806499999999994
E653N,0.4202689999999998
E653C,0.24751650000000008
E653F,0.38533749999999956
E653G,0.30996350000000034
E653H,0.23747850000000004
E653I,0.29046449999999996
E653K,0.30821300000000007
E653L,0.37776800000000016
E653M,0.32415049999999995
E653P,0.37733299999999986
E653Q,0.511618
E653R,0.5027414999999994
E653S,0.3583664999999999
E653T,0.3067325000000005
E653V,0.1969365
E653Y,0.30003499999999955
E653A,0.43193300000000107
A654E,0.285949
A654F,0.3915649999999994
A654G,0.30399600000000027
A654Y,0.29845449999999957
A654W,0.2577250000000007
A654V,0.20218500000000006
A654T,0.3103800000000006
A654S,0.3657525
A654R,0.5064869999999995
A654C,0.26654550000000016
A654Q,0.5066775
A654N,0.42248549999999974
A654M,0.31519199999999975
A654L,0.37880550000000013
A654K,0.3070860000000001
A654I,0.2912825
A654H,0.2230404999999999
A654P,0.3712099999999998
A654D,0.2674744999999999
P655C,0.2606825000000008
P655Y,0.48353750000000006
P655D,0.34727500000000033
P655E,0.4238775
P655F,0.5977434999999981
P655G,0.41942550000000056
P655H,0.22861700000000038
P655I,0.3741894999999997
P655K,0.3851595000000008
P655L,0.40334299999999973
P655M,0.31154249999999967
P655N,0.48263400000000045
P655Q,0.6751354999999983
P655R,0.790646999999999
P655S,0.47100000000000036
P655T,0.4248795000000014
P655V,0.3267895000000001
P655A,0.42870700000000056
P655W,0.468864
