id,DMS_score
0,0.3538865
1,0.3459291
2,0.34138253
3,0.3568816
4,0.34768355
5,0.34260595
6,0.34470573
7,0.3418898
8,0.35051844
9,0.35062715
10,0.3509367
11,0.35060403
12,0.3514131
13,0.3484977
14,0.34739375
15,0.34554264
16,0.35674748
17,0.35130733
18,0.35612538
19,0.3517196
20,0.3455341
21,0.3432694
22,0.3386157
23,0.34210232
24,0.34494957
25,0.35209766
26,0.3373566
27,0.33716688
28,0.33837637
29,0.35669804
30,0.3561535
31,0.3566561
32,0.3403829
33,0.34072095
34,0.33997986
35,0.35392132
36,0.33654445
37,0.33850986
38,0.34602767
39,0.34403327
40,0.3515375
41,0.34846118
42,0.35645765
43,0.34420618
44,0.35019535
45,0.34623325
46,0.35078904
47,0.34692597
48,0.34476036
49,0.34336635
50,0.35192677
51,0.34721962
52,0.35122663
53,0.34376156
54,0.347361
55,0.3566266
56,0.34712082
57,0.34770083
58,0.3499098
59,0.3377209
60,0.35461104
61,0.35508057
62,0.35018548
63,0.35122868
64,0.35467744
65,0.3566885
66,0.35578844
67,0.3551951
68,0.35578892
69,0.35454828
70,0.34273028
71,0.3538932
72,0.35708076
73,0.3550273
74,0.35296932
75,0.34300926
76,0.34122872
77,0.34971783
78,0.34465137
79,0.3424256
80,0.34472668
81,0.35193858
82,0.3462591
83,0.34419516
84,0.35520092
85,0.34906057
86,0.35372034
87,0.35125098
88,0.34470713
89,0.35612434
90,0.34771517
91,0.34775975
92,0.35046002
93,0.35516006
94,0.3458566
95,0.3586187
96,0.3503786
97,0.34982598
98,0.34745803
99,0.34771132
100,0.35150656
101,0.34823617
102,0.35078248
103,0.35930765
104,0.3463125
105,0.35924453
106,0.36111054
107,0.3471788
108,0.34851694
109,0.35382047
110,0.3583069
111,0.3543983
112,0.35944155
113,0.35880083
114,0.35786605
115,0.3577825
116,0.35889626
117,0.35713634
118,0.35652593
119,0.35599002
120,0.35728666
121,0.35707507
122,0.3573529
123,0.36035976
124,0.35518748
125,0.35564607
126,0.34533826
127,0.35594866
128,0.35860243
129,0.35507336
130,0.35639772
131,0.3580417
132,0.36060128
133,0.34225973
134,0.34809795
135,0.35877487
136,0.338114
137,0.34790918
138,0.35998526
139,0.34677792
140,0.3597819
141,0.34526506
142,0.35594973
143,0.34945798
144,0.34851328
145,0.35411564
146,0.35980088
147,0.35174325
148,0.3585681
149,0.3564815
150,0.35072112
151,0.35145336
152,0.3459667
153,0.3448123
154,0.3495662
155,0.35030732
156,0.3513543
157,0.35156584
158,0.35220447
159,0.3496149
160,0.34837064
161,0.34575063
162,0.3458074
163,0.3451592
164,0.35212687
165,0.34687155
166,0.34988323
167,0.35318545
168,0.34870553
169,0.34414887
170,0.35449016
171,0.3518916
172,0.3524841
173,0.34503746
174,0.35370693
175,0.35270718
176,0.345346
177,0.34365827
178,0.35434905
179,0.35136953
180,0.34745952
181,0.35294792
182,0.35313663
183,0.35287592
184,0.35159978
185,0.35414445
186,0.3537708
187,0.34244815
188,0.35434094
189,0.34832814
190,0.34247494
191,0.3421546
192,0.35134026
193,0.3532201
194,0.34215412
195,0.35720724
196,0.3447134
197,0.3565803
198,0.34744343
199,0.35325018
200,0.3486708
201,0.35971117
202,0.35553136
203,0.34694156
204,0.3515622
205,0.35439575
206,0.34104493
207,0.35219577
208,0.34800932
209,0.34697402
210,0.3549308
211,0.35582772
212,0.34700942
213,0.3509601
214,0.34771362
215,0.34651628
216,0.3525663
217,0.34595427
218,0.35238704
219,0.35320458
220,0.34709027
221,0.34850964
222,0.3470398
223,0.34703964
224,0.34537324
225,0.34723312
226,0.34583375
227,0.34455025
228,0.36042073
229,0.35743564
230,0.3563404
231,0.3476664
232,0.3595492
233,0.35741156
234,0.36066213
235,0.35326335
236,0.35176408
237,0.35026482
238,0.36030304
239,0.3583342
240,0.34370992
241,0.35458043
242,0.35664144
243,0.34944233
244,0.35674703
245,0.35978773
246,0.35837033
247,0.35241106
248,0.35335442
249,0.3525421
250,0.348335
251,0.35554883
252,0.3545049
253,0.34909636
254,0.35435507
255,0.35162815
256,0.35693744
257,0.35300025
258,0.35295948
259,0.35471958
260,0.35502103
261,0.35672083
262,0.34722146
263,0.35965115
264,0.35347888
265,0.35731277
266,0.33853775
267,0.34282127
268,0.34241664
269,0.3428875
270,0.33965173
271,0.3437224
272,0.35211742
273,0.3432657
274,0.35372415
275,0.34381968
276,0.34702697
277,0.34910187
278,0.34219304
279,0.3419672
280,0.35117438
281,0.35833433
282,0.34862703
283,0.3415358
284,0.3442301
285,0.35516706
286,0.35567516
287,0.34322885
288,0.35109988
289,0.34269485
290,0.3554501
291,0.34242067
292,0.35691318
293,0.35568753
294,0.35659873
295,0.35616186
296,0.35272256
297,0.3421508
298,0.3387175
299,0.3439748
300,0.35491344
301,0.34336266
302,0.34147987
303,0.33970276
304,0.34776327
305,0.34017
306,0.35101837
307,0.33989283
308,0.34181282
309,0.33935553
310,0.3459173
311,0.3560306
312,0.3490296
313,0.33794495
314,0.33649915
315,0.34588817
316,0.340037
317,0.3548638
318,0.33501908
319,0.33840916
320,0.34453312
321,0.33662757
322,0.34182087
323,0.35387018
324,0.3545191
325,0.3421267
326,0.35207838
327,0.35136643
328,0.33991978
329,0.35355225
330,0.3410582
331,0.3525754
332,0.34178331
333,0.3542777
334,0.3518079
335,0.3548602
336,0.35351786
337,0.33996323
338,0.35385475
339,0.3418212
340,0.3432354
341,0.34120044
342,0.34280193
343,0.34699708
344,0.35550123
345,0.34692097
346,0.340427
347,0.34032238
348,0.3373123
349,0.3389305
350,0.353915
351,0.33902526
352,0.3455481
353,0.3475329
354,0.33863813
355,0.3479248
356,0.33973765
357,0.34368706
358,0.34582767
359,0.34192595
360,0.34551576
361,0.34529582
362,0.34466344
363,0.33910567
364,0.34643832
365,0.34743327
366,0.3423541
367,0.34772053
368,0.3458725
369,0.3402191
370,0.3428844
371,0.34675193
372,0.3399358
373,0.34108287
374,0.34568134
375,0.3451551
376,0.34788445
377,0.34742773
378,0.3420162
379,0.33871174
380,0.3464562
381,0.33888325
382,0.34998092
383,0.3436072
384,0.34525898
385,0.34827763
386,0.34837797
387,0.3473393
388,0.347472
389,0.34445298
390,0.34208038
391,0.34867415
392,0.34350717
393,0.3474671
394,0.34309968
395,0.34823737
396,0.34882417
397,0.3415728
398,0.3483137
399,0.35015756
400,0.34607694
401,0.3489167
402,0.34510466
403,0.3440782
404,0.3514868
405,0.35252655
406,0.34993276
407,0.3458492
408,0.3473276
409,0.3499684
410,0.34916055
411,0.35116667
412,0.35003778
413,0.34896058
414,0.34839168
415,0.3445731
416,0.3487143
417,0.34883544
418,0.3531945
419,0.3494623
420,0.34446368
421,0.34852543
422,0.34883234
423,0.35629964
424,0.35109004
425,0.35054395
426,0.35113975
427,0.35075223
428,0.3508722
429,0.3498829
430,0.35084704
431,0.3528468
432,0.35300004
433,0.35240257
434,0.345021
435,0.3484443
436,0.34966674
437,0.34485522
438,0.34639877
439,0.34437573
440,0.34473568
441,0.34515098
442,0.35252848
443,0.34613404
444,0.34650743
445,0.34714916
446,0.34531736
447,0.34567168
448,0.3427118
449,0.34758368
450,0.3480509
451,0.34922186
452,0.34816983
453,0.34698793
454,0.3426948
455,0.33872348
456,0.34666628
457,0.34729698
458,0.33960912
459,0.34445
460,0.34124818
461,0.34601018
462,0.34803
463,0.34412563
464,0.3470867
465,0.33996454
466,0.34814367
467,0.3448872
468,0.34319025
469,0.3482789
470,0.3434907
471,0.3465431
472,0.3452511
473,0.34927577
474,0.34655955
475,0.3483752
476,0.34584537
477,0.34445956
478,0.3446336
479,0.34547266
480,0.34474087
481,0.3445388
482,0.34700865
483,0.33961508
484,0.34643468
485,0.34651938
486,0.34685084
487,0.3480266
488,0.34726027
489,0.34563264
490,0.34282446
491,0.34099355
492,0.34202263
493,0.34813556
494,0.35201424
495,0.35139203
496,0.34194848
497,0.34963527
498,0.3513848
499,0.35067764
500,0.35100386
501,0.3532552
502,0.35073242
503,0.3529323
504,0.3532121
505,0.34593168
506,0.35235712
507,0.35291597
508,0.35097808
509,0.35250875
510,0.3529242
511,0.34649554
512,0.3512438
513,0.34799382
514,0.34719202
515,0.34674832
516,0.3486152
517,0.34465256
518,0.33707693
519,0.34707353
520,0.34677532
521,0.35039535
522,0.3465658
523,0.3484839
524,0.34425327
525,0.34983385
526,0.35003582
527,0.3460713
528,0.3485082
529,0.3445707
530,0.347008
531,0.34986952
532,0.3512868
533,0.35229608
534,0.35041878
535,0.3510092
536,0.34946024
537,0.34247574
538,0.34813663
539,0.34937054
540,0.3497752
541,0.34951976
542,0.35046348
543,0.34900135
544,0.34629104
545,0.34727576
546,0.34652266
547,0.34346136
548,0.34985495
549,0.35100922
550,0.34909007
551,0.34846815
552,0.34226683
553,0.3455423
554,0.34159222
555,0.34601787
556,0.34501734
557,0.34922963
558,0.3442182
559,0.34772253
560,0.3437769
561,0.34612125
562,0.34669134
563,0.34626013
564,0.3404831
565,0.3457987
566,0.34641093
567,0.34652004
568,0.34698546
569,0.34558624
570,0.34682772
571,0.3483567
572,0.3504973
573,0.35050455
574,0.34826258
575,0.35058746
576,0.34915885
577,0.34881222
578,0.3473014
579,0.3498489
580,0.3499839
581,0.3496102
582,0.35035583
583,0.34979716
584,0.35067686
585,0.34774658
586,0.3496528
587,0.35122856
588,0.3499076
589,0.34636557
590,0.349955
591,0.35035804
592,0.34862348
593,0.3482584
594,0.34593672
595,0.3471094
596,0.34992692
597,0.34936967
598,0.3495085
599,0.34902617
600,0.34907946
601,0.34994552
602,0.34905493
603,0.3488178
604,0.34592173
605,0.34924033
606,0.34985742
607,0.3513873
608,0.34347704
609,0.3474569
610,0.34952214
611,0.342424
612,0.34683773
613,0.3463622
614,0.34476456
615,0.34838113
616,0.3476066
617,0.3474544
618,0.3465973
619,0.34839407
620,0.34827355
621,0.3498953
622,0.3498109
623,0.34652254
624,0.34658638
625,0.3493845
626,0.3451992
627,0.34875378
628,0.34905478
629,0.34717765
630,0.35008165
631,0.3524798
632,0.3489603
633,0.3497146
634,0.34996256
635,0.35096958
636,0.34834024
637,0.34750435
638,0.3485723
639,0.3490871
640,0.3506819
641,0.3454455
642,0.3502628
643,0.34542027
644,0.34947476
645,0.34976304
646,0.3453968
647,0.34699756
648,0.34807172
649,0.34851223
650,0.3432377
651,0.3494427
652,0.34842893
653,0.3478894
654,0.3469861
655,0.34782195
656,0.3445052
657,0.34874675
658,0.3479367
659,0.34892768
660,0.34798232
661,0.34818706
662,0.34733775
663,0.34814483
664,0.3481644
665,0.34808123
666,0.34585235
667,0.3472217
668,0.34708378
669,0.34542117
670,0.3476551
671,0.34787884
672,0.34766403
673,0.34377465
674,0.3463649
675,0.34804574
676,0.34550932
677,0.3455985
678,0.34256193
679,0.34741482
680,0.34770197
681,0.34776738
682,0.34772494
683,0.34783053
684,0.34958127
685,0.34720808
686,0.3487974
687,0.34942386
688,0.3447116
689,0.34996346
690,0.34967032
691,0.3473744
692,0.3462621
693,0.3482562
694,0.3476229
695,0.34860477
696,0.3469412
697,0.34911144
698,0.34897938
699,0.34960067
700,0.34974024
701,0.34601197
702,0.348568
703,0.34761596
704,0.3457037
705,0.3502883
706,0.34909323
707,0.34535226
708,0.34843346
709,0.34704265
710,0.34918162
711,0.34502098
712,0.3485259
713,0.34907052
714,0.34806654
715,0.3478618
716,0.3500107
717,0.34676704
718,0.34818524
719,0.3477877
720,0.35014123
721,0.3498294
722,0.3481779
723,0.34922278
724,0.3499062
725,0.34985894
726,0.34970316
727,0.34714562
728,0.34846
729,0.34978926
730,0.34853312
731,0.34867615
732,0.34965488
733,0.34830663
734,0.3504423
735,0.35064483
736,0.34983054
737,0.34844208
738,0.3452877
739,0.34938914
740,0.348498
741,0.34629157
742,0.34936243
743,0.34723493
744,0.34760222
745,0.34752464
746,0.347127
747,0.3449355
748,0.34718898
749,0.34664783
750,0.34568897
751,0.34463152
752,0.34495056
753,0.34795848
754,0.3396183
755,0.34609678
756,0.34656903
757,0.3474168
758,0.34633204
759,0.34419006
760,0.34142047
761,0.34671518
762,0.34673846
763,0.34589335
764,0.3491331
765,0.34602436
766,0.34293422
767,0.34665912
768,0.34585825
769,0.34538344
770,0.34520003
771,0.34609815
772,0.34838665
773,0.34476092
774,0.3459789
775,0.3451304
776,0.3457589
777,0.34685364
778,0.34522262
779,0.34874892
780,0.35177055
781,0.34849653
782,0.34482282
783,0.34842268
784,0.34942165
785,0.34930354
786,0.3446761
787,0.3498815
788,0.3504794
789,0.3449308
790,0.34651104
791,0.3487358
792,0.34591988
793,0.34588173
794,0.34852025
795,0.35047907
796,0.3464773
797,0.34565952
798,0.34057507
799,0.34406644
800,0.34359816
801,0.3409261
802,0.34590378
803,0.3463652
804,0.34041432
805,0.34266177
806,0.34671703
807,0.3418292
808,0.34243765
809,0.34344175
810,0.33948925
811,0.33407795
812,0.33585393
813,0.34254912
814,0.33357087
815,0.33333048
816,0.3403199
817,0.34329754
818,0.3342011
819,0.34725514
820,0.33855093
821,0.3348012
822,0.34687918
823,0.33219036
824,0.34731492
825,0.33792597
826,0.33213946
827,0.33408475
828,0.33828792
829,0.34102142
830,0.34445396
831,0.33102944
832,0.3410297
833,0.34528354
834,0.3214319
835,0.3467699
836,0.3468053
837,0.3355143
838,0.34646934
839,0.345852
840,0.3432393
841,0.3459011
842,0.3417394
843,0.3450795
844,0.34577623
845,0.34581995
846,0.34713104
847,0.3469969
848,0.34596655
849,0.3452101
850,0.34431055
851,0.33605623
852,0.33579656
853,0.34487218
854,0.34551463
855,0.3445615
856,0.34678188
857,0.34216586
858,0.33602104
859,0.34684145
860,0.34820518
861,0.34627372
862,0.34779343
863,0.343538
864,0.34799686
865,0.34335285
866,0.3424743
867,0.34297112
868,0.3481557
869,0.34907445
870,0.3417963
871,0.3438951
872,0.3433748
873,0.34154576
874,0.32412848
875,0.34418908
876,0.34237596
877,0.34193665
878,0.34788075
879,0.34462512
880,0.32094195
881,0.34227777
882,0.34484252
883,0.34770614
884,0.34335
885,0.33849505
886,0.3426593
887,0.3408922
888,0.33813858
889,0.3363121
890,0.34449673
891,0.34505463
892,0.34576455
893,0.3447253
894,0.3392661
895,0.34059468
896,0.34207696
897,0.333496
898,0.32048196
899,0.3411417
900,0.3428953
901,0.3398286
902,0.3431051
903,0.3465966
904,0.33725706
905,0.3407805
906,0.33863124
907,0.33699703
908,0.33656874
909,0.34340113
910,0.34455815
911,0.34166858
912,0.34295154
913,0.32689425
914,0.31605002
915,0.33673796
916,0.3396597
917,0.33807722
918,0.33888772
919,0.32957673
920,0.34705213
921,0.32711044
922,0.33373582
923,0.33106616
924,0.33584604
925,0.34021848
926,0.34172198
927,0.313307
928,0.3438476
929,0.32821763
930,0.3415973
931,0.34136334
932,0.3420255
933,0.3359642
934,0.33936614
935,0.3406596
936,0.34279644
937,0.3375058
938,0.34870973
939,0.34352344
940,0.32611075
941,0.3414153
942,0.34220853
943,0.33992276
944,0.34151378
945,0.3276869
946,0.341539
947,0.3378406
948,0.34048498
949,0.3382502
950,0.35073936
951,0.3472936
952,0.34134713
953,0.34421244
954,0.34884638
955,0.34453198
956,0.3507192
957,0.3504885
958,0.3492688
959,0.34806874
960,0.34923968
961,0.34812114
962,0.34874883
963,0.34871408
964,0.34552574
965,0.35046914
966,0.3494149
967,0.35047576
968,0.3489104
969,0.34133142
970,0.33227375
971,0.32316867
972,0.34298286
973,0.34277725
974,0.3464372
975,0.3317954
976,0.346141
977,0.3315067
978,0.33911678
979,0.3458885
980,0.3397602
981,0.33529735
982,0.34103754
983,0.33980474
984,0.34058672
985,0.33739468
986,0.337324
987,0.34376532
988,0.34260073
989,0.3407895
990,0.33698454
991,0.34639785
992,0.346902
993,0.34830222
994,0.34793434
995,0.3333261
996,0.34138414
997,0.3440101
998,0.33805496
999,0.342905
1000,0.3334319
1001,0.33669505
1002,0.34649697
1003,0.34802827
1004,0.3458055
1005,0.34436068
1006,0.33861715
1007,0.33623266
1008,0.3394368
1009,0.33756575
1010,0.33343732
1011,0.3379226
1012,0.3407907
1013,0.33781466
1014,0.34493992
1015,0.33245
1016,0.33851305
1017,0.34672102
1018,0.337508
1019,0.3425528
1020,0.3326347
1021,0.34209496
1022,0.3391097
1023,0.33182576
1024,0.33281577
1025,0.33568564
1026,0.34492466
1027,0.34512284
1028,0.34119225
1029,0.34812534
1030,0.34678742
1031,0.34427035
1032,0.3475403
1033,0.34486577
1034,0.34506044
1035,0.34658015
1036,0.34635165
1037,0.34673402
1038,0.34829116
1039,0.3480604
1040,0.34527546
1041,0.346081
1042,0.34436628
1043,0.34645706
1044,0.34463912
1045,0.3360622
1046,0.32595494
1047,0.3400593
1048,0.34080443
1049,0.3392109
1050,0.34195966
1051,0.34121692
1052,0.34156182
1053,0.33750162
1054,0.34504813
1055,0.3361293
1056,0.33396867
1057,0.3379906
1058,0.3288504
1059,0.33277953
1060,0.3404237
1061,0.33422908
1062,0.33866557
1063,0.3358467
1064,0.34137532
1065,0.34587625
1066,0.3487507
1067,0.34703672
1068,0.346596
1069,0.34648454
1070,0.32012326
1071,0.34673086
1072,0.34403643
1073,0.34641102
1074,0.34654143
1075,0.33460367
1076,0.34681386
1077,0.3492504
1078,0.3460302
1079,0.34899727
1080,0.32981536
1081,0.32842556
1082,0.3483897
1083,0.3489538
1084,0.34314144
1085,0.3474169
1086,0.34415367
1087,0.3453829
1088,0.34605864
1089,0.34291437
1090,0.33850813
1091,0.34917906
1092,0.345741
1093,0.33898133
1094,0.3452125
1095,0.3451677
1096,0.34364238
1097,0.34427205
1098,0.3377618
1099,0.33360946
1100,0.3460639
1101,0.3416762
1102,0.34322557
1103,0.33127454
1104,0.34740844
1105,0.32613918
1106,0.33259198
1107,0.34803864
1108,0.33958104
1109,0.33726272
1110,0.33067542
1111,0.32128963
1112,0.33551833
1113,0.34543815
1114,0.3379208
1115,0.3365359
1116,0.2981057
1117,0.3480694
1118,0.3078312
1119,0.34671873
1120,0.33489844
1121,0.34531134
1122,0.34423196
1123,0.32357144
1124,0.33730906
1125,0.34046867
1126,0.3470023
1127,0.34184596
1128,0.3458718
1129,0.33555442
1130,0.33366266
1131,0.33454165
1132,0.32233176
1133,0.324296
1134,0.32717392
1135,0.34081998
1136,0.34853938
1137,0.33269846
1138,0.341286
1139,0.33463827
1140,0.31690672
1141,0.34767932
1142,0.34028372
1143,0.33372653
1144,0.34027335
1145,0.3394535
1146,0.3470541
1147,0.3480708
1148,0.31066713
1149,0.33535627
1150,0.32232395
1151,0.33777818
1152,0.34024316
1153,0.339001
1154,0.34106547
1155,0.351478
1156,0.34317228
1157,0.33924887
1158,0.3447916
1159,0.33594206
1160,0.33207488
1161,0.33860257
1162,0.33952245
1163,0.34117928
1164,0.3214288
1165,0.32983413
1166,0.34670994
1167,0.34564486
1168,0.33391452
1169,0.32679975
1170,0.334124
1171,0.3250117
1172,0.3366786
1173,0.34341136
1174,0.3392277
1175,0.34529358
1176,0.3419855
1177,0.34265757
1178,0.32985222
1179,0.32475343
1180,0.31737062
1181,0.32456887
1182,0.3077862
1183,0.33265242
1184,0.32389697
1185,0.30139366
1186,0.3219426
1187,0.30969235
1188,0.33822155
1189,0.3299278
1190,0.33116093
1191,0.34060892
1192,0.33116767
1193,0.332165
1194,0.34138724
1195,0.3390328
1196,0.3310853
1197,0.3160028
1198,0.32703906
1199,0.3214967
1200,0.3357288
1201,0.31911665
1202,0.32293302
1203,0.31472555
1204,0.32481626
1205,0.34490344
1206,0.33600447
1207,0.3273935
1208,0.3427607
1209,0.34591863
1210,0.3270261
1211,0.32729498
1212,0.34369746
1213,0.34178597
1214,0.34480044
1215,0.34452882
1216,0.3382221
1217,0.3244865
1218,0.32212928
1219,0.339082
1220,0.34271014
1221,0.31612352
1222,0.33557728
1223,0.3346693
1224,0.343437
1225,0.32050493
1226,0.3350722
1227,0.33644927
1228,0.33362743
1229,0.32560453
1230,0.34499985
1231,0.3329236
1232,0.32858407
1233,0.32826158
1234,0.3443335
1235,0.34749493
1236,0.3422558
1237,0.32243407
1238,0.33871225
1239,0.341199
1240,0.34117246
1241,0.33697024
1242,0.32442728
1243,0.33808205
1244,0.34165812
1245,0.34203634
1246,0.34077877
1247,0.3318192
1248,0.34192297
1249,0.32493046
1250,0.33789852
1251,0.34114978
1252,0.33565798
1253,0.34250614
1254,0.3166916
1255,0.3446463
1256,0.3445813
1257,0.32921
1258,0.31146577
1259,0.34460503
1260,0.33582178
1261,0.34442133
1262,0.34018126
1263,0.32491508
1264,0.34664235
1265,0.338532
1266,0.33167946
1267,0.34694836
1268,0.33019474
1269,0.310809
1270,0.31306762
1271,0.3201042
1272,0.34316218
1273,0.34498087
1274,0.34383914
1275,0.34642395
1276,0.33868447
1277,0.34831366
1278,0.34572607
1279,0.34773245
1280,0.3462869
1281,0.3458558
1282,0.34530005
1283,0.34665483
1284,0.3462298
1285,0.34777316
1286,0.34589502
1287,0.3472295
1288,0.34588102
1289,0.34475192
1290,0.34773925
1291,0.3425321
1292,0.34754333
1293,0.34673813
1294,0.32940087
1295,0.34867716
1296,0.3402554
1297,0.3474165
1298,0.33922845
1299,0.3464441
1300,0.34841943
1301,0.3379263
1302,0.3476874
1303,0.3460531
1304,0.34656498
1305,0.34875676
1306,0.3428987
1307,0.3496227
1308,0.34654757
1309,0.3431247
1310,0.34819433
1311,0.3471545
1312,0.3285401
1313,0.3461769
1314,0.3398813
1315,0.3401481
1316,0.34013847
1317,0.3436218
1318,0.34499112
1319,0.34516668
1320,0.34241858
1321,0.3404328
1322,0.3373942
1323,0.3404542
1324,0.34517467
1325,0.3395583
1326,0.33773717
1327,0.3460673
1328,0.34699497
1329,0.3441669
1330,0.34486333
1331,0.3364219
1332,0.34486806
1333,0.327028
1334,0.34557813
1335,0.3287458
1336,0.34136134
1337,0.34552917
1338,0.34059012
1339,0.3459669
1340,0.34607083
1341,0.3410142
1342,0.3432438
1343,0.34163556
1344,0.34251288
1345,0.3422141
1346,0.33535996
1347,0.32655868
1348,0.34624413
1349,0.34658524
1350,0.3372265
1351,0.34681615
1352,0.34817126
1353,0.34742108
1354,0.34715077
1355,0.344438
1356,0.34599665
1357,0.3428898
1358,0.348232
1359,0.34541157
1360,0.34493384
1361,0.343508
1362,0.34684995
1363,0.34687316
1364,0.344252
1365,0.3449131
1366,0.33718887
1367,0.34542382
1368,0.34140882
1369,0.34407046
1370,0.3326712
1371,0.33880606
1372,0.34416333
1373,0.3409922
1374,0.33705392
1375,0.32984447
1376,0.33404776
1377,0.34448543
1378,0.34211338
1379,0.34436098
1380,0.3333158
1381,0.33981067
1382,0.34476787
1383,0.34400025
1384,0.33369762
1385,0.32792595
1386,0.33181176
1387,0.33501288
1388,0.33666626
1389,0.33997977
1390,0.33594486
1391,0.33515728
1392,0.34714368
1393,0.33280012
1394,0.34955743
1395,0.34087557
1396,0.34044856
1397,0.34277955
1398,0.32735136
1399,0.3398744
1400,0.34918454
1401,0.34805188
1402,0.34482834
1403,0.32804862
1404,0.3484718
1405,0.3388198
1406,0.34261832
1407,0.34895957
1408,0.3451491
1409,0.34731153
1410,0.34489563
1411,0.33331925
1412,0.34420705
1413,0.34400645
1414,0.33364365
1415,0.33901164
1416,0.34792328
1417,0.3446285
1418,0.34803668
1419,0.34389654
1420,0.33910614
1421,0.34650344
1422,0.34716666
1423,0.34693494
1424,0.3339369
1425,0.3423149
1426,0.33272412
1427,0.3393163
1428,0.34639
1429,0.35047674
1430,0.34946838
1431,0.33652464
1432,0.35090518
1433,0.34196854
1434,0.35080138
1435,0.3359057
1436,0.34833
1437,0.34770292
1438,0.3398536
1439,0.3487698
1440,0.3492714
1441,0.3407683
1442,0.3466295
1443,0.34038797
1444,0.33118412
1445,0.32447466
1446,0.31861028
1447,0.31959152
1448,0.32515895
1449,0.31509155
1450,0.31582752
1451,0.33709884
1452,0.33797625
1453,0.31438085
1454,0.3367791
1455,0.3274419
1456,0.30899087
1457,0.34032395
1458,0.34154138
1459,0.3284054
1460,0.33474103
1461,0.33777952
1462,0.32308367
1463,0.3425302
1464,0.33277336
1465,0.31979212
1466,0.31720737
1467,0.3480587
1468,0.32918546
1469,0.34793082
1470,0.31401914
1471,0.32522407
1472,0.33186823
1473,0.30930683
1474,0.31780133
1475,0.34487516
1476,0.33337268
1477,0.34993175
1478,0.3070407
1479,0.3456378
1480,0.3417738
1481,0.34400335
1482,0.3445074
1483,0.33757073
1484,0.34856874
1485,0.34274805
1486,0.34469894
1487,0.34576294
1488,0.34125125
1489,0.3475178
1490,0.342315
1491,0.3460864
1492,0.3379803
1493,0.3467296
1494,0.3458397
1495,0.34542397
1496,0.34683165
1497,0.34305117
1498,0.33718094
1499,0.3446029
1500,0.34446612
1501,0.3369723
1502,0.33407423
1503,0.33927637
1504,0.32733986
1505,0.3377277
1506,0.3359111
1507,0.33925006
1508,0.33735582
1509,0.34171268
1510,0.34550413
1511,0.34260604
1512,0.33830667
1513,0.3418979
1514,0.3336213
1515,0.33873773
1516,0.33890802
1517,0.34102362
1518,0.3389241
1519,0.33931437
1520,0.33953294
1521,0.34255636
1522,0.34373513
1523,0.34147942
1524,0.34377232
1525,0.34472445
1526,0.3436636
1527,0.34620395
1528,0.34177133
1529,0.34417307
1530,0.34268817
1531,0.3403623
1532,0.3388269
1533,0.34197015
1534,0.3431081
1535,0.34595338
1536,0.34517306
1537,0.3407176
1538,0.34699976
1539,0.34462932
1540,0.3462969
1541,0.33507916
1542,0.34118456
1543,0.34363902
1544,0.3463396
1545,0.34607854
1546,0.3341047
1547,0.34146553
1548,0.34447607
1549,0.34142956
1550,0.3387029
1551,0.34089944
1552,0.34013864
1553,0.346756
1554,0.3404108
1555,0.34753674
1556,0.34066182
1557,0.34617501
1558,0.34523842
1559,0.34468126
1560,0.3449535
1561,0.34023294
1562,0.34409896
1563,0.34487012
1564,0.3434771
1565,0.34898964
1566,0.34460706
1567,0.34687343
1568,0.34110826
1569,0.33063528
1570,0.3454212
1571,0.34540284
1572,0.345418
1573,0.34821972
1574,0.3465933
1575,0.34459308
1576,0.34515825
1577,0.34829262
1578,0.34658602
1579,0.3334175
1580,0.34095934
1581,0.3461176
1582,0.3469361
1583,0.34761953
1584,0.34203255
1585,0.34331962
1586,0.34811532
1587,0.3468336
1588,0.34036487
1589,0.35023114
1590,0.34478328
1591,0.34091607
1592,0.3397103
1593,0.34835425
1594,0.3432931
1595,0.34720853
1596,0.3460738
1597,0.33929852
1598,0.34638828
1599,0.33874267
1600,0.3502193
1601,0.3399497
1602,0.34802043
1603,0.3454268
1604,0.34765127
1605,0.3456842
1606,0.34346354
1607,0.3372335
1608,0.3328088
1609,0.3406409
1610,0.34508732
1611,0.34492645
1612,0.34142503
1613,0.3414241
1614,0.34677878
1615,0.34428892
1616,0.34675258
1617,0.34884065
1618,0.32500273
1619,0.32962695
1620,0.3373839
1621,0.33434936
1622,0.33809447
1623,0.3432545
1624,0.33828297
1625,0.3295263
1626,0.31883767
1627,0.3333915
1628,0.32607782
1629,0.33461487
1630,0.3427687
1631,0.3491166
1632,0.32285485
1633,0.34171042
1634,0.28532803
1635,0.33669883
1636,0.3111637
1637,0.34632555
1638,0.30239913
1639,0.32935664
1640,0.33523092
1641,0.34383902
1642,0.29889375
1643,0.31302646
1644,0.3017098
1645,0.32375386
1646,0.32355514
1647,0.3188492
1648,0.34174553
1649,0.33022234
1650,0.3357201
1651,0.31610507
1652,0.30657306
1653,0.32461694
1654,0.3122206
1655,0.3235273
1656,0.32426324
1657,0.32622176
1658,0.31729499
1659,0.34406856
1660,0.341502
1661,0.34392485
1662,0.33236077
1663,0.31682548
1664,0.3235555
1665,0.32278875
1666,0.32636562
1667,0.32373652
1668,0.33122787
1669,0.3463563
1670,0.33911708
1671,0.3460412
1672,0.31012678
1673,0.3053731
1674,0.28577223
1675,0.2867658
1676,0.34017444
1677,0.3044777
1678,0.28892356
1679,0.28807905
1680,0.28610584
1681,0.29817912
1682,0.2841247
1683,0.29183635
1684,0.3040838
1685,0.31385756
1686,0.30376372
1687,0.2958777
1688,0.26840442
1689,0.2815281
1690,0.2911951
1691,0.33774462
1692,0.3450175
1693,0.32883298
1694,0.34528095
1695,0.31170598
1696,0.33779767
1697,0.312652
1698,0.3265433
1699,0.33807227
1700,0.32138985
1701,0.3335949
1702,0.33908203
1703,0.33130023
1704,0.33550617
1705,0.33198288
1706,0.33614725
1707,0.31490627
1708,0.3477056
1709,0.32591102
1710,0.3364701
1711,0.34536493
1712,0.3446165
1713,0.34455198
1714,0.34103605
1715,0.34624776
1716,0.34251413
1717,0.34191513
1718,0.3396644
1719,0.34676412
1720,0.34011993
1721,0.34864312
1722,0.3423503
1723,0.33244687
1724,0.33910623
1725,0.3365854
1726,0.34904447
1727,0.344419
1728,0.3445095
1729,0.34406963
1730,0.3475262
1731,0.34124458
1732,0.34405038
1733,0.3414904
1734,0.34631371
1735,0.34690037
1736,0.34201133
1737,0.34235758
1738,0.34405676
1739,0.34673345
1740,0.3476341
1741,0.3467245
1742,0.34556207
1743,0.34508166
1744,0.34250775
1745,0.34767184
1746,0.34036127
1747,0.33888426
1748,0.34922695
1749,0.34252754
1750,0.34805873
1751,0.3488096
1752,0.34158882
1753,0.34991854
1754,0.34389088
1755,0.34580612
1756,0.34438327
1757,0.34611532
1758,0.34244692
1759,0.34694293
1760,0.3463072
1761,0.33968616
1762,0.3466458
1763,0.3443055
1764,0.333201
1765,0.3405634
1766,0.3460103
1767,0.3471953
1768,0.3344376
1769,0.3477111
1770,0.33851272
1771,0.33545575
1772,0.34087995
1773,0.34103242
1774,0.33758497
1775,0.3482528
1776,0.3475335
1777,0.3323353
1778,0.34777424
1779,0.34734595
1780,0.3416562
1781,0.33177042
1782,0.3418384
1783,0.33516505
1784,0.34737352
1785,0.33045056
1786,0.34732768
1787,0.3439163
1788,0.34702525
1789,0.34684137
1790,0.34119073
1791,0.3468702
1792,0.3451632
1793,0.33735797
1794,0.34565815
1795,0.3478648
1796,0.34246257
1797,0.34840685
1798,0.34489194
1799,0.34590712
1800,0.34424192
1801,0.3417486
1802,0.34588787
1803,0.34408662
1804,0.34367517
1805,0.3431015
1806,0.3395858
1807,0.34540826
1808,0.34592152
1809,0.34997794
1810,0.34671167
1811,0.34450114
1812,0.34613875
1813,0.3452488
1814,0.3478328
1815,0.34797314
1816,0.34926957
1817,0.34033993
1818,0.34942356
1819,0.3481002
1820,0.34556726
1821,0.34838837
1822,0.34978607
1823,0.34110516
1824,0.3497623
1825,0.34816024
1826,0.34661722
1827,0.34845045
1828,0.34843007
1829,0.34860745
1830,0.34907275
1831,0.34956956
1832,0.35161123
1833,0.3483656
1834,0.34787136
1835,0.3492225
1836,0.34475666
1837,0.34921876
1838,0.34924096
1839,0.34747532
1840,0.3475738
1841,0.3497611
1842,0.34880975
1843,0.3459879
1844,0.34706703
1845,0.34481046
1846,0.34728065
1847,0.34495753
1848,0.343905
1849,0.34750137
1850,0.34662756
1851,0.34662578
1852,0.34515977
1853,0.34723863
1854,0.34717628
1855,0.34656504
1856,0.34670234
1857,0.34606582
1858,0.33596578
1859,0.34510437
1860,0.34657916
1861,0.34780368
1862,0.34451547
1863,0.3464015
1864,0.34090626
1865,0.34768972
1866,0.3457302
1867,0.34469786
1868,0.34613228
1869,0.34527686
1870,0.34387258
1871,0.3466481
1872,0.34604594
1873,0.3475746
1874,0.34392974
1875,0.34724724
1876,0.34257677
1877,0.34480593
1878,0.34700227
1879,0.3467407
1880,0.34802693
1881,0.32808506
1882,0.34100607
1883,0.3430628
1884,0.34403765
1885,0.34561005
1886,0.34305412
1887,0.33516136
1888,0.34484017
1889,0.34307894
1890,0.3372825
1891,0.33322322
1892,0.34285247
1893,0.3352406
1894,0.34005457
1895,0.3421835
1896,0.33821324
1897,0.3432347
1898,0.3351755
1899,0.34314734
1900,0.34567145
1901,0.34812567
1902,0.34463027
1903,0.34537274
1904,0.345683
1905,0.34713545
1906,0.3469208
1907,0.34741905
1908,0.3454452
1909,0.34837148
1910,0.34552386
1911,0.34562948
1912,0.34635976
1913,0.34738243
1914,0.34248826
1915,0.34394166
1916,0.34709826
1917,0.34570146
1918,0.34780428
1919,0.34456405
1920,0.34757605
1921,0.34111837
1922,0.34381858
1923,0.3484957
1924,0.34298283
1925,0.34511572
1926,0.34187368
1927,0.34423867
1928,0.34511772
1929,0.34861115
1930,0.34665266
1931,0.3414124
1932,0.34454808
1933,0.3456252
1934,0.34137395
1935,0.34778163
1936,0.34510508
1937,0.3467734
1938,0.346064
1939,0.33854127
1940,0.3451013
1941,0.34288839
1942,0.3477333
1943,0.34093285
1944,0.33497617
1945,0.329867
1946,0.34534857
1947,0.34690487
1948,0.34357092
1949,0.3448799
1950,0.34103018
1951,0.3456479
1952,0.3392759
1953,0.34295103
1954,0.3357518
1955,0.33769605
1956,0.33315036
1957,0.33805177
1958,0.3352709
1959,0.33696494
1960,0.34056482
1961,0.34063262
1962,0.33679524
1963,0.3439612
1964,0.34426424
1965,0.3438855
1966,0.338942
1967,0.34264025
1968,0.3400999
1969,0.33868438
1970,0.34524897
1971,0.33775952
1972,0.33587074
1973,0.33971748
1974,0.34139547
1975,0.33623517
1976,0.34446743
1977,0.34476817
1978,0.3420844
1979,0.34595665
1980,0.34742662
1981,0.34786686
1982,0.34839517
1983,0.34059897
1984,0.34630615
1985,0.3469999
1986,0.3453141
1987,0.34098673
1988,0.34667423
1989,0.34457353
1990,0.34382215
1991,0.3472651
1992,0.34848297
1993,0.34443268
1994,0.34391716
1995,0.3445884
1996,0.34348124
1997,0.3479767
1998,0.34985882
1999,0.34865645
2000,0.34899002
2001,0.3430809
2002,0.34998474
2003,0.34519938
2004,0.3500838
2005,0.3501984
2006,0.34661612
2007,0.34630635
2008,0.3472572
2009,0.3471383
2010,0.34352547
2011,0.34980795
2012,0.34815297
2013,0.34211633
2014,0.3283476
2015,0.34429458
2016,0.3468854
2017,0.34163228
2018,0.3464462
2019,0.34476677
2020,0.32113698
2021,0.3482883
2022,0.33551753
2023,0.3344033
2024,0.33553782
2025,0.32989904
2026,0.33154607
2027,0.3336458
2028,0.3473872
2029,0.34575957
2030,0.3296832
2031,0.34893498
2032,0.324739
2033,0.33490798
2034,0.33725917
2035,0.34763172
2036,0.34667346
2037,0.33426663
2038,0.34710172
2039,0.34532484
2040,0.3296301
2041,0.3366833
2042,0.3441399
2043,0.34565786
2044,0.34881976
2045,0.3369994
2046,0.34740636
2047,0.34043366
2048,0.34432498
2049,0.33605036
2050,0.32881132
2051,0.32784215
2052,0.34680957
2053,0.34091043
2054,0.34807643
2055,0.34875876
2056,0.3492714
2057,0.33425185
2058,0.3504875
2059,0.34329876
2060,0.3457861
2061,0.35008958
2062,0.34048113
2063,0.34891304
2064,0.34702355
2065,0.34211844
2066,0.3479761
2067,0.3441708
2068,0.3480253
2069,0.34030762
2070,0.34563014
2071,0.31008732
2072,0.31824103
2073,0.3382074
2074,0.33713025
2075,0.34329715
2076,0.31390083
2077,0.32653573
2078,0.3296767
2079,0.32719043
2080,0.33884522
2081,0.33001044
2082,0.33430088
2083,0.326557
2084,0.3458642
2085,0.32290402
2086,0.30777022
2087,0.33562148
2088,0.31968412
2089,0.34243008
2090,0.34410587
2091,0.34865466
2092,0.3456643
2093,0.3394371
2094,0.34799623
2095,0.3473321
2096,0.3464627
2097,0.34847972
2098,0.34322464
2099,0.34376064
2100,0.34820357
2101,0.34821907
2102,0.34717265
2103,0.34634724
2104,0.34839937
2105,0.3436068
2106,0.34390268
2107,0.34505185
2108,0.34846833
2109,0.34242162
2110,0.34619984
2111,0.33450773
2112,0.34407946
2113,0.34235263
2114,0.33715814
2115,0.34436765
2116,0.33426687
2117,0.34460253
2118,0.33154422
2119,0.34357116
2120,0.33307782
2121,0.34660324
2122,0.34789842
2123,0.33577612
2124,0.32912323
2125,0.34687892
2126,0.3418643
2127,0.3350096
2128,0.34947854
2129,0.3435765
2130,0.34813806
2131,0.35031283
2132,0.34987596
2133,0.34695038
2134,0.34817976
2135,0.34980747
2136,0.3470917
2137,0.34994847
2138,0.34948528
2139,0.3498719
2140,0.34878314
2141,0.35020706
2142,0.34945694
2143,0.3475199
2144,0.35146266
2145,0.35002676
2146,0.35064396
2147,0.34300193
2148,0.34590062
2149,0.3344576
2150,0.34405544
2151,0.34735265
2152,0.34692407
2153,0.34400666
2154,0.34216967
2155,0.34172902
2156,0.3445897
2157,0.34585884
2158,0.3470609
2159,0.34475535
2160,0.34206048
2161,0.3425801
2162,0.34612188
2163,0.34795108
2164,0.34249792
2165,0.34390748
2166,0.34083694
2167,0.34340817
2168,0.34717762
2169,0.34402886
2170,0.33710822
2171,0.3444631
2172,0.34388164
2173,0.33549663
2174,0.3407463
2175,0.33889225
2176,0.3409271
2177,0.34703293
2178,0.33986917
2179,0.34394827
2180,0.3416075
2181,0.33515516
2182,0.3271046
2183,0.3488171
2184,0.3387786
2185,0.33815452
2186,0.34573188
2187,0.34267628
2188,0.34968188
2189,0.34509584
2190,0.34685317
2191,0.34211218
2192,0.345426
2193,0.3473551
2194,0.34515503
2195,0.33716154
2196,0.34328386
2197,0.33476093
2198,0.3361503
2199,0.34798348
2200,0.33261475
2201,0.34732455
2202,0.34174538
2203,0.34333158
2204,0.3368033
2205,0.3380871
2206,0.3372472
2207,0.33642316
2208,0.3318088
2209,0.34271476
2210,0.33256054
2211,0.34489086
2212,0.34764957
2213,0.34062
2214,0.34393814
2215,0.33843404
2216,0.3292682
2217,0.33702925
2218,0.33292678
2219,0.34255728
2220,0.33776167
2221,0.33541137
2222,0.34782127
2223,0.33796182
2224,0.3421074
2225,0.3345925
2226,0.32485998
2227,0.33827055
2228,0.34478113
2229,0.33526182
2230,0.33655146
2231,0.34524456
2232,0.33319756
2233,0.3373247
2234,0.3342555
2235,0.33893213
2236,0.3401519
2237,0.33314052
2238,0.33204338
2239,0.32910565
2240,0.3490479
2241,0.34375975
2242,0.34305975
2243,0.31608924
2244,0.3469616
2245,0.3339409
2246,0.34906468
2247,0.34982458
2248,0.3494511
2249,0.32627496
2250,0.33701828
2251,0.33839422
2252,0.34244037
2253,0.32970646
2254,0.3320246
2255,0.3484773
2256,0.34549502
2257,0.34952006
2258,0.33262238
2259,0.33641914
2260,0.34608993
2261,0.3467095
2262,0.34833142
2263,0.3386826
2264,0.32466152
2265,0.34348676
2266,0.34321427
2267,0.3378828
2268,0.33386216
2269,0.34533116
2270,0.34042788
2271,0.34260872
2272,0.34644917
2273,0.33282068
2274,0.33224025
2275,0.3462138
2276,0.3412111
2277,0.3400621
2278,0.3455114
2279,0.34452257
2280,0.3471252
2281,0.33272877
2282,0.33915266
2283,0.33301014
2284,0.34774622
2285,0.33490768
2286,0.32711688
2287,0.34083167
2288,0.33278784
2289,0.33130854
2290,0.34030885
2291,0.33869958
2292,0.34550363
2293,0.33612496
2294,0.34748098
2295,0.33294472
2296,0.33234403
2297,0.34528786
2298,0.34031245
2299,0.3281643
2300,0.33768356
2301,0.33573148
2302,0.3249417
2303,0.34033296
2304,0.33472708
2305,0.33730528
2306,0.33121553
2307,0.33919945
2308,0.34507957
2309,0.34369996
2310,0.3431934
2311,0.3385329
2312,0.31842414
2313,0.34527203
2314,0.34355977
2315,0.31853756
2316,0.34108898
2317,0.3465639
2318,0.33992442
2319,0.340593
2320,0.34334385
2321,0.34434846
2322,0.3435714
2323,0.34214094
2324,0.33842626
2325,0.34359995
2326,0.34360155
2327,0.3416436
2328,0.34430316
2329,0.33921865
2330,0.34262422
2331,0.3439969
2332,0.3456736
2333,0.3399814
2334,0.34542355
2335,0.34358552
2336,0.34041303
2337,0.3461702
2338,0.34849483
2339,0.34477082
2340,0.34417796
2341,0.34223163
2342,0.3491
2343,0.34635624
2344,0.34756407
2345,0.34388265
2346,0.34364265
2347,0.34582606
2348,0.3483975
2349,0.34503073
2350,0.3484518
2351,0.3481404
2352,0.3476024
2353,0.34424555
2354,0.34773362
2355,0.3386547
2356,0.34368888
2357,0.33786228
2358,0.3362368
2359,0.3469275
2360,0.3483325
2361,0.34221488
2362,0.34823623
2363,0.34475937
2364,0.3400574
2365,0.3505483
2366,0.3463203
2367,0.3382983
2368,0.3489991
2369,0.34276795
2370,0.34324726
2371,0.34350368
2372,0.34410843
2373,0.34677315
2374,0.34832495
2375,0.34450766
2376,0.33913144
2377,0.3452409
2378,0.33697018
2379,0.3445515
2380,0.34155086
2381,0.3436185
2382,0.3454086
2383,0.34403104
2384,0.3417908
2385,0.34436756
2386,0.34323704
2387,0.33992994
2388,0.34195644
2389,0.3420059
2390,0.3454445
2391,0.34695944
2392,0.34001923
2393,0.34540144
2394,0.34629714
2395,0.3196671
2396,0.31778297
2397,0.33631036
2398,0.3471217
2399,0.34122556
2400,0.34623012
2401,0.3233816
2402,0.34828964
2403,0.34993955
2404,0.3392664
2405,0.33343792
2406,0.34033325
2407,0.3360723
2408,0.3268052
2409,0.32152382
2410,0.34361967
2411,0.33975562
2412,0.32358572
2413,0.34504306
2414,0.345532
2415,0.34640354
2416,0.3471196
2417,0.3484195
2418,0.35284597
2419,0.34786052
2420,0.34760347
2421,0.34847042
2422,0.34625587
2423,0.35212538
2424,0.34145626
2425,0.34860614
2426,0.3493581
2427,0.33108023
2428,0.34325168
2429,0.34994242
2430,0.35033047
2431,0.3474413
2432,0.3374892
2433,0.34036082
2434,0.33896577
2435,0.34969452
2436,0.34252807
2437,0.34562132
2438,0.33698842
2439,0.3448302
2440,0.33695498
2441,0.34055442
2442,0.3470984
2443,0.3378168
2444,0.3471671
2445,0.3490108
2446,0.34836027
2447,0.34613243
2448,0.3485229
2449,0.34760186
2450,0.3440369
2451,0.34454745
2452,0.34725466
2453,0.34821537
2454,0.34491235
2455,0.34140697
2456,0.3478973
2457,0.34467742
2458,0.34405807
2459,0.34346667
2460,0.34448013
2461,0.3472897
2462,0.34541535
2463,0.34359464
2464,0.3447576
2465,0.34749076
2466,0.34609368
2467,0.34385666
2468,0.34530646
2469,0.347252
2470,0.34138215
2471,0.3392929
2472,0.34225568
2473,0.34582576
2474,0.34334955
2475,0.33837357
2476,0.3455523
2477,0.34719416
2478,0.3416773
2479,0.34207398
2480,0.3481718
2481,0.34357455
2482,0.33832398
2483,0.34320584
2484,0.34783182
2485,0.33261934
2486,0.33429024
2487,0.34768042
2488,0.3474512
2489,0.3449047
2490,0.33823058
2491,0.3362447
2492,0.34190685
2493,0.33663046
2494,0.34390253
2495,0.34440598
2496,0.3453495
2497,0.33879104
2498,0.33964178
2499,0.34589213
2500,0.3389491
2501,0.34474924
2502,0.34757563
2503,0.34675097
2504,0.3399591
2505,0.32534453
2506,0.3390533
2507,0.34909976
2508,0.34474698
2509,0.3427939
2510,0.34445295
2511,0.34766325
2512,0.34787673
2513,0.34936315
2514,0.3498019
2515,0.3484192
2516,0.34669492
2517,0.34641322
2518,0.34631094
2519,0.35003263
2520,0.34174776
2521,0.34922576
2522,0.34075165
2523,0.3489131
2524,0.35012922
2525,0.34817022
2526,0.3480437
2527,0.34751043
2528,0.34619978
2529,0.34844804
2530,0.3451498
2531,0.3453416
2532,0.33997935
2533,0.3492288
2534,0.3330681
2535,0.34844762
2536,0.3512319
2537,0.3424792
2538,0.34797594
2539,0.34256825
2540,0.345481
2541,0.3465986
2542,0.35004947
2543,0.34935674
2544,0.34018236
2545,0.34203783
2546,0.34729016
2547,0.34485215
2548,0.34770182
2549,0.34845898
2550,0.34539825
2551,0.35010624
2552,0.3485359
2553,0.34791914
2554,0.34848017
2555,0.34739235
2556,0.3405901
2557,0.34608585
2558,0.34634617
2559,0.34271553
2560,0.32974663
2561,0.34909114
2562,0.3485465
2563,0.3465583
2564,0.34434572
2565,0.34063146
2566,0.3447305
2567,0.34471413
2568,0.34481314
2569,0.3424966
2570,0.3473886
2571,0.33377233
2572,0.34338024
2573,0.3462253
2574,0.34260502
2575,0.34480062
2576,0.3456852
2577,0.34389058
2578,0.33674932
2579,0.33770686
2580,0.34513474
2581,0.34273598
2582,0.34408697
2583,0.34376922
2584,0.33866027
2585,0.3395913
2586,0.32757863
2587,0.3447195
2588,0.3403302
2589,0.34318188
2590,0.31642458
2591,0.334627
2592,0.34256226
2593,0.34657368
2594,0.3503533
2595,0.33892035
2596,0.31764486
2597,0.33932406
2598,0.32289425
2599,0.33401802
2600,0.3457428
2601,0.33587363
2602,0.34555387
2603,0.34454829
2604,0.3397821
2605,0.34071103
2606,0.34110942
2607,0.3423361
2608,0.3394609
2609,0.3443489
2610,0.34085068
2611,0.3452023
2612,0.3429266
2613,0.342938
2614,0.34167793
2615,0.34207377
2616,0.3410908
2617,0.3444719
2618,0.33945107
2619,0.34386992
2620,0.34491423
2621,0.34722218
2622,0.34754303
2623,0.3436712
2624,0.34696433
2625,0.33312038
2626,0.34448418
2627,0.34649697
2628,0.34461978
2629,0.34244195
2630,0.34262723
2631,0.3412805
2632,0.3441501
2633,0.344309
2634,0.34421057
2635,0.3412678
2636,0.34476528
2637,0.3465211
2638,0.341567
2639,0.34447232
2640,0.3452491
2641,0.34563053
2642,0.3465381
2643,0.33938482
2644,0.346867
2645,0.3429298
2646,0.34592813
2647,0.34358063
2648,0.34234586
2649,0.34227657
2650,0.3392639
2651,0.3426173
2652,0.34451196
2653,0.34772822
2654,0.3432107
2655,0.34641552
2656,0.34440288
2657,0.3463287
2658,0.33912185
2659,0.3393716
2660,0.3347824
2661,0.32996485
2662,0.34981814
2663,0.33771536
2664,0.32764122
2665,0.3179486
2666,0.34031618
2667,0.33090618
2668,0.34755677
2669,0.33957127
2670,0.35105777
2671,0.33841106
2672,0.33498105
2673,0.3295302
2674,0.33459023
2675,0.341674
2676,0.3420261
2677,0.32685646
2678,0.32908943
2679,0.341236
2680,0.33173418
2681,0.33924884
2682,0.3488273
2683,0.34384757
2684,0.34695584
2685,0.34401536
2686,0.34215024
2687,0.34041083
2688,0.34251636
2689,0.33904517
2690,0.33752683
2691,0.33971003
2692,0.34464592
2693,0.3428155
2694,0.34075004
2695,0.33766383
2696,0.34517756
2697,0.34180105
2698,0.3179889
2699,0.32802337
2700,0.31971255
2701,0.3402908
2702,0.345195
2703,0.31824842
2704,0.34203288
2705,0.33372918
2706,0.31194338
2707,0.32840866
2708,0.3443319
2709,0.3101288
2710,0.34714684
2711,0.33131042
2712,0.32901922
2713,0.33425424
2714,0.30298144
2715,0.30985048
2716,0.32874987
2717,0.33148742
2718,0.34248152
2719,0.339132
2720,0.33830008
2721,0.33662573
2722,0.33860204
2723,0.34152678
2724,0.34269136
2725,0.32897094
2726,0.3383691
2727,0.33800188
2728,0.33707634
2729,0.33976948
2730,0.34251368
2731,0.3374604
2732,0.33368257
2733,0.33495533
2734,0.3503206
2735,0.33740744
2736,0.31775692
2737,0.3330774
2738,0.33841532
2739,0.3302218
2740,0.33692762
2741,0.34470263
2742,0.33381143
2743,0.3438072
2744,0.34225452
2745,0.34613448
2746,0.33726576
2747,0.34262162
2748,0.33890057
2749,0.33723605
2750,0.3354313
2751,0.33664504
2752,0.3354562
2753,0.33863524
2754,0.33176515
2755,0.33440235
2756,0.3321581
2757,0.3356683
2758,0.3366334
2759,0.3379712
2760,0.3309043
2761,0.3341777
2762,0.33558026
2763,0.3370019
2764,0.33311197
2765,0.33556363
2766,0.3387442
2767,0.33673054
2768,0.33692685
2769,0.3416704
2770,0.3377895
2771,0.33407846
2772,0.3342788
2773,0.33491609
2774,0.34563836
2775,0.34019336
2776,0.346832
2777,0.34127027
2778,0.34385887
2779,0.342624
2780,0.34377137
2781,0.34456775
2782,0.34752536
2783,0.34663728
2784,0.34530935
2785,0.3471658
2786,0.3474954
2787,0.34196496
2788,0.34367403
2789,0.34387925
2790,0.33680668
2791,0.33727807
2792,0.34418735
2793,0.3448531
2794,0.34743342
2795,0.34716916
2796,0.34558636
2797,0.3444173
2798,0.34712926
2799,0.34510013
2800,0.34799755
2801,0.35036772
2802,0.34825855
2803,0.34148434
2804,0.3470077
2805,0.35005954
2806,0.34448284
2807,0.34537312
2808,0.34531018
2809,0.33776885
2810,0.34953496
2811,0.3455443
2812,0.34354514
2813,0.33979478
2814,0.33184248
2815,0.34177282
2816,0.34231862
2817,0.33946723
2818,0.34372994
2819,0.34368607
2820,0.34514996
2821,0.34387276
2822,0.33979037
2823,0.3437956
2824,0.34091195
2825,0.34255642
2826,0.34216294
2827,0.340734
2828,0.34016797
2829,0.3453441
2830,0.34113234
2831,0.33262357
2832,0.34473452
2833,0.3435016
2834,0.33967525
2835,0.34452507
2836,0.3441408
2837,0.34278566
2838,0.34026948
2839,0.33958563
2840,0.34191293
2841,0.33414054
2842,0.34163114
2843,0.3442844
2844,0.33702484
2845,0.34666505
2846,0.33554298
2847,0.3384835
2848,0.34439573
2849,0.33597088
2850,0.3428892
2851,0.34493503
2852,0.3468806
2853,0.34483704
2854,0.34492147
2855,0.3448787
2856,0.34553012
2857,0.34033504
2858,0.33836034
2859,0.33929256
2860,0.34445256
2861,0.34403273
2862,0.34007034
2863,0.34808168
2864,0.34716886
2865,0.33825508
2866,0.34820318
2867,0.34617123
2868,0.34049305
2869,0.34877297
2870,0.35111907
2871,0.35105723
2872,0.34651014
2873,0.34981602
2874,0.3509835
2875,0.34991893
2876,0.35170454
2877,0.34966546
2878,0.34266543
2879,0.35274294
2880,0.35051
2881,0.35144156
2882,0.34996527
2883,0.349887
2884,0.35114962
2885,0.35277873
2886,0.3514577
2887,0.3514273
2888,0.34736198
2889,0.3428771
2890,0.34651163
2891,0.34417805
2892,0.3430275
2893,0.34538984
2894,0.34353903
2895,0.3418211
2896,0.3479171
2897,0.3464386
2898,0.34513268
2899,0.34417674
2900,0.34615576
2901,0.3458851
2902,0.3410826
2903,0.3421703
2904,0.34562698
2905,0.34558657
2906,0.34268174
2907,0.3445271
2908,0.3410533
2909,0.3447652
2910,0.34657192
2911,0.34515527
2912,0.3466861
2913,0.3475382
2914,0.34729072
2915,0.3457421
2916,0.34764278
2917,0.3423784
2918,0.34653255
2919,0.3459392
2920,0.34345528
2921,0.34617487
2922,0.34615043
2923,0.3430081
2924,0.34336776
2925,0.34699765
2926,0.34676102
2927,0.34888348
2928,0.34719512
2929,0.34676763
2930,0.34382752
2931,0.3465999
2932,0.3463581
2933,0.3398681
2934,0.34592557
2935,0.34718686
2936,0.3466834
2937,0.34507307
2938,0.34633607
2939,0.3407578
2940,0.34471503
2941,0.3470639
2942,0.34736547
2943,0.3420725
2944,0.34569862
2945,0.34689102
2946,0.34639397
2947,0.3478656
2948,0.3474623
2949,0.34469968
2950,0.34727594
2951,0.34480676
2952,0.34454456
2953,0.34791878
2954,0.3456108
2955,0.34661868
2956,0.3476056
2957,0.3461344
2958,0.34851494
2959,0.34699246
2960,0.3436009
2961,0.34641185
2962,0.34706014
2963,0.34620044
2964,0.3464799
2965,0.34743896
2966,0.34292066
2967,0.34433195
2968,0.3420814
2969,0.3471197
2970,0.34171492
2971,0.34287468
2972,0.3433564
2973,0.3494304
2974,0.34673366
2975,0.34852552
2976,0.34271201
2977,0.34742254
2978,0.34826502
2979,0.3451863
2980,0.33717707
2981,0.34679633
2982,0.33955774
2983,0.34613502
2984,0.34620795
2985,0.34905687
2986,0.34279495
2987,0.3447968
2988,0.3397521
2989,0.34448555
2990,0.3416234
2991,0.33748642
2992,0.34823036
2993,0.34282002
2994,0.3439253
2995,0.34456798
2996,0.34800866
2997,0.345583
2998,0.34623742
2999,0.3466824
3000,0.3473383
3001,0.33391714
3002,0.34613007
3003,0.34021565
3004,0.3466433
3005,0.33952257
3006,0.3406302
3007,0.3402078
3008,0.34120372
3009,0.34338593
3010,0.34282324
3011,0.34765217
3012,0.34904855
3013,0.34514678
3014,0.33564314
3015,0.34179243
3016,0.33108488
3017,0.32443663
3018,0.33558172
3019,0.3465148
3020,0.3403976
3021,0.34601447
3022,0.34617692
3023,0.34425202
3024,0.3449298
3025,0.3460425
3026,0.34206674
3027,0.34414083
3028,0.34222046
3029,0.3433607
3030,0.3432797
3031,0.34484193
3032,0.34686708
3033,0.347067
3034,0.347609
3035,0.34546795
3036,0.34694973
3037,0.34394428
3038,0.3495696
3039,0.33935216
3040,0.3427851
3041,0.34184116
3042,0.3428562
3043,0.34394842
3044,0.34259278
3045,0.34350678
3046,0.34090778
3047,0.34375098
3048,0.34438944
3049,0.3457312
3050,0.342141
3051,0.34092018
3052,0.3465406
3053,0.34050727
3054,0.34687087
3055,0.34073535
3056,0.3397533
3057,0.34044376
3058,0.3469304
3059,0.34220278
3060,0.3424423
3061,0.34181824
3062,0.33739546
3063,0.3448094
3064,0.33743334
3065,0.33856273
3066,0.3393964
3067,0.33880424
3068,0.34261346
3069,0.33637533
3070,0.33491316
3071,0.33808953
3072,0.3427621
3073,0.33922175
3074,0.34266582
3075,0.34344724
3076,0.34256807
3077,0.3368532
3078,0.34710822
3079,0.345553
3080,0.34145656
3081,0.3482285
3082,0.34817603
3083,0.34556687
3084,0.34666392
3085,0.33588648
3086,0.34322554
3087,0.348122
3088,0.34758067
3089,0.34676313
3090,0.34549916
3091,0.34438977
3092,0.34275737
3093,0.34075522
3094,0.34831578
3095,0.34834173
3096,0.34691307
3097,0.3305491
3098,0.33455417
3099,0.34626558
3100,0.3346096
3101,0.3404732
3102,0.32938394
3103,0.34359285
3104,0.3341842
3105,0.3368046
3106,0.32832953
3107,0.3387309
3108,0.33550137
3109,0.34253216
3110,0.33918384
3111,0.3243462
3112,0.33984357
3113,0.33972278
3114,0.34135535
3115,0.346501
3116,0.33994186
3117,0.34463874
3118,0.34344152
3119,0.3419285
3120,0.3364353
3121,0.3393839
3122,0.34196982
3123,0.3432645
3124,0.34594
3125,0.3426977
3126,0.33953133
3127,0.33637908
3128,0.32603619
3129,0.3349346
3130,0.34422413
3131,0.33836257
3132,0.3422157
3133,0.3443081
3134,0.34146175
3135,0.34150508
3136,0.32743612
3137,0.3411076
3138,0.3445187
3139,0.3436765
3140,0.32920477
3141,0.32430628
3142,0.3334687
3143,0.33295786
3144,0.34283262
3145,0.33681497
3146,0.3436023
3147,0.33979204
3148,0.33337656
3149,0.33839944
3150,0.33291003
3151,0.3289307
3152,0.32900608
3153,0.3476747
3154,0.34814098
3155,0.33900833
3156,0.33604673
3157,0.338751
3158,0.3042728
3159,0.3227951
3160,0.34095362
3161,0.31456897
3162,0.3331767
3163,0.33692566
3164,0.3246112
3165,0.31773248
3166,0.31343704
3167,0.33593923
3168,0.32085603
3169,0.33753565
3170,0.33679926
3171,0.30342537
3172,0.34361365
3173,0.34482893
3174,0.3365473
3175,0.33646414
3176,0.34156936
3177,0.31256977
3178,0.33369905
3179,0.34141427
3180,0.33635923
3181,0.33318356
3182,0.34642598
3183,0.3417224
3184,0.34131184
3185,0.3413078
3186,0.34043956
3187,0.3346217
3188,0.3445687
3189,0.3461698
3190,0.33848587
3191,0.3442686
3192,0.33156472
3193,0.3378687
3194,0.34412557
3195,0.3453675
3196,0.3378105
3197,0.32254627
3198,0.34375647
3199,0.33992234
3200,0.34354055
3201,0.3429177
3202,0.33981356
3203,0.34502408
3204,0.3451691
3205,0.34005216
3206,0.33358887
3207,0.33413345
3208,0.34205768
3209,0.34504202
3210,0.3390049
3211,0.35196462
3212,0.33304548
3213,0.33291343
3214,0.34702954
3215,0.35127205
3216,0.3471476
3217,0.3346492
3218,0.34790865
3219,0.34865236
3220,0.3357146
3221,0.32868475
3222,0.34331858
3223,0.3415911
3224,0.33731672
3225,0.34694967
3226,0.34673208
3227,0.3352899
3228,0.33482936
3229,0.3348116
3230,0.34096298
3231,0.3493751
3232,0.34847844
3233,0.34480646
3234,0.34534743
3235,0.34905908
3236,0.34349924
3237,0.34655946
3238,0.34484294
3239,0.33835444
3240,0.3461371
3241,0.34340402
3242,0.34581777
3243,0.33731303
3244,0.3408675
3245,0.34197006
3246,0.34498486
3247,0.3458674
3248,0.34338328
3249,0.3355233
3250,0.34065983
3251,0.33675694
3252,0.34124154
3253,0.34325072
3254,0.34356722
3255,0.33577713
3256,0.33283088
3257,0.3413289
3258,0.34296292
3259,0.3453681
3260,0.3336913
3261,0.33941904
3262,0.339627
3263,0.3336513
3264,0.34187144
3265,0.33775106
3266,0.33267045
3267,0.33652738
3268,0.34262457
3269,0.33903292
3270,0.3356203
3271,0.33662423
3272,0.33743244
3273,0.34265158
3274,0.3422781
3275,0.34351015
3276,0.34506005
3277,0.34064224
3278,0.33485916
3279,0.33736515
3280,0.34569874
3281,0.33767495
3282,0.34127066
3283,0.34051195
3284,0.334689
3285,0.34233466
3286,0.34342286
3287,0.34023663
3288,0.3489403
3289,0.34534848
3290,0.34588394
3291,0.3455374
3292,0.34420452
3293,0.34676427
3294,0.34283793
3295,0.34573528
3296,0.3420645
3297,0.3432382
3298,0.34050754
3299,0.34965906
3300,0.34061074
3301,0.34718704
3302,0.34822938
3303,0.34738746
3304,0.34365824
3305,0.34653166
3306,0.33601916
3307,0.34270212
3308,0.3347099
3309,0.34243813
3310,0.3421544
3311,0.33280817
3312,0.3404347
3313,0.33496752
3314,0.33956388
3315,0.33696035
3316,0.33537403
3317,0.3354305
3318,0.33975917
3319,0.3420399
3320,0.33627018
3321,0.3432834
3322,0.33459207
3323,0.33252963
3324,0.34152645
3325,0.30762842
3326,0.33887124
3327,0.33885857
3328,0.34150562
3329,0.30555543
3330,0.333244
3331,0.3353853
3332,0.33380848
3333,0.31664953
3334,0.33403876
3335,0.3400708
3336,0.31754747
3337,0.33746532
3338,0.33610234
3339,0.34480813
3340,0.33916196
3341,0.32460663
3342,0.34120035
3343,0.34559187
3344,0.32761425
3345,0.29332313
3346,0.32684383
3347,0.34310693
3348,0.32999295
3349,0.3391377
3350,0.2885239
3351,0.31833568
3352,0.34161702
3353,0.32128155
3354,0.32794595
3355,0.32284757
3356,0.29017022
3357,0.32544214
3358,0.3268775
3359,0.34421393
3360,0.3340734
3361,0.30159596
3362,0.34592968
3363,0.34218556
3364,0.33863685
3365,0.34705496
3366,0.35021362
3367,0.33769375
3368,0.33645883
3369,0.34078074
3370,0.34064642
3371,0.3388688
3372,0.3311632
3373,0.33909407
3374,0.3412944
3375,0.32665312
3376,0.33377412
3377,0.3405875
3378,0.34373456
3379,0.33100042
3380,0.3449451
3381,0.34348795
3382,0.34974483
3383,0.35588783
3384,0.35812646
3385,0.35890678
3386,0.35228372
3387,0.35400674
3388,0.35370085
3389,0.35283753
3390,0.35429218
3391,0.3550942
3392,0.35783336
3393,0.35306153
3394,0.36006635
3395,0.345602
3396,0.3559356
3397,0.35627595
3398,0.35465878
3399,0.3499659
3400,0.35448793
3401,0.3447529
3402,0.35444903
3403,0.3460646
3404,0.3391078
3405,0.34499487
3406,0.34454617
3407,0.34753945
3408,0.3438653
3409,0.3429939
3410,0.34289658
3411,0.34188
3412,0.3453142
3413,0.3436009
3414,0.34385058
3415,0.34650084
3416,0.34474066
3417,0.3427219
3418,0.34057048
3419,0.3417514
3420,0.33713993
3421,0.33176664
3422,0.33091936
3423,0.33822492
3424,0.33673105
3425,0.3264734
3426,0.34213915
3427,0.33337107
3428,0.33778915
3429,0.34406033
3430,0.3306552
3431,0.32950458
3432,0.33108655
3433,0.34188834
3434,0.33612442
3435,0.33310938
3436,0.33840737
3437,0.3359127
3438,0.3311106
3439,0.3453209
3440,0.34439752
3441,0.34385225
3442,0.3363306
3443,0.34676453
3444,0.3447108
3445,0.33506596
3446,0.34581202
3447,0.3433402
3448,0.34663567
3449,0.3423909
3450,0.33664408
3451,0.34622723
3452,0.34740517
3453,0.34352005
3454,0.3455378
3455,0.3437988
3456,0.34643874
3457,0.3422443
3458,0.34380293
3459,0.33707613
3460,0.3419108
3461,0.3459083
3462,0.344318
3463,0.32749742
3464,0.345369
3465,0.33542785
3466,0.3287652
3467,0.3440586
3468,0.33844382
3469,0.33703396
3470,0.341734
3471,0.33811864
3472,0.3380214
3473,0.34753585
3474,0.3401747
3475,0.34316382
3476,0.34128565
3477,0.3447527
3478,0.343019
3479,0.34656206
3480,0.33601478
3481,0.3420651
3482,0.34868264
3483,0.3474995
3484,0.33560714
3485,0.34709212
3486,0.3471454
3487,0.3452327
3488,0.34742302
3489,0.34328437
3490,0.3424757
3491,0.34476012
3492,0.34230027
3493,0.34378967
3494,0.34175792
3495,0.34702647
3496,0.35380822
3497,0.35202083
3498,0.33274162
3499,0.3526561
3500,0.35071263
3501,0.3464286
3502,0.35294962
3503,0.3538742
3504,0.34834996
3505,0.3449414
3506,0.33629066
3507,0.3516344
3508,0.34636292
3509,0.3474881
3510,0.33818346
3511,0.35584363
3512,0.35495308
3513,0.3450251
3514,0.34367284
3515,0.35087866
3516,0.33917907
3517,0.33543554
3518,0.34661034
3519,0.34107193
3520,0.3410604
3521,0.34548512
3522,0.3377423
3523,0.34249774
3524,0.3316702
3525,0.33058056
3526,0.3438794
3527,0.33458647
3528,0.34260425
3529,0.3350464
3530,0.3319481
3531,0.32873163
3532,0.33955988
3533,0.34598017
3534,0.3436973
3535,0.34835985
3536,0.34643456
3537,0.3465629
3538,0.34263957
3539,0.3382567
3540,0.33550856
3541,0.34130388
3542,0.3413613
3543,0.34020305
3544,0.34626037
3545,0.33447486
3546,0.3423239
3547,0.3468462
3548,0.3427842
3549,0.3390007
3550,0.34571397
3551,0.3413281
3552,0.34674904
3553,0.3409607
3554,0.34094486
3555,0.3391743
3556,0.336515
3557,0.34107602
3558,0.34081516
3559,0.33557734
3560,0.34133407
3561,0.33702186
3562,0.33664864
3563,0.33741403
3564,0.33414397
3565,0.33902234
3566,0.3405929
3567,0.33513308
3568,0.338786
3569,0.3456418
3570,0.33949205
3571,0.34150136
3572,0.34352663
3573,0.3490513
3574,0.34059945
3575,0.34755513
3576,0.35166904
3577,0.35052
3578,0.3389822
3579,0.3443353
3580,0.34678116
3581,0.34267744
3582,0.34470996
3583,0.34522983
3584,0.34465638
3585,0.34519896
3586,0.34405157
3587,0.34179613
3588,0.3483815
3589,0.3430028
3590,0.3453206
3591,0.31735435
3592,0.32387653
3593,0.34070808
3594,0.34491295
3595,0.33625942
3596,0.31839275
3597,0.3429082
3598,0.3332312
3599,0.32433695
3600,0.31574985
3601,0.33821747
3602,0.32956794
3603,0.34116277
3604,0.32889822
3605,0.33854148
3606,0.31208763
3607,0.3242668
3608,0.34240404
3609,0.326686
3610,0.33405122
3611,0.34739408
3612,0.33118847
3613,0.34228584
3614,0.32405412
3615,0.33007574
3616,0.3292996
3617,0.33526662
3618,0.3258663
3619,0.3110344
3620,0.34718466
3621,0.3133224
3622,0.3154294
3623,0.3222146
3624,0.34524962
3625,0.3473988
3626,0.3402444
3627,0.33293745
3628,0.34276286
3629,0.34873614
3630,0.34586626
3631,0.34171042
3632,0.34856334
3633,0.34567198
3634,0.3493617
3635,0.34923542
3636,0.335297
3637,0.34658548
3638,0.34625545
3639,0.34822664
3640,0.34685037
3641,0.34506905
3642,0.3401872
3643,0.34557244
3644,0.34975556
3645,0.3434063
3646,0.33895057
3647,0.3426471
3648,0.34730735
3649,0.34705982
3650,0.34909716
3651,0.3429924
3652,0.34056497
3653,0.34069246
3654,0.3463281
3655,0.34418115
3656,0.33810988
3657,0.34802082
3658,0.34529555
3659,0.34645575
3660,0.34263977
3661,0.32289752
3662,0.3492744
3663,0.33557436
3664,0.33166066
3665,0.32971403
3666,0.3481619
3667,0.33338863
3668,0.34435382
3669,0.33974287
3670,0.33001825
3671,0.32415798
3672,0.33613625
3673,0.3405283
3674,0.33233452
3675,0.33478346
3676,0.32664365
3677,0.3466864
3678,0.33908793
3679,0.3455688
3680,0.33341065
3681,0.33364633
3682,0.34600443
3683,0.34021786
3684,0.33775347
3685,0.34164658
3686,0.32327363
3687,0.34873655
3688,0.34837112
3689,0.34241447
3690,0.34462747
3691,0.34591404
3692,0.3202074
3693,0.34612185
3694,0.3475031
3695,0.34680814
3696,0.34478518
3697,0.34923652
3698,0.34205443
3699,0.34597582
3700,0.33581182
3701,0.33469158
3702,0.3380422
3703,0.3493115
3704,0.34901443
3705,0.3445339
3706,0.3429135
3707,0.34119964
3708,0.33855897
3709,0.34305868
3710,0.3444368
3711,0.3445111
3712,0.34954545
3713,0.34433046
3714,0.34495017
3715,0.34512332
3716,0.33927327
3717,0.34330115
3718,0.34010592
3719,0.3417739
3720,0.33369413
3721,0.32150403
3722,0.34696904
3723,0.344167
3724,0.332876
3725,0.34533605
3726,0.34181777
3727,0.3400708
3728,0.3256234
3729,0.34614164
3730,0.34176657
3731,0.33196503
3732,0.34425703
3733,0.34624735
3734,0.32473582
3735,0.3362119
3736,0.34405586
3737,0.33786005
3738,0.3439547
3739,0.334168
3740,0.3478966
3741,0.3401614
3742,0.3476037
3743,0.35774758
3744,0.34482118
3745,0.3410447
3746,0.34531033
3747,0.343657
3748,0.34489283
3749,0.35040987
3750,0.34663764
3751,0.35233775
3752,0.34031698
3753,0.3518984
3754,0.34362432
3755,0.34423766
3756,0.34524888
3757,0.34782013
3758,0.3455223
3759,0.35448325
3760,0.34606996
3761,0.3589081
3762,0.349295
3763,0.33684662
3764,0.34345767
3765,0.349974
3766,0.33330643
3767,0.3324754
3768,0.3484924
3769,0.34154347
3770,0.34690323
3771,0.34831718
3772,0.33934665
3773,0.34843746
3774,0.33464348
3775,0.34856233
3776,0.34155416
3777,0.3464131
3778,0.34452942
3779,0.34148267
3780,0.3440121
3781,0.33128768
3782,0.33140168
3783,0.33664098
3784,0.3417503
3785,0.3410357
3786,0.34466025
3787,0.3442372
3788,0.33688143
3789,0.3449983
3790,0.34487712
3791,0.32163617
3792,0.33412492
3793,0.33662438
3794,0.34238186
3795,0.33745158
3796,0.34380758
3797,0.33033317
3798,0.34466445
3799,0.33086804
3800,0.32962668
3801,0.32418707
3802,0.3318933
3803,0.33540562
3804,0.34325036
3805,0.34614214
3806,0.3448986
3807,0.32995373
3808,0.34516755
3809,0.34430212
3810,0.34612483
3811,0.3368204
3812,0.3341711
3813,0.3293402
3814,0.33941117
3815,0.33794624
3816,0.34591198
3817,0.33008268
3818,0.32019216
3819,0.34206256
3820,0.34372294
3821,0.34193727
3822,0.34815398
3823,0.33067656
3824,0.3371589
3825,0.3102722
3826,0.33210817
3827,0.34235093
3828,0.3476668
3829,0.34719333
3830,0.3301636
3831,0.33782384
3832,0.3320481
3833,0.34568503
3834,0.33437183
3835,0.32734567
3836,0.34437433
3837,0.33638328
3838,0.3332797
3839,0.34504354
3840,0.3313609
3841,0.3211132
3842,0.3467401
3843,0.33436805
3844,0.33279455
3845,0.3324045
3846,0.33628556
3847,0.3345196
3848,0.33535576
3849,0.3239486
3850,0.32682368
3851,0.33352652
3852,0.34483507
3853,0.34020326
3854,0.32961652
3855,0.33014187
3856,0.34040514
3857,0.34416777
3858,0.33864114
3859,0.3222319
3860,0.33944544
3861,0.34978548
3862,0.33406428
3863,0.34883437
3864,0.3408066
3865,0.33935937
3866,0.33758217
3867,0.33900198
3868,0.34888062
3869,0.3375089
3870,0.34425077
3871,0.34823307
3872,0.3326865
3873,0.32748118
3874,0.33700883
3875,0.34352046
3876,0.32573888
3877,0.30532178
3878,0.31344578
3879,0.34214798
3880,0.33282644
3881,0.3479459
3882,0.3331336
3883,0.33234015
3884,0.34308028
3885,0.31929934
3886,0.32693145
3887,0.3370576
3888,0.3308811
3889,0.33540705
3890,0.3329348
3891,0.33073133
3892,0.33337936
3893,0.32974204
3894,0.3435062
3895,0.33405936
3896,0.3424941
3897,0.3361812
3898,0.33750752
3899,0.34944168
3900,0.3397973
3901,0.33897644
3902,0.33609107
3903,0.34258687
3904,0.33774164
3905,0.33709332
3906,0.3441101
3907,0.3445805
3908,0.34097797
3909,0.34420153
3910,0.34424534
3911,0.33829752
3912,0.3332593
3913,0.33631915
3914,0.33475235
3915,0.34338734
3916,0.34037024
3917,0.33198503
3918,0.34319243
3919,0.33723682
3920,0.3412033
3921,0.34308586
3922,0.3463725
3923,0.34111628
3924,0.33918244
3925,0.34941164
3926,0.33917722
3927,0.34432134
3928,0.34208718
3929,0.34483114
3930,0.34758994
3931,0.34478498
3932,0.3445433
3933,0.33444566
3934,0.34204584
3935,0.33439797
3936,0.34279814
3937,0.32867178
3938,0.34174737
3939,0.33903125
3940,0.34502622
3941,0.34205404
3942,0.33102512
3943,0.33202955
3944,0.3458
3945,0.3456749
3946,0.34186688
3947,0.33426818
3948,0.32940206
3949,0.33241272
3950,0.3450028
3951,0.3475779
3952,0.345499
3953,0.34773937
3954,0.34730554
3955,0.35242853
3956,0.35399678
3957,0.34361216
3958,0.3423857
3959,0.34660077
3960,0.34531844
3961,0.3460349
3962,0.34859255
3963,0.34386325
3964,0.34355387
3965,0.34821692
3966,0.34039772
3967,0.34184632
3968,0.34600046
3969,0.34020618
3970,0.34670874
3971,0.33665344
3972,0.34313285
3973,0.3414656
3974,0.32544273
3975,0.3471433
3976,0.31886455
3977,0.332588
3978,0.33031046
3979,0.32938197
3980,0.3434551
3981,0.3385801
3982,0.3414919
3983,0.33527532
3984,0.32989493
3985,0.32976094
3986,0.33673337
3987,0.33834717
3988,0.33340433
3989,0.34167892
3990,0.34727204
3991,0.3406534
3992,0.35048708
3993,0.33239278
3994,0.34988716
3995,0.34780338
3996,0.3392606
3997,0.34838933
3998,0.3506657
3999,0.3466296
4000,0.3457005
4001,0.33879465
4002,0.34434053
4003,0.33812276
4004,0.34650627
4005,0.35044932
4006,0.35076752
4007,0.35005656
4008,0.35023972
4009,0.33419868
4010,0.33125058
4011,0.34352976
4012,0.34269002
4013,0.32941115
4014,0.34918544
4015,0.3308177
4016,0.34928277
4017,0.33170387
4018,0.34783924
4019,0.34607518
4020,0.34407517
4021,0.352119
4022,0.31404465
4023,0.33559954
4024,0.31891647
4025,0.33833525
4026,0.35133836
4027,0.3469855
4028,0.33041385
4029,0.34336433
4030,0.33286765
4031,0.33082855
4032,0.31125584
4033,0.31347305
4034,0.3290411
4035,0.33913705
4036,0.3433122
4037,0.34336677
4038,0.31957313
4039,0.33157125
4040,0.3382796
4041,0.32577962
4042,0.33617476
4043,0.33588716
4044,0.33486977
4045,0.33245936
4046,0.3459259
4047,0.34124902
4048,0.3481048
4049,0.34476987
4050,0.33619085
4051,0.34115964
4052,0.33809212
4053,0.3461602
4054,0.34499213
4055,0.34059453
4056,0.3456584
4057,0.34533006
4058,0.3382723
4059,0.3443862
4060,0.33963022
4061,0.3359538
4062,0.3410187
4063,0.3386421
4064,0.34350568
4065,0.33693108
4066,0.3337585
4067,0.33953372
4068,0.33977708
4069,0.32450572
4070,0.3304896
4071,0.32863954
4072,0.33657885
4073,0.32217178
4074,0.326718
4075,0.33219987
4076,0.33942798
4077,0.32582805
4078,0.32779297
4079,0.34690532
4080,0.3367311
4081,0.33637285
4082,0.32641634
4083,0.32728395
4084,0.34369823
4085,0.33659014
4086,0.33844033
4087,0.3447617
4088,0.34245014
4089,0.3405908
4090,0.34436843
4091,0.33232895
4092,0.34332895
4093,0.3440711
4094,0.34190664
4095,0.3384172
4096,0.3426473
4097,0.34192538
4098,0.3401365
4099,0.34177178
4100,0.34227982
4101,0.34118864
4102,0.3445186
4103,0.34485537
4104,0.29331148
4105,0.32402113
4106,0.34245664
4107,0.3445985
4108,0.35194802
4109,0.34730098
4110,0.34435025
4111,0.3488167
4112,0.3479822
4113,0.35005072
4114,0.3399866
4115,0.3482618
4116,0.33737174
4117,0.34366217
4118,0.34819302
4119,0.3375524
4120,0.3451794
4121,0.34880355
4122,0.3414165
4123,0.32723203
4124,0.3267881
4125,0.33892265
4126,0.32627776
4127,0.34640467
4128,0.33078352
4129,0.32964185
4130,0.32373443
4131,0.33133313
4132,0.32708958
4133,0.32913855
4134,0.32669595
4135,0.3321099
4136,0.3353
4137,0.32907823
4138,0.32752523
4139,0.3186748
4140,0.33497632
4141,0.33673078
4142,0.34693116
4143,0.33871123
4144,0.34451362
4145,0.34226832
4146,0.3436419
4147,0.33954594
4148,0.34590724
4149,0.34361127
4150,0.34584787
4151,0.34662807
4152,0.34358218
4153,0.34540874
4154,0.33997715
4155,0.3424041
4156,0.34569004
4157,0.33964723
4158,0.34604743
4159,0.3479345
4160,0.33797804
4161,0.3376266
4162,0.34308872
4163,0.3396451
4164,0.34129417
4165,0.33549097
4166,0.33845276
4167,0.3368156
4168,0.34141806
4169,0.3429209
4170,0.3185245
4171,0.34021053
4172,0.34205183
4173,0.33137253
4174,0.34015456
4175,0.3399304
4176,0.33882633
4177,0.33986938
4178,0.34201425
4179,0.33513108
4180,0.34325612
4181,0.33757135
4182,0.3328555
4183,0.33133662
4184,0.3388443
4185,0.34403476
4186,0.3450318
4187,0.34105417
4188,0.34642923
4189,0.33612278
4190,0.3454796
4191,0.3467531
4192,0.3328802
4193,0.3425852
4194,0.3400453
4195,0.3322096
4196,0.34709376
4197,0.34846863
4198,0.33315626
4199,0.3393879
4200,0.33918092
4201,0.33386353
4202,0.33343995
4203,0.33823112
4204,0.34286788
4205,0.33955792
4206,0.3373706
4207,0.34014693
4208,0.34226474
4209,0.33699986
4210,0.33746073
4211,0.34226054
4212,0.3466368
4213,0.32764563
4214,0.33376586
4215,0.32998082
4216,0.3387212
4217,0.34177595
4218,0.34297454
4219,0.34305292
4220,0.33641773
4221,0.3456858
4222,0.3361628
4223,0.33222058
4224,0.33552518
4225,0.33235702
4226,0.33641422
4227,0.34920028
4228,0.33877352
4229,0.34450033
4230,0.34756175
4231,0.3386914
4232,0.34439465
4233,0.3300288
4234,0.33575574
4235,0.3367061
4236,0.33751968
4237,0.32532135
4238,0.3366749
4239,0.32833433
4240,0.34381786
4241,0.32188222
4242,0.34338713
4243,0.32973516
4244,0.3318229
4245,0.3379964
4246,0.336548
4247,0.3437652
4248,0.33056885
4249,0.3233235
4250,0.34608984
4251,0.32598832
4252,0.3207511
4253,0.32844934
4254,0.32653257
4255,0.34725156
4256,0.33539966
4257,0.3397868
4258,0.34655342
4259,0.3480514
4260,0.33223987
4261,0.33917028
4262,0.34764257
4263,0.34404013
4264,0.3354092
4265,0.336564
4266,0.34386483
4267,0.3425468
4268,0.33983445
4269,0.33813205
4270,0.3452934
4271,0.3437077
4272,0.34719205
4273,0.33658972
4274,0.34605858
4275,0.33778456
4276,0.342606
4277,0.3309676
4278,0.33343092
4279,0.34355977
4280,0.3439884
4281,0.3415846
4282,0.34307542
4283,0.33630803
4284,0.34187412
4285,0.33645535
4286,0.33297625
4287,0.34486616
4288,0.32577902
4289,0.3396638
4290,0.33568987
4291,0.33215153
4292,0.33796325
4293,0.33135495
4294,0.34157676
4295,0.34605083
4296,0.3454501
4297,0.34522927
4298,0.34842288
4299,0.3461727
4300,0.34610227
4301,0.3494951
4302,0.3468595
4303,0.3457961
4304,0.34669822
4305,0.34618548
4306,0.3473697
4307,0.3430496
4308,0.3471304
4309,0.34640422
4310,0.3489091
4311,0.3433587
4312,0.33913162
4313,0.3482393
4314,0.34123638
4315,0.3432216
4316,0.35072723
4317,0.34237933
4318,0.3344151
4319,0.34721026
4320,0.3402427
4321,0.33357018
4322,0.34079424
4323,0.32882583
4324,0.35021058
4325,0.34023163
4326,0.32888094
4327,0.33404598
4328,0.32093957
4329,0.343053
4330,0.34566498
4331,0.32455766
4332,0.3471643
4333,0.3502548
4334,0.3495336
4335,0.34580472
4336,0.34944448
4337,0.34638998
4338,0.35275564
4339,0.3500281
4340,0.34653488
4341,0.3467388
4342,0.3511955
4343,0.31890288
4344,0.31897578
4345,0.34737214
4346,0.35043818
4347,0.3500574
4348,0.3521864
4349,0.34665805
4350,0.34655422
4351,0.34629416
4352,0.3481761
4353,0.34883255
4354,0.3473765
4355,0.34733364
4356,0.34841132
4357,0.34611753
4358,0.34754646
4359,0.34650144
4360,0.34655342
4361,0.34766498
4362,0.348196
4363,0.3486471
4364,0.3432571
4365,0.34768745
4366,0.3457847
4367,0.34524414
4368,0.3487322
4369,0.34698203
4370,0.3443543
4371,0.34362575
4372,0.34270117
4373,0.3448361
4374,0.33804283
4375,0.33390528
4376,0.34372276
4377,0.3438337
4378,0.3428047
4379,0.34520686
4380,0.3415547
4381,0.34393883
4382,0.34759578
4383,0.33511907
4384,0.34267825
4385,0.34410384
4386,0.34642464
4387,0.3447291
4388,0.34581238
4389,0.33306894
4390,0.34950462
4391,0.32828072
4392,0.35037416
4393,0.34936798
4394,0.35446167
4395,0.3416557
4396,0.34797385
4397,0.35347718
4398,0.35633203
4399,0.3335184
4400,0.35081628
4401,0.34863022
4402,0.3508037
4403,0.3474491
4404,0.34303495
4405,0.35825878
4406,0.35448584
4407,0.3115016
4408,0.34395936
4409,0.34994498
4410,0.34733877
4411,0.3397958
4412,0.33802453
4413,0.35130775
4414,0.33910623
4415,0.35094512
4416,0.3407525
4417,0.34189537
4418,0.34133092
4419,0.34205708
4420,0.33929712
4421,0.33860013
4422,0.33287174
4423,0.3398268
4424,0.3484363
4425,0.3468407
4426,0.34909
4427,0.34901497
4428,0.35222048
4429,0.3416101
4430,0.3596743
4431,0.34705517
4432,0.34881762
4433,0.346073
4434,0.34815457
4435,0.3363678
4436,0.34875754
4437,0.35055977
4438,0.34671453
4439,0.33850712
4440,0.35457984
4441,0.32921258
4442,0.3447519
4443,0.34813
4444,0.33788273
4445,0.346667
4446,0.33293957
4447,0.33396086
4448,0.33824265
4449,0.3362709
4450,0.34890112
4451,0.33170792
4452,0.31918728
4453,0.33905736
4454,0.3436828
4455,0.33695048
4456,0.33384812
4457,0.34187406
4458,0.3345861
4459,0.33919325
4460,0.31673077
4461,0.33906215
4462,0.33664832
4463,0.31707904
4464,0.34022284
4465,0.34220326
4466,0.33381015
4467,0.3361564
4468,0.34103683
4469,0.29870015
4470,0.29703662
4471,0.34626466
4472,0.33567342
4473,0.3431474
4474,0.34697503
4475,0.3316732
4476,0.3436043
4477,0.33859155
4478,0.328756
4479,0.3326628
4480,0.33212927
4481,0.34374198
4482,0.33158162
4483,0.3439278
4484,0.3482432
4485,0.34127316
4486,0.34523243
4487,0.34628367
4488,0.3474264
4489,0.33642668
4490,0.34954628
4491,0.3389132
4492,0.34224746
4493,0.33926114
4494,0.34493798
4495,0.341477
4496,0.34498963
4497,0.34621784
4498,0.3436944
4499,0.34340164
4500,0.33938617
4501,0.3422664
4502,0.34939748
4503,0.34530127
4504,0.34064373
4505,0.34645137
4506,0.34299457
4507,0.3445698
4508,0.3447138
4509,0.34690812
4510,0.35101357
4511,0.34819683
4512,0.34859425
4513,0.3515868
4514,0.35069808
4515,0.34413216
4516,0.34004083
4517,0.34390494
4518,0.3481465
4519,0.3472662
4520,0.3429859
4521,0.34062794
4522,0.34588167
4523,0.34960687
4524,0.34531417
4525,0.34659758
4526,0.34780598
4527,0.3432048
4528,0.34883818
4529,0.34935513
4530,0.33952412
4531,0.34802678
4532,0.33480886
4533,0.34640983
4534,0.3441837
4535,0.34547636
4536,0.33618203
4537,0.34852046
4538,0.3492008
4539,0.33620092
4540,0.34175152
4541,0.3370222
4542,0.337107
4543,0.332782
4544,0.32964054
4545,0.33283594
4546,0.33547047
4547,0.3406456
4548,0.33664188
4549,0.3496984
4550,0.32689652
4551,0.33663443
4552,0.34006926
4553,0.33743864
4554,0.33266187
4555,0.3372933
4556,0.33975738
4557,0.337479
4558,0.33707836
4559,0.33877072
4560,0.34161028
4561,0.34582403
4562,0.3447565
4563,0.34843317
4564,0.34384862
4565,0.34537968
4566,0.3487725
4567,0.34270993
4568,0.3480546
4569,0.35077134
4570,0.34425536
4571,0.343011
4572,0.3429108
4573,0.3419771
4574,0.33826542
4575,0.35059264
4576,0.3499975
4577,0.35145134
4578,0.34233516
4579,0.3462539
4580,0.34427065
4581,0.33515003
4582,0.34439793
4583,0.33787927
4584,0.33783564
4585,0.33855972
4586,0.3437899
4587,0.33880958
4588,0.3415351
4589,0.3383241
4590,0.34141025
4591,0.34189805
4592,0.3407086
4593,0.34250396
4594,0.3396987
4595,0.33618325
4596,0.337705
4597,0.34372374
4598,0.34409967
4599,0.35199523
4600,0.343519
4601,0.3497344
4602,0.34517583
4603,0.33923683
4604,0.35110086
4605,0.34778568
4606,0.34412417
4607,0.34818184
4608,0.34612885
4609,0.34832337
4610,0.3518239
4611,0.3487185
4612,0.3484749
4613,0.34712932
4614,0.34609583
4615,0.35076907
4616,0.34499362
4617,0.34667727
4618,0.34462348
4619,0.34468576
4620,0.34604147
4621,0.34538257
4622,0.3460205
4623,0.34598458
4624,0.3460787
4625,0.34602004
4626,0.34585628
4627,0.34613127
4628,0.34496027
4629,0.3429601
4630,0.34455913
4631,0.3454505
4632,0.34330472
4633,0.34606883
4634,0.3439873
4635,0.3470977
4636,0.35173604
4637,0.3497439
4638,0.34652954
4639,0.3481711
4640,0.34863544
4641,0.34444895
4642,0.3488562
4643,0.35375622
4644,0.3549166
4645,0.34954727
4646,0.34375107
4647,0.35261622
4648,0.3481969
4649,0.34486437
4650,0.34583014
4651,0.35117343
4652,0.3520913
4653,0.3526471
4654,0.35370418
4655,0.3414778
4656,0.32431605
4657,0.32572603
4658,0.33848605
4659,0.3403175
4660,0.34110078
4661,0.34038556
4662,0.33074102
4663,0.33215466
4664,0.3316054
4665,0.33219615
4666,0.33899102
4667,0.32306668
4668,0.33587953
4669,0.33423993
4670,0.34279838
4671,0.32854164
4672,0.34344074
4673,0.3311901
4674,0.34957948
4675,0.3414664
4676,0.34823936
4677,0.33913878
4678,0.34588394
4679,0.34600946
4680,0.35048896
4681,0.3451819
4682,0.34281087
4683,0.33496758
4684,0.34372088
4685,0.35081747
4686,0.3414797
4687,0.34423453
4688,0.33591127
4689,0.3430369
4690,0.33546284
4691,0.3330605
4692,0.3476164
4693,0.3407139
4694,0.31697232
4695,0.3242288
4696,0.33348176
4697,0.3422425
4698,0.33320922
4699,0.34445187
4700,0.34653383
4701,0.3389282
4702,0.3324754
4703,0.33246264
4704,0.3418019
4705,0.3320963
4706,0.34289074
4707,0.34339216
4708,0.3454465
4709,0.3352518
4710,0.33128363
4711,0.33663616
4712,0.34221047
4713,0.34028608
4714,0.3362968
4715,0.3387796
4716,0.34079057
4717,0.33691165
4718,0.33597812
4719,0.34132844
4720,0.33757934
4721,0.3402285
4722,0.34111214
4723,0.3346791
4724,0.33816066
4725,0.34133044
4726,0.34040028
4727,0.339221
4728,0.34662494
4729,0.3319666
4730,0.3417616
4731,0.34902537
4732,0.3434604
4733,0.3204612
4734,0.34624013
4735,0.3491925
4736,0.35014367
4737,0.34869763
4738,0.34826657
4739,0.34625915
4740,0.3490252
4741,0.34937736
4742,0.3475444
4743,0.34719193
4744,0.34794262
4745,0.3444128
4746,0.3423567
4747,0.34571797
4748,0.3431214
4749,0.3482068
4750,0.34563246
4751,0.3477287
4752,0.34532616
4753,0.34184626
4754,0.33669233
4755,0.33663037
4756,0.34320888
4757,0.34934384
4758,0.3494807
4759,0.34555623
4760,0.34148845
4761,0.3475404
4762,0.34601665
4763,0.3470117
4764,0.34045723
4765,0.34208086
4766,0.34573764
4767,0.3416192
4768,0.34728244
4769,0.3435656
4770,0.34536666
4771,0.34489897
4772,0.34430045
4773,0.3472607
4774,0.3454889
4775,0.3448904
4776,0.34442183
4777,0.3472822
4778,0.34557363
4779,0.3438567
4780,0.34522855
4781,0.34189504
4782,0.34280404
4783,0.34359393
4784,0.338596
4785,0.34382188
4786,0.34700033
4787,0.34727302
4788,0.34152895
4789,0.34451038
4790,0.3401302
4791,0.33994424
4792,0.34421697
4793,0.3428804
4794,0.33955437
4795,0.34372625
4796,0.34117186
4797,0.34505144
4798,0.34243956
4799,0.3426325
4800,0.33720323
4801,0.34610972
4802,0.34459764
4803,0.34696713
4804,0.33987328
4805,0.34315345
4806,0.34224066
4807,0.34084734
4808,0.3475283
4809,0.3481132
4810,0.34473404
4811,0.343379
4812,0.34752813
4813,0.34656885
4814,0.34627128
4815,0.33768144
4816,0.34587935
4817,0.3446248
4818,0.3445158
4819,0.34775984
4820,0.34811166
4821,0.34433964
4822,0.3468404
4823,0.34827054
4824,0.3451946
4825,0.34663525
4826,0.34111422
4827,0.34262696
4828,0.34607658
4829,0.3402023
4830,0.33588976
4831,0.34074324
4832,0.33460155
4833,0.32520905
4834,0.3402155
4835,0.34632155
4836,0.3378425
4837,0.34578246
4838,0.34388205
4839,0.3428792
4840,0.3401809
4841,0.33934817
4842,0.34173563
4843,0.34639972
4844,0.3464657
4845,0.3399514
4846,0.34181046
4847,0.33906147
4848,0.3400326
4849,0.31663218
4850,0.33898768
4851,0.3438441
4852,0.3426251
4853,0.33349854
4854,0.34386253
4855,0.33850786
4856,0.33694524
4857,0.3427767
4858,0.3344788
4859,0.34737292
4860,0.33735755
4861,0.3418102
4862,0.33274347
4863,0.3322105
4864,0.34476218
4865,0.34517047
4866,0.34654483
4867,0.33206397
4868,0.34726283
4869,0.34069434
4870,0.3392049
4871,0.34379086
4872,0.3427573
4873,0.3493798
4874,0.339128
4875,0.3438051
4876,0.32843897
4877,0.3344747
4878,0.33155638
4879,0.33418146
4880,0.34392232
4881,0.3366216
4882,0.34404972
4883,0.34446317
4884,0.3438457
4885,0.3433353
4886,0.35119614
4887,0.34502828
4888,0.34643412
4889,0.34444377
4890,0.34951064
4891,0.34455872
4892,0.3442377
4893,0.34863946
4894,0.33790234
4895,0.34938464
4896,0.33721325
4897,0.3373644
4898,0.34547266
4899,0.34960705
4900,0.34798107
4901,0.3505458
4902,0.33194336
4903,0.3268226
4904,0.32949606
4905,0.3403863
4906,0.33486834
4907,0.33924738
4908,0.3423471
4909,0.34551057
4910,0.34058854
4911,0.34270635
4912,0.33736113
4913,0.31295982
4914,0.34524137
4915,0.3475095
4916,0.34324792
4917,0.3303995
4918,0.32586843
4919,0.35150594
4920,0.32995892
4921,0.34602526
4922,0.33858487
4923,0.3474608
4924,0.35494
4925,0.34958878
4926,0.33984712
4927,0.34843457
4928,0.3501406
4929,0.3412173
4930,0.34103975
4931,0.35507873
4932,0.3376457
4933,0.34697917
4934,0.3465765
4935,0.33721778
4936,0.3447517
4937,0.3273284
4938,0.33869478
4939,0.3262223
4940,0.3475633
4941,0.33240882
4942,0.34232846
4943,0.3419233
4944,0.32867625
4945,0.3511485
4946,0.33412305
4947,0.33555886
4948,0.3270107
4949,0.3298942
4950,0.35116687
4951,0.34640718
4952,0.34653714
4953,0.33207098
4954,0.3246082
4955,0.33562014
4956,0.34189352
4957,0.34695965
4958,0.3427243
4959,0.3238345
4960,0.32187924
4961,0.34575284
4962,0.3453086
4963,0.34047332
4964,0.3408191
4965,0.3468502
4966,0.34943196
4967,0.34888205
4968,0.32981288
4969,0.34630594
4970,0.33733192
4971,0.3393827
4972,0.35150164
4973,0.3364825
4974,0.34189793
4975,0.34074768
4976,0.3377313
4977,0.34418574
4978,0.3462965
4979,0.33821037
4980,0.3342448
4981,0.33557853
4982,0.34379894
4983,0.34563142
4984,0.34732583
4985,0.33361498
4986,0.34524876
4987,0.3394282
4988,0.33787674
4989,0.34989318
4990,0.33284512
4991,0.3420844
4992,0.34305793
4993,0.33636728
4994,0.33549678
4995,0.3479367
4996,0.3474824
4997,0.33394948
4998,0.33535746
4999,0.33933395
5000,0.33663288
5001,0.3428877
5002,0.34104082
5003,0.33633572
5004,0.3410797
5005,0.3335558
5006,0.34617373
5007,0.33428487
5008,0.33499396
5009,0.3454815
5010,0.34687284
5011,0.34381333
5012,0.34023416
5013,0.34169483
5014,0.33998993
5015,0.3313034
5016,0.34683946
5017,0.34531316
5018,0.34315234
5019,0.34441873
5020,0.34361038
5021,0.34758845
5022,0.3435884
5023,0.34238803
5024,0.3457497
5025,0.34456962
5026,0.34498957
5027,0.3469048
5028,0.3452156
5029,0.34696746
5030,0.34880742
5031,0.34036502
5032,0.34754884
5033,0.34606758
5034,0.3439594
5035,0.3375574
5036,0.33099818
5037,0.3380622
5038,0.34109667
5039,0.34633255
5040,0.34603
5041,0.3472784
5042,0.34351972
5043,0.34956363
5044,0.34793445
5045,0.33357847
5046,0.3442837
5047,0.34465507
5048,0.34379974
5049,0.34440306
5050,0.3299904
5051,0.33523902
5052,0.3491257
5053,0.34707034
5054,0.3374176
5055,0.34539363
5056,0.33930585
5057,0.34163082
5058,0.33842447
5059,0.34132075
5060,0.33992592
5061,0.34197664
5062,0.3395401
5063,0.33975214
5064,0.3363343
5065,0.34003428
5066,0.3366223
5067,0.33850566
5068,0.3452004
5069,0.341247
5070,0.3407322
5071,0.33926407
5072,0.33998078
5073,0.32646477
5074,0.34750012
5075,0.33547625
5076,0.34646294
5077,0.34928882
5078,0.33617827
5079,0.34322345
5080,0.34940037
5081,0.33836934
5082,0.35009286
5083,0.3494859
5084,0.34673735
5085,0.34542933
5086,0.33213744
5087,0.3382534
5088,0.3450145
5089,0.3490865
5090,0.34338126
5091,0.34579012
5092,0.34262317
5093,0.3351883
5094,0.32260954
5095,0.33688098
5096,0.3421305
5097,0.3416063
5098,0.33521795
5099,0.34000155
5100,0.33735523
5101,0.33293542
5102,0.34267554
5103,0.32580185
5104,0.33812055
5105,0.33444092
5106,0.3277059
5107,0.3344253
5108,0.33839574
5109,0.34041235
5110,0.334713
5111,0.32065687
5112,0.3113233
5113,0.3392036
5114,0.3425268
5115,0.34040293
5116,0.33926687
5117,0.34848592
5118,0.3458856
5119,0.3435675
5120,0.34512448
5121,0.34224617
5122,0.3461961
5123,0.33550912
5124,0.3389358
5125,0.33941546
5126,0.34392974
5127,0.33943447
5128,0.3437591
5129,0.33913803
5130,0.3471996
5131,0.3433491
5132,0.3424764
5133,0.34454653
5134,0.3445457
5135,0.33836147
5136,0.3417798
5137,0.34507614
5138,0.34423593
5139,0.3469815
5140,0.33562353
5141,0.3451088
5142,0.34686267
5143,0.34666884
5144,0.33969995
5145,0.34508216
5146,0.34521055
5147,0.341306
5148,0.34329942
5149,0.3464369
5150,0.34239408
5151,0.34093088
5152,0.3434563
5153,0.34913883
5154,0.34467196
5155,0.34734058
5156,0.34795225
5157,0.34796724
5158,0.34711093
5159,0.34445706
5160,0.34261546
5161,0.34259054
5162,0.34902298
5163,0.34542558
5164,0.34655318
5165,0.35015127
5166,0.3490824
5167,0.34886107
5168,0.34324488
5169,0.34554526
5170,0.32919562
5171,0.34687266
5172,0.34738728
5173,0.3456601
5174,0.33541852
5175,0.34363925
5176,0.34417006
5177,0.34308967
5178,0.33851823
5179,0.34036613
5180,0.34475923
5181,0.3428726
5182,0.34500393
5183,0.34043294
5184,0.34039193
5185,0.3319576
5186,0.34463897
5187,0.34404913
5188,0.32805452
5189,0.3368185
5190,0.33980128
5191,0.339861
5192,0.33877623
5193,0.33626112
5194,0.33114144
5195,0.3382695
5196,0.3395349
5197,0.33075246
5198,0.32479993
5199,0.34673867
5200,0.34580857
5201,0.34623805
5202,0.34218356
5203,0.33240834
5204,0.32622823
5205,0.33164164
5206,0.344534
5207,0.3441312
5208,0.34219792
5209,0.34584284
5210,0.34838572
5211,0.34954724
5212,0.34775296
5213,0.33756402
5214,0.34855554
5215,0.33879295
5216,0.34766456
5217,0.34958306
5218,0.34492344
5219,0.34866622
5220,0.3375406
5221,0.34648323
5222,0.3454328
5223,0.34478313
5224,0.34838322
5225,0.34905934
5226,0.34522828
5227,0.34418142
5228,0.3491846
5229,0.34595075
5230,0.3477604
5231,0.34800985
5232,0.34872693
5233,0.33911756
5234,0.34903017
5235,0.34818992
5236,0.34695902
5237,0.34805626
5238,0.34572205
5239,0.34153593
5240,0.34559605
5241,0.34510824
5242,0.34804714
5243,0.34974962
5244,0.33706516
5245,0.33998922
5246,0.33407745
5247,0.3429874
5248,0.3384036
5249,0.33341244
5250,0.3464249
5251,0.33829364
5252,0.347745
5253,0.34476036
5254,0.34909555
5255,0.33319148
5256,0.3426499
5257,0.33871827
5258,0.34661436
5259,0.33954406
5260,0.33871457
5261,0.33920887
5262,0.33559093
5263,0.34307048
5264,0.3421866
5265,0.3401888
5266,0.3371573
5267,0.3388722
5268,0.34014347
5269,0.33908156
5270,0.339995
5271,0.34295884
5272,0.34328237
5273,0.34227633
5274,0.33388424
5275,0.34708926
5276,0.34149158
5277,0.34325626
5278,0.34060815
5279,0.342491
5280,0.34149113
5281,0.33092692
5282,0.34745613
5283,0.3455157
5284,0.3461196
5285,0.3429199
5286,0.3447509
5287,0.33772525
5288,0.3386801
5289,0.3471233
5290,0.34615895
5291,0.33809978
5292,0.341253
5293,0.34509614
5294,0.34715962
5295,0.33940095
5296,0.34346998
5297,0.34186992
5298,0.3439624
5299,0.3438416
5300,0.33802918
5301,0.33533022
5302,0.34434143
5303,0.34091002
5304,0.34581575
5305,0.34360307
5306,0.34153533
5307,0.34031436
5308,0.3416399
5309,0.34847012
5310,0.34469166
5311,0.34563425
5312,0.34738824
5313,0.33946028
5314,0.34917903
5315,0.3399551
5316,0.3465364
5317,0.34368554
5318,0.3495603
5319,0.34551618
5320,0.34571794
5321,0.34646517
5322,0.3464845
5323,0.34626907
5324,0.3471181
5325,0.34722847
5326,0.34179452
5327,0.34200475
5328,0.346459
5329,0.3421289
5330,0.34649095
5331,0.34408015
5332,0.34339988
5333,0.34454226
5334,0.34745577
5335,0.34444222
5336,0.3461191
5337,0.34242374
5338,0.33309695
5339,0.3492597
5340,0.3479771
5341,0.34951055
5342,0.34740624
5343,0.34886196
5344,0.3473599
5345,0.34897208
5346,0.34608233
5347,0.34854683
5348,0.348439
5349,0.3473319
5350,0.3461298
5351,0.34799215
5352,0.34916434
5353,0.34774736
5354,0.34507462
5355,0.34801129
5356,0.34782574
5357,0.3482125
5358,0.34653386
5359,0.34696093
5360,0.34745887
5361,0.3454135
5362,0.34856895
5363,0.34621218
5364,0.3489885
5365,0.3458333
5366,0.34743392
5367,0.34644353
5368,0.3483414
5369,0.348105
5370,0.3440378
5371,0.34770754
5372,0.34698084
5373,0.34693536
5374,0.3491188
5375,0.34874445
5376,0.34877637
5377,0.3492232
5378,0.3486199
5379,0.34730294
5380,0.34935758
5381,0.34823406
5382,0.34823722
5383,0.34828535
5384,0.3478137
5385,0.34942472
5386,0.34762886
5387,0.34876582
5388,0.3481475
5389,0.34749886
5390,0.3472294
5391,0.34953836
5392,0.3479918
5393,0.34606618
5394,0.34610042
5395,0.34830436
5396,0.3459563
5397,0.34050974
5398,0.3469834
5399,0.3460298
5400,0.3439816
5401,0.34588668
5402,0.34666672
5403,0.34531248
5404,0.34514067
5405,0.3440188
5406,0.34396437
5407,0.34786698
5408,0.3453668
5409,0.3450039
5410,0.34423128
5411,0.34295267
5412,0.346037
5413,0.34585983
5414,0.34446895
5415,0.34398755
5416,0.34496734
5417,0.34630772
5418,0.34562325
5419,0.3418869
5420,0.34427857
5421,0.34279242
5422,0.34388384
5423,0.34718403
5424,0.34479585
5425,0.34494892
5426,0.3462359
5427,0.34541765
5428,0.3441305
5429,0.34599963
5430,0.3460826
5431,0.3401671
5432,0.34442762
5433,0.33924785
5434,0.34345934
5435,0.3456354
5436,0.34037006
5437,0.3435284
5438,0.34306136
5439,0.34258378
5440,0.34739524
5441,0.34248838
5442,0.34202412
5443,0.3440205
5444,0.3448282
5445,0.3473206
5446,0.34099433
5447,0.34445453
5448,0.345068
5449,0.33579412
5450,0.34174922
5451,0.34427246
5452,0.34427193
5453,0.3483113
5454,0.34683645
5455,0.34816167
5456,0.34667692
5457,0.34590414
5458,0.3476787
5459,0.3450947
5460,0.34930682
5461,0.3459244
5462,0.3447738
5463,0.34093747
5464,0.34629294
5465,0.34702098
5466,0.34530994
5467,0.34398994
5468,0.34468737
5469,0.3457177
5470,0.34383044
5471,0.3445439
5472,0.34406906
5473,0.34541115
5474,0.34531775
5475,0.34521198
5476,0.3438058
5477,0.34255877
5478,0.3426088
5479,0.34263873
5480,0.34649292
5481,0.34238645
5482,0.3469232
5483,0.34643978
5484,0.33629096
5485,0.33943263
5486,0.34463346
5487,0.34296742
5488,0.34707308
5489,0.34591863
5490,0.34334862
5491,0.34633127
5492,0.34623665
5493,0.34795126
5494,0.34584704
5495,0.3478349
5496,0.3456228
5497,0.3475125
5498,0.34533072
5499,0.3476663
5500,0.34616122
5501,0.3478311
5502,0.34703544
5503,0.3464428
5504,0.348664
5505,0.34646162
5506,0.34609357
5507,0.3475326
5508,0.3461902
5509,0.3471191
5510,0.34426048
5511,0.3441885
5512,0.34719515
5513,0.3469279
5514,0.3416331
5515,0.34673214
5516,0.34826794
5517,0.34125724
5518,0.3470881
5519,0.34726828
5520,0.34555414
5521,0.34672678
5522,0.34567374
5523,0.34340814
5524,0.34628215
5525,0.3487424
5526,0.34799266
5527,0.34636077
5528,0.348214
5529,0.34319025
5530,0.34750125
5531,0.3428214
5532,0.34822384
5533,0.34713307
5534,0.34517804
5535,0.34757632
5536,0.34735474
5537,0.34677273
5538,0.34611556
5539,0.34760204
5540,0.34762225
5541,0.34640357
5542,0.3478274
5543,0.3460016
5544,0.3451941
5545,0.34725866
5546,0.34842017
5547,0.348057
5548,0.34788105
5549,0.34699216
5550,0.3469384
5551,0.3445408
5552,0.34691617
5553,0.34371343
5554,0.34791812
5555,0.3441069
5556,0.34633902
5557,0.34711158
5558,0.34633616
5559,0.34579083
5560,0.34611633
5561,0.3470694
5562,0.3425527
5563,0.34701923
5564,0.34758925
5565,0.34557882
5566,0.34630415
5567,0.34709084
5568,0.3457063
5569,0.3460376
5570,0.34234455
5571,0.34601805
5572,0.34369472
5573,0.34570414
5574,0.3439262
5575,0.3427861
5576,0.3445877
5577,0.34334257
5578,0.3457168
5579,0.34691885
5580,0.34673214
5581,0.34562942
5582,0.34515256
5583,0.34377208
5584,0.3404334
5585,0.3463413
5586,0.34373108
5587,0.34689713
5588,0.34538504
5589,0.3477716
5590,0.34754723
5591,0.3444469
5592,0.3447022
5593,0.34772274
5594,0.3454049
5595,0.34705833
5596,0.34387287
5597,0.34660116
5598,0.34703374
5599,0.3476158
5600,0.3476122
5601,0.34595838
5602,0.34657875
5603,0.3480548
5604,0.3474015
5605,0.34831855
5606,0.3480093
5607,0.34658083
5608,0.34743038
5609,0.34280434
5610,0.347114
5611,0.3488357
5612,0.3467517
5613,0.3459994
5614,0.3460515
5615,0.34746918
5616,0.3448976
5617,0.3459523
5618,0.3460784
5619,0.34631523
5620,0.34792122
5621,0.34508947
5622,0.34773296
5623,0.3391588
5624,0.3441414
5625,0.33950487
5626,0.34596905
5627,0.33237877
5628,0.33860132
5629,0.3375225
5630,0.34274313
5631,0.3401246
5632,0.34060696
5633,0.34127858
5634,0.34631
5635,0.340763
5636,0.3418649
5637,0.33490023
5638,0.34209874
5639,0.34189937
5640,0.34453753
5641,0.34291637
5642,0.34127447
5643,0.3441401
5644,0.33956444
5645,0.34590557
5646,0.3449512
5647,0.34628484
5648,0.3459771
5649,0.3461975
5650,0.346335
5651,0.34606305
5652,0.3457388
5653,0.34502366
5654,0.3458521
5655,0.34478706
5656,0.34435412
5657,0.34437475
5658,0.34542918
5659,0.34698704
5660,0.34679142
5661,0.34682307
5662,0.3427301
5663,0.34757617
5664,0.34711832
5665,0.34496352
5666,0.34652457
5667,0.34505814
5668,0.3459066
5669,0.34698543
5670,0.34655485
5671,0.34716988
5672,0.34463406
5673,0.3463207
5674,0.34528264
5675,0.3452261
5676,0.3463372
5677,0.34605888
5678,0.34600323
5679,0.34661117
5680,0.34506583
5681,0.338277
5682,0.34604958
5683,0.335397
5684,0.33331636
5685,0.3388709
5686,0.33943966
5687,0.339659
5688,0.32498223
5689,0.34038904
5690,0.33645955
5691,0.33864197
5692,0.33538654
5693,0.33460984
5694,0.3296278
5695,0.33611465
5696,0.33415082
5697,0.33286217
5698,0.33538592
5699,0.33214885
5700,0.3457629
5701,0.34623888
5702,0.34542522
5703,0.3419982
5704,0.3461512
5705,0.33826888
5706,0.34703675
5707,0.34294394
5708,0.3424432
5709,0.3447412
5710,0.3432272
5711,0.34476635
5712,0.34012315
5713,0.34639832
5714,0.34455028
5715,0.33617672
5716,0.34494513
5717,0.3431106
5718,0.33605775
5719,0.34317288
5720,0.34436223
5721,0.34161246
5722,0.34200838
5723,0.34220806
5724,0.34158966
5725,0.339266
5726,0.34401062
5727,0.3442267
5728,0.34657636
5729,0.343186
5730,0.34356484
5731,0.34119496
5732,0.3374405
5733,0.34521973
5734,0.3438088
5735,0.34105465
5736,0.3434779
5737,0.34147996
5738,0.34112987
5739,0.32016197
5740,0.32786694
5741,0.33354923
5742,0.3273792
5743,0.33200237
5744,0.34402052
5745,0.33784238
5746,0.31695613
5747,0.32584584
5748,0.32675105
5749,0.33131018
5750,0.34115615
5751,0.31594846
5752,0.329897
5753,0.31069472
5754,0.33390364
5755,0.3251895
5756,0.31968373
5757,0.33106893
5758,0.34124258
5759,0.33743775
5760,0.34811297
5761,0.3336005
5762,0.34129354
5763,0.3353718
5764,0.31759742
5765,0.33656663
5766,0.32637382
5767,0.34033394
5768,0.3406472
5769,0.3399356
5770,0.33084697
5771,0.33468273
5772,0.33056158
5773,0.33716393
5774,0.33270076
5775,0.34120458
5776,0.3402776
5777,0.3473147
5778,0.3435476
5779,0.34436548
5780,0.34092042
5781,0.34203324
5782,0.34150264
5783,0.34368238
5784,0.3387442
5785,0.34441638
5786,0.34574363
5787,0.34626392
5788,0.34399685
5789,0.34132907
5790,0.33960843
5791,0.3434851
5792,0.34441745
5793,0.3430924
5794,0.3438577
5795,0.32836333
5796,0.343742
5797,0.34660882
5798,0.34408447
5799,0.34199253
5800,0.33640918
5801,0.3286908
5802,0.34080762
5803,0.34079647
5804,0.34397158
5805,0.34435788
5806,0.34022787
5807,0.34450635
5808,0.33521077
5809,0.33496377
5810,0.33477697
5811,0.3466014
5812,0.32804587
5813,0.33367378
5814,0.3296379
5815,0.32410386
5816,0.32694766
5817,0.3271044
5818,0.3438886
5819,0.32463613
5820,0.33269852
5821,0.3298458
5822,0.34423628
5823,0.32987508
5824,0.32848084
5825,0.3411507
5826,0.3291148
5827,0.32850555
5828,0.34286425
5829,0.30957457
5830,0.33030316
5831,0.3167059
5832,0.3187855
5833,0.33775523
5834,0.3300387
5835,0.3458741
5836,0.34716135
5837,0.34739456
5838,0.34901258
5839,0.33977798
5840,0.34328246
5841,0.34710875
5842,0.34269112
5843,0.34740058
5844,0.3455603
5845,0.34312034
5846,0.3469506
5847,0.3453653
5848,0.34196523
5849,0.34043846
5850,0.34397975
5851,0.34458184
5852,0.3461646
5853,0.34681034
5854,0.34859195
5855,0.34785545
5856,0.34523502
5857,0.3436578
5858,0.34614614
5859,0.34374195
5860,0.34520623
5861,0.34547246
5862,0.34497806
5863,0.3475547
5864,0.34448797
5865,0.33986345
5866,0.3443881
5867,0.34600976
5868,0.34525278
5869,0.34668908
5870,0.34703788
5871,0.3326808
5872,0.33431682
5873,0.3364628
5874,0.33986744
5875,0.32731876
5876,0.33341512
5877,0.33135527
5878,0.33415163
5879,0.33597016
5880,0.3385041
5881,0.33115512
5882,0.34615752
5883,0.33534756
5884,0.33903804
5885,0.3350291
5886,0.33427998
5887,0.33333156
5888,0.32116628
5889,0.3343062
5890,0.31154147
5891,0.31532982
5892,0.3252389
5893,0.3355302
5894,0.3303859
5895,0.33070454
5896,0.33010367
5897,0.3360963
5898,0.32625738
5899,0.34098667
5900,0.33523896
5901,0.33833644
5902,0.34573534
5903,0.3283562
5904,0.33717084
5905,0.33925492
5906,0.32871726
5907,0.33292854
5908,0.34496012
5909,0.344548
5910,0.34361374
5911,0.3427503
5912,0.34394312
5913,0.3459409
5914,0.34558985
5915,0.34752104
5916,0.34779704
5917,0.34723648
5918,0.34550092
5919,0.34742448
5920,0.34752306
5921,0.34537795
5922,0.34633824
5923,0.34604013
5924,0.34053758
5925,0.34425548
5926,0.34320742
5927,0.34500414
5928,0.3458955
5929,0.3447924
5930,0.34639412
5931,0.3338162
5932,0.3328386
5933,0.3305666
5934,0.33770558
5935,0.3451247
5936,0.3446767
5937,0.34710482
5938,0.34342498
5939,0.3403261
5940,0.3412438
5941,0.33824235
5942,0.33703318
5943,0.334415
5944,0.34344503
5945,0.34291735
5946,0.3445349
5947,0.33066678
5948,0.33752838
5949,0.32789272
5950,0.32583413
5951,0.32639796
5952,0.34341392
5953,0.32716063
5954,0.3332075
5955,0.33648607
5956,0.33524296
5957,0.323831
5958,0.33321562
5959,0.32560432
5960,0.34145638
5961,0.32449737
5962,0.30533174
5963,0.3157439
5964,0.33565247
5965,0.3147492
5966,0.34341046
5967,0.34321955
5968,0.34691975
5969,0.33838797
5970,0.34692484
5971,0.34864414
5972,0.34837946
5973,0.34375444
5974,0.3447093
5975,0.34671414
5976,0.34618387
5977,0.3467904
5978,0.34560624
5979,0.34885174
5980,0.34649613
5981,0.34587142
5982,0.34207344
5983,0.3479238
5984,0.34685913
5985,0.34736428
5986,0.34786823
5987,0.34926835
5988,0.34711778
5989,0.34714463
5990,0.34824762
5991,0.34537092
5992,0.3477707
5993,0.345858
5994,0.34894472
5995,0.3380985
5996,0.3494207
5997,0.34750223
5998,0.34851745
5999,0.3483307
6000,0.34720108
6001,0.34465596
6002,0.3487297
6003,0.34918076
6004,0.33826026
6005,0.3286157
6006,0.33430058
6007,0.3361154
6008,0.3342075
6009,0.3323782
6010,0.32645795
6011,0.33285615
6012,0.33188307
6013,0.34549388
6014,0.31876454
6015,0.3298137
6016,0.33815026
6017,0.33342788
6018,0.32707188
6019,0.33394435
6020,0.3399227
6021,0.33611128
6022,0.33240005
6023,0.33133194
6024,0.34406045
6025,0.345891
6026,0.34574652
6027,0.33645025
6028,0.34452054
6029,0.34015188
6030,0.3345839
6031,0.3342564
6032,0.3359279
6033,0.34128824
6034,0.33774194
6035,0.3299965
6036,0.3389396
6037,0.33885363
6038,0.33588988
6039,0.332364
6040,0.34430543
6041,0.3391263
6042,0.34830356
6043,0.3486
6044,0.34779337
6045,0.34451726
6046,0.34621906
6047,0.34612024
6048,0.34523496
6049,0.3473179
6050,0.3465916
6051,0.347728
6052,0.34766498
6053,0.3467395
6054,0.3467306
6055,0.3468611
6056,0.34635898
6057,0.3456577
6058,0.34339172
6059,0.34464395
6060,0.34744984
6061,0.3390036
6062,0.34278724
6063,0.3452547
6064,0.34278443
6065,0.34020072
6066,0.34555578
6067,0.34212175
6068,0.3407997
6069,0.3439714
6070,0.3440062
6071,0.34094247
6072,0.34469256
6073,0.34275475
6074,0.34169012
6075,0.34829786
6076,0.3443055
6077,0.3404378
6078,0.34310433
6079,0.34211758
6080,0.34001487
6081,0.3494764
6082,0.34945977
6083,0.34951553
6084,0.3519666
6085,0.35187125
6086,0.34977046
6087,0.34361175
6088,0.34658918
6089,0.34597555
6090,0.34055766
6091,0.34982726
6092,0.35121596
6093,0.34475726
6094,0.34410006
6095,0.34916076
6096,0.3486857
6097,0.34814897
6098,0.34859967
6099,0.3415172
6100,0.33976394
6101,0.34216526
6102,0.34502408
6103,0.34436968
6104,0.3426683
6105,0.34425086
6106,0.34143734
6107,0.3450933
6108,0.34225422
6109,0.34307268
6110,0.33986542
6111,0.34325874
6112,0.3428135
6113,0.3442979
6114,0.34590852
6115,0.34341678
6116,0.34492266
6117,0.3414405
6118,0.34428442
6119,0.34480533
6120,0.33944878
6121,0.34599176
6122,0.34051016
6123,0.3426489
6124,0.34514937
6125,0.34557995
6126,0.34613684
6127,0.34501076
6128,0.34485367
6129,0.34458578
6130,0.34481287
6131,0.34384772
6132,0.3452567
6133,0.34685642
6134,0.34285453
6135,0.34646234
6136,0.34369
6137,0.34486035
6138,0.3416784
6139,0.34687325
6140,0.34164897
6141,0.34477147
6142,0.33845243
6143,0.34110445
6144,0.3396407
6145,0.3402176
6146,0.34107754
6147,0.34443155
6148,0.34549165
6149,0.3402048
6150,0.3444966
6151,0.3407118
6152,0.33815944
6153,0.33516267
6154,0.34674576
6155,0.34083655
6156,0.3401813
6157,0.3431573
6158,0.3461948
6159,0.3445916
6160,0.33770564
6161,0.34147725
6162,0.33981824
6163,0.34348002
6164,0.34420043
6165,0.34275815
6166,0.3464363
6167,0.3411003
6168,0.34135416
6169,0.34659314
6170,0.3419466
6171,0.34576437
6172,0.3438277
6173,0.34127787
6174,0.34481546
6175,0.3425925
6176,0.34611222
6177,0.34314543
6178,0.34057394
6179,0.3454557
6180,0.34609562
6181,0.3464621
6182,0.34342298
6183,0.34643954
6184,0.34629184
6185,0.34224024
6186,0.34406027
6187,0.34639373
6188,0.34511775
6189,0.34395686
6190,0.34414867
6191,0.34573254
6192,0.3447471
6193,0.34237927
6194,0.33743647
6195,0.34669074
6196,0.33621404
6197,0.34162405
6198,0.34233496
6199,0.3455982
6200,0.34753975
6201,0.34093085
6202,0.34106916
6203,0.33828437
6204,0.34283957
6205,0.33491805
6206,0.3451566
6207,0.34066907
6208,0.34027448
6209,0.33977154
6210,0.339515
6211,0.33505937
6212,0.34132347
6213,0.34307668
6214,0.3406532
6215,0.34141308
6216,0.34519318
6217,0.33505318
6218,0.34257287
6219,0.34049812
6220,0.33733693
6221,0.33741298
6222,0.3383014
6223,0.34567478
6224,0.3394865
6225,0.3453966
6226,0.34251478
6227,0.33759648
6228,0.34370783
6229,0.3377768
6230,0.34703192
6231,0.33571985
6232,0.33704773
6233,0.34044933
6234,0.3377766
6235,0.33834603
6236,0.34305033
6237,0.33769897
6238,0.3458851
6239,0.3368179
6240,0.33821958
6241,0.33747157
6242,0.3401073
6243,0.34220645
6244,0.34794337
6245,0.33716488
6246,0.3406478
6247,0.3406257
6248,0.3429715
6249,0.34621307
6250,0.3439443
6251,0.33782622
6252,0.33855632
6253,0.34017453
6254,0.34449807
6255,0.3467349
6256,0.34233585
6257,0.33602762
6258,0.34118965
6259,0.34102377
6260,0.3442374
6261,0.34676856
6262,0.34089905
6263,0.3456914
6264,0.3397589
6265,0.34066078
6266,0.34531143
6267,0.33901665
6268,0.33149144
6269,0.34167665
6270,0.34789893
6271,0.34520215
6272,0.34244666
6273,0.3446745
6274,0.34516641
6275,0.34682667
6276,0.34704947
6277,0.34715635
6278,0.3466992
6279,0.34712088
6280,0.34347796
6281,0.3466335
6282,0.33899096
6283,0.34743258
6284,0.3457217
6285,0.3441762
6286,0.3480818
6287,0.34793985
6288,0.33878735
6289,0.34709305
6290,0.34924993
6291,0.3475236
6292,0.34842128
6293,0.3470903
6294,0.3440008
6295,0.34530053
6296,0.3484
6297,0.3470151
6298,0.34391782
6299,0.3444675
6300,0.34720832
6301,0.34732315
6302,0.34524384
6303,0.349974
6304,0.34932357
6305,0.34716964
6306,0.34859324
6307,0.3495959
6308,0.34819612
6309,0.34802976
6310,0.3459638
6311,0.34448805
6312,0.35000926
6313,0.3479347
6314,0.35005024
6315,0.35009715
6316,0.3498443
6317,0.34683114
6318,0.34827408
6319,0.3456898
6320,0.34703857
6321,0.34890664
6322,0.34643328
6323,0.34985438
6324,0.34587035
6325,0.3493527
6326,0.34894088
6327,0.34635884
6328,0.3463667
6329,0.34563607
6330,0.34498405
6331,0.34703493
6332,0.34591898
6333,0.34711295
6334,0.34389812
6335,0.3435934
6336,0.34645534
6337,0.3464234
6338,0.34145907
6339,0.3470609
6340,0.34811398
6341,0.3467708
6342,0.34741107
6343,0.34751403
6344,0.34607396
6345,0.34757355
6346,0.34941664
6347,0.34867194
6348,0.34471285
6349,0.34812582
6350,0.34627417
6351,0.34496796
6352,0.34721813
6353,0.3453904
6354,0.34672502
6355,0.34830406
6356,0.34607154
6357,0.34723672
6358,0.3470184
6359,0.34815004
6360,0.3484992
6361,0.34722006
6362,0.34417737
6363,0.34463015
6364,0.3473465
6365,0.34773883
6366,0.34473917
6367,0.34432295
6368,0.34622082
6369,0.34683016
6370,0.34707534
6371,0.3469421
6372,0.34471163
6373,0.34625942
6374,0.3470156
6375,0.3445518
6376,0.3442551
6377,0.3461939
6378,0.34755978
6379,0.34437153
6380,0.3479055
6381,0.34810778
6382,0.34728894
6383,0.34441784
6384,0.34555778
6385,0.34662378
6386,0.34658232
6387,0.3474814
6388,0.34635082
6389,0.34716046
6390,0.34712973
6391,0.34695256
6392,0.3484013
6393,0.34514263
6394,0.34301478
6395,0.34413153
6396,0.34566158
6397,0.3472333
6398,0.34866136
6399,0.3483233
6400,0.34335512
6401,0.34519514
6402,0.34783015
6403,0.33364627
6404,0.33859548
6405,0.34630987
6406,0.34595615
6407,0.33707824
6408,0.33997896
6409,0.3354612
6410,0.34100673
6411,0.34195572
6412,0.33475423
6413,0.34375894
6414,0.34376124
6415,0.34199363
6416,0.3398324
6417,0.34186628
6418,0.34179237
6419,0.33905002
6420,0.33719307
6421,0.33878058
6422,0.34199643
6423,0.33732978
6424,0.3366668
6425,0.348263
6426,0.3341143
6427,0.34338295
6428,0.33758885
6429,0.33366668
6430,0.33857617
6431,0.3339469
6432,0.33615828
6433,0.3434984
6434,0.3439112
6435,0.34246686
6436,0.3371558
6437,0.34239808
6438,0.3417234
6439,0.33085063
6440,0.33563438
6441,0.3492448
6442,0.34927168
6443,0.35042384
6444,0.35357764
6445,0.3534847
6446,0.34875974
6447,0.35047022
6448,0.350781
6449,0.35053897
6450,0.34712416
6451,0.35292402
6452,0.35070333
6453,0.35186446
6454,0.34903708
6455,0.35113853
6456,0.35040298
6457,0.3489566
6458,0.34926504
6459,0.34796467
6460,0.3541985
6461,0.346002
6462,0.3519686
6463,0.35200146
6464,0.34819505
6465,0.3515766
6466,0.35124552
6467,0.34103146
6468,0.3550816
6469,0.34508142
6470,0.34175405
6471,0.34051034
6472,0.350621
6473,0.35129943
6474,0.346158
6475,0.3527296
6476,0.35050592
6477,0.35124704
6478,0.3467495
6479,0.33867118
6480,0.33554837
6481,0.3329051
6482,0.33601192
6483,0.34036496
6484,0.33750185
6485,0.3431988
6486,0.34006682
6487,0.34334484
6488,0.34126818
6489,0.33333048
6490,0.33577377
6491,0.3459445
6492,0.33528727
6493,0.34017986
6494,0.33746168
6495,0.33331445
6496,0.3373334
6497,0.33964887
6498,0.3509321
6499,0.3476292
6500,0.3611418
6501,0.35853428
6502,0.34564254
6503,0.3572258
6504,0.3516881
6505,0.34380513
6506,0.35114515
6507,0.3428725
6508,0.35631976
6509,0.35429367
6510,0.35214946
6511,0.35111827
6512,0.352506
6513,0.35172305
6514,0.3479996
6515,0.34233418
6516,0.34653887
6517,0.3547242
6518,0.36071184
6519,0.3538597
6520,0.3452588
6521,0.35400572
6522,0.35345596
6523,0.34774324
6524,0.3508788
6525,0.34417096
6526,0.35656503
6527,0.34081623
6528,0.35063112
6529,0.3458847
6530,0.358474
6531,0.35868964
6532,0.34563842
6533,0.35303104
6534,0.3521951
6535,0.34547648
6536,0.35542098
6537,0.3583431
6538,0.3634571
6539,0.34931335
6540,0.3495163
6541,0.3473372
6542,0.34950146
6543,0.35565835
6544,0.35368195
6545,0.35699162
6546,0.35621554
6547,0.35090223
6548,0.3563476
6549,0.346793
6550,0.35459435
6551,0.3580453
6552,0.34799525
6553,0.3605226
6554,0.3590389
6555,0.3577635
6556,0.35008058
6557,0.3553264
6558,0.35544062
6559,0.34225145
6560,0.35177863
6561,0.34578928
6562,0.35609955
6563,0.3477081
6564,0.35471055
6565,0.3513572
6566,0.35563138
6567,0.35497728
6568,0.34499708
6569,0.34588432
6570,0.36006606
6571,0.36029744
6572,0.34910288
6573,0.35188624
6574,0.35210082
6575,0.35875902
6576,0.3466053
6577,0.35713854
6578,0.35223228
6579,0.3479168
6580,0.35452753
6581,0.34753653
6582,0.35124433
6583,0.3531346
6584,0.35674837
6585,0.35647067
6586,0.35510734
6587,0.35361323
6588,0.35348415
6589,0.35360923
6590,0.34919307
6591,0.3476879
6592,0.35911277
6593,0.35218635
6594,0.3528843
6595,0.35828182
6596,0.34942496
6597,0.35075817
6598,0.3534504
6599,0.35287562
6600,0.34985927
6601,0.35368577
6602,0.35878423
6603,0.35330212
6604,0.35070387
6605,0.35160553
6606,0.3489561
6607,0.3521212
6608,0.35084975
6609,0.34995613
6610,0.3574262
6611,0.34889123
6612,0.34270895
6613,0.34381077
6614,0.3462766
6615,0.3439283
6616,0.34767547
6617,0.35323924
6618,0.3505924
6619,0.34172857
6620,0.3393909
6621,0.3405268
6622,0.3451071
6623,0.34879878
6624,0.33952487
6625,0.35067943
6626,0.35211146
6627,0.34078822
6628,0.34677678
6629,0.34631637
6630,0.3372815
6631,0.34008965
6632,0.34419668
6633,0.34416237
6634,0.34703788
6635,0.34029981
6636,0.34755298
6637,0.34768647
6638,0.34966797
6639,0.34343892
6640,0.34112242
6641,0.3431237
6642,0.3405468
6643,0.3458246
6644,0.34667847
6645,0.34086004
6646,0.35380408
6647,0.35559472
6648,0.34294826
6649,0.34661993
6650,0.34623614
6651,0.34778053
6652,0.3512924
6653,0.34404704
6654,0.34741178
6655,0.34707418
6656,0.34315327
6657,0.34373578
6658,0.35192227
6659,0.34951827
6660,0.34780428
6661,0.34590024
6662,0.34669974
6663,0.347828
6664,0.34577522
6665,0.34268305
6666,0.3460769
6667,0.34260467
6668,0.3456577
6669,0.34902713
6670,0.35126653
6671,0.35276455
6672,0.34861633
6673,0.34539846
6674,0.35024303
6675,0.34800923
6676,0.34762272
6677,0.35063812
6678,0.34920776
6679,0.34866306
6680,0.3480323
6681,0.35104004
6682,0.34667954
6683,0.3499666
6684,0.34967598
6685,0.3473188
6686,0.34932935
6687,0.3474951
6688,0.34567606
6689,0.33850494
6690,0.34392768
6691,0.34831783
6692,0.34720755
6693,0.34443936
6694,0.34468648
6695,0.34732172
6696,0.3387252
6697,0.33806136
6698,0.3403251
6699,0.34595957
6700,0.33404014
6701,0.34478173
6702,0.34560677
6703,0.33952302
6704,0.3480812
6705,0.34974244
6706,0.34312138
6707,0.33916363
6708,0.34307516
6709,0.3491992
6710,0.3478206
6711,0.34120217
6712,0.3442026
6713,0.34526443
6714,0.34731308
6715,0.34312317
6716,0.3436765
6717,0.3457695
6718,0.34558073
6719,0.34734577
6720,0.34483483
6721,0.3429216
6722,0.34278345
6723,0.34741762
6724,0.346133
6725,0.34699103
6726,0.33736527
6727,0.3419412
6728,0.34456205
6729,0.3458545
6730,0.34441093
6731,0.34524235
6732,0.34345222
6733,0.34355846
6734,0.34107587
6735,0.3439404
6736,0.34058478
6737,0.346817
6738,0.33942184
6739,0.34196946
6740,0.34703562
6741,0.34579086
6742,0.34132358
6743,0.34330642
6744,0.33881286
6745,0.34393474
6746,0.3426847
6747,0.33974144
6748,0.34255493
6749,0.34409478
6750,0.34331986
6751,0.34351006
6752,0.34555933
6753,0.33817998
6754,0.34462172
6755,0.34230652
6756,0.34393665
6757,0.3395764
6758,0.34450027
6759,0.34051707
6760,0.34193978
6761,0.34732544
6762,0.33891982
6763,0.34343922
6764,0.34764007
6765,0.34374785
6766,0.34131342
6767,0.34372815
6768,0.3461038
6769,0.34580192
6770,0.34405187
6771,0.3457027
6772,0.34606108
6773,0.3440597
6774,0.34577477
6775,0.3468578
6776,0.34172162
6777,0.34692225
6778,0.345828
6779,0.3436152
6780,0.34677455
6781,0.34800723
6782,0.34698954
6783,0.34514222
6784,0.33632937
6785,0.3470759
6786,0.3429186
6787,0.34663114
6788,0.3478103
6789,0.3413808
6790,0.34703287
6791,0.3454264
6792,0.34720275
6793,0.34412566
6794,0.3358394
6795,0.34612042
6796,0.34698945
6797,0.34922084
6798,0.33823714
6799,0.33040556
6800,0.34622663
6801,0.3456297
6802,0.3412984
6803,0.3423055
6804,0.3420304
6805,0.34527996
6806,0.34520933
6807,0.34732094
6808,0.3468608
6809,0.3433515
6810,0.3478321
6811,0.34347385
6812,0.33928967
6813,0.34544304
6814,0.3456461
6815,0.3408626
6816,0.34613296
6817,0.34677503
6818,0.34309256
6819,0.34713155
6820,0.34320477
6821,0.34671724
6822,0.345662
6823,0.3463336
6824,0.34578258
6825,0.34653768
6826,0.34637296
6827,0.34291303
6828,0.34652457
6829,0.33684883
6830,0.3425428
6831,0.34192
6832,0.34050372
6833,0.3460391
6834,0.34282973
6835,0.34086436
6836,0.34653032
6837,0.34235162
6838,0.3407165
6839,0.34623978
6840,0.34555724
6841,0.34661224
6842,0.34470367
6843,0.33740816
6844,0.32661435
6845,0.3249757
6846,0.3336671
6847,0.3287635
6848,0.34498572
6849,0.3410714
6850,0.33488867
6851,0.3456142
6852,0.33363456
6853,0.33271578
6854,0.34749195
6855,0.33775464
6856,0.34100208
6857,0.3401858
6858,0.34520105
6859,0.34559727
6860,0.3446997
6861,0.3460199
6862,0.34648868
6863,0.34539413
6864,0.34869537
6865,0.34576455
6866,0.34652784
6867,0.34523192
6868,0.3455736
6869,0.345358
6870,0.34650922
6871,0.3458482
6872,0.34656528
6873,0.34566703
6874,0.34653035
6875,0.3432324
6876,0.34641978
6877,0.3461638
6878,0.34483594
6879,0.34507564
6880,0.34480074
6881,0.3464615
6882,0.34314686
6883,0.34494293
6884,0.34347793
6885,0.34465063
6886,0.34910557
6887,0.34632793
6888,0.34657797
6889,0.3449916
6890,0.3467396
6891,0.34743354
6892,0.34489778
6893,0.34467715
6894,0.34550563
6895,0.3468543
6896,0.34777197
6897,0.34336594
6898,0.34229913
6899,0.3432356
6900,0.3404963
6901,0.34567812
6902,0.34749496
6903,0.3457207
6904,0.3459939
6905,0.34402135
6906,0.34822413
6907,0.34606192
6908,0.33986488
6909,0.3401319
6910,0.34585854
6911,0.34065944
6912,0.3464339
6913,0.3422844
6914,0.34661928
6915,0.34728953
6916,0.3461946
6917,0.34892526
6918,0.34539813
6919,0.34804258
6920,0.34274852
6921,0.33913347
6922,0.3432857
6923,0.34586135
6924,0.34557113
6925,0.34754083
6926,0.34702578
6927,0.34769633
6928,0.34867734
6929,0.34049425
6930,0.3480165
6931,0.34337166
6932,0.3413488
6933,0.3486156
6934,0.3444597
6935,0.34712163
6936,0.3436167
6937,0.34622338
6938,0.34695294
6939,0.3438148
6940,0.34598836
6941,0.3460293
6942,0.3442546
6943,0.34351858
6944,0.3448743
6945,0.34713694
6946,0.34736013
6947,0.34600207
6948,0.34413272
6949,0.34802225
6950,0.33960655
6951,0.34478083
6952,0.3459533
6953,0.3462063
6954,0.3461034
6955,0.34168062
6956,0.34494263
6957,0.34575397
6958,0.34698477
6959,0.3472651
6960,0.34130886
6961,0.34244558
6962,0.34428942
6963,0.34603477
6964,0.34655452
6965,0.34043273
6966,0.34660897
6967,0.34105065
6968,0.3415065
6969,0.3462976
6970,0.3394653
6971,0.34588802
6972,0.34502336
6973,0.34856465
6974,0.34548855
6975,0.34752622
6976,0.3478996
6977,0.34959885
6978,0.35002086
6979,0.35032687
6980,0.34812734
6981,0.3461508
6982,0.35094148
6983,0.35066336
6984,0.34732643
6985,0.35026422
6986,0.347784
6987,0.3452468
6988,0.34500906
6989,0.3479396
6990,0.34708592
6991,0.35008767
6992,0.34916976
6993,0.3361812
6994,0.347733
6995,0.3394275
6996,0.3436599
6997,0.34019896
6998,0.34316015
6999,0.34590283
7000,0.34738573
7001,0.34357992
7002,0.34402722
7003,0.34504652
7004,0.34730503
7005,0.3372563
7006,0.3461126
7007,0.34176067
7008,0.34389552
7009,0.34778774
7010,0.34298033
7011,0.34518862
7012,0.3432487
7013,0.34804797
7014,0.3388156
7015,0.34209323
7016,0.34336442
7017,0.34864977
7018,0.34999526
7019,0.34624174
7020,0.3379714
7021,0.34678274
7022,0.34278014
7023,0.3382436
7024,0.3452003
7025,0.34285384
7026,0.3401301
7027,0.34712455
7028,0.33941415
7029,0.34875807
7030,0.33420795
7031,0.33909407
7032,0.34068215
7033,0.33951548
7034,0.33634618
7035,0.32652223
7036,0.3362622
7037,0.3389729
7038,0.34419283
7039,0.3469542
7040,0.33384576
7041,0.34721926
7042,0.34183383
7043,0.33948645
7044,0.34672236
7045,0.33942652
7046,0.3328069
7047,0.34641394
7048,0.34438136
7049,0.34416237
7050,0.3486301
7051,0.3425894
7052,0.34909657
7053,0.34577796
7054,0.3329204
7055,0.3439837
7056,0.3476438
7057,0.33836398
7058,0.34746742
7059,0.34655425
7060,0.33652702
7061,0.33506995
7062,0.34481794
7063,0.3470048
7064,0.34737268
7065,0.35092053
7066,0.34661844
7067,0.34613377
7068,0.33625203
7069,0.3337346
7070,0.3281273
7071,0.33263344
7072,0.33481762
7073,0.34021273
7074,0.34132788
7075,0.34246346
7076,0.33414412
7077,0.32682082
7078,0.33416623
7079,0.3494042
7080,0.3351862
7081,0.33846012
7082,0.34580934
7083,0.3333878
7084,0.3389817
7085,0.33596873
7086,0.33865178
7087,0.34744787
7088,0.35006836
7089,0.3399385
7090,0.34381655
7091,0.3472097
7092,0.3444061
7093,0.34359965
7094,0.35083732
7095,0.3473214
7096,0.35054603
7097,0.34978727
7098,0.34150305
7099,0.3426784
7100,0.35144395
7101,0.35373792
7102,0.3433991
7103,0.34471008
7104,0.35483393
7105,0.35037288
7106,0.34015295
7107,0.33092153
7108,0.30959377
7109,0.3146612
7110,0.31971967
7111,0.3254504
7112,0.33551547
7113,0.2987199
7114,0.33430177
7115,0.34455106
7116,0.32213783
7117,0.31978294
7118,0.28115237
7119,0.31904444
7120,0.32477972
7121,0.3335144
7122,0.34293243
7123,0.342285
7124,0.3252831
7125,0.3502032
7126,0.35034955
7127,0.34853706
7128,0.35056654
7129,0.35093865
7130,0.35455558
7131,0.35165116
7132,0.34675768
7133,0.35412487
7134,0.3491753
7135,0.3510984
7136,0.35123086
7137,0.3461347
7138,0.35131013
7139,0.3500842
7140,0.3439846
7141,0.350957
7142,0.35077092
7143,0.3478325
7144,0.34014404
7145,0.34590524
7146,0.3521123
7147,0.35088128
7148,0.34270892
7149,0.3489146
7150,0.35052386
7151,0.34597877
7152,0.34278297
7153,0.34930518
7154,0.35387012
7155,0.3455186
7156,0.35340694
7157,0.3543363
7158,0.35111937
7159,0.3422353
7160,0.3540497
7161,0.35210353
7162,0.35091433
7163,0.34454516
7164,0.32962805
7165,0.32643867
7166,0.34684274
7167,0.33748463
7168,0.34786996
7169,0.34195614
7170,0.33418337
7171,0.3456067
7172,0.34782955
7173,0.34200525
7174,0.32261446
7175,0.34111318
7176,0.32232276
7177,0.3364581
7178,0.33312178
7179,0.34091753
7180,0.34178588
7181,0.3462717
7182,0.33878964
7183,0.3297148
7184,0.34067437
7185,0.3346589
7186,0.3410468
7187,0.34460336
7188,0.32681558
7189,0.34640208
7190,0.34346464
7191,0.32964337
7192,0.33711407
7193,0.32253346
7194,0.33743513
7195,0.34402195
7196,0.34475142
7197,0.33107942
7198,0.3421523
7199,0.3330949
7200,0.34425732
7201,0.33885378
7202,0.34761873
7203,0.34565827
7204,0.3460475
7205,0.3409668
7206,0.34691158
7207,0.34505394
7208,0.34581372
7209,0.3420087
7210,0.34574816
7211,0.34214166
7212,0.34350106
7213,0.33826753
7214,0.3444699
7215,0.34388453
7216,0.34453854
7217,0.34548417
7218,0.3403814
7219,0.3332927
7220,0.3451978
7221,0.34433848
7222,0.3433471
7223,0.34466985
7224,0.3418469
7225,0.347481
7226,0.3336873
7227,0.3471866
7228,0.33767173
7229,0.34550995
7230,0.3437886
7231,0.3432852
7232,0.3387784
7233,0.34447542
7234,0.3443938
7235,0.34568247
7236,0.34458968
7237,0.34100172
7238,0.3459394
7239,0.34155917
7240,0.3440235
7241,0.342788
7242,0.34410968
7243,0.34734312
7244,0.34383067
7245,0.3405569
7246,0.3439076
7247,0.33950546
7248,0.3455273
7249,0.34308672
7250,0.34094292
7251,0.34110937
7252,0.34047666
7253,0.34441748
7254,0.34198153
7255,0.345416
7256,0.34487984
7257,0.3453057
7258,0.34189492
7259,0.3427709
7260,0.33390126
7261,0.34568807
7262,0.34525993
7263,0.34210873
7264,0.34639788
7265,0.34466422
7266,0.3462548
7267,0.34331423
7268,0.34523496
7269,0.34245262
7270,0.33490965
7271,0.34372023
7272,0.34461257
7273,0.342775
7274,0.34250456
7275,0.3428941
7276,0.34672952
7277,0.34480876
7278,0.34271035
7279,0.3428105
7280,0.34392858
7281,0.3453771
7282,0.34353492
7283,0.3431578
7284,0.3409245
7285,0.34580967
7286,0.34627298
7287,0.34475675
7288,0.34387925
7289,0.34271207
7290,0.34475815
7291,0.34456918
7292,0.3419672
7293,0.34326592
7294,0.34459633
7295,0.34165514
7296,0.3375075
7297,0.33939987
7298,0.3402044
7299,0.3398367
7300,0.34215948
7301,0.3406178
7302,0.34018722
7303,0.34247714
7304,0.33917305
7305,0.34032652
7306,0.34280303
7307,0.3407814
7308,0.34055153
7309,0.34074828
7310,0.3383692
7311,0.34703633
7312,0.3456135
7313,0.34101182
7314,0.33811995
7315,0.34693527
7316,0.34231925
7317,0.34575552
7318,0.3471209
7319,0.34748325
7320,0.34303468
7321,0.3479124
7322,0.34448132
7323,0.34774315
7324,0.3451712
7325,0.3462858
7326,0.34704033
7327,0.34642813
7328,0.34366226
7329,0.3461061
7330,0.34793854
7331,0.34445193
7332,0.347675
7333,0.34597215
7334,0.3438739
7335,0.3428897
7336,0.33475018
7337,0.34760788
7338,0.34136274
7339,0.3426734
7340,0.34663582
7341,0.34032616
7342,0.34660187
7343,0.34290984
7344,0.34208056
7345,0.3404449
7346,0.3340256
7347,0.32954827
7348,0.33972326
7349,0.33868232
7350,0.34330785
7351,0.34155473
7352,0.34120044
7353,0.34448028
7354,0.3467239
7355,0.34651545
7356,0.34519807
7357,0.34595117
7358,0.34744793
7359,0.34584436
7360,0.3452307
7361,0.34517238
7362,0.34469756
7363,0.34500167
7364,0.34551287
7365,0.34665608
7366,0.34669155
7367,0.34363618
7368,0.3458831
7369,0.34617648
7370,0.3471694
7371,0.34694847
7372,0.3430216
7373,0.34404668
7374,0.34229305
7375,0.34494978
7376,0.33671317
7377,0.3455527
7378,0.3454385
7379,0.34273466
7380,0.3469207
7381,0.3456135
7382,0.34513906
7383,0.34281382
7384,0.34392598
7385,0.34384292
7386,0.34316808
7387,0.34377682
7388,0.34112188
7389,0.3448082
7390,0.3459353
7391,0.34617049
7392,0.343505
7393,0.34474197
7394,0.34595764
7395,0.34653232
7396,0.34592417
7397,0.34007427
7398,0.33871147
7399,0.3445984
7400,0.3439925
7401,0.3460138
7402,0.34815833
7403,0.344264
7404,0.34764886
7405,0.34079716
7406,0.346977
7407,0.34352124
7408,0.34235746
7409,0.34365243
7410,0.3476277
7411,0.34441707
7412,0.34780845
7413,0.3461611
7414,0.34602067
7415,0.34777877
7416,0.34729558
7417,0.34704238
7418,0.34639212
7419,0.3458453
7420,0.3437173
7421,0.34587225
7422,0.34470773
7423,0.34359786
7424,0.3460669
7425,0.34521428
7426,0.34415123
7427,0.3436714
7428,0.34655514
7429,0.34497365
7430,0.3486096
7431,0.34801412
7432,0.34432617
7433,0.3462564
7434,0.34605476
7435,0.34728432
7436,0.34812295
7437,0.3495028
7438,0.3494706
7439,0.34544504
7440,0.34816554
7441,0.34853217
7442,0.34683502
7443,0.34402034
7444,0.34883225
7445,0.34790623
7446,0.3456281
7447,0.3502844
7448,0.34658176
7449,0.34500226
7450,0.33937052
7451,0.34511492
7452,0.34358138
7453,0.33705592
7454,0.34618732
7455,0.34094775
7456,0.34770325
7457,0.33322755
7458,0.3406657
7459,0.34628507
7460,0.34327736
7461,0.33614114
7462,0.3401679
7463,0.3467756
7464,0.33872762
7465,0.34130374
7466,0.34703973
7467,0.3414245
7468,0.34281167
7469,0.34456173
7470,0.3360438
7471,0.34177855
7472,0.34018114
7473,0.34250107
7474,0.33889356
7475,0.33159727
7476,0.34357023
7477,0.34219003
7478,0.340483
7479,0.33434215
7480,0.33369324
7481,0.33786348
7482,0.3407892
7483,0.3402335
7484,0.33712402
7485,0.34437284
7486,0.34358227
7487,0.33257976
7488,0.33660778
7489,0.3350794
7490,0.33214688
7491,0.34560415
7492,0.32405254
7493,0.33843324
7494,0.33879828
7495,0.33957848
7496,0.3346612
7497,0.33144093
7498,0.330184
7499,0.3419303
7500,0.33615646
7501,0.3274608
7502,0.3268161
7503,0.33902135
7504,0.34052667
7505,0.33932203
7506,0.345795
7507,0.34901133
7508,0.34513557
7509,0.3465931
7510,0.34656486
7511,0.3398644
7512,0.34647092
7513,0.34440538
7514,0.34360328
7515,0.34355727
7516,0.34157097
7517,0.3446799
7518,0.34301004
7519,0.34387246
7520,0.34063807
7521,0.3409621
7522,0.3446542
7523,0.34580454
7524,0.34314528
7525,0.34167603
7526,0.34097055
7527,0.3421388
7528,0.34258193
7529,0.33489648
7530,0.3437134
7531,0.3425406
7532,0.3412764
7533,0.34355196
7534,0.338326
7535,0.3393214
7536,0.34311008
7537,0.3391537
7538,0.34099153
7539,0.34743175
7540,0.34224215
7541,0.34285074
7542,0.34062436
7543,0.34737673
7544,0.34335217
7545,0.34251478
7546,0.34371713
7547,0.34154913
7548,0.33882535
7549,0.3432106
7550,0.3441842
7551,0.34481362
7552,0.3450021
7553,0.34434545
7554,0.34466174
7555,0.34572467
7556,0.34397176
7557,0.34502473
7558,0.3360832
7559,0.33958897
7560,0.34314218
7561,0.3443518
7562,0.34528318
7563,0.34541225
7564,0.34081325
7565,0.34639466
7566,0.34753615
7567,0.3427923
7568,0.34419295
7569,0.34543034
7570,0.34325734
7571,0.34044605
7572,0.3442379
7573,0.34355885
7574,0.3463006
7575,0.3413483
7576,0.34380728
7577,0.343017
7578,0.34333345
7579,0.34478533
7580,0.3409749
7581,0.33982286
7582,0.34704375
7583,0.3428143
7584,0.33827132
7585,0.3307222
7586,0.3408647
7587,0.34354532
7588,0.33895066
7589,0.34026548
7590,0.343381
7591,0.3350962
7592,0.34759158
7593,0.33913654
7594,0.33618432
7595,0.3416882
7596,0.33935633
7597,0.33959487
7598,0.3444021
7599,0.34651613
7600,0.344323
7601,0.34263185
7602,0.34689105
7603,0.34435686
7604,0.3440046
7605,0.34449816
7606,0.34760246
7607,0.34747127
7608,0.3411865
7609,0.34686318
7610,0.34599838
7611,0.33769315
7612,0.3456714
7613,0.34796265
7614,0.3448376
7615,0.34038088
7616,0.34504178
7617,0.34638128
7618,0.34038457
7619,0.3459377
7620,0.3441694
7621,0.34142655
7622,0.3448219
7623,0.34740585
7624,0.34645233
7625,0.34532323
7626,0.34609148
7627,0.34621167
7628,0.34727433
7629,0.3471848
7630,0.34486672
7631,0.34470525
7632,0.34682283
7633,0.34620157
7634,0.3460454
7635,0.34471133
7636,0.3439589
7637,0.34489918
7638,0.33204255
7639,0.3202309
7640,0.32525623
7641,0.3198565
7642,0.3344117
7643,0.34075418
7644,0.3326915
7645,0.33049878
7646,0.32446998
7647,0.31348905
7648,0.3276518
7649,0.33058992
7650,0.31978324
7651,0.32532752
7652,0.3254327
7653,0.33079642
7654,0.3261262
7655,0.32674316
7656,0.32778075
7657,0.33826622
7658,0.34056738
7659,0.33697337
7660,0.33748654
7661,0.3354027
7662,0.34216848
7663,0.3388776
7664,0.33940116
7665,0.34202623
7666,0.33806092
7667,0.3414663
7668,0.33606568
7669,0.34689948
7670,0.34296978
7671,0.34628412
7672,0.33203566
7673,0.33869332
7674,0.34102145
7675,0.34436193
7676,0.34909067
7677,0.34720892
7678,0.3465147
7679,0.34846494
7680,0.34581405
7681,0.3455175
7682,0.3472054
7683,0.3473927
7684,0.3494406
7685,0.34983376
7686,0.34797215
7687,0.3496115
7688,0.34652296
7689,0.34855434
7690,0.3488917
7691,0.34577927
7692,0.34238884
7693,0.34725288
7694,0.34051475
7695,0.34791142
7696,0.3448653
7697,0.34575072
7698,0.34547842
7699,0.34573194
7700,0.3470529
7701,0.34702507
7702,0.34591284
7703,0.34754577
7704,0.34670612
7705,0.34540406
7706,0.34753698
7707,0.34552124
7708,0.3452035
7709,0.33960906
7710,0.3461468
7711,0.34604415
7712,0.34640762
7713,0.34191242
7714,0.34723505
7715,0.3388547
7716,0.3362192
7717,0.33667916
7718,0.34218338
7719,0.3472763
7720,0.34486586
7721,0.34016365
7722,0.34722185
7723,0.34098724
7724,0.34300706
7725,0.3383138
7726,0.3414489
7727,0.3449704
7728,0.34085017
7729,0.34381536
7730,0.34302878
7731,0.34432045
7732,0.34895822
7733,0.34001
7734,0.3407582
7735,0.33615956
7736,0.34288839
7737,0.3424888
7738,0.34733257
7739,0.3425969
7740,0.33338356
7741,0.34138644
7742,0.34183326
7743,0.34221914
7744,0.3421529
7745,0.3435084
7746,0.33926412
7747,0.34000486
7748,0.33991554
7749,0.33338857
7750,0.3366846
7751,0.342066
7752,0.34814537
7753,0.3350549
7754,0.34273183
7755,0.34037098
7756,0.3328052
7757,0.33532298
7758,0.34379077
7759,0.34371132
7760,0.3456908
7761,0.34684184
7762,0.34571064
7763,0.33502224
7764,0.3304422
7765,0.3454456
7766,0.34520194
7767,0.32854816
7768,0.34606224
7769,0.3441559
7770,0.33191112
7771,0.34067953
7772,0.34486073
7773,0.34219834
7774,0.3456671
7775,0.3452438
7776,0.3496158
7777,0.34496093
7778,0.34571764
7779,0.3425123
7780,0.34398147
7781,0.3481677
7782,0.3479416
7783,0.3438921
7784,0.34169853
7785,0.34549707
7786,0.3374366
7787,0.34289417
7788,0.34524173
7789,0.34841546
7790,0.34083042
7791,0.33894727
7792,0.34430438
7793,0.3313788
7794,0.33822694
7795,0.3422434
7796,0.34119573
7797,0.3376901
7798,0.3281847
7799,0.33897504
7800,0.34262946
7801,0.33971646
7802,0.33980086
7803,0.34357002
7804,0.3358094
7805,0.3391035
7806,0.33328393
7807,0.3455246
7808,0.34261525
7809,0.32678244
7810,0.34741834
7811,0.33989617
7812,0.333658
7813,0.34609106
7814,0.34488672
7815,0.34211466
7816,0.34173766
7817,0.34497297
7818,0.342594
7819,0.34437975
7820,0.3448324
7821,0.34732994
7822,0.3394694
7823,0.3393077
7824,0.33863148
7825,0.34344006
7826,0.34007466
7827,0.34730822
7828,0.33874437
7829,0.327534
7830,0.33601314
7831,0.34206516
7832,0.34019616
7833,0.334653
7834,0.34301537
7835,0.33696994
7836,0.3413094
7837,0.34641495
7838,0.3386447
7839,0.34291807
7840,0.3383176
7841,0.33887222
7842,0.3284121
7843,0.33796436
7844,0.34314153
7845,0.33300933
7846,0.3363602
7847,0.34588858
7848,0.34464112
7849,0.34330773
7850,0.3428935
7851,0.33860335
7852,0.34376732
7853,0.3450366
7854,0.34629956
7855,0.34427437
7856,0.34679994
7857,0.34201095
7858,0.34448105
7859,0.3391731
7860,0.34198305
7861,0.34203956
7862,0.3458405
7863,0.3448356
7864,0.34805316
7865,0.34748793
7866,0.3452414
7867,0.32344005
7868,0.3407173
7869,0.32269007
7870,0.3348905
7871,0.34353647
7872,0.34255978
7873,0.31951347
7874,0.3378008
7875,0.32113954
7876,0.32185498
7877,0.3271666
7878,0.34557232
7879,0.33634874
7880,0.32445166
7881,0.3287771
7882,0.33458307
7883,0.34303734
7884,0.32175046
7885,0.3372371
7886,0.33466384
7887,0.33537236
7888,0.33523676
7889,0.33807123
7890,0.33407024
7891,0.3372915
7892,0.3346165
7893,0.33560187
7894,0.34618875
7895,0.33657965
7896,0.33851632
7897,0.33209065
7898,0.34065846
7899,0.3398789
7900,0.33947012
7901,0.33746633
7902,0.33980334
7903,0.32897952
7904,0.3455194
7905,0.34400466
7906,0.34046957
7907,0.34300318
7908,0.34436527
7909,0.34313002
7910,0.34879428
7911,0.3418914
7912,0.34885493
7913,0.34626123
7914,0.34818065
7915,0.34793392
7916,0.34092227
7917,0.34975532
7918,0.34715316
7919,0.34582567
7920,0.34385517
7921,0.33762506
7922,0.34351215
7923,0.33420604
7924,0.31729332
7925,0.3266653
7926,0.3436033
7927,0.34444043
7928,0.34247312
7929,0.3475258
7930,0.33707723
7931,0.3292819
7932,0.35135177
7933,0.32799253
7934,0.33020476
7935,0.33035174
7936,0.34367573
7937,0.33176303
7938,0.31014156
7939,0.30922332
7940,0.33479074
7941,0.31329545
7942,0.34520587
7943,0.34208426
7944,0.34623703
7945,0.3420718
7946,0.33879462
7947,0.34571412
7948,0.34481856
7949,0.34106326
7950,0.34260213
7951,0.34695208
7952,0.34684724
7953,0.34415475
7954,0.3399746
7955,0.34662694
7956,0.34470782
7957,0.34360203
7958,0.33949384
7959,0.3476164
7960,0.34732917
7961,0.34123078
7962,0.34584638
7963,0.34765443
7964,0.33984187
7965,0.33995208
7966,0.34785742
7967,0.3402162
7968,0.348149
7969,0.34792164
7970,0.34136984
7971,0.34154812
7972,0.33696535
7973,0.3361478
7974,0.34362105
7975,0.34849033
7976,0.3426454
7977,0.3461537
7978,0.34036615
7979,0.34067458
7980,0.3461906
7981,0.3453635
7982,0.32809183
7983,0.33728254
7984,0.33706877
7985,0.3383045
7986,0.34184358
7987,0.34381098
7988,0.33194426
7989,0.33074823
7990,0.33662006
7991,0.340313
7992,0.34351423
7993,0.32654133
7994,0.33529308
7995,0.34843263
7996,0.34250498
7997,0.33558646
7998,0.3454527
7999,0.3468065
8000,0.3398843
8001,0.33945447
8002,0.32800204
8003,0.33839574
8004,0.34378293
8005,0.34669396
8006,0.34104663
8007,0.3337703
8008,0.33958033
8009,0.34346983
8010,0.34128687
8011,0.3402924
8012,0.34452796
8013,0.3386197
8014,0.3424884
8015,0.34191206
8016,0.337484
8017,0.34005466
8018,0.32929847
8019,0.33947754
8020,0.33768925
8021,0.3438732
8022,0.34255028
8023,0.32945454
8024,0.34064692
8025,0.332921
8026,0.33825132
8027,0.33790597
8028,0.34312475
8029,0.33437034
8030,0.3468021
8031,0.33331275
8032,0.32929203
8033,0.3410265
8034,0.34138763
8035,0.3431898
8036,0.34782186
8037,0.34284464
8038,0.3481544
8039,0.3277706
8040,0.32647324
8041,0.33388653
8042,0.3186517
8043,0.33552417
8044,0.32049653
8045,0.3418476
8046,0.350057
8047,0.33439294
8048,0.3296169
8049,0.32839698
8050,0.3353073
8051,0.34676674
8052,0.33815372
8053,0.3193093
8054,0.32723296
8055,0.3325627
8056,0.3460844
8057,0.3452228
8058,0.3469357
8059,0.3427206
8060,0.345525
8061,0.3484672
8062,0.346358
8063,0.34744087
8064,0.34716386
8065,0.34873822
8066,0.34718466
8067,0.34597602
8068,0.34748796
8069,0.34882888
8070,0.3472678
8071,0.34464017
8072,0.34740463
8073,0.34775952
8074,0.34870407
8075,0.3372433
8076,0.34576032
8077,0.3482962
8078,0.34485653
8079,0.34362563
8080,0.3456829
8081,0.3474724
8082,0.34397146
8083,0.34641397
8084,0.34515694
8085,0.34553
8086,0.3435703
8087,0.34564427
8088,0.3410342
8089,0.3403389
8090,0.34370017
8091,0.33936122
8092,0.34530407
8093,0.34164295
8094,0.34986115
8095,0.34757686
8096,0.33374795
8097,0.3367274
8098,0.33646187
8099,0.34478068
8100,0.34428325
8101,0.3367973
8102,0.34851158
8103,0.33624932
8104,0.34507197
8105,0.34686032
8106,0.34907523
8107,0.34555653
8108,0.34157002
8109,0.34223217
8110,0.33471358
8111,0.33733782
8112,0.34298587
8113,0.33420798
8114,0.34372625
8115,0.3421583
8116,0.342562
8117,0.34132984
8118,0.3489779
8119,0.34840316
8120,0.33747688
8121,0.33798572
8122,0.3501351
8123,0.3508052
8124,0.3466021
8125,0.34829974
8126,0.3485306
8127,0.33323085
8128,0.34647062
8129,0.3470735
8130,0.340143
8131,0.3420283
8132,0.3435482
8133,0.34314975
8134,0.33949855
8135,0.34468767
8136,0.34381458
8137,0.33865097
8138,0.34159204
8139,0.34555063
8140,0.34222057
8141,0.33249906
8142,0.33897436
8143,0.34151024
8144,0.3415735
8145,0.3442418
8146,0.34246776
8147,0.34411034
8148,0.34376463
8149,0.34256175
8150,0.34307036
8151,0.3457681
8152,0.3415097
8153,0.31331196
8154,0.32575572
8155,0.3369071
8156,0.3363018
8157,0.33516344
8158,0.33659816
8159,0.33410147
8160,0.33443895
8161,0.3379887
8162,0.33695522
8163,0.3268401
8164,0.33596337
8165,0.33215365
8166,0.3328135
8167,0.33838606
8168,0.33113945
8169,0.33621034
8170,0.3485176
8171,0.34478536
8172,0.34586355
8173,0.3461509
8174,0.3478262
8175,0.3470322
8176,0.34854686
8177,0.33875522
8178,0.34559354
8179,0.34493297
8180,0.3412647
8181,0.3422848
8182,0.34385812
8183,0.3407664
8184,0.34461758
8185,0.34111536
8186,0.3490069
8187,0.34457096
8188,0.34340137
8189,0.3446364
8190,0.34607032
8191,0.34767076
8192,0.34577444
8193,0.34291846
8194,0.34265488
8195,0.3442463
8196,0.3471245
8197,0.34535524
8198,0.3452777
8199,0.34593272
8200,0.34725463
8201,0.34164587
8202,0.34579426
8203,0.3444157
8204,0.34327266
8205,0.34556764
8206,0.34525478
8207,0.34385088
8208,0.34096712
8209,0.34672192
8210,0.33664182
8211,0.34485793
8212,0.3417277
8213,0.34323278
8214,0.33647028
8215,0.34601048
8216,0.33800286
8217,0.3429545
8218,0.3414372
8219,0.33998528
8220,0.3391786
8221,0.3400477
8222,0.34792897
8223,0.34730998
8224,0.3425488
8225,0.33869055
8226,0.34293357
8227,0.3473808
8228,0.3477068
8229,0.34559348
8230,0.34652987
8231,0.34765863
8232,0.34702528
8233,0.34711292
8234,0.3459185
8235,0.34810206
8236,0.3460917
8237,0.34615755
8238,0.34667203
8239,0.3454335
8240,0.34761778
8241,0.34557143
8242,0.34567732
8243,0.3472183
8244,0.34729064
8245,0.3462282
8246,0.33947262
8247,0.34603226
8248,0.3490007
8249,0.34144306
8250,0.34674588
8251,0.33895856
8252,0.339901
8253,0.3433411
8254,0.3463712
8255,0.3429472
8256,0.344188
8257,0.33863306
8258,0.34547856
8259,0.3458006
8260,0.3442732
8261,0.33743998
8262,0.3380025
8263,0.34255654
8264,0.34764495
8265,0.34718308
8266,0.34286696
8267,0.34206235
8268,0.34785503
8269,0.34204093
8270,0.34601095
8271,0.34600064
8272,0.34067217
8273,0.34767362
8274,0.3483715
8275,0.33605653
8276,0.34715673
8277,0.3469523
8278,0.3462473
8279,0.3454096
8280,0.34614822
8281,0.34400004
8282,0.3434634
8283,0.3400199
8284,0.3494662
8285,0.34764186
8286,0.34647217
8287,0.34760183
8288,0.34773844
8289,0.34818837
8290,0.34844363
8291,0.34777865
8292,0.34887862
8293,0.34852087
8294,0.34919938
8295,0.34721205
8296,0.34898272
8297,0.35005334
8298,0.34896547
8299,0.34297243
8300,0.3456419
8301,0.34952715
8302,0.3466337
8303,0.34606603
8304,0.34522554
8305,0.34391186
8306,0.3427139
8307,0.3432205
8308,0.34592488
8309,0.34562936
8310,0.3401927
8311,0.33857307
8312,0.3452392
8313,0.33587772
8314,0.3418876
8315,0.34765032
8316,0.34677577
8317,0.34062028
8318,0.34605482
8319,0.34506088
8320,0.3360846
8321,0.34425488
8322,0.3386248
8323,0.33778223
8324,0.3281261
8325,0.34153917
8326,0.3352479
8327,0.33774218
8328,0.34415087
8329,0.33850062
8330,0.33462343
8331,0.3372093
8332,0.32743552
8333,0.32090908
8334,0.33976915
8335,0.33261257
8336,0.33386138
8337,0.31713378
8338,0.3469524
8339,0.3338932
8340,0.31152892
8341,0.3449264
8342,0.33751252
8343,0.33548585
8344,0.33718908
8345,0.33560318
8346,0.3364258
8347,0.34524363
8348,0.33586025
8349,0.33902648
8350,0.33589748
8351,0.3370495
8352,0.3414754
8353,0.33411336
8354,0.33566487
8355,0.3314929
8356,0.32993898
8357,0.33695215
8358,0.33610204
8359,0.3338188
8360,0.34415692
8361,0.3445682
8362,0.34144324
8363,0.34056848
8364,0.3422487
8365,0.3392585
8366,0.33773518
8367,0.3412324
8368,0.33736792
8369,0.3392693
8370,0.33987674
8371,0.3337742
8372,0.34058914
8373,0.3396351
8374,0.3401583
8375,0.33858088
8376,0.33709753
8377,0.3365281
8378,0.3431271
8379,0.34693918
8380,0.33512616
8381,0.34518716
8382,0.33506235
8383,0.3300588
8384,0.34068185
8385,0.34232578
8386,0.3441255
8387,0.34306696
8388,0.3454192
8389,0.3379812
8390,0.32662085
8391,0.3416135
8392,0.33280075
8393,0.34866285
8394,0.3390365
8395,0.3447769
8396,0.34526405
8397,0.3452008
8398,0.34122786
8399,0.34983674
8400,0.34366384
8401,0.34753236
8402,0.34782973
8403,0.3437802
8404,0.34660622
8405,0.346366
8406,0.34578323
8407,0.3490924
8408,0.34755692
8409,0.3448371
8410,0.34648177
8411,0.3478149
8412,0.34942225
8413,0.3481513
8414,0.34962964
8415,0.34772003
8416,0.348468
8417,0.34671128
8418,0.3436083
8419,0.34744188
8420,0.34437758
8421,0.34343025
8422,0.34377828
8423,0.3456155
8424,0.3481145
8425,0.3453812
8426,0.34680465
8427,0.34282067
8428,0.34607485
8429,0.3466178
8430,0.3437684
8431,0.33872128
8432,0.34313914
8433,0.34624246
8434,0.34442344
8435,0.3456681
8436,0.34277445
8437,0.32962912
8438,0.32246017
8439,0.3335879
8440,0.33600563
8441,0.34216353
8442,0.3326959
8443,0.34149835
8444,0.33358446
8445,0.33366314
8446,0.3210798
8447,0.33353624
8448,0.32855052
8449,0.33084813
8450,0.32968882
8451,0.32081345
8452,0.31293833
8453,0.3428258
8454,0.32735312
8455,0.34406886
8456,0.3464298
8457,0.34620443
8458,0.33669233
8459,0.34779862
8460,0.33688337
8461,0.34674928
8462,0.33919019
8463,0.34803882
8464,0.34545228
8465,0.34095702
8466,0.34303638
8467,0.3435988
8468,0.34485707
8469,0.3457596
8470,0.34676298
8471,0.34588376
8472,0.34599844
8473,0.34364614
8474,0.32582343
8475,0.33474523
8476,0.33205765
8477,0.34175825
8478,0.33371902
8479,0.3210856
8480,0.33296356
8481,0.33637816
8482,0.34296337
8483,0.34137636
8484,0.3230749
8485,0.34603727
8486,0.3320783
8487,0.33734617
8488,0.3297035
8489,0.3483083
8490,0.34142646
8491,0.33558822
8492,0.3244401
8493,0.34573963
8494,0.34779865
8495,0.3442288
8496,0.3223581
8497,0.33802497
8498,0.32941416
8499,0.32567444
8500,0.33127204
8501,0.33284643
8502,0.33884016
8503,0.3294463
8504,0.34033808
8505,0.33741087
8506,0.3350376
8507,0.33559683
8508,0.33878523
8509,0.3298982
8510,0.32308385
8511,0.3302345
8512,0.34154958
8513,0.34654108
8514,0.33715174
8515,0.3426827
8516,0.3454555
8517,0.34388766
8518,0.34166932
8519,0.34012437
8520,0.34084457
8521,0.34513363
8522,0.34169677
8523,0.346482
8524,0.34157848
8525,0.34489462
8526,0.3457388
8527,0.341609
8528,0.34660405
8529,0.34090495
8530,0.34528568
8531,0.3295748
8532,0.33593285
8533,0.31756687
8534,0.3296781
8535,0.32535204
8536,0.33017853
8537,0.33051625
8538,0.33190268
8539,0.33323422
8540,0.3239883
8541,0.31422675
8542,0.33538952
8543,0.34216902
8544,0.32992446
8545,0.32756436
8546,0.31604314
8547,0.32436216
8548,0.32335165
8549,0.33268037
8550,0.3331515
8551,0.3328548
8552,0.342719
8553,0.33382902
8554,0.3358373
8555,0.33769268
8556,0.3303186
8557,0.33188388
8558,0.3408448
8559,0.34009528
8560,0.34549722
8561,0.34793296
8562,0.34340152
8563,0.3357473
8564,0.33492917
8565,0.33737126
8566,0.3331078
8567,0.3467551
8568,0.33405396
8569,0.33749405
8570,0.34519383
8571,0.34451428
8572,0.34680453
8573,0.33600235
8574,0.33184463
8575,0.34416083
8576,0.3422448
8577,0.34191015
8578,0.33126462
8579,0.33325395
8580,0.33769253
8581,0.33631173
8582,0.33111852
8583,0.3358257
8584,0.3218929
8585,0.33838183
8586,0.34146768
8587,0.33790758
8588,0.33753344
8589,0.326025
8590,0.3283383
8591,0.33856943
8592,0.34601322
8593,0.34035823
8594,0.31425115
8595,0.33497837
8596,0.3289334
8597,0.34093064
8598,0.3288829
8599,0.34693238
8600,0.33272806
8601,0.32731655
8602,0.3424156
8603,0.3229861
8604,0.32505038
8605,0.34520075
8606,0.34606594
8607,0.32949927
8608,0.34104338
8609,0.33468053
8610,0.32655853
8611,0.33341315
8612,0.33575165
8613,0.34215832
8614,0.32620883
8615,0.3247713
8616,0.33057645
8617,0.31523892
8618,0.33024
8619,0.34192574
8620,0.31243032
8621,0.32941923
8622,0.32926866
8623,0.33088687
8624,0.32764277
8625,0.32618976
8626,0.33567953
8627,0.3426984
8628,0.34045854
8629,0.3391529
8630,0.3460544
8631,0.34519097
8632,0.3450252
8633,0.34354594
8634,0.3393113
8635,0.3388106
8636,0.3438071
8637,0.34238076
8638,0.34760752
8639,0.34191108
8640,0.34344608
8641,0.3401094
8642,0.32952616
8643,0.34051272
8644,0.3443647
8645,0.32415378
8646,0.331158
8647,0.336117
8648,0.32903776
8649,0.3195859
8650,0.3230991
8651,0.34187815
8652,0.32925594
8653,0.3414254
8654,0.33783036
8655,0.32501352
8656,0.31773922
8657,0.3380345
8658,0.3170837
8659,0.3156298
8660,0.32128218
8661,0.32328615
8662,0.34511313
8663,0.34557167
8664,0.33516347
8665,0.32858738
8666,0.33610097
8667,0.34802344
8668,0.34226555
8669,0.3305367
8670,0.33246896
8671,0.31208888
8672,0.34625617
8673,0.32918712
8674,0.32793522
8675,0.3224068
8676,0.3388758
8677,0.32917324
8678,0.33840194
8679,0.34262845
8680,0.33526662
8681,0.33588806
8682,0.35349676
8683,0.3438923
8684,0.34345084
8685,0.34170088
8686,0.32706645
8687,0.3155844
8688,0.3355898
8689,0.34926376
8690,0.3480055
8691,0.3397517
8692,0.34583637
8693,0.34662774
8694,0.33573547
8695,0.3342001
8696,0.34816036
8697,0.32940924
8698,0.34298518
8699,0.3425408
8700,0.32904837
8701,0.3389363
8702,0.34596315
8703,0.3357716
8704,0.34446612
8705,0.34533635
8706,0.34454668
8707,0.34184948
8708,0.34332216
8709,0.34518307
8710,0.3425021
8711,0.343282
8712,0.34108415
8713,0.34690484
8714,0.34307212
8715,0.34344783
8716,0.3414343
8717,0.34440598
8718,0.34262016
8719,0.3394579
8720,0.3405756
8721,0.34548143
8722,0.33620042
8723,0.3500724
8724,0.34634134
8725,0.3378645
8726,0.34438372
8727,0.34266075
8728,0.34250566
8729,0.35101816
8730,0.34456256
8731,0.34773743
8732,0.3460133
8733,0.3481419
8734,0.3484132
8735,0.35319132
8736,0.3468062
8737,0.3471896
8738,0.3458838
8739,0.34079602
8740,0.34671092
8741,0.3470445
8742,0.34656468
8743,0.32969043
8744,0.3381509
8745,0.34849873
8746,0.34037274
8747,0.3511287
8748,0.34934515
8749,0.34897274
8750,0.34515923
8751,0.33490187
8752,0.34762332
8753,0.3519989
8754,0.34201053
8755,0.3416601
8756,0.34939346
8757,0.34702125
8758,0.34818554
8759,0.33804047
8760,0.34315327
8761,0.33882535
8762,0.33359584
8763,0.34267625
8764,0.34003627
8765,0.34239367
8766,0.34268054
8767,0.34818754
8768,0.32911083
8769,0.33888763
8770,0.3416207
8771,0.34083623
8772,0.34302786
8773,0.3466323
8774,0.33628651
8775,0.31778342
8776,0.32425573
8777,0.33250448
8778,0.34647018
8779,0.34787986
8780,0.34620312
8781,0.345255
8782,0.3468732
8783,0.33705798
8784,0.3477719
8785,0.347742
8786,0.3379819
8787,0.3484912
8788,0.34606814
8789,0.34366462
8790,0.3450897
8791,0.34767374
8792,0.34312195
8793,0.3486983
8794,0.34467635
8795,0.34484306
8796,0.3502024
8797,0.34419587
8798,0.34121358
8799,0.32148406
8800,0.3484112
8801,0.3394012
8802,0.33975664
8803,0.3391518
8804,0.3446351
8805,0.34379503
8806,0.34324178
8807,0.34044328
8808,0.3452608
8809,0.34414846
8810,0.34412366
8811,0.3363259
8812,0.34486482
8813,0.34785354
8814,0.34237307
8815,0.34853616
8816,0.3388658
8817,0.3478585
8818,0.3318402
8819,0.34476018
8820,0.31487098
8821,0.31983384
8822,0.34698763
8823,0.32372916
8824,0.34002277
8825,0.32178894
8826,0.32660618
8827,0.29808146
8828,0.32129404
8829,0.3449132
8830,0.34281257
8831,0.34338805
8832,0.33930305
8833,0.31592909
8834,0.32859313
8835,0.34563026
8836,0.33948573
8837,0.34779692
8838,0.34522638
8839,0.34398624
8840,0.34755042
8841,0.34694782
8842,0.34469596
8843,0.34646943
8844,0.3486887
8845,0.33220997
8846,0.34705812
8847,0.34194902
8848,0.34077433
8849,0.34535366
8850,0.3424468
8851,0.34713772
8852,0.3469429
8853,0.34666023
8854,0.34216526
8855,0.34445253
8856,0.343997
8857,0.34709963
8858,0.33811563
8859,0.34227553
8860,0.3422007
8861,0.3441793
8862,0.34795836
8863,0.34845105
8864,0.34621513
8865,0.34235728
8866,0.34232983
8867,0.34562385
8868,0.34441808
8869,0.3420287
8870,0.34640592
8871,0.34502426
8872,0.3406086
8873,0.32862735
8874,0.3412744
8875,0.33867642
8876,0.34085646
8877,0.32990435
8878,0.33193544
8879,0.3205621
8880,0.3467435
8881,0.34800035
8882,0.33748457
8883,0.3476363
8884,0.348367
8885,0.344218
8886,0.33688426
8887,0.33279303
8888,0.34314394
8889,0.33602443
8890,0.3452175
8891,0.34904283
8892,0.31993854
8893,0.32186076
8894,0.34254766
8895,0.3370836
8896,0.33405432
8897,0.32199454
8898,0.34758654
8899,0.29848817
8900,0.34450275
8901,0.34125414
8902,0.34449396
8903,0.32274088
8904,0.32794288
8905,0.34068397
8906,0.3141029
8907,0.32236797
8908,0.3253487
8909,0.31960157
8910,0.32398722
8911,0.33086053
8912,0.3435287
8913,0.3406879
8914,0.3407255
8915,0.33529297
8916,0.3400751
8917,0.33484963
8918,0.33828792
8919,0.3386364
8920,0.34273827
8921,0.34159
8922,0.3442553
8923,0.3480411
8924,0.3421494
8925,0.3425537
8926,0.33649254
8927,0.31799623
8928,0.33583733
8929,0.3438326
8930,0.3465965
8931,0.33467758
8932,0.32398257
8933,0.3372945
8934,0.3411162
8935,0.34127703
8936,0.3433793
8937,0.34104344
8938,0.34173605
8939,0.33972105
8940,0.34026882
8941,0.33579168
8942,0.34026226
8943,0.33859748
8944,0.33583185
8945,0.34141922
8946,0.3406572
8947,0.3395993
8948,0.32968056
8949,0.3375594
8950,0.34250873
8951,0.33899942
8952,0.341835
8953,0.33834088
8954,0.33862996
8955,0.34339848
8956,0.33398935
8957,0.34566814
8958,0.33426592
8959,0.3408374
8960,0.34036508
8961,0.34247026
8962,0.34397864
8963,0.34020513
8964,0.34217533
8965,0.34285608
8966,0.33929342
8967,0.33869424
8968,0.3427998
8969,0.33477157
8970,0.33699864
8971,0.3438181
8972,0.3410187
8973,0.34803575
8974,0.34141633
8975,0.34467897
8976,0.34692258
8977,0.34832636
8978,0.3383136
8979,0.34169823
8980,0.347194
8981,0.34783685
8982,0.34537148
8983,0.34761557
8984,0.34889838
8985,0.33516347
8986,0.3460441
8987,0.34698546
8988,0.34716737
8989,0.34809104
8990,0.34691718
8991,0.35340476
8992,0.3528951
8993,0.35406443
8994,0.35357675
8995,0.35121486
8996,0.35331798
8997,0.34764054
8998,0.35023865
8999,0.34612042
9000,0.35372156
9001,0.34973195
9002,0.3481303
9003,0.34941873
9004,0.35172692
9005,0.3549907
9006,0.33996657
9007,0.3332732
9008,0.31965074
9009,0.33630726
9010,0.34036157
9011,0.3413684
9012,0.3422746
9013,0.34272352
9014,0.33533028
9015,0.33503303
9016,0.33663318
9017,0.33928835
9018,0.33638498
9019,0.33085772
9020,0.33323416
9021,0.3411838
9022,0.33414412
9023,0.34611884
9024,0.33586845
9025,0.3429578
9026,0.334739
9027,0.34623462
9028,0.3317924
9029,0.34133774
9030,0.32861
9031,0.31968373
9032,0.33282444
9033,0.34602755
9034,0.34631017
9035,0.34518605
9036,0.32586852
9037,0.34092954
9038,0.3280377
9039,0.3442665
9040,0.3192052
9041,0.3482222
9042,0.328072
9043,0.32199606
9044,0.34068444
9045,0.34757745
9046,0.3375589
9047,0.34538963
9048,0.3434765
9049,0.343155
9050,0.34066555
9051,0.345144
9052,0.3429477
9053,0.34557137
9054,0.3407171
9055,0.3430449
9056,0.33935878
9057,0.33782816
9058,0.34644428
9059,0.34587088
9060,0.34039536
9061,0.33308405
9062,0.34497616
9063,0.34191394
9064,0.34515402
9065,0.3371196
9066,0.33700642
9067,0.3288378
9068,0.33452743
9069,0.32694945
9070,0.33226347
9071,0.34528235
9072,0.34155318
9073,0.33644325
9074,0.33514097
9075,0.3375533
9076,0.3443226
9077,0.3375618
9078,0.34428295
9079,0.32901892
9080,0.3408614
9081,0.32808712
9082,0.34894016
9083,0.32003048
9084,0.34352154
9085,0.3379685
9086,0.34331894
9087,0.336854
9088,0.34347498
9089,0.3450016
9090,0.3447152
9091,0.34227622
9092,0.34152222
9093,0.31572682
9094,0.33264711
9095,0.34067354
9096,0.3390602
9097,0.33877698
9098,0.34193528
9099,0.34268826
9100,0.34391746
9101,0.34711567
9102,0.31443515
9103,0.32513398
9104,0.34777024
9105,0.31410605
9106,0.3155205
9107,0.33663514
9108,0.34526768
9109,0.34111747
9110,0.33956382
9111,0.34715736
9112,0.32513672
9113,0.34905845
9114,0.32286972
9115,0.33959165
9116,0.33125958
9117,0.29871282
9118,0.33953193
9119,0.34926292
9120,0.3344086
9121,0.3461374
9122,0.3430191
9123,0.34576675
9124,0.3385499
9125,0.34487066
9126,0.34388134
9127,0.342083
9128,0.33669323
9129,0.34586298
9130,0.34042022
9131,0.34672898
9132,0.3472244
9133,0.33909768
9134,0.3468896
9135,0.34635976
9136,0.34834507
9137,0.34205073
9138,0.3299967
9139,0.3451588
9140,0.3282008
9141,0.34471494
9142,0.3376
9143,0.34635803
9144,0.32944563
9145,0.3409184
9146,0.34346807
9147,0.3343033
9148,0.32948363
9149,0.33364728
9150,0.34621996
9151,0.33168408
9152,0.33351526
9153,0.34639704
9154,0.3399495
9155,0.32654795
9156,0.33117867
9157,0.34146765
9158,0.34725022
9159,0.34934142
9160,0.34617332
9161,0.34753847
9162,0.34957066
9163,0.3474128
9164,0.35109258
9165,0.34656486
9166,0.347492
9167,0.34756932
9168,0.34920928
9169,0.3474764
9170,0.34990284
9171,0.345907
9172,0.3506966
9173,0.34911793
9174,0.35115418
9175,0.35079014
9176,0.3513518
9177,0.34129697
9178,0.3476808
9179,0.3429788
9180,0.34648398
9181,0.33772072
9182,0.3435805
9183,0.3428442
9184,0.34672865
9185,0.34391013
9186,0.3445042
9187,0.3483065
9188,0.34466836
9189,0.34547535
9190,0.34220165
9191,0.3277063
9192,0.34050742
9193,0.34130058
9194,0.34315
9195,0.34035096
9196,0.34358537
9197,0.3449266
9198,0.3414413
9199,0.33391523
9200,0.33974656
9201,0.34285983
9202,0.3449557
9203,0.34697294
9204,0.34111902
9205,0.34261158
9206,0.34832945
9207,0.34654334
9208,0.34217504
9209,0.3454104
9210,0.34087756
9211,0.33921656
9212,0.34289744
9213,0.34550872
9214,0.34196016
9215,0.34551674
9216,0.34827694
9217,0.34712487
9218,0.3401719
9219,0.34208792
9220,0.34781814
9221,0.34461907
9222,0.34831974
9223,0.3462895
9224,0.34793407
9225,0.3468546
9226,0.3362949
9227,0.34780976
9228,0.34904197
9229,0.34637162
9230,0.3474028
9231,0.34748283
9232,0.34660578
9233,0.34554225
9234,0.3486857
9235,0.34857938
9236,0.3411243
9237,0.34662172
9238,0.34680232
9239,0.34987602
9240,0.3472444
9241,0.34809533
9242,0.3497839
9243,0.3473803
9244,0.3471162
9245,0.3467791
9246,0.34818247
9247,0.34433255
9248,0.34991983
9249,0.3480667
9250,0.349561
9251,0.35022336
9252,0.34896615
9253,0.34405884
9254,0.35172865
9255,0.35017997
9256,0.3470913
9257,0.3458274
9258,0.34399953
9259,0.34215263
9260,0.34575075
9261,0.3464821
9262,0.34604993
9263,0.34962592
9264,0.34206486
9265,0.3479648
9266,0.34412727
9267,0.34368417
9268,0.34330878
9269,0.34754303
9270,0.34923902
9271,0.35028324
9272,0.34633008
9273,0.34275532
9274,0.34291068
9275,0.33771247
9276,0.34372735
9277,0.34288225
9278,0.34526426
9279,0.33818188
9280,0.34698418
9281,0.33631742
9282,0.34549525
9283,0.33763906
9284,0.33852658
9285,0.340753
9286,0.34309223
9287,0.3474905
9288,0.34690526
9289,0.34601822
9290,0.34544188
9291,0.34258205
9292,0.33552593
9293,0.33867154
9294,0.33571035
9295,0.3373092
9296,0.34398302
9297,0.3450213
9298,0.33913442
9299,0.33922258
9300,0.34048787
9301,0.34229192
9302,0.33980688
9303,0.34364077
9304,0.33659458
9305,0.34599096
9306,0.34629396
9307,0.34075773
9308,0.3398048
9309,0.34305802
9310,0.34754944
9311,0.34537774
9312,0.34655994
9313,0.34322086
9314,0.34382397
9315,0.34587136
9316,0.34576958
9317,0.3478905
9318,0.33429822
9319,0.34919262
9320,0.34674117
9321,0.34284887
9322,0.3454927
9323,0.33122343
9324,0.32310107
9325,0.3487786
9326,0.3488017
9327,0.34780535
9328,0.34706756
9329,0.34340945
9330,0.34593692
9331,0.34425238
9332,0.3460982
9333,0.34621033
9334,0.34769583
9335,0.34330347
9336,0.34844008
9337,0.3439094
9338,0.3428463
9339,0.3456671
9340,0.349618
9341,0.3441717
9342,0.34629485
9343,0.34594584
9344,0.34122512
9345,0.34639716
9346,0.346536
9347,0.34752002
9348,0.34810427
9349,0.34802493
9350,0.34626067
9351,0.34680164
9352,0.34707984
9353,0.34711078
9354,0.34621158
9355,0.34651688
9356,0.34780616
9357,0.34441695
9358,0.34872302
9359,0.34579018
9360,0.34700444
9361,0.34514645
9362,0.3468363
9363,0.34836495
9364,0.3447177
9365,0.34685382
9366,0.34553728
9367,0.34653795
9368,0.34086722
9369,0.3441339
9370,0.3445505
9371,0.34670326
9372,0.34445736
9373,0.3468452
9374,0.34458154
9375,0.3462767
9376,0.34566846
9377,0.3461019
9378,0.3416895
9379,0.34710714
9380,0.3465204
9381,0.34561673
9382,0.3459644
9383,0.34788454
9384,0.34655842
9385,0.34620297
9386,0.34349164
9387,0.34196475
9388,0.3358086
9389,0.34568137
9390,0.3456592
9391,0.34746388
9392,0.34081045
9393,0.34518895
9394,0.34419814
9395,0.34745118
9396,0.3430747
9397,0.34373197
9398,0.34265104
9399,0.3415561
9400,0.3444792
9401,0.34280306
9402,0.34438708
9403,0.34623036
9404,0.33949074
9405,0.32188362
9406,0.34515366
9407,0.33944634
9408,0.34444764
9409,0.32494426
9410,0.34449083
9411,0.33641163
9412,0.33111635
9413,0.33619842
9414,0.34040105
9415,0.34162238
9416,0.3248462
9417,0.3457254
9418,0.31998184
9419,0.34647363
9420,0.31407484
9421,0.33628646
9422,0.34396756
9423,0.34487596
9424,0.33992636
9425,0.3350955
9426,0.33846086
9427,0.3372847
9428,0.33630675
9429,0.3388664
9430,0.34279028
9431,0.33992827
9432,0.33172914
9433,0.3399105
9434,0.33672276
9435,0.3392314
9436,0.3446927
9437,0.34492794
9438,0.3306819
9439,0.34490606
9440,0.34560198
9441,0.34111667
9442,0.33833298
9443,0.34032765
9444,0.33185133
9445,0.33155152
9446,0.3376474
9447,0.33990958
9448,0.3421474
9449,0.3446835
9450,0.3490483
9451,0.3370818
9452,0.34001064
9453,0.33775643
9454,0.3383725
9455,0.33410946
9456,0.34005263
9457,0.3456715
9458,0.3396807
9459,0.3412349
9460,0.33792925
9461,0.3402068
9462,0.33409056
9463,0.33067858
9464,0.33704776
9465,0.33286747
9466,0.33198336
9467,0.33433345
9468,0.33334038
9469,0.33452347
9470,0.339448
9471,0.34281117
9472,0.3439835
9473,0.34468475
9474,0.3359296
9475,0.33100122
9476,0.33567157
9477,0.32996887
9478,0.34067276
9479,0.3358078
9480,0.33722857
9481,0.33870184
9482,0.33333787
9483,0.33019698
9484,0.33172908
9485,0.32445678
9486,0.3185549
9487,0.3191724
9488,0.33284384
9489,0.330352
9490,0.33181226
9491,0.3349028
9492,0.33398855
9493,0.33671656
9494,0.3040688
9495,0.34720612
9496,0.3290687
9497,0.32884228
9498,0.3352143
9499,0.34002003
9500,0.32846564
9501,0.32915074
9502,0.29747668
9503,0.3216353
9504,0.30611745
9505,0.34724793
9506,0.32897922
9507,0.31770638
9508,0.33781406
9509,0.33948687
9510,0.32108268
9511,0.30756998
9512,0.33867356
9513,0.31806335
9514,0.30793208
9515,0.32313895
9516,0.33341187
9517,0.34560606
9518,0.33509815
9519,0.32584354
9520,0.34300345
9521,0.30289358
9522,0.3301369
9523,0.3299155
9524,0.3354269
9525,0.32755288
9526,0.32735905
9527,0.31030288
9528,0.3244163
9529,0.3341614
9530,0.29309374
9531,0.2924456
9532,0.32938346
9533,0.32259458
9534,0.3341863
9535,0.33567086
9536,0.32149777
9537,0.3423338
9538,0.3483747
9539,0.33858728
9540,0.3396347
9541,0.33594528
9542,0.34315446
9543,0.3435152
9544,0.33699113
9545,0.34515312
9546,0.3432615
9547,0.34314123
9548,0.3395497
9549,0.339694
9550,0.33695298
9551,0.3472801
9552,0.34735045
9553,0.3356876
9554,0.33717832
9555,0.34493932
9556,0.34634534
9557,0.3413543
9558,0.33889148
9559,0.340869
9560,0.33952948
9561,0.34072024
9562,0.3338674
9563,0.33180767
9564,0.34551972
9565,0.34225687
9566,0.34222057
9567,0.34124762
9568,0.33501545
9569,0.3334091
9570,0.34216195
9571,0.3430891
9572,0.34631288
9573,0.33980075
9574,0.34715348
9575,0.3395114
9576,0.336806
9577,0.33587277
9578,0.34007895
9579,0.34436783
9580,0.34582832
9581,0.34116536
9582,0.34584355
9583,0.34652838
9584,0.3413333
9585,0.3334097
9586,0.343554
9587,0.33717337
9588,0.34371796
9589,0.34665143
9590,0.33796415
9591,0.3458192
9592,0.34586418
9593,0.34295264
9594,0.3477462
9595,0.34638357
9596,0.34046578
9597,0.32658356
9598,0.34106416
9599,0.34595305
9600,0.34308478
9601,0.3473421
9602,0.34365454
9603,0.34860423
9604,0.3466389
9605,0.34341764
9606,0.33908108
9607,0.3454117
9608,0.34188613
9609,0.34356287
9610,0.34509072
9611,0.34712747
9612,0.3468816
9613,0.34660634
9614,0.33952674
9615,0.33820963
9616,0.34415385
9617,0.34425494
9618,0.34663332
9619,0.34578967
9620,0.34195766
9621,0.34690675
9622,0.34177813
9623,0.34069064
9624,0.34838372
9625,0.34334818
9626,0.33971325
9627,0.34479138
9628,0.3471356
9629,0.34652925
9630,0.3463361
9631,0.34444597
9632,0.3403792
9633,0.33543167
9634,0.3335409
9635,0.3341442
9636,0.32344806
9637,0.3378116
9638,0.34049478
9639,0.3373998
9640,0.34476283
9641,0.33681515
9642,0.33496538
9643,0.33989576
9644,0.34005627
9645,0.3344576
9646,0.34198442
9647,0.33404672
9648,0.33445358
9649,0.34688044
9650,0.3359553
9651,0.33234915
9652,0.34163204
9653,0.32761583
9654,0.33215502
9655,0.3364962
9656,0.33234707
9657,0.34408155
9658,0.3424954
9659,0.3456488
9660,0.329917
9661,0.3444092
9662,0.34422997
9663,0.3439246
9664,0.33615762
9665,0.33216769
9666,0.33330694
9667,0.33692303
9668,0.3475317
9669,0.33260873
9670,0.33499616
9671,0.33866748
9672,0.33631554
9673,0.33736697
9674,0.34621504
9675,0.33465728
9676,0.3357685
9677,0.34824392
9678,0.33925995
9679,0.3461982
9680,0.33850965
9681,0.33446586
9682,0.34303948
9683,0.33357406
9684,0.3436035
9685,0.34752095
9686,0.34829643
9687,0.33634675
9688,0.33830014
9689,0.34515116
9690,0.34402993
9691,0.3464215
9692,0.34655342
9693,0.3451032
9694,0.3383051
9695,0.3441973
9696,0.34558845
9697,0.341938
9698,0.33613452
9699,0.33990267
9700,0.34344694
9701,0.3426043
9702,0.3458076
9703,0.3424023
9704,0.34347504
9705,0.34659967
9706,0.34851182
9707,0.33940312
9708,0.34292984
9709,0.34033683
9710,0.3271934
9711,0.34394804
9712,0.34014755
9713,0.34147677
9714,0.33523333
9715,0.33327013
9716,0.3305205
9717,0.32667434
9718,0.33688846
9719,0.33619702
9720,0.3348705
9721,0.33400807
9722,0.32318395
9723,0.34250548
9724,0.3427156
9725,0.32363686
9726,0.32245362
9727,0.33586094
9728,0.34385988
9729,0.34382617
9730,0.34639874
9731,0.33836204
9732,0.3460353
9733,0.34435156
9734,0.3445527
9735,0.3438369
9736,0.3430057
9737,0.34002268
9738,0.34524783
9739,0.34312096
9740,0.34229586
9741,0.3446992
9742,0.3432829
9743,0.34623086
9744,0.34188864
9745,0.3442798
9746,0.34372345
9747,0.3387079
9748,0.33599737
9749,0.3425135
9750,0.3367097
9751,0.34038368
9752,0.3452333
9753,0.34569722
9754,0.3354909
9755,0.3474652
9756,0.3397132
9757,0.33927438
9758,0.3432087
9759,0.34303015
9760,0.34022698
9761,0.34505385
9762,0.3428767
9763,0.34500524
9764,0.33112785
9765,0.3454681
9766,0.34240004
9767,0.3277299
9768,0.3397507
9769,0.34116563
9770,0.33752227
9771,0.33933207
9772,0.3342369
9773,0.34282985
9774,0.3327309
9775,0.34618142
9776,0.33035144
9777,0.34237692
9778,0.34060413
9779,0.3322649
9780,0.34326178
9781,0.33876854
9782,0.33732808
9783,0.3373924
9784,0.33714715
9785,0.34517235
9786,0.32623866
9787,0.3347806
9788,0.33779302
9789,0.3293373
9790,0.33984002
9791,0.3336706
9792,0.33310956
9793,0.3419869
9794,0.33010864
9795,0.3208528
9796,0.32810012
9797,0.33463207
9798,0.33340648
9799,0.3285427
9800,0.3460962
9801,0.33550087
9802,0.33746722
9803,0.33145574
9804,0.3452808
9805,0.34491655
9806,0.33584204
9807,0.3468176
9808,0.34100303
9809,0.34161147
9810,0.3371767
9811,0.34171996
9812,0.34005794
9813,0.3442138
9814,0.34144372
9815,0.3446698
9816,0.34517968
9817,0.34088632
9818,0.3447968
9819,0.34608462
9820,0.33255833
9821,0.34488696
9822,0.34354737
9823,0.34481
9824,0.33877912
9825,0.34816557
9826,0.34696373
9827,0.34794876
9828,0.34557936
9829,0.34688154
9830,0.34581405
9831,0.34614223
9832,0.34576926
9833,0.3460377
9834,0.34574834
9835,0.34497175
9836,0.34681475
9837,0.34754208
9838,0.34800634
9839,0.3448917
9840,0.349141
9841,0.34761018
9842,0.3469015
9843,0.33463466
9844,0.34695706
9845,0.34181738
9846,0.33917612
9847,0.34054497
9848,0.3381907
9849,0.33539212
9850,0.34647593
9851,0.3406282
9852,0.33708352
9853,0.33982226
9854,0.33154285
9855,0.34561822
9856,0.3434442
9857,0.34420934
9858,0.34446305
9859,0.34562126
9860,0.33765158
9861,0.31695795
9862,0.3276898
9863,0.31540817
9864,0.32172295
9865,0.32709485
9866,0.3306116
9867,0.33192128
9868,0.30976862
9869,0.33052966
9870,0.3247302
9871,0.31825975
9872,0.3247852
9873,0.32895347
9874,0.32270202
9875,0.34435073
9876,0.34090808
9877,0.326692
9878,0.32499275
9879,0.31959966
9880,0.3490871
9881,0.34415936
9882,0.3487961
9883,0.34444398
9884,0.33797804
9885,0.3470717
9886,0.34873757
9887,0.34832916
9888,0.3477053
9889,0.34718046
9890,0.3459467
9891,0.34954894
9892,0.34613568
9893,0.34575486
9894,0.34729028
9895,0.3476518
9896,0.3490331
9897,0.34947795
9898,0.34850314
9899,0.34638387
9900,0.3413676
9901,0.35027513
9902,0.3466052
9903,0.35439143
9904,0.3504687
9905,0.35112134
9906,0.35125583
9907,0.34987357
9908,0.3475349
9909,0.34855062
9910,0.34982
9911,0.34905434
9912,0.35201687
9913,0.35160974
9914,0.3515884
9915,0.35109457
9916,0.35145438
9917,0.35111856
9918,0.32798547
9919,0.34175542
9920,0.3192741
9921,0.3326613
9922,0.33701813
9923,0.32169732
9924,0.32439616
9925,0.32678875
9926,0.32880124
9927,0.33050963
9928,0.3030121
9929,0.3317337
9930,0.32766262
9931,0.32369325
9932,0.31713453
9933,0.3131191
9934,0.32896975
9935,0.31920636
9936,0.30722842
9937,0.34197494
9938,0.34060097
9939,0.34144744
9940,0.3481028
9941,0.34157193
9942,0.34658322
9943,0.3452515
9944,0.34418923
9945,0.33773497
9946,0.3391564
9947,0.34521788
9948,0.33727437
9949,0.34072393
9950,0.34029084
9951,0.33989224
9952,0.34656385
9953,0.3450161
9954,0.3408432
9955,0.3459251
9956,0.3392087
9957,0.33436406
9958,0.33916852
9959,0.33763358
9960,0.34319162
9961,0.34646747
9962,0.33982816
9963,0.3419468
9964,0.33734378
9965,0.34000027
9966,0.33960366
9967,0.3442516
9968,0.34150276
9969,0.33951172
9970,0.34534934
9971,0.34451616
9972,0.34366143
9973,0.3414472
9974,0.33759558
9975,0.34731397
9976,0.3377461
9977,0.3317
9978,0.34368947
9979,0.3446639
9980,0.34400347
9981,0.33618358
9982,0.33146915
9983,0.34734258
9984,0.345211
9985,0.34572732
9986,0.33593547
9987,0.3431905
9988,0.3443024
9989,0.33836225
9990,0.341034
9991,0.34478757
9992,0.3451205
9993,0.34609002
9994,0.32740283
9995,0.34569225
9996,0.34801248
9997,0.34163997
9998,0.3486397
9999,0.32891303
10000,0.3391409
10001,0.34442323
10002,0.3171312
10003,0.3404702
10004,0.33770162
10005,0.3369939
10006,0.32578713
10007,0.33483177
10008,0.32742706
10009,0.3260939
10010,0.3407313
10011,0.3380641
10012,0.3244662
10013,0.34693387
10014,0.33875316
10015,0.33782664
10016,0.33397523
10017,0.3400178
10018,0.33329797
10019,0.34300673
10020,0.34631228
10021,0.3448004
10022,0.34022954
10023,0.3337945
10024,0.33442196
10025,0.34190056
10026,0.34561017
10027,0.33938563
10028,0.34044886
10029,0.33461368
10030,0.34247267
10031,0.3389549
10032,0.341351
10033,0.349077
10034,0.34270364
10035,0.34572622
10036,0.3468934
10037,0.34680718
10038,0.34534782
10039,0.34459442
10040,0.347015
10041,0.34085587
10042,0.346162
10043,0.34627882
10044,0.34892663
10045,0.35049614
10046,0.34270015
10047,0.33390257
10048,0.34247893
10049,0.34383166
10050,0.34916714
10051,0.34967437
10052,0.34748366
10053,0.34642938
10054,0.34443843
10055,0.3420463
10056,0.34364745
10057,0.345953
10058,0.34564874
10059,0.34718114
10060,0.3384218
10061,0.34771731
10062,0.34498176
10063,0.3397481
10064,0.34871975
10065,0.33642203
10066,0.34867474
10067,0.34679386
10068,0.34668565
10069,0.3483408
10070,0.3390017
10071,0.33516845
10072,0.33115372
10073,0.33949748
10074,0.34496734
10075,0.33505824
10076,0.3453318
10077,0.3455056
10078,0.33838606
10079,0.3358253
10080,0.33762076
10081,0.34648272
10082,0.34019473
10083,0.34223175
10084,0.3380721
10085,0.33734697
10086,0.33643046
10087,0.34129065
10088,0.33812216
10089,0.35069028
10090,0.35040253
10091,0.34735653
10092,0.34882244
10093,0.3487905
10094,0.34483138
10095,0.34769338
10096,0.35028055
10097,0.34842578
10098,0.34998637
10099,0.3463722
10100,0.35101715
10101,0.34717008
10102,0.34730372
10103,0.3479707
10104,0.34798285
10105,0.34924304
10106,0.34792185
10107,0.3518493
10108,0.3337174
10109,0.3418261
10110,0.34935266
10111,0.33369455
10112,0.33330506
10113,0.34219694
10114,0.34300688
10115,0.33846605
10116,0.34384823
10117,0.33494613
10118,0.34076354
10119,0.33947498
10120,0.341401
10121,0.32977998
10122,0.33367294
10123,0.33626255
10124,0.33728674
10125,0.34480765
10126,0.33872434
10127,0.3522562
10128,0.3482643
10129,0.3531878
10130,0.35181147
10131,0.35490003
10132,0.3542222
10133,0.3512688
10134,0.35074344
10135,0.3474113
10136,0.35430694
10137,0.35224268
10138,0.35053545
10139,0.35282993
10140,0.35075977
10141,0.35154706
10142,0.3516523
10143,0.3493769
10144,0.35085118
10145,0.35082844
10146,0.3394365
10147,0.31473807
10148,0.33174503
10149,0.33486852
10150,0.33406976
10151,0.3398999
10152,0.33826327
10153,0.3333471
10154,0.33637017
10155,0.32829097
10156,0.33787224
10157,0.34816465
10158,0.3401746
10159,0.34363
10160,0.33604822
10161,0.33538392
10162,0.3474287
10163,0.33545908
10164,0.33532196
10165,0.3476742
10166,0.34862396
10167,0.3444464
10168,0.3483291
10169,0.34573853
10170,0.34141406
10171,0.33754757
10172,0.34748635
10173,0.34492633
10174,0.3486856
10175,0.34158432
10176,0.34025934
10177,0.34747788
10178,0.3460833
10179,0.34691152
10180,0.33781615
10181,0.34867534
10182,0.34220827
10183,0.34532997
10184,0.34904966
10185,0.3470759
10186,0.34983793
10187,0.3493128
10188,0.34540063
10189,0.3472445
10190,0.34989715
10191,0.34036836
10192,0.34559336
10193,0.34602934
10194,0.34917653
10195,0.34955534
10196,0.3472673
10197,0.34887466
10198,0.3446162
10199,0.341947
10200,0.34696805
10201,0.346158
10202,0.34818104
10203,0.3482957
10204,0.34720877
10205,0.34687352
10206,0.34530362
10207,0.34604272
10208,0.34611917
10209,0.34510532
10210,0.34780353
10211,0.3433345
10212,0.34722936
10213,0.34093544
10214,0.34226736
10215,0.34593385
10216,0.348569
10217,0.34184754
10218,0.3466771
10219,0.34719506
10220,0.34613246
10221,0.3476356
10222,0.34467992
10223,0.33298758
10224,0.33475742
10225,0.34858507
10226,0.33228943
10227,0.34348783
10228,0.3289387
10229,0.33284822
10230,0.34645042
10231,0.3397404
10232,0.3393252
10233,0.34198815
10234,0.32553998
10235,0.34336388
10236,0.34634092
10237,0.3478513
10238,0.34154198
10239,0.34658176
10240,0.34680375
10241,0.33451885
10242,0.34936285
10243,0.3418447
10244,0.3376139
10245,0.3472061
10246,0.3453964
10247,0.33207905
10248,0.3459808
10249,0.33600572
10250,0.34569597
10251,0.34490976
10252,0.34477854
10253,0.34553623
10254,0.34649214
10255,0.33949742
10256,0.34105572
10257,0.3489999
10258,0.3338762
10259,0.34812838
10260,0.34830472
10261,0.34817028
10262,0.34679326
10263,0.35121733
10264,0.348
10265,0.34954098
10266,0.34874967
10267,0.3469055
10268,0.3482934
10269,0.34814778
10270,0.34974337
10271,0.34602705
10272,0.35044184
10273,0.3490418
10274,0.3448151
10275,0.34927976
10276,0.35023388
10277,0.35163885
10278,0.34692955
10279,0.3490061
10280,0.35004488
10281,0.34789294
10282,0.34885767
10283,0.35008416
10284,0.34743324
10285,0.34913898
10286,0.3429806
10287,0.34752205
10288,0.3492873
10289,0.3494242
10290,0.35047808
10291,0.34796825
10292,0.3504737
10293,0.34747347
10294,0.34725416
10295,0.34995475
10296,0.35002813
10297,0.35095292
10298,0.34198502
10299,0.3487406
10300,0.33879948
10301,0.3462645
10302,0.34713897
10303,0.34722787
10304,0.3461512
10305,0.34032866
10306,0.33813348
10307,0.34613165
10308,0.3492528
10309,0.33621258
10310,0.34258905
10311,0.34183776
10312,0.34264985
10313,0.34526423
10314,0.34451398
10315,0.34128842
10316,0.33419648
10317,0.3452321
10318,0.3425873
10319,0.34233525
10320,0.34461585
10321,0.3466068
10322,0.3454834
10323,0.34517553
10324,0.3448828
10325,0.346652
10326,0.34687945
10327,0.34816223
10328,0.34635404
10329,0.3455653
10330,0.34696606
10331,0.3483539
10332,0.34437284
10333,0.34651518
10334,0.34744087
10335,0.3476334
10336,0.3446365
10337,0.34582236
10338,0.34847865
10339,0.34010038
10340,0.34842846
10341,0.34682474
10342,0.3458525
10343,0.3445049
10344,0.34012282
10345,0.34586677
10346,0.34481934
10347,0.34514764
10348,0.34935316
10349,0.33197415
10350,0.34705332
10351,0.346334
10352,0.34426168
10353,0.34920594
10354,0.3446814
10355,0.34367174
10356,0.34531003
10357,0.33979216
10358,0.33795163
10359,0.34169418
10360,0.34212446
10361,0.34374705
10362,0.3313955
10363,0.34551468
10364,0.34187606
10365,0.33035788
10366,0.3474267
10367,0.3328028
10368,0.34215432
10369,0.3410916
10370,0.342923
10371,0.33633748
10372,0.33156064
10373,0.33882478
10374,0.34615338
10375,0.35199925
10376,0.3541204
10377,0.3277712
10378,0.34436986
10379,0.34997174
10380,0.34036067
10381,0.34850422
10382,0.34410954
10383,0.3428992
10384,0.3539208
10385,0.3433235
10386,0.34413055
10387,0.34328893
10388,0.34867468
10389,0.3507675
10390,0.33521184
10391,0.3462988
10392,0.34756085
10393,0.34244084
10394,0.3480697
10395,0.34555236
10396,0.34741554
10397,0.34656358
10398,0.33997115
10399,0.33849707
10400,0.34540913
10401,0.345211
10402,0.3458672
10403,0.34187797
10404,0.34788442
10405,0.34155527
10406,0.34389314
10407,0.3434385
10408,0.3390633
10409,0.33931157
10410,0.345329
10411,0.34992373
10412,0.3484842
10413,0.33395803
10414,0.33834225
10415,0.3321234
10416,0.3362729
10417,0.34697524
10418,0.34016606
10419,0.3404793
10420,0.3323268
10421,0.3378257
10422,0.33664918
10423,0.33663395
10424,0.34565458
10425,0.33936372
10426,0.3307115
10427,0.33571813
10428,0.33844373
10429,0.3463672
10430,0.33417806
10431,0.3479557
10432,0.3435999
10433,0.33975038
10434,0.33746523
10435,0.34338093
10436,0.34479883
10437,0.34854072
10438,0.33922297
10439,0.34963834
10440,0.34108743
10441,0.340272
10442,0.34977397
10443,0.33537033
10444,0.3447307
10445,0.34175086
10446,0.33887893
10447,0.34591204
10448,0.33485606
10449,0.34084916
10450,0.34662694
10451,0.3407444
10452,0.34346804
10453,0.3483316
10454,0.3470955
10455,0.3433643
10456,0.34371242
10457,0.34800747
10458,0.3452288
10459,0.34005168
10460,0.34782854
10461,0.34658644
10462,0.34502777
10463,0.33900428
10464,0.3466462
10465,0.34450093
10466,0.34766552
10467,0.34591985
10468,0.33910844
10469,0.33876538
10470,0.33945304
10471,0.33950064
10472,0.33204943
10473,0.34091696
10474,0.3334091
10475,0.32879636
10476,0.3377747
10477,0.3454313
10478,0.33542588
10479,0.34737614
10480,0.33010992
10481,0.33904788
10482,0.33156842
10483,0.346359
10484,0.3338652
10485,0.31431842
10486,0.3272554
10487,0.33540913
10488,0.34218815
10489,0.34661713
10490,0.3459338
10491,0.34383675
10492,0.3497495
10493,0.34275922
10494,0.34909123
10495,0.34765694
10496,0.34803563
10497,0.34873527
10498,0.34312496
10499,0.34680846
10500,0.3481162
10501,0.3443641
10502,0.3501513
10503,0.34540737
10504,0.34841543
10505,0.3454453
10506,0.34556162
10507,0.34579477
10508,0.34519774
10509,0.33632788
10510,0.34027714
10511,0.3458512
10512,0.34588513
10513,0.3483393
10514,0.34567422
10515,0.33684817
10516,0.34137064
10517,0.3463252
10518,0.3483514
10519,0.34299773
10520,0.34142205
10521,0.34487116
10522,0.33747974
10523,0.34633258
10524,0.3474232
10525,0.34104434
10526,0.34180337
10527,0.34540454
10528,0.34031633
10529,0.34637034
10530,0.34630772
10531,0.34149918
10532,0.3426378
10533,0.3413567
10534,0.34437186
10535,0.34627366
10536,0.34734157
10537,0.3404064
10538,0.3442137
10539,0.34423843
10540,0.3425807
10541,0.34223107
10542,0.34388623
10543,0.3389532
10544,0.34508404
10545,0.33788052
10546,0.34265405
10547,0.34688196
10548,0.338783
10549,0.33605278
10550,0.34732077
10551,0.34050623
10552,0.34442753
10553,0.3387325
10554,0.34154287
10555,0.34547964
10556,0.34815004
10557,0.34013185
10558,0.33770043
10559,0.34001806
10560,0.33634886
10561,0.33709526
10562,0.34527716
10563,0.3403587
10564,0.34293598
10565,0.33551672
10566,0.3399099
10567,0.34517077
10568,0.32919797
10569,0.34041992
10570,0.32844982
10571,0.3295169
10572,0.34492308
10573,0.34295726
10574,0.33313516
10575,0.33102056
10576,0.3356239
10577,0.3410595
10578,0.3464149
10579,0.34853706
10580,0.34925008
10581,0.32487825
10582,0.33091238
10583,0.3327997
10584,0.32865575
10585,0.34047124
10586,0.33840567
10587,0.3246953
10588,0.33498964
10589,0.32531336
10590,0.3331479
10591,0.3438194
10592,0.3217085
10593,0.34479383
10594,0.33691406
10595,0.33126292
10596,0.34444597
10597,0.32752976
10598,0.33205494
10599,0.34106848
10600,0.34054163
10601,0.3447549
10602,0.34201154
10603,0.34340134
10604,0.34745148
10605,0.33989403
10606,0.33156833
10607,0.34629726
10608,0.32243213
10609,0.3449416
10610,0.34417793
10611,0.31960022
10612,0.3321099
10613,0.33102992
10614,0.3253167
10615,0.3186784
10616,0.3364947
10617,0.32916382
10618,0.33149123
10619,0.32758126
10620,0.3348574
10621,0.3479607
10622,0.33936226
10623,0.32520166
10624,0.35038698
10625,0.3341625
10626,0.34464875
10627,0.3189663
10628,0.33598554
10629,0.3375962
10630,0.332845
10631,0.33023283
10632,0.34004158
10633,0.34189326
10634,0.33010176
10635,0.33276847
10636,0.33968946
10637,0.35076478
10638,0.32217824
10639,0.3478191
10640,0.34440348
10641,0.34608296
10642,0.3311989
10643,0.32750562
10644,0.332462
10645,0.33733353
10646,0.3206661
10647,0.33573404
10648,0.33794117
10649,0.34660503
10650,0.33653435
10651,0.33634332
10652,0.34200725
10653,0.337875
10654,0.34079403
10655,0.3410427
10656,0.3453418
10657,0.32917973
10658,0.33438244
10659,0.34377924
10660,0.34675637
10661,0.3381866
10662,0.34027255
10663,0.34366694
10664,0.33500966
10665,0.34039026
10666,0.347399
10667,0.3343744
10668,0.34295043
10669,0.3407788
10670,0.34349203
10671,0.34194434
10672,0.32823214
10673,0.34424555
10674,0.3461785
10675,0.3450749
10676,0.34465387
10677,0.34524655
10678,0.34892318
10679,0.3494453
10680,0.343908
10681,0.3442617
10682,0.3392096
10683,0.33678192
10684,0.34206086
10685,0.3454661
10686,0.34543166
10687,0.3478302
10688,0.34531984
10689,0.33490804
10690,0.34880006
10691,0.3470858
10692,0.34600386
10693,0.33703786
10694,0.3387577
10695,0.3477267
10696,0.33789104
10697,0.34634015
10698,0.34227374
10699,0.34559187
10700,0.3447769
10701,0.34303507
10702,0.34686524
10703,0.3446162
10704,0.34799233
10705,0.3443538
10706,0.34576288
10707,0.3460798
10708,0.34627283
10709,0.34666902
10710,0.3442869
10711,0.34560668
10712,0.3460948
10713,0.34249714
10714,0.34592193
10715,0.34145665
10716,0.34959272
10717,0.3459687
10718,0.3484291
10719,0.34858727
10720,0.3483965
10721,0.34861252
10722,0.34522995
10723,0.34900358
10724,0.34773514
10725,0.34841356
10726,0.34761593
10727,0.34465036
10728,0.3506274
10729,0.34820232
10730,0.34816682
10731,0.34851044
10732,0.34757465
10733,0.34509444
10734,0.34904182
10735,0.33854625
10736,0.34710377
10737,0.32714322
10738,0.34300742
10739,0.3385063
10740,0.33353618
10741,0.32740834
10742,0.32135126
10743,0.33212075
10744,0.32758528
10745,0.33305982
10746,0.33904493
10747,0.34123608
10748,0.32174107
10749,0.3404254
10750,0.33886468
10751,0.33533877
10752,0.33221522
10753,0.33443263
10754,0.3508779
10755,0.3490088
10756,0.3502969
10757,0.34866259
10758,0.34627345
10759,0.3514987
10760,0.34943628
10761,0.35070667
10762,0.3501007
10763,0.3493908
10764,0.34870282
10765,0.34460902
10766,0.3428822
10767,0.3500488
10768,0.3460236
10769,0.34978458
10770,0.34751782
10771,0.34418815
10772,0.3471307
10773,0.3509089
10774,0.34136942
10775,0.3513763
10776,0.35032746
10777,0.3479829
10778,0.3515016
10779,0.34761554
10780,0.3469589
10781,0.34802493
10782,0.34613183
10783,0.34665516
10784,0.35233107
10785,0.34337196
10786,0.3514996
10787,0.34559473
10788,0.35217836
10789,0.348955
10790,0.35109892
10791,0.3506028
10792,0.3462232
10793,0.33870253
10794,0.3434858
10795,0.3333917
10796,0.34013
10797,0.33442232
10798,0.3410848
10799,0.33192942
10800,0.33824745
10801,0.34450313
10802,0.34702244
10803,0.3443531
10804,0.33816594
10805,0.3433201
10806,0.34398577
10807,0.33999458
10808,0.33389205
10809,0.33506224
10810,0.3436731
10811,0.34505937
10812,0.34186816
10813,0.34417605
10814,0.3444129
10815,0.34126827
10816,0.3418345
10817,0.34110072
10818,0.34092626
10819,0.34298885
10820,0.34499532
10821,0.34033304
10822,0.34689316
10823,0.3448281
10824,0.34090024
10825,0.3414391
10826,0.34381667
10827,0.345411
10828,0.3419819
10829,0.34247106
10830,0.3406683
10831,0.3460411
10832,0.3431463
10833,0.34747502
10834,0.34402838
10835,0.34852612
10836,0.34575462
10837,0.34706965
10838,0.3464752
10839,0.34461302
10840,0.3466735
10841,0.34612024
10842,0.3444961
10843,0.34580156
10844,0.3471723
10845,0.34906462
10846,0.3432406
10847,0.34455156
10848,0.3477804
10849,0.33614028
10850,0.34128577
10851,0.32770965
10852,0.33536676
10853,0.3398717
10854,0.34631735
10855,0.33059883
10856,0.33433214
10857,0.34577045
10858,0.34010905
10859,0.34694624
10860,0.3340883
10861,0.33186877
10862,0.34025347
10863,0.33136445
10864,0.3295483
10865,0.3427728
10866,0.33438274
10867,0.34074235
10868,0.34160697
10869,0.339838
10870,0.33561862
10871,0.33555126
10872,0.34407362
10873,0.34449795
10874,0.34343934
10875,0.3470214
10876,0.34292126
10877,0.33785862
10878,0.33814272
10879,0.3352877
10880,0.33128706
10881,0.33569762
10882,0.34017396
10883,0.34391594
10884,0.33982867
10885,0.34311965
10886,0.34631208
10887,0.34436876
10888,0.33978865
10889,0.33443853
10890,0.3396433
10891,0.34544298
10892,0.34452376
10893,0.34638727
10894,0.34353298
10895,0.34413856
10896,0.3402457
10897,0.3470391
10898,0.33770975
10899,0.34371054
10900,0.34129804
10901,0.33930004
10902,0.34486592
10903,0.3398021
10904,0.3412717
10905,0.3444622
10906,0.33851966
10907,0.34537378
10908,0.32565323
10909,0.3278729
10910,0.341171
10911,0.33287615
10912,0.33899644
10913,0.34787574
10914,0.33324036
10915,0.34471616
10916,0.343358
10917,0.32843664
10918,0.33338127
10919,0.33384234
10920,0.32647067
10921,0.33213815
10922,0.33959883
10923,0.34783193
10924,0.34456536
10925,0.33630028
10926,0.33386377
10927,0.32236683
10928,0.32382646
10929,0.32445803
10930,0.33008894
10931,0.31913462
10932,0.34502319
10933,0.34715554
10934,0.32076275
10935,0.34817633
10936,0.31900325
10937,0.33136883
10938,0.3443298
10939,0.3155782
10940,0.33636057
10941,0.3456085
10942,0.32996675
10943,0.34168857
10944,0.3496149
10945,0.34503436
10946,0.3469044
10947,0.34829184
10948,0.34554887
10949,0.3488864
10950,0.3472403
10951,0.3475951
10952,0.3492105
10953,0.34950975
10954,0.34956262
10955,0.34765193
10956,0.3476129
10957,0.3494852
10958,0.3490479
10959,0.34892616
10960,0.34805962
10961,0.33366826
10962,0.34846458
10963,0.3404939
10964,0.34307978
10965,0.33602414
10966,0.34180704
10967,0.3414655
10968,0.34203544
10969,0.3422484
10970,0.33674803
10971,0.34296498
10972,0.3431947
10973,0.33652258
10974,0.33838302
10975,0.3406051
10976,0.34047565
10977,0.33984753
10978,0.34457648
10979,0.3470046
10980,0.34264728
10981,0.34825638
10982,0.3437858
10983,0.34653655
10984,0.34727553
10985,0.34917113
10986,0.33890647
10987,0.3300186
10988,0.34013477
10989,0.33933246
10990,0.34617496
10991,0.34507
10992,0.34616372
10993,0.33946505
10994,0.3422382
10995,0.33586106
10996,0.33792752
10997,0.34765223
10998,0.33472174
10999,0.34452733
11000,0.33676222
11001,0.33980864
11002,0.34590834
11003,0.3396521
11004,0.3371974
11005,0.34069505
11006,0.341367
11007,0.3351651
11008,0.34579888
11009,0.3413445
11010,0.34721443
11011,0.3436959
11012,0.32833
11013,0.34673208
11014,0.3319567
11015,0.33269826
11016,0.34522533
11017,0.34150264
11018,0.33788216
11019,0.34745583
11020,0.3408681
11021,0.3419254
11022,0.3368003
11023,0.34350142
11024,0.34586346
11025,0.34470367
11026,0.34546396
11027,0.3411973
11028,0.34489635
11029,0.3418316
11030,0.3475181
11031,0.34655428
11032,0.34156716
11033,0.34395853
11034,0.3410961
11035,0.34194377
11036,0.34555385
11037,0.34794867
11038,0.34460783
11039,0.34093925
11040,0.3452596
11041,0.34290016
11042,0.34050575
11043,0.34564158
11044,0.34374496
11045,0.34132138
11046,0.3433955
11047,0.34298417
11048,0.3434614
11049,0.34689775
11050,0.34352073
11051,0.33476743
11052,0.34473833
11053,0.3406059
11054,0.33716372
11055,0.3459131
11056,0.3448029
11057,0.341036
11058,0.34142536
11059,0.33712068
11060,0.3416191
11061,0.33578953
11062,0.34517986
11063,0.34165195
11064,0.34024903
11065,0.34689236
11066,0.34361276
11067,0.34200832
11068,0.34699425
11069,0.3461715
11070,0.3409563
11071,0.3392587
11072,0.34090188
11073,0.33404058
11074,0.34387752
11075,0.34656304
11076,0.34267583
11077,0.34239092
11078,0.34195402
11079,0.34212622
11080,0.3421795
11081,0.34138173
11082,0.3432305
11083,0.34580052
11084,0.3382775
11085,0.34663966
11086,0.34882295
11087,0.3418701
11088,0.34038818
11089,0.34599558
11090,0.34931242
11091,0.3452389
11092,0.34451583
11093,0.3394192
11094,0.33630177
11095,0.34315225
11096,0.34125933
11097,0.34283194
11098,0.34514925
11099,0.34134865
11100,0.34393027
11101,0.34608564
11102,0.3415902
11103,0.34265816
11104,0.34232727
11105,0.34301805
11106,0.34241286
11107,0.34752727
11108,0.3441092
11109,0.34327647
11110,0.34323078
11111,0.3415653
11112,0.3462642
11113,0.34395117
11114,0.34599337
11115,0.345049
11116,0.34086257
11117,0.3440921
11118,0.3445128
11119,0.34328943
11120,0.34319693
11121,0.34208387
11122,0.3435378
11123,0.3421041
11124,0.3466408
11125,0.34500653
11126,0.34173688
11127,0.3417159
11128,0.34292826
11129,0.34516641
11130,0.34423214
11131,0.34674826
11132,0.34525278
11133,0.34438354
11134,0.34621263
11135,0.34575036
11136,0.34568593
11137,0.34333307
11138,0.34500405
11139,0.34410873
11140,0.34639725
11141,0.3440945
11142,0.34673366
11143,0.34607756
11144,0.34634313
11145,0.34560254
11146,0.34758988
11147,0.34712955
11148,0.3456239
11149,0.34180966
11150,0.3449054
11151,0.34396458
11152,0.3458843
11153,0.34388205
11154,0.34071127
11155,0.34326795
11156,0.34776416
11157,0.34161153
11158,0.34221056
11159,0.34537092
11160,0.34110448
11161,0.34005907
11162,0.34785086
11163,0.3402136
11164,0.34481558
11165,0.3429645
11166,0.34126404
11167,0.34513047
11168,0.3450465
11169,0.34036455
11170,0.34603274
11171,0.34410083
11172,0.34712616
11173,0.3502542
11174,0.3477922
11175,0.34691456
11176,0.34817886
11177,0.34916714
11178,0.34903935
11179,0.35173938
11180,0.34974688
11181,0.3500956
11182,0.34214544
11183,0.3490456
11184,0.35055643
11185,0.34848043
11186,0.349508
11187,0.3461587
11188,0.34990776
11189,0.34813997
11190,0.34606004
11191,0.3411112
11192,0.34634268
11193,0.34535867
11194,0.3447213
11195,0.3413028
11196,0.34433883
11197,0.3461272
11198,0.34757707
11199,0.34622118
11200,0.3448071
11201,0.34179738
11202,0.346562
11203,0.34756956
11204,0.34589934
11205,0.34575388
11206,0.34723398
11207,0.34282297
11208,0.3429185
11209,0.3440033
11210,0.34264132
11211,0.34544334
11212,0.34434015
11213,0.34771413
11214,0.3384817
11215,0.3442527
11216,0.34580523
11217,0.34713396
11218,0.34401697
11219,0.34711698
11220,0.3469216
11221,0.34089056
11222,0.3452412
11223,0.3470405
11224,0.3430149
11225,0.34206074
11226,0.34736103
11227,0.3473096
11228,0.34555662
11229,0.3462831
11230,0.34691748
11231,0.34774843
11232,0.3481216
11233,0.34700888
11234,0.34406462
11235,0.3431283
11236,0.34403804
11237,0.3468868
11238,0.3436135
11239,0.34727985
11240,0.34689167
11241,0.34583864
11242,0.34654233
11243,0.3443554
11244,0.34486854
11245,0.34222326
11246,0.3359862
11247,0.34633613
11248,0.34874204
11249,0.34985313
11250,0.34816578
11251,0.34967443
11252,0.3471713
11253,0.34738594
11254,0.349821
11255,0.35072803
11256,0.3499517
11257,0.351924
11258,0.33951434
11259,0.34976417
11260,0.35016528
11261,0.3492704
11262,0.3483055
11263,0.34814945
11264,0.34662697
11265,0.3498122
11266,0.34990925
11267,0.34524614
11268,0.3478799
11269,0.34872785
11270,0.34782413
11271,0.3473352
11272,0.34323007
11273,0.34724274
11274,0.3461318
11275,0.34755632
11276,0.34728852
11277,0.34783208
11278,0.34511176
11279,0.348588
11280,0.3486376
11281,0.3495793
11282,0.34841713
11283,0.34644085
11284,0.34785601
11285,0.3504086
11286,0.34637555
11287,0.34530097
11288,0.34586567
11289,0.3461101
11290,0.34365246
11291,0.34599692
11292,0.34772477
11293,0.34705397
11294,0.34975642
11295,0.3462678
11296,0.34978774
11297,0.34744915
11298,0.34611383
11299,0.34544608
11300,0.34944502
11301,0.34435484
11302,0.3463398
11303,0.34385493
11304,0.3451222
11305,0.34931016
11306,0.3495437
11307,0.34727415
11308,0.34672204
11309,0.34941873
11310,0.34570336
11311,0.34825423
11312,0.3485447
11313,0.34915283
11314,0.34870455
11315,0.34907952
11316,0.3479521
11317,0.34889126
11318,0.34870276
11319,0.34863615
11320,0.34891576
11321,0.34904495
11322,0.3495221
11323,0.34677956
